Name,Website,Phone,Address,City,State,PostalCode,Rating,Reviews,Categories,Email,Source,Query,Apollo,Revenue,Employees,Keywords,LinkedIn,Facebook,Twitter,Hours,Description,SocialProfiles
Unity Painting Company,http://www.unitypaintingco.com,,,Richardson,Texas,,,,,,apollo,"painting company, painting service - Texas",https://app.apollo.io/#/organizations/6749a12aea538400012415fc?overrideScoreId=score,,,commercial painting+3,http://www.linkedin.com/company/unitypaintingco,,,,,
A&K Painting Company,http://www.akpainting.com,,,Charlotte,North Carolina,,,,,,apollo,"painting company, painting service - North Carolina",https://app.apollo.io/#/organizations/54a11eb469702d77c29b9b01?overrideScoreId=score,4.1M,,,http://www.linkedin.com/company/a&k-painting,https://facebook.com/pages/AK-Painting-Company/257140764912,https://twitter.com/AKPaint,,,
Arizona Painting Company,http://www.arizonapaintingcompany.com,,,Chandler,Arizona,,,,,,apollo,"painting company, painting service - Arizona",https://app.apollo.io/#/organizations/55696f187369642529bb2b00?overrideScoreId=score,19.8M,,interior painting+65,http://www.linkedin.com/company/arizona-painting-company-llc,https://www.facebook.com/ArizonaPaintingCompany,https://twitter.com/AZPaintingCo,,,
CertaPro Painters,http://www.certapro.com,,,Norristown,Pennsylvania,,,,,,apollo,"painting company, painting service - Pennsylvania",https://app.apollo.io/#/organizations/54a1281a69702db87870bb00?overrideScoreId=score,700M,,,http://www.linkedin.com/company/certapro-painters,https://facebook.com/certapropainters,https://twitter.com/CertaPro,,,
Long Painting Company,http://www.longpainting.com,,,Kent,Washington,,,,,,apollo,"painting company, painting service - Washington",https://app.apollo.io/#/organizations/54a1206969702d8aa13d4102?overrideScoreId=score,4.4M,,tank linings+57,http://www.linkedin.com/company/long-painting-company,https://facebook.com/longpaintingcompany,https://twitter.com/LongPaintingCo,,,
Coyles Painting,http://www.coylespainting.com,,,Mesa,Arizona,,,,,,apollo,"painting company, painting service - Arizona",https://app.apollo.io/#/organizations/5592306f736964191ec1bd00?overrideScoreId=score,,,,http://www.linkedin.com/company/coyles-painting,,,,,
Fresh Coat Painters,http://www.freshcoatpainters.com,,,Cincinnati,Ohio,,,,,,apollo,"painting company, painting service - Ohio",https://app.apollo.io/#/organizations/5f7619fc0a4884008dd1d059?overrideScoreId=score,120.5M,,residential painting+59,http://www.linkedin.com/company/fresh-coat-painters,https://facebook.com/FreshCoatPainters1?v=wall,https://twitter.com/freshcoatpaint,,,
Vivax Pros,http://www.vivaxpros.com,,,Denver,Colorado,,,,,,apollo,"painting company, painting service - Colorado",https://app.apollo.io/#/organizations/5da448f510ef7e00014d4a1a?overrideScoreId=score,25M,,painting company+57,http://www.linkedin.com/company/vivax-pro-painting,https://facebook.com/vivaxpros,https://twitter.com/Vivax_Pros,,,
Painter Bros,http://www.painterbros.com,,,American Fork,Utah,,,,,,apollo,"painting company, painting service - Utah",https://app.apollo.io/#/organizations/60f648f7c0fda10001b16b6f?overrideScoreId=score,,,interior painting+59,http://www.linkedin.com/company/painter-bros-franchising,,,,,
Zack Painting Company,http://www.zackpainting.com,,,Woodbridge Township,New Jersey,,,,,,apollo,"painting company, painting service - New Jersey",https://app.apollo.io/#/organizations/5500c3da73696460fc534900?overrideScoreId=score,10M,,painting+66,http://www.linkedin.com/company/zack-painting-company,,,,,
Imprūv Painting & Contracting,http://www.impruvpainting.com,,,Columbus,Ohio,,,,,,apollo,"painting company, painting service - Ohio",https://app.apollo.io/#/organizations/63d5725c4b6606000119cffe?overrideScoreId=score,,,residential painting+38,http://www.linkedin.com/company/impr%c5%abv-painting-contracting,,,,,
AG Williams Painting Company,http://www.agwilliamspainting.com,,,,,,,,,,apollo,"painting company, painting service",https://app.apollo.io/#/organizations/54a26f6a74686930c279b422?overrideScoreId=score,30.6M,,interior painting+52,http://www.linkedin.com/company/ag-williams-painting-company,https://facebook.com/agwilliamspainting,,,,
Penington Painting Company,http://www.teamppc.com,,,Chandler,Arizona,,,,,,apollo,"painting company, painting service - Arizona",https://app.apollo.io/#/organizations/66e5e8f4d82df900011d66ba?overrideScoreId=score,13.1M,,,http://www.linkedin.com/company/penington-painting-company,https://facebook.com/peningtonpainting,,,,
Meyer Painting Company,http://www.meyerpaintingco.com,,,Eureka,Missouri,,,,,,apollo,"painting company, painting service - Missouri",https://app.apollo.io/#/organizations/5d09bd3df651259ad0d8fad5?overrideScoreId=score,,,drywall finishing+46,http://www.linkedin.com/company/meyer-painting-company,https://www.facebook.com/MeyerPaintingCompany,,,,
The Ohio Painting Company,http://www.ohiopainting.com,,,Miamisburg,Ohio,,,,,,apollo,"painting company, painting service - Ohio",https://app.apollo.io/#/organizations/56d522f0f3e5bb43e20013e2?overrideScoreId=score,,,,http://www.linkedin.com/company/ohiopainting,https://facebook.com/ohiopaintingco,,,,
CertaPro Painters of Mountainside,,,,Mountainside,New Jersey,,,,,,apollo,"painting company, painting service - New Jersey",https://app.apollo.io/#/organizations/63c6e0b9aafff100e550f040?overrideScoreId=score,500M,,drywall repair+49,http://www.linkedin.com/company/certa-pro-painters-of-mountainside,https://facebook.com/certapropainters,https://twitter.com/CertaPro,,,
Epic Painting Company,http://www.epicpaintingco.com,,,Fairfax,Virginia,,,,,,apollo,"painting company, painting service - Virginia",https://app.apollo.io/#/organizations/6638b731c948a3000163602b?overrideScoreId=score,,,custom signage+32,http://www.linkedin.com/company/epic-painting-company-llc,,,,,
"A Step Above Painting, LLC.",http://www.asapsrq.com,,,Sarasota,Florida,,,,,,apollo,"painting company, painting service - Florida",https://app.apollo.io/#/organizations/5ed33ab4a137530001916c83?overrideScoreId=score,,,family owned+46,http://www.linkedin.com/company/asapsrq,https://www.facebook.com/asapsrq,,,,
Kennewick Painting Company,http://www.kennewickpainting.com,,,Kennewick,Washington,,,,,,apollo,"painting company, painting service - Washington",https://app.apollo.io/#/organizations/61ad51696629d0000157b61a?overrideScoreId=score,,,painting company,http://www.linkedin.com/company/kennewick-painting-company,,,,,
Coeur d'Alene Painting Company,http://www.coeurdalenepainter.com,,,Coeur d'Alene,Idaho,,,,,,apollo,"painting company, painting service - Idaho",https://app.apollo.io/#/organizations/6547d31911b8240001ee5c45?overrideScoreId=score,,,painting company,http://www.linkedin.com/company/coeur-d-alene-painting-company,https://facebook.com/Coeur-dAlene-Painting-Company-101088255659137,,,,
Two Dudes Painting Company,http://www.twodudes.com,,,Lancaster,Pennsylvania,,,,,,apollo,"painting company, painting service - Pennsylvania",https://app.apollo.io/#/organizations/54a1392669702de5b3a11500?overrideScoreId=score,42.3M,,epoxy finishes+56,http://www.linkedin.com/company/two-dudes-painting-company,https://www.facebook.com/twodudespaintingcompany,https://twitter.com/twodudespaint,,,
Fargo Painting Company,http://www.fargopaintingpros.com,,,Fargo,North Dakota,,,,,,apollo,"painting company, painting service - North Dakota",https://app.apollo.io/#/organizations/61ad4ea75370c80001e34fb6?overrideScoreId=score,,,painting company,http://www.linkedin.com/company/fargo-painting-company,https://facebook.com/Fargo-Painting-Company-255230783014616,,,,
Atlanta Painting Company,http://www.atlantapaintingcompany.com,,,Roswell,Georgia,,,,,,apollo,"painting company, painting service - Georgia",https://app.apollo.io/#/organizations/54a1a396746869586099fb03?overrideScoreId=score,221K,,interior+42,http://www.linkedin.com/company/atlantapaintingcompany,https://www.facebook.com/ATLPaintingCompany,https://twitter.com/ThePaintingCom,,,
Pasco Painting Company,http://www.pascopaintingcompany.com,,,Pasco,Washington,,,,,,apollo,"painting company, painting service - Washington",https://app.apollo.io/#/organizations/64604fcef221c900011b82f8?overrideScoreId=score,,,painting company,http://www.linkedin.com/company/pasco-painting-company,,,,,
Denver Painting Service Company,http://www.denverpaintingservicecompany.com,,,Denver,Colorado,,,,,,apollo,"painting company, painting service - Colorado",https://app.apollo.io/#/organizations/64b25e4c41dc870001ac33b6?overrideScoreId=score,,,,http://www.linkedin.com/company/denver-painting-service-company,,,,,
Valley Painting Company,http://www.chagrinvalleypainting.com,,,Chagrin Falls,Ohio,,,,,,apollo,"painting company, painting service - Ohio",https://app.apollo.io/#/organizations/54a1295d69702dc8410c4c01?overrideScoreId=score,,,,http://www.linkedin.com/company/valley-painting-company,,https://twitter.com/valleypainting,,,
McCahill Painting Company,http://www.mccahillpainting.com,,,Romeoville,Illinois,,,,,,apollo,"painting company, painting service - Illinois",https://app.apollo.io/#/organizations/54a1399169702d231fbb8000?overrideScoreId=score,5.5M,,industrial painting+64,http://www.linkedin.com/company/mccahill-painting-company,https://www.facebook.com/McCahillPaintingCompany,,,,
LIME Painting,http://www.limepainting.com,,,Greenwood Village,Colorado,,,,,,apollo,"painting company, painting service - Colorado",https://app.apollo.io/#/organizations/5ed1e7983b3bf900017b9fe2?overrideScoreId=score,,,,http://www.linkedin.com/company/limepainting,https://facebook.com/getlimed,https://twitter.com/lime_painting,,,
Rapid City Painting Company,http://www.rapidcitypaintingpros.com,,,Rapid City,South Dakota,,,,,,apollo,"painting company, painting service - South Dakota",https://app.apollo.io/#/organizations/6550f7c05e86d700010cc48f?overrideScoreId=score,,,painting company,http://www.linkedin.com/company/rapid-city-painting-company,,,,,
Bozeman Painting Company,http://www.bozemanhousepainter.com,,,Bozeman,Montana,,,,,,apollo,"painting company, painting service - Montana",https://app.apollo.io/#/organizations/667950b3ee458f0001dbeb7e?overrideScoreId=score,,,residential & commercial painting company,http://www.linkedin.com/company/bozeman-painting-company,https://www.facebook.com/Bozeman-Painting-Company-108652878217496,,,,
Pound Ridge Painting Company,http://www.poundridgepainting.com,,,Pound Ridge,New York,,,,,,apollo,"painting company, painting service - New York",https://app.apollo.io/#/organizations/5fcaf532e342470001a49f5c?overrideScoreId=score,,,painting company,http://www.linkedin.com/company/pound-ridge-painting-company,https://www.facebook.com/poundridgepaintingco,https://twitter.com/poundridgeptco,,,
Affinity Painting Company Inc.,http://www.affinity-painting.com,,,Covina,California,,,,,,apollo,"painting company, painting service - California",https://app.apollo.io/#/organizations/5da7015581f1650001b1c11f?overrideScoreId=score,2.2M,,commercial+78,http://www.linkedin.com/company/affinity-painting-company-inc.,https://facebook.com/affinitypainting,https://twitter.com/AffinityPaints,,,
Metro-Multi Construction & Remodeling,http://www.metromulticonstruction.com,,,Troy,Michigan,,,,,,apollo,"painting company, painting service - Michigan",https://app.apollo.io/#/organizations/65b93cfe5efc3601c6b06c29?overrideScoreId=score,,,construction+61,http://www.linkedin.com/company/metro-multi-construction-remodeling,,,,,
Missoula Painting Company,http://www.missoulahousepainter.com,,,Missoula,Montana,,,,,,apollo,"painting company, painting service - Montana",https://app.apollo.io/#/organizations/666e9c2c468c780001b84fd9?overrideScoreId=score,,,painting company,http://www.linkedin.com/company/missoula-painting-company,https://www.facebook.com/MissoulaPaintingCompanyy/,,,,
Painting Services By Steve,http://www.paintingservicesbysteve.com,,,Katy,Texas,,,,,,apollo,"painting company, painting service - Texas",https://app.apollo.io/#/organizations/54a13b1569702de5b3a14601?overrideScoreId=score,1.8M,,painting company+13,http://www.linkedin.com/company/painting-services-by-steve,https://facebook.com/PaintingServicesBySteve,https://twitter.com/PaintingbySteve,,,
"MB Jessee Painting, Inc.",http://www.mbjessee.com,,,MB Jessee Painting,Inc.,,,,,,apollo,"painting company, painting service - Inc.",https://app.apollo.io/#/organizations/55f48969f3e5bb3aac000cca?overrideScoreId=score,,,residential painting+59,http://www.linkedin.com/company/mb-jessee-painting,https://www.facebook.com/pages/Oakland-CA/MB-Jessee-Painting/166565594471,https://twitter.com/mbjessee,,,
Elk Horn Painting,http://www.elkhornpainting.com,,,Castle Rock,Colorado,,,,,,apollo,"painting company, painting service - Colorado",https://app.apollo.io/#/organizations/5e5696bb34bf3400011688b2?overrideScoreId=score,,,painting+58,http://www.linkedin.com/company/elk-horn-painting,https://www.facebook.com/Elk-Horn-Painting-LLC-523380701184142/,,,,
Ogden Painting Company,http://www.ogdenpaintingpros.com,,,Ogden,Utah,,,,,,apollo,"painting company, painting service - Utah",https://app.apollo.io/#/organizations/66f659bcbdb34f0001951a7f?overrideScoreId=score,,,painting company,http://www.linkedin.com/company/ogden-painting-company,,,,,
E. Caligari & Son,http://www.ecaligariandson.com,,,Norfolk,Virginia,,,,,,apollo,"painting company, painting service - Virginia",https://app.apollo.io/#/organizations/5d32b11af65125072c9d5f01?overrideScoreId=score,18M,,,http://www.linkedin.com/company/e-caligari-son-inc,,,,,
Burge Painting Company,http://www.burgepainting.com,,,Lansdale,Pennsylvania,,,,,,apollo,"painting company, painting service - Pennsylvania",https://app.apollo.io/#/organizations/5b84c3ddf874f74a1abe68ea?overrideScoreId=score,,,commercial painting+30,http://www.linkedin.com/company/burge-painting-company,https://facebook.com/burgepainting,,,,
The Painting Company San Diego,http://www.sandiegopaintingcompany.com,,,San Diego,California,,,,,,apollo,"painting company, painting service - California",https://app.apollo.io/#/organizations/5e582db89303fe00015a92ba?overrideScoreId=score,,,,http://www.linkedin.com/company/the-painting-company-of-san-diego,,,,,
The Painting Company,http://www.thepaintingcompany.com,,,Plain City,Ohio,,,,,,apollo,"painting company, painting service - Ohio",https://app.apollo.io/#/organizations/5e57a7c30c206a00016cdc51?overrideScoreId=score,,,commercial painting+63,http://www.linkedin.com/company/thepaintingcompany,https://facebook.com/ThePaintingCompany.Asman/,,,,
The Painting Company,http://www.gopaintingcompany.com,,,Bellevue,Nebraska,,,,,,apollo,"painting company, painting service - Nebraska",https://app.apollo.io/#/organizations/5e56b2f652e7ad0001f55c3b?overrideScoreId=score,,,surface repair+103,http://www.linkedin.com/company/the-painting-company-omaha,https://www.facebook.com/gopaintingcompany,https://twitter.com/gopaintingco,,,
Dutch Hill Painting Company,http://www.dutchhillpainting.com,,,Bloomsburg,Pennsylvania,,,,,,apollo,"painting company, painting service - Pennsylvania",https://app.apollo.io/#/organizations/61ec2fe5ad92600001819899?overrideScoreId=score,,,residential painting+55,http://www.linkedin.com/company/dutch-hill-painting-company,,,,,
PPD Painting,http://www.ppdpainting.com,,,Bellwood,Illinois,,,,,,apollo,"painting company, painting service - Illinois",https://app.apollo.io/#/organizations/54a1b93d7468694f8fbf6e0b?overrideScoreId=score,2.6M,,,http://www.linkedin.com/company/precision-painting-&-decorating-llc-,https://www.facebook.com/PrecisionPaintingDecorating,https://twitter.com/PPDPainting1,,,
York Services LLC (Painting Contractor),http://www.naplesfloridapainters.com,,,Fort Myers,Florida,,,,,,apollo,"painting company, painting service - Florida",https://app.apollo.io/#/organizations/54a13adc69702dac84991b01?overrideScoreId=score,,,,http://www.linkedin.com/company/york-services-llc,,,,,
"Impressions Painting Company, Inc.",http://www.impressionspaintingcompany.com,,,Impressions Painting Company,Inc.,,,,,,apollo,"painting company, painting service - Inc.",https://app.apollo.io/#/organizations/54a1391269702de5b37e0b00?overrideScoreId=score,,,interior painting+5,http://www.linkedin.com/company/impressions-painting-company-inc.,,,,,
Smile-A-Mile Painting,http://www.smileamilepainting.com,,,Kennewick,Washington,,,,,,apollo,"painting company, painting service - Washington",https://app.apollo.io/#/organizations/5e57a7be7e83710001e0f38c?overrideScoreId=score,,,paintinginterior+68,http://www.linkedin.com/company/smile-a-mile-painting,https://facebook.com/pages/Smile-A-Mile-Painting/214270765288169,,,,
Pro Painter USA,http://www.propainterusa.com,,,Milwaukee,Wisconsin,,,,,,apollo,"painting company, painting service - Wisconsin",https://app.apollo.io/#/organizations/650a98293ff3c200bc736772?overrideScoreId=score,,,,http://www.linkedin.com/company/pro-painter-usa,https://www.facebook.com/propaintermke,,,,
Great Falls Painting Company,http://www.greatfallspaintingcompany.com,,,Great Falls,Montana,,,,,,apollo,"painting company, painting service - Montana",https://app.apollo.io/#/organizations/667be2af56655c00010b8b09?overrideScoreId=score,,,painting company,http://www.linkedin.com/company/great-falls-painting-company,https://www.facebook.com/Great-Falls-Painting-Company-105218548586819,,,,
Medford Painting Company,http://www.medfordpaintingpros.com,,,Medford,Oregon,,,,,,apollo,"painting company, painting service - Oregon",https://app.apollo.io/#/organizations/674aceea37cb7e00018739c3?overrideScoreId=score,,,painting company,http://www.linkedin.com/company/medford-painting-company,,,,,
Majestic Painting Company Inc.,http://www.majesticpainting.net,,,Aurora,Colorado,,,,,,apollo,"painting company, painting service - Colorado",https://app.apollo.io/#/organizations/5da27da4a2de8e0001a7038c?overrideScoreId=score,,,custom color schemes+45,http://www.linkedin.com/company/majestic-painting-company-inc,https://www.facebook.com/majesticpaintingcompany,,,,
G & I Painting and Renovations LLC,http://www.gandipainting.com,,,Sterling Heights,Michigan,,,,,,apollo,"painting company, painting service - Michigan",https://app.apollo.io/#/organizations/61ec91be0154d10001111c69?overrideScoreId=score,,,reliable service+60,http://www.linkedin.com/company/g-i-painting-and-renovations-llc,https://facebook.com/GI-Painting-and-Renovations-LLC-110192877430265,,,,
Gainesville Painting Company,http://www.gainesvillepaintingcompany.com,,,Gainesville,Florida,,,,,,apollo,"painting company, painting service - Florida",https://app.apollo.io/#/organizations/68483bd816a86e000d842227?overrideScoreId=score,,,,http://www.linkedin.com/company/gainesville-painting-company,,,,,
Alpine Painting,http://www.alpinepaintingcompany.com,,,Ann Arbor,Michigan,,,,,,apollo,"painting company, painting service - Michigan",https://app.apollo.io/#/organizations/655abd1c99780d00019ae17c?overrideScoreId=score,,,house painting+27,http://www.linkedin.com/company/alpine-painting,https://www.facebook.com/alpinepaintingllc,,,,
MacKenzie Painting Company,http://www.mackenziepaintingco.com,,,Stratford,Connecticut,,,,,,apollo,"painting company, painting service - Connecticut",https://app.apollo.io/#/organizations/5fca04f7be1c6100014ef215?overrideScoreId=score,,,painting+19,http://www.linkedin.com/company/mackenziepaintingco,,,,,
Midway Painting Company,http://www.midwaypaintingcompany.com,,,Midway,Utah,,,,,,apollo,"painting company, painting service - Utah",https://app.apollo.io/#/organizations/6437c6510822f100a300cf04?overrideScoreId=score,,,roman clay+49,http://www.linkedin.com/company/midway-painting-company,https://facebook.com/midwaypaintingcompany,,,,
Nashville Painting Company,http://www.nashvillepaintingcompany.com,,,Crossville,Tennessee,,,,,,apollo,"painting company, painting service - Tennessee",https://app.apollo.io/#/organizations/5fc8d824d510e800017c9d29?overrideScoreId=score,,,residential painting+41,http://www.linkedin.com/company/nashville-painting-company,https://www.facebook.com/Nashvillepaintingcompany/,,,,
"J & J Custom Painting Company, LLC - Las Vegas, NV",http://www.j-jcustompainting.com,,,Las Vegas,Nevada,,,,,,apollo,"painting company, painting service - Nevada",https://app.apollo.io/#/organizations/656bef002a857200a3f4ca3a?overrideScoreId=score,,,interior painting+41,http://www.linkedin.com/company/j-j-custom-painting-company-llc-las-vegas-nv,,,,,
Coastal Painting Company,http://www.coastalpaintingcompany.com,,,Coconut Creek,Florida,,,,,,apollo,"painting company, painting service - Florida",https://app.apollo.io/#/organizations/5e57bee73f9e640001b633be?overrideScoreId=score,42.1M,,roofacide+53,http://www.linkedin.com/company/coastal-painting-company,https://facebook.com/coastalpaintingflorida,https://twitter.com/coastalptgfl,,,
Tri Cities Painting Company,http://www.eastgateorthodontics.com,,,Kennewick,Washington,,,,,,apollo,"painting company, painting service - Washington",https://app.apollo.io/#/organizations/6375ed9b997fce000197037e?overrideScoreId=score,328K,,painting company,http://www.linkedin.com/company/tri-cities-painting-company,https://facebook.com/pages/Boracay-SandCastles-The-Apartments/231220783626177,https://twitter.com/sandcastlesapts,,,
Ryan Painting Company,http://www.ryanpaintingco.com,,,Boston,Massachusetts,,,,,,apollo,"painting company, painting service - Massachusetts",https://app.apollo.io/#/organizations/6048613d7780130001ab8647?overrideScoreId=score,,,deck staining+36,http://www.linkedin.com/company/ryanpaintingcompany,https://www.facebook.com/ryanpaintingcompany/,,,,
"Mid South Painting, Inc.",http://www.midsouthpaintinginc.com,,,Mid South Painting,Inc.,,,,,,apollo,"painting company, painting service - Inc.",https://app.apollo.io/#/organizations/61ec11b554407500016c794f?overrideScoreId=score,,,commercial painting+52,http://www.linkedin.com/company/midsouthpainting,,,,,
Nevada Painting Company,http://www.nevadapaintingcompany.com,,,Las Vegas,Nevada,,,,,,apollo,"painting company, painting service - Nevada",https://app.apollo.io/#/organizations/5a9dc699a6da98d96640d71d?overrideScoreId=score,14.0M,,painting contractor+54,http://www.linkedin.com/company/nevada-painting-company,https://facebook.com/lasvegaspainters,,,,
Leach Painting Company,http://www.jleachpainting.com,,,Fenton,Missouri,,,,,,apollo,"painting company, painting service - Missouri",https://app.apollo.io/#/organizations/55f4e202f3e5bb16680031cb?overrideScoreId=score,17.2M,,wallcovering+47,http://www.linkedin.com/company/leach-painting-company,https://facebook.com/leach-painting-company-109238059149233,,,,
The Commissioned Art Network,http://www.thecommissionedartnetwork.com,,,Flowery Branch,Georgia,,,,,,apollo,"painting company, painting service - Georgia",https://app.apollo.io/#/organizations/5fc99ffa20a63f000163b88e?overrideScoreId=score,,,art+35,http://www.linkedin.com/company/the-commissioned-art-network,https://www.facebook.com/The-Commissioned-Art-Network-103889884526988,https://twitter.com/supportthecomm1,,,
Foothills Painting LLC,http://www.foothillspainting.co,,,Fort Collins,Colorado,,,,,,apollo,"painting company, painting service - Colorado",https://app.apollo.io/#/organizations/5d0a85b5f65125346a4e42ef?overrideScoreId=score,,,interior painting+53,http://www.linkedin.com/company/foothills-painting-llc,https://facebook.com/tr,https://twitter.com/fcpainters,,,
Adams Painting Company,http://www.adamspaintnc.com,,,Wake Forest,North Carolina,,,,,,apollo,"painting company, painting service - North Carolina",https://app.apollo.io/#/organizations/67158268d5282c00018341af?overrideScoreId=score,,,,http://www.linkedin.com/company/adams-painting-company-llc,,,,,
"Hursh Painting Co., Inc.",http://www.hurshpainting.com,,,Hanover,Pennsylvania,,,,,,apollo,"painting company, painting service - Pennsylvania",https://app.apollo.io/#/organizations/6391f533e83992000107bd37?overrideScoreId=score,20.2M,,residential painting+65,http://www.linkedin.com/company/hursh-painting-co-inc,https://www.facebook.com/people/Hursh-Painting-Co-Inc/100057573815023/,,,,
"Evergreen Painting Co., Inc.",http://www.evergreenpaintingco.com,,,Eugene,Oregon,,,,,,apollo,"painting company, painting service - Oregon",https://app.apollo.io/#/organizations/664d838f0d7dc80001f8c4d9?overrideScoreId=score,,,commercial painting+69,http://www.linkedin.com/company/evergreen-painting-co-inc,,,,,
Bond Construction Inc.,http://www.bondconstructionnyc.com,,,New York,New York,,,,,,apollo,"painting company, painting service - New York",https://app.apollo.io/#/organizations/54fca4237369647f94742400?overrideScoreId=score,6.4M,,home renovations nyc+11,http://www.linkedin.com/company/bond-construction-inc-,https://facebook.com/bondconstruction,https://twitter.com/BondConstNYC,,,
A.L.A. World Foundation,http://www.ssbipoc.org,,,Seattle,Washington,,,,,,apollo,"painting company, painting service - Washington",https://app.apollo.io/#/organizations/650520ce2a87c600014c2d1d?overrideScoreId=score,,,,http://www.linkedin.com/company/a-l-a,,,,,
Finaltone Painting Company,http://www.finaltonepainting.com,,,Maple Grove,Minnesota,,,,,,apollo,"painting company, painting service - Minnesota",https://app.apollo.io/#/organizations/654896fe1dd39700017702db?overrideScoreId=score,,,commercial+98,http://www.linkedin.com/company/finaltone,https://www.facebook.com/finaltonepainting,,,,
365 Renovations,http://www.365renovations.com,,,West Chester,Ohio,,,,,,apollo,"painting company, painting service - Ohio",https://app.apollo.io/#/organizations/55f7954af3e5bb095d001303?overrideScoreId=score,23.5M,,exterior painting+77,http://www.linkedin.com/company/365-renovations,https://facebook.com/pages/365-Renovations/1414247105491552,,,,
Paintco Painters,http://www.paintcopainters.com,,,Greenwood,Indiana,,,,,,apollo,"painting company, painting service - Indiana",https://app.apollo.io/#/organizations/5a9e3d59a6da98d98c6c8bc7?overrideScoreId=score,,,commercial painting+71,http://www.linkedin.com/company/paintcopainters,https://facebook.com/1113443792160401,https://twitter.com/paintcopainters,,,
SMS Painting,http://www.smspaintingllc.com,,,Bridgeport,Connecticut,,,,,,apollo,"painting company, painting service - Connecticut",https://app.apollo.io/#/organizations/559222cb7369641908728b00?overrideScoreId=score,,,,http://www.linkedin.com/company/sms-painting,,,,,
Mike's Quality Painting,http://www.mikesqualitypainting.com,,,Albuquerque,New Mexico,,,,,,apollo,"painting company, painting service - New Mexico",https://app.apollo.io/#/organizations/5500afb27369642da1440600?overrideScoreId=score,3.2M,,interior painting+51,http://www.linkedin.com/company/mike's-quality-painting,https://www.facebook.com/MikesQualityPainting/,https://twitter.com/MQPABQ,,,
Superior Painting Company,http://www.superiorpainters.com,,,Red Oak,Texas,,,,,,apollo,"painting company, painting service - Texas",https://app.apollo.io/#/organizations/55f9384ff3e5bb22820024bb?overrideScoreId=score,,,residential painters+52,http://www.linkedin.com/company/superior-painting-company,https://www.facebook.com/superiorpaintingcompany,https://twitter.com/gregpelt,,,
Flora Brothers Painting,http://www.florabrotherspainting.com,,,Indianapolis,Indiana,,,,,,apollo,"painting company, painting service - Indiana",https://app.apollo.io/#/organizations/5ed4e336b6725f00019afe7f?overrideScoreId=score,21.3M,,custom home painting+52,http://www.linkedin.com/company/flora-brothers-painting,https://facebook.com/pages/Flora-Brothers-Painting/207886422568444,,,,
Heiler Painting,http://www.heilerpainting.com,,,Media,Pennsylvania,,,,,,apollo,"painting company, painting service - Pennsylvania",https://app.apollo.io/#/organizations/5ef45bdd33527e0184a69242?overrideScoreId=score,,,,http://www.linkedin.com/company/heiler-painting,,,,,
"Matthews'​ Painting Company, LLC",http://www.matthewspainting.com,,,Leesburg,Indiana,,,,,,apollo,"painting company, painting service - Indiana",https://app.apollo.io/#/organizations/54a1279069702d979cf79000?overrideScoreId=score,48.2M,,deck staining+49,http://www.linkedin.com/company/matthews'-painting-company-llc,https://www.facebook.com/matthewspaintingcompany,https://twitter.com/Mathewspainting,,,
"Paintegrity, LLC",http://www.paintegrityllc.com,,,Pflugerville,Texas,,,,,,apollo,"painting company, painting service - Texas",https://app.apollo.io/#/organizations/5b1339f0a6da98dcf025de90?overrideScoreId=score,,,interior painting+45,http://www.linkedin.com/company/paintegrity-llc,,,,,
"The Painting Company, LLC",,,,San Diego,California,,,,,,apollo,"painting company, painting service - California",https://app.apollo.io/#/organizations/63c430ac9ac5ba00014b310a?overrideScoreId=score,,,residential painting+3,http://www.linkedin.com/company/the-painting-company-san-diego,,,,,
Kennedy Painting LLC,http://www.stlouishousepainting.com,,,St. Louis,Missouri,,,,,,apollo,"painting company, painting service - Missouri",https://app.apollo.io/#/organizations/54a1b4e474686954757caf09?overrideScoreId=score,15.2M,,,http://www.linkedin.com/company/kennedy-painting-llc,https://www.facebook.com/KennedyPaintingLLC,https://twitter.com/kennedypaintstl,,,
Ransom Digital,http://www.ransomdigital.com,,,Johnson City,Tennessee,,,,,,apollo,"painting company, painting service - Tennessee",https://app.apollo.io/#/organizations/61270663d49abd000134e362?overrideScoreId=score,,,seo+66,http://www.linkedin.com/company/ransom-digital,,,,,
Terminus Painting Co.,http://www.terminuspainting.com,,,Atlanta,Georgia,,,,,,apollo,"painting company, painting service - Georgia",https://app.apollo.io/#/organizations/668fe74ff90e790491b61601?overrideScoreId=score,,,,http://www.linkedin.com/company/terminus-painting-co,https://www.facebook.com/terminuspaintingco,,,,
Phoenix Painting Company,http://www.phoenixpaintingco.com,,,Fort Lauderdale,Florida,,,,,,apollo,"painting company, painting service - Florida",https://app.apollo.io/#/organizations/55920bd1736964185f563800?overrideScoreId=score,31.7M,,wallcovering+5,http://www.linkedin.com/company/phoenix-painting-company,,,,,
"Hays Brothers Painting Service, Inc.",http://www.haysbrotherspainting.com,,,Hays Brothers Painting Service,Inc.,,,,,,apollo,"painting company, painting service - Inc.",https://app.apollo.io/#/organizations/5b869a13324d44111a7c7bba?overrideScoreId=score,,,safety compliance+43,http://www.linkedin.com/company/hays-brothers-painting-service-inc,,,,,
Northwest Residential & Commercial Painting Company,http://www.nwpaintingcompany.com,,,Seattle,Washington,,,,,,apollo,"painting company, painting service - Washington",https://app.apollo.io/#/organizations/54a1b6ef7468695c827f2b0a?overrideScoreId=score,,,,http://www.linkedin.com/company/northwest-residential-&-commercial-painting-company,https://www.facebook.com/nwrcpllc/,https://twitter.com/nwrcpllc,,,
painting contractor,http://www.wellspaintservice.com,,,Kiowa,Kansas,,,,,,apollo,"painting company, painting service - Kansas",https://app.apollo.io/#/organizations/56d978fff3e5bb731d002ade?overrideScoreId=score,,,painting contractor,http://www.linkedin.com/company/painting-contractor,,,,,
111 Painting Service,http://www.111paintingservice.com,,,Sacramento,California,,,,,,apollo,"painting company, painting service - California",https://app.apollo.io/#/organizations/6718bc6d1bf8da0001170399?overrideScoreId=score,,,,http://www.linkedin.com/company/111-painting-service,,,,,
Textbook Painting,http://www.textbookpainting.com,,,Lakewood,Ohio,,,,,,apollo,"painting company, painting service - Ohio",https://app.apollo.io/#/organizations/54a12b1c69702dcef9dd7702?overrideScoreId=score,,,exterior painting+59,http://www.linkedin.com/company/textbook-painting,https://facebook.com/TextbookPainting,https://twitter.com/TextbookPaint,,,
MPG Painting,http://www.mpgpainting.net,,,Sacramento,California,,,,,,apollo,"painting company, painting service - California",https://app.apollo.io/#/organizations/60b1e99bd26791000182aa36?overrideScoreId=score,,,,http://www.linkedin.com/company/mpg-painting,,,,,
The Dependable Painting Company,http://www.dependableptg.com,,,Cleveland,Ohio,,,,,,apollo,"painting company, painting service - Ohio",https://app.apollo.io/#/organizations/54a1353f69702d333d15b900?overrideScoreId=score,23.1M,,restoration services+47,http://www.linkedin.com/company/the-dependable-painting-co.,http://www.facebook.com/envato,http://twitter.com/envato,,,
Murray Painting Company,http://www.murraypainting.net,,,Freeland,Michigan,,,,,,apollo,"painting company, painting service - Michigan",https://app.apollo.io/#/organizations/5e568249942f6500014685b1?overrideScoreId=score,,,vapor blasting+60,http://www.linkedin.com/company/murray-painting-co,https://www.facebook.com/100075713486785,,,,
Five Seasons Painting Company,http://www.whiskeycreekfamilyrvpark.com,,,Elroy,Wisconsin,,,,,,apollo,"painting company, painting service - Wisconsin",https://app.apollo.io/#/organizations/6048b05035eb5b0001db120a?overrideScoreId=score,,,outdoor recreation+28,http://www.linkedin.com/company/five-seasons-painting-company,https://www.facebook.com/whiskeycreekfamilyrvpark,,,,
Pritts Painting Company,http://www.prittspainting.com,,,Westerville,Ohio,,,,,,apollo,"painting company, painting service - Ohio",https://app.apollo.io/#/organizations/6654748d98df0301eb3ab68d?overrideScoreId=score,,,industrial painting+8,http://www.linkedin.com/company/pritts-painting-company,,,,,
"Prism Painting Company, Inc.",http://www.prismpainting.net,,,Prism Painting Company,Inc.,,,,,,apollo,"painting company, painting service - Inc.",https://app.apollo.io/#/organizations/5ed02a1a5a2a6100017e72f8?overrideScoreId=score,,,wallcovering removal+49,http://www.linkedin.com/company/prism-painting-company-inc,,,,,
Bates Painting Company,http://www.batespainting.com,,,Kansas City,Missouri,,,,,,apollo,"painting company, painting service - Missouri",https://app.apollo.io/#/organizations/64ab15e5b961d30001b37c26?overrideScoreId=score,,,commercial painting+34,http://www.linkedin.com/company/bates-painting-company,https://www.facebook.com/batespaintingcompany/,,,,
"DK Painting Company, Inc.",http://www.dkpainting.com,,,DK Painting Company,Inc.,,,,,,apollo,"painting company, painting service - Inc.",https://app.apollo.io/#/organizations/67d2d0ee06a6ef0021a5232a?overrideScoreId=score,,,b2bservices,http://www.linkedin.com/company/dk-painting-company-inc1,,,,,
Rossi Painting & Construction,http://www.rossipainting.com,,,San Carlos,California,,,,,,apollo,"painting company, painting service - California",https://app.apollo.io/#/organizations/604a9bd9a8096d0001c3d87a?overrideScoreId=score,,,painting+54,http://www.linkedin.com/company/rossipainting,,,,,
The Painting Company of Birmingham,http://www.birminghampaintingco.com,,,Birmingham,Alabama,,,,,,apollo,"painting company, painting service - Alabama",https://app.apollo.io/#/organizations/5c276bd0f6512556a50f9bae?overrideScoreId=score,4.3M,,residential painting+48,http://www.linkedin.com/company/the-painting-company-of-birmingham,https://facebook.com/tpcbirmingham,https://twitter.com/tpcbirmingham,,,
"Lakehead Painting Company, Inc.",http://www.lakeheadpainting.com,,,Lakehead Painting Company,Inc.,,,,,,apollo,"painting company, painting service - Inc.",https://app.apollo.io/#/organizations/54a1293e69702d979ca19501?overrideScoreId=score,,,mallsoil gas+33,http://www.linkedin.com/company/lakehead-painting-company,,,,,
Paint Kings,http://www.paintkings.com,,,Tucson,Arizona,,,,,,apollo,"painting company, painting service - Arizona",https://app.apollo.io/#/organizations/54a1b6c07468694f8f0c810a?overrideScoreId=score,18.9M,,painting contractor+45,http://www.linkedin.com/company/paint-kings,https://facebook.com/pages/The-Paint-Kings-Inc/233721226781289,https://twitter.com/paintkings,,,
Art Noirs,http://www.artnoirs.com,,,Sugar Land,Texas,,,,,,apollo,"painting company, painting service - Texas",https://app.apollo.io/#/organizations/556d9fa173696411c12c5a01?overrideScoreId=score,,,art therapy+79,http://www.linkedin.com/company/artnoirs,,,,,
"MacFarland Painting, Inc.",http://www.macfarlandpainting.com,,,MacFarland Painting,Inc.,,,,,,apollo,"painting company, painting service - Inc.",https://app.apollo.io/#/organizations/604a9c8632877500013a26d2?overrideScoreId=score,,,residential painting+85,http://www.linkedin.com/company/macfarland-painting,https://www.facebook.com/MacFarland.Painting,,,,
Swedish Painting Company,http://www.swedishpaintingco.com,,,Aspen,Colorado,,,,,,apollo,"painting company, painting service - Colorado",https://app.apollo.io/#/organizations/556d5023736964121f01e300?overrideScoreId=score,8M,,,http://www.linkedin.com/company/swedish-painting-company,https://facebook.com/SwedishPaintingCompany/,,,,
"Quincy Industrial Painting Company, Inc.",http://www.quincyindustrial.com,,,Quincy Industrial Painting Company,Inc.,,,,,,apollo,"painting company, painting service - Inc.",https://app.apollo.io/#/organizations/559218d573696423937e0c00?overrideScoreId=score,,,industrial painting+49,http://www.linkedin.com/company/quincyindustrial,,,,,
Fresh Coat Painters Franchise Opportunities,http://www.freshcoatfranchise.com,,,Cincinnati,Ohio,,,,,,apollo,"painting company, painting service - Ohio",https://app.apollo.io/#/organizations/5e5643a0840a240001180635?overrideScoreId=score,,,franchise+66,http://www.linkedin.com/company/fresh-coat-painters-franchise-opportunities,https://www.facebook.com/FreshCoatFranchise/,,,,
Rice Painting Company,http://www.ricepaintingcompany.com,,,Charlotte,North Carolina,,,,,,apollo,"painting company, painting service - North Carolina",https://app.apollo.io/#/organizations/615e9513d42fd60001065174?overrideScoreId=score,,,,http://www.linkedin.com/company/ricepaintingcompany,,,,,
VP Peri Painting Company,http://www.vpperi.com,,,Redmond,Washington,,,,,,apollo,"painting company, painting service - Washington",https://app.apollo.io/#/organizations/54a13c8a69702de5b328f101?overrideScoreId=score,,,specialty+39,http://www.linkedin.com/company/vp-peri-painting-company,,,,,
"Emerald Painting, Inc.",http://www.emeraldpaintinginc.com,,,Emerald Painting,Inc.,,,,,,apollo,"painting company, painting service - Inc.",https://app.apollo.io/#/organizations/63c34b91ae9ec700013e5fb4?overrideScoreId=score,,,commercial painting+44,http://www.linkedin.com/company/emeraldpaintinginc,,,,,
"Genesis Painting Company, LLC",http://www.paintingbygenesis.com,,,Cedar Rapids,Iowa,,,,,,apollo,"painting company, painting service - Iowa",https://app.apollo.io/#/organizations/5500b1557369642dd3921800?overrideScoreId=score,,,interior wall painting+13,http://www.linkedin.com/company/genesis-painting-company-llc,,,,,
World Painting Company,http://www.worldpaintingcompany.com,,,Bloomington,Illinois,,,,,,apollo,"painting company, painting service - Illinois",https://app.apollo.io/#/organizations/54a1352169702d42556b7300?overrideScoreId=score,3.7M,,multifamily units+13,http://www.linkedin.com/company/world-painting-company,https://facebook.com/WorldPaintingCompany,https://twitter.com/world_painting,,,
Fresh Start Painting Company,,,,Long Branch,New Jersey,,,,,,apollo,"painting company, painting service - New Jersey",https://app.apollo.io/#/organizations/65505085c27fa30001ebb34d?overrideScoreId=score,,,paintingrenovations+4,http://www.linkedin.com/company/fresh-start-painting-company,,,,,
Cauble Rose Painting Company,http://www.caublerose.com,,,Boerne,Texas,,,,,,apollo,"painting company, painting service - Texas",https://app.apollo.io/#/organizations/60aed6ccd4a81f0001ae5326?overrideScoreId=score,,,,http://www.linkedin.com/company/cauble-rose,,,,,
Idea Painting Company,http://www.ideapaintingcompany.com,,,Medfield,Massachusetts,,,,,,apollo,"painting company, painting service - Massachusetts",https://app.apollo.io/#/organizations/5e55b2c5e31ebf0001c2cae0?overrideScoreId=score,,,exterior painting+12,http://www.linkedin.com/company/idea-painting-company,https://www.facebook.com/ideapaintingco/,,,,
Bernardo's Painting,http://www.bernardospainting.com,,,Mililani,Hawaii,,,,,,apollo,"painting company, painting service - Hawaii",https://app.apollo.io/#/organizations/62a5fb4a4757e800a3fe007c?overrideScoreId=score,,,exteriors+56,http://www.linkedin.com/company/bernardo-s-painting,https://www.facebook.com/bernardospainting,,,,
"Carolina Painting Company, Inc.",http://www.carolinapainting.com,,,Carolina Painting Company,Inc.,,,,,,apollo,"painting company, painting service - Inc.",https://app.apollo.io/#/organizations/5f48b6a18dedc90001db0449?overrideScoreId=score,7.2M,,commercial coatings+61,http://www.linkedin.com/company/carolinapaintingco,https://facebook.com/CarolinaPaintingCoInc,https://twitter.com/CarolinaPaintng,,,
Haugen Homes Painting,http://www.hhpainters.com,,,Sheboygan,Wisconsin,,,,,,apollo,"painting company, painting service - Wisconsin",https://app.apollo.io/#/organizations/60b28784f6c9fa0001354e58?overrideScoreId=score,,,exterior painting+46,http://www.linkedin.com/company/hhpainting,https://www.facebook.com/969030526492997,,,,
Messery Painting,http://www.messerypaintingswfl.com,,,Fort Myers,Florida,,,,,,apollo,"painting company, painting service - Florida",https://app.apollo.io/#/organizations/5500c55f736964176d614f00?overrideScoreId=score,,,customer satisfaction+44,http://www.linkedin.com/company/messery-painting,https://www.facebook.com/messery.painting,,,,
NorthCraft Painting Contractor,http://www.northcraft-painting-contractor.com,,,Streamwood,Illinois,,,,,,apollo,"painting company, painting service - Illinois",https://app.apollo.io/#/organizations/54a12ab669702dc128ebf801?overrideScoreId=score,,,wallpaper removal+6,http://www.linkedin.com/company/northcraft-painting-contractor,https://www.facebook.com/northcraft.epoxy.floor.coating,,,,
Color World Painting Charlotte,,,,Concord,North Carolina,,,,,,apollo,"painting company, painting service - North Carolina",https://app.apollo.io/#/organizations/668220bba3c902000147bcac?overrideScoreId=score,,,gutter services+19,http://www.linkedin.com/company/colorworldpaintingnorthcharlotte,,,,,
Sharper Impressions Painting,http://www.sharperimpressionspainting.com,,,Plain City,Ohio,,,,,,apollo,"painting company, painting service - Ohio",https://app.apollo.io/#/organizations/54a1293c69702db878615201?overrideScoreId=score,4M,,interior painting+65,http://www.linkedin.com/company/sharper-impressions-painting,https://www.facebook.com/sharper.impressions.painting.contractor,https://twitter.com/SIPainting,,,
"Pro 1 Painters, LLC",http://www.pro1painters.com,,,Mobile,Alabama,,,,,,apollo,"painting company, painting service - Alabama",https://app.apollo.io/#/organizations/55eccab2f3e5bb16d7000e3d?overrideScoreId=score,34.8M,,residential painting+56,http://www.linkedin.com/company/pro-1-painters-llc,https://www.facebook.com/Pro1Painters/,,,,
Ace Painting Company Inc,,,,Pinson,Alabama,,,,,,apollo,"painting company, painting service - Alabama",https://app.apollo.io/#/organizations/55923e2a73696418f671ed00?overrideScoreId=score,,,,http://www.linkedin.com/company/ace-painting-company-inc,,,,,
Paradiso Painting Company Inc,http://www.paradisopainting.com,,,Birmingham,Alabama,,,,,,apollo,"painting company, painting service - Alabama",https://app.apollo.io/#/organizations/55920398736964199b641a00?overrideScoreId=score,13.6M,,,http://www.linkedin.com/company/paradiso-painting-company-inc,,,,,
Rogers Painting Company,http://www.rogerspaintingcompany.net,,,Montgomery,Alabama,,,,,,apollo,"painting company, painting service - Alabama",https://app.apollo.io/#/organizations/55921f0a7369640b18b41400?overrideScoreId=score,,,,http://www.linkedin.com/company/rogers-painting-company,,,,,
Tomas Painting Service,http://www.tuscaloosapaintingservices.com,,,Tuscaloosa,Alabama,,,,,,apollo,"painting company, painting service - Alabama",https://app.apollo.io/#/organizations/66fb843216ca0300012f73fa?overrideScoreId=score,,,,http://www.linkedin.com/company/tomas-painting-service,,,,,
E&S Contractor Painting Company Inc.,http://www.auburneandspainting.com,,,Auburn,Alabama,,,,,,apollo,"painting company, painting service - Alabama",https://app.apollo.io/#/organizations/674cc90447ad1e0001ba4c98?overrideScoreId=score,,,,http://www.linkedin.com/company/e&s-contractor-painting-company-inc.,https://www.facebook.com/profile.php,,,,
ACC Painting Service,http://www.accpaintingservice.com,,,Mobile,Alabama,,,,,,apollo,"painting company, painting service - Alabama",https://app.apollo.io/#/organizations/671488688d35110001e89c73?overrideScoreId=score,,,,http://www.linkedin.com/company/acc-painting-service,,,,,
MCALLISTER PAINTING COMPANY,http://www.mcallisterpaintingcompany.com,,,Slocomb,Alabama,,,,,,apollo,"painting company, painting service - Alabama",https://app.apollo.io/#/organizations/6725a5edcca4980001f104fc?overrideScoreId=score,,,,http://www.linkedin.com/company/mcallister-painting-company,,,,,
Croc Painting Company,,,,Gilbert,Arizona,,,,,,apollo,"painting company, painting service - Arizona",https://app.apollo.io/#/organizations/63d5ab5fc7530100017eb267?overrideScoreId=score,,,,http://www.linkedin.com/company/croc-painting-company,,,,,
Extra Mile Painting Company,http://www.extramilepaintingaz.com,,,Phoenix,Arizona,,,,,,apollo,"painting company, painting service - Arizona",https://app.apollo.io/#/organizations/55ed9f37f3e5bb164400699b?overrideScoreId=score,,,residential painting+53,http://www.linkedin.com/company/extra-mile-painting-company,,,,,
Best Painter Pro,http://www.bestpainterpro.com,,,Mesa,Arizona,,,,,,apollo,"painting company, painting service - Arizona",https://app.apollo.io/#/organizations/674ffd7014baae00010d87a1?overrideScoreId=score,,,facebook advertising+79,http://www.linkedin.com/company/bestpainterpro,,,,,
Country Boys Painting,http://www.countryboyspainting.com,,,Phoenix,Arizona,,,,,,apollo,"painting company, painting service - Arizona",https://app.apollo.io/#/organizations/56e6ea80f3e5bb3a24013090?overrideScoreId=score,,,hoa properties+54,http://www.linkedin.com/company/country-boys-painting,,,,,
Adix Painting - Dedicated to Raising the Standard for Residential Interior and Exterior Painting,http://www.adixpainting.com,,,Phoenix,Arizona,,,,,,apollo,"painting company, painting service - Arizona",https://app.apollo.io/#/organizations/5b13331da6da98dcb5c7d637?overrideScoreId=score,,,coaching+14,http://www.linkedin.com/company/adix-painting-phoenix-az,,,,,
Painting Solutions Inc.,http://www.paintingsolutionsaz.com,,,Phoenix,Arizona,,,,,,apollo,"painting company, painting service - Arizona",https://app.apollo.io/#/organizations/614d81da3a98da000123ce57?overrideScoreId=score,,,epoxy coatings+82,http://www.linkedin.com/company/painting-solutions-inc,https://www.facebook.com/PaintingSolutionsAZ/,,,,
WILDCAT PAINTING COMPANY L.L.C.,http://www.wildcatpaintingcompany.com,,,Tucson,Arizona,,,,,,apollo,"painting company, painting service - Arizona",https://app.apollo.io/#/organizations/66f52b695a44f10001b41200?overrideScoreId=score,,,,http://www.linkedin.com/company/wildcat-painting-company-l.l.c.,,,,,
Trulypaintingandmore home painting company,http://www.trulypaintingandmore.com,,,Mohave Valley,Arizona,,,,,,apollo,"painting company, painting service - Arizona",https://app.apollo.io/#/organizations/6688e5c650eb8e0001f7e7e5?overrideScoreId=score,,,design services,http://www.linkedin.com/company/trulypaintingandmore-home-painting-company,https://www.facebook.com/trulypaintingandmore/,,,,
DCR Painting Service,http://www.dcrpainting.com,,,San Tan Valley,Arizona,,,,,,apollo,"painting company, painting service - Arizona",https://app.apollo.io/#/organizations/6730328ecd1c1f00017f2ca8?overrideScoreId=score,25.5M,,,http://www.linkedin.com/company/dcr-painting-service,https://www.facebook.com/dcrpaintingaz,,,,
CAPITAL PAINTING COMPANY LLC,http://www.capitalpaintingcompany.com,,,Gilbert,Arizona,,,,,,apollo,"painting company, painting service - Arizona",https://app.apollo.io/#/organizations/66f8d0bde0d5a00001b4789d?overrideScoreId=score,,,,http://www.linkedin.com/company/capital-painting-company-llc,https://www.facebook.com/CapitalPaintingCompany,,,,
Ph Painting Company,http://www.phpaintingcompany.com,,,Tucson,Arizona,,,,,,apollo,"painting company, painting service - Arizona",https://app.apollo.io/#/organizations/66e94dc86fc6aa0001f9ab23?overrideScoreId=score,,,,http://www.linkedin.com/company/ph-painting-company,https://facebook.com/pages/Ph-Painting-Company/588551084548862,,,,
Dougherty Painting Company,http://www.dohertypainting.com,,,Phoenix,Arizona,,,,,,apollo,"painting company, painting service - Arizona",https://app.apollo.io/#/organizations/556d8fb77369641226d03a01?overrideScoreId=score,,,,http://www.linkedin.com/company/dougherty-painting-company,,,,,
"TOP STAR PAINTING SERVICE, INC.",http://www.topstarpainting.com,,,Glendale,Arizona,,,,,,apollo,"painting company, painting service - Arizona",https://app.apollo.io/#/organizations/6739070340844d0001e106b7?overrideScoreId=score,,,,http://www.linkedin.com/company/top-star-painting-service-inc.,,,,,
Penington Painting Company,http://www.peningtonpainting.com,,,Chandler,Arizona,,,,,,apollo,"painting company, painting service - Arizona",https://app.apollo.io/#/organizations/68e68dc664ac410001fbbee6?overrideScoreId=score,13.1M,,,,https://facebook.com/peningtonpainting,,,,
Insight Painting Company Llc,http://www.insightpaintingcompany.com,,,Mesa,Arizona,,,,,,apollo,"painting company, painting service - Arizona",https://app.apollo.io/#/organizations/6828f4d20dd41b0001360150?overrideScoreId=score,3.7M,,,,https://www.facebook.com/InsightPainting,https://twitter.com/InsightPainting,,,
MCCORMICK PAINTING COMPANY,http://www.mccormickequipmentrentals.com,,,Little Rock,Arkansas,,,,,,apollo,"painting company, painting service - Arkansas",https://app.apollo.io/#/organizations/672dd53ba379130001a6aeb9?overrideScoreId=score,4.0M,,,http://www.linkedin.com/company/mccormick-painting-company,https://facebook.com/pages/Maven/219081551481695,https://twitter.com/mavensf,,,
Painter Aircraft Inc,http://www.aircraftpaintinginc.com,,,Mena,Arkansas,,,,,,apollo,"painting company, painting service - Arkansas",https://app.apollo.io/#/organizations/5591ffa873696419273b1400?overrideScoreId=score,,,airlines & aviation+39,http://www.linkedin.com/company/painter-aircraft-inc,https://facebook.com/CriderAircraftPaintingInc,,,,
Quality Painting Company,http://www.adamroepaint.com,,,Camden,Arkansas,,,,,,apollo,"painting company, painting service - Arkansas",https://app.apollo.io/#/organizations/674810bf3e0e4200017de341?overrideScoreId=score,,,,http://www.linkedin.com/company/quality-painting-company,,,,,
Turpin Painting Company Inc,,,,Little Rock,Arkansas,,,,,,apollo,"painting company, painting service - Arkansas",https://app.apollo.io/#/organizations/55921aff73696418f64c6f00?overrideScoreId=score,,,,http://www.linkedin.com/company/turpin-painting-company-inc,,,,,
Legacy Painting Contractors,http://www.legacypaintingcontractorsca.com,,,Pleasanton,California,,,,,,apollo,"painting company, painting service - California",https://app.apollo.io/#/organizations/5500b2d97369642daa6a2a00?overrideScoreId=score,8.9M,,painting contractors+5,http://www.linkedin.com/company/legacy-painting-contractors,https://facebook.com/LegacyPaintingContractors,https://twitter.com/legacypainting,,,
SKY EDIFICE,http://www.skyedifice.com,,,Cerritos,California,,,,,,apollo,"painting company, painting service - California",https://app.apollo.io/#/organizations/61616eed8bfbd30001b43792?overrideScoreId=score,,,construction company+18,http://www.linkedin.com/company/sky-edifice,,,,,
ALL LOS ANGELES PAINTING COMPANY INC.,http://www.alllosangelespaintingcompany.com,,,Los Angeles,California,,,,,,apollo,"painting company, painting service - California",https://app.apollo.io/#/organizations/65c494825b212b0001d9c2b9?overrideScoreId=score,,,paint color selection+52,http://www.linkedin.com/company/all-los-angeles-painting-company-inc.,,,,,
Dave's Painting Service,http://www.davespaintingservice.com,,,El Cajon,California,,,,,,apollo,"painting company, painting service - California",https://app.apollo.io/#/organizations/54a11db969702d9d7e592f01?overrideScoreId=score,19.4M,,,http://www.linkedin.com/company/dave's-painting-service,,https://twitter.com/davesptgservice,,,
Eco-Clean Painting,http://www.ecocleanpainting.com,,,Atascadero,California,,,,,,apollo,"painting company, painting service - California",https://app.apollo.io/#/organizations/6761644024da9f01b1278e9c?overrideScoreId=score,,,interior painting+10,http://www.linkedin.com/company/eco-clean-painting-commercial-residential-paso-robles-san-luis-obispo,https://www.facebook.com/ECO.CLEAN.PAINTERS,,,,
Covington Home Painting,http://www.covingtonhomepainting.com,,,Trinity Center,California,,,,,,apollo,"painting company, painting service - California",https://app.apollo.io/#/organizations/678c06ad7920340001d7a670?overrideScoreId=score,,,affordable & quality+3,http://www.linkedin.com/company/covington-home-painting,https://www.facebook.com/covingtonhomepainting/,,,,
"ALC Construction, LLC",http://www.alcconstructioninc.com,,,Los Angeles,California,,,,,,apollo,"painting company, painting service - California",https://app.apollo.io/#/organizations/556db209736964126c4f7401?overrideScoreId=score,,,general contractor+50,http://www.linkedin.com/company/alc-construction-llc-,,,,,
Browder Painting Company,http://www.browderpainting.com,,,San Luis Obispo,California,,,,,,apollo,"painting company, painting service - California",https://app.apollo.io/#/organizations/664965a3f22ed9000176daa0?overrideScoreId=score,6.0M,,power washing+11,http://www.linkedin.com/company/browder-painting,https://facebook.com/browderpainting,https://twitter.com/BrowderPainting,,,
Great Walls Painting Inc,http://www.greatwallspainting.com,,,San Jose,California,,,,,,apollo,"painting company, painting service - California",https://app.apollo.io/#/organizations/654dcfb2dd1ecf0001aed7d4?overrideScoreId=score,,,residential+70,http://www.linkedin.com/company/great-walls-painting-inc,https://www.facebook.com/Commercial.Residential.Painting,,,,
Kent Painting Company Inc.,http://www.kentpaintinginc.com,,,Fresno,California,,,,,,apollo,"painting company, painting service - California",https://app.apollo.io/#/organizations/54a12a3969702d8cfc3f3002?overrideScoreId=score,,,epoxy+8,http://www.linkedin.com/company/kent-painting-company-inc.,,,,,
Larson Bros. Painting,http://www.larsonbrospainting.com,,,Napa,California,,,,,,apollo,"painting company, painting service - California",https://app.apollo.io/#/organizations/54fca5e573696401aac03100?overrideScoreId=score,,,carpentry repair+92,http://www.linkedin.com/company/larson-bros-painting,https://www.facebook.com/larsonbrospainting/,https://twitter.com/larsonbrospaint,,,
Design Systems Painting Company,http://www.designsystemspainting.com,,,Carmichael,California,,,,,,apollo,"painting company, painting service - California",https://app.apollo.io/#/organizations/6642f96a701ae60001901c62?overrideScoreId=score,,,commercial painting+3,http://www.linkedin.com/company/design-systems-painting-inc,https://www.facebook.com/107847251768627,,,,
Joes Painting Service,http://www.joespremiumpainting.com,,,Huntington Beach,California,,,,,,apollo,"painting company, painting service - California",https://app.apollo.io/#/organizations/5d093dbcf6512528599f6548?overrideScoreId=score,,,building supplies+13,http://www.linkedin.com/company/joes-painting-service,,,,,
Award Painting Company,http://www.awardpaintingco.com,,,Fairfield,California,,,,,,apollo,"painting company, painting service - California",https://app.apollo.io/#/organizations/55e8c19ff3e5bb144800006f?overrideScoreId=score,,,,http://www.linkedin.com/company/award-painting-co,,,,,
PaintPros of Napa Valley,http://www.paintprosnapa.com,,,Napa,California,,,,,,apollo,"painting company, painting service - California",https://app.apollo.io/#/organizations/5edbac7c4d8c35000196485a?overrideScoreId=score,,,,http://www.linkedin.com/company/paint-pros-napa-valley-inc,,,,,
Coastal Colors Painting Company,,,,Carlsbad,California,,,,,,apollo,"painting company, painting service - California",https://app.apollo.io/#/organizations/6726c4017efe3d0001d18448?overrideScoreId=score,,,,http://www.linkedin.com/company/coastalcolorspaintingcompany,,,,,
Mikes Painting Service,http://www.mikespaintingservice.com,,,Newman,California,,,,,,apollo,"painting company, painting service - California",https://app.apollo.io/#/organizations/667a7cb36758aa000103c3d0?overrideScoreId=score,,,,http://www.linkedin.com/company/mikes-painting-service,,,,,
Moya Painting,http://www.moyapaintinganddecorating.com,,,San Francisco,California,,,,,,apollo,"painting company, painting service - California",https://app.apollo.io/#/organizations/65f7e96e1aec6a01c680c2be?overrideScoreId=score,,,paintingdesign+56,http://www.linkedin.com/company/moya-painting-and-decorating,,,,,
Busker Media Inc.,http://www.busker.co,,,Los Angeles,California,,,,,,apollo,"painting company, painting service - California",https://app.apollo.io/#/organizations/556945157369642111a82600?overrideScoreId=score,1M,,live videomusic+98,http://www.linkedin.com/company/busker-media-inc.,https://facebook.com/buskerapp/,https://twitter.com/busker,,,
J.W. Peterson Painting Inc.,http://www.jwpetersonpainting.com,,,Livermore,California,,,,,,apollo,"painting company, painting service - California",https://app.apollo.io/#/organizations/556ceec47369641226a04f00?overrideScoreId=score,,,commercial painting+52,http://www.linkedin.com/company/j-w-peterson-painting-inc-,,,,,
Partnership Painting,http://www.partnershippainting.com,,,Pasadena,California,,,,,,apollo,"painting company, painting service - California",https://app.apollo.io/#/organizations/54a12ad969702d9313675f02?overrideScoreId=score,21.7M,,interior paint+76,http://www.linkedin.com/company/partnership-painting,https://facebook.com/pages/Partnership-Painting-Inc/342152141803,https://twitter.com/partnerspaint,,,
"Universal Painting Contractors, Inc.",http://www.upcpaint.com,,,Universal Painting Contractors,Inc.,,,,,,apollo,"painting company, painting service - Inc.",https://app.apollo.io/#/organizations/60b2330715a03900014f81ad?overrideScoreId=score,,,,http://www.linkedin.com/company/universal-painting-contractors-inc,https://www.facebook.com/UPCPaint,,,,
Jerrys Painting Service,,,,Vacaville,California,,,,,,apollo,"painting company, painting service - California",https://app.apollo.io/#/organizations/5e57eb9f5e3c2600014db3a6?overrideScoreId=score,,,,http://www.linkedin.com/company/jerrys-painting-service,,,,,
Reliable Painting,http://www.reliablepainting.com,,,San Diego,California,,,,,,apollo,"painting company, painting service - California",https://app.apollo.io/#/organizations/54a135b469702d4494c7c300?overrideScoreId=score,,,induastrial coatings+81,http://www.linkedin.com/company/reliable-painting,https://www.facebook.com/RELIABLEPAINTINGSD/,,,,
"STEVE'S PAINTING SERVICE, INC.",http://www.stevespaintingserviceinc.com,,,San Jose,California,,,,,,apollo,"painting company, painting service - California",https://app.apollo.io/#/organizations/66e5768c15b550000182931e?overrideScoreId=score,,,,http://www.linkedin.com/company/steve's-painting-service-inc.,,,,,
Expressions Painting Company,http://www.expressionspaintingco.com,,,Stockton,California,,,,,,apollo,"painting company, painting service - California",https://app.apollo.io/#/organizations/65546a731a843a0001c72c1c?overrideScoreId=score,,,,http://www.linkedin.com/company/expressions-painting-company,https://www.facebook.com/Expressionspaintingcompany/,,,,
U.S National Corp dba Jimenez Painting Company,,,,Los Angeles,California,,,,,,apollo,"painting company, painting service - California",https://app.apollo.io/#/organizations/5e57bbde5c00fd000191cdaf?overrideScoreId=score,,,paintingarts & crafts+1,http://www.linkedin.com/company/u-s-national-corp-dba-jimenez-painting-company,,,,,
"PEACOCK PAINTING COMPANY, INC.",http://www.peacockpaintingco.com,,,Novato,California,,,,,,apollo,"painting company, painting service - California",https://app.apollo.io/#/organizations/66f83cf74a9bbc00012149cd?overrideScoreId=score,,,,http://www.linkedin.com/company/peacock-painting-company-inc.,,,,,
"D AND B PAINTING COMPANY, INC.",http://www.dbpaint.com,,,Oakland,California,,,,,,apollo,"painting company, painting service - California",https://app.apollo.io/#/organizations/55ef63dff3e5bb49b10005c7?overrideScoreId=score,,,,http://www.linkedin.com/company/d-and-b-painting-company-inc-,,,,,
Walls n Beyond Painting Company,http://www.wallsnbeyond.com,,,San Mateo,California,,,,,,apollo,"painting company, painting service - California",https://app.apollo.io/#/organizations/54fca1e27369647d9b740c00?overrideScoreId=score,,,barbequeburgers+4,http://www.linkedin.com/company/walls-n-beyond,,,,,
Meza Painting Company,http://www.mezapaintingco.com,,,Walnut Creek,California,,,,,,apollo,"painting company, painting service - California",https://app.apollo.io/#/organizations/6715d5b5eb99680001e052fc?overrideScoreId=score,,,,http://www.linkedin.com/company/meza-painting-company,,,,,
CH Painting Company,http://www.chinohillspainting.com,,,Chino Hills,California,,,,,,apollo,"painting company, painting service - California",https://app.apollo.io/#/organizations/674b22abc0db0800013ee8f3?overrideScoreId=score,,,,http://www.linkedin.com/company/ch-painting-company,,,,,
Wallace Painting Service,http://www.wallacepaintingservice.com,,,Temple City,California,,,,,,apollo,"painting company, painting service - California",https://app.apollo.io/#/organizations/6729cbfcc78d650001d81111?overrideScoreId=score,,,,http://www.linkedin.com/company/wallace-painting-service,,,,,
MIGALE PAINTING COMPANY,http://www.migalepainting.com,,,Novato,California,,,,,,apollo,"painting company, painting service - California",https://app.apollo.io/#/organizations/66f1070d3a3bc5000178f9bf?overrideScoreId=score,,,,http://www.linkedin.com/company/migale-painting-company,,,,,
The Better Painting Company,http://www.thebetterpaintingco.com,,,San Diego,California,,,,,,apollo,"painting company, painting service - California",https://app.apollo.io/#/organizations/641a8fddfa64490001c646a5?overrideScoreId=score,,,house painting+4,http://www.linkedin.com/company/the-better-painting-company,,,,,
Element 6 US,http://www.element6.us,,,Murrieta,California,,,,,,apollo,"painting company, painting service - California",https://app.apollo.io/#/organizations/6653ea915ca70300018eebaf?overrideScoreId=score,,,,http://www.linkedin.com/company/element-6-us,https://web.facebook.com/Element6.us/,,,,
Aone Painting Company Mountain View,http://www.paintingcompanymountainview.com,,,Mountain View,California,,,,,,apollo,"painting company, painting service - California",https://app.apollo.io/#/organizations/6719f590c3c11d01b06aaa6b?overrideScoreId=score,,,,http://www.linkedin.com/company/aone-painting-company-mountain-view,,,,,
"JFP PAINTING SERVICE, INC.",http://www.jfppaintingservice.com,,,Fountain Valley,California,,,,,,apollo,"painting company, painting service - California",https://app.apollo.io/#/organizations/670b08b67524d000012a08ab?overrideScoreId=score,32.6M,,,http://www.linkedin.com/company/jfp-painting-service-inc.,,,,,
Pro-Tech Painting Service,http://www.pro-techpaintinginc.com,,,Campbell,California,,,,,,apollo,"painting company, painting service - California",https://app.apollo.io/#/organizations/67425df92c163600012ba3a7?overrideScoreId=score,,,,http://www.linkedin.com/company/pro-tech-painting-service,,,,,
Mr. Painter Painting Company,http://www.paintingcontractorturlock.com,,,Keyes,California,,,,,,apollo,"painting company, painting service - California",https://app.apollo.io/#/organizations/6714bdc7e73ec000013dab9c?overrideScoreId=score,35.9M,,,http://www.linkedin.com/company/mr.-painter-painting-company,https://facebook.com/pages/Mr-painter-painting-co/929805607034929,,,,
BROWDER PAINTING COMPANY INC.,,,,San Luis Obispo,California,,,,,,apollo,"painting company, painting service - California",https://app.apollo.io/#/organizations/66fce997a8ca0e000112a3b6?overrideScoreId=score,,,,http://www.linkedin.com/company/browder-painting-company-inc.,,,,,
Pro Painting Service,http://www.propaintingservice.com,,,San Jose,California,,,,,,apollo,"painting company, painting service - California",https://app.apollo.io/#/organizations/66ff80ab13e8b3000151a524?overrideScoreId=score,,,,http://www.linkedin.com/company/pro-painting-service,,,,,
Sierra West Painting Company,http://www.sierrawestpainting.com,,,Costa Mesa,California,,,,,,apollo,"painting company, painting service - California",https://app.apollo.io/#/organizations/673daf2988b2320001466d26?overrideScoreId=score,4.2M,,,http://www.linkedin.com/company/sierra-west-painting-company,https://facebook.com/pages/Sierra-West-Painting-Co/335900239915153,https://twitter.com/_SWPainting,,,
Tolteca Painting Company,http://www.toltecapaintingcompany.com,,,Sacramento,California,,,,,,apollo,"painting company, painting service - California",https://app.apollo.io/#/organizations/66efccb11d94410001acfd16?overrideScoreId=score,,,,http://www.linkedin.com/company/tolteca-painting-company,,,,,
Marin Painting Company,http://www.marinpainting.com,,,Novato,California,,,,,,apollo,"painting company, painting service - California",https://app.apollo.io/#/organizations/66fd0fffcfaef40001d842a6?overrideScoreId=score,,,,http://www.linkedin.com/company/marin-painting-company,,,,,
"KEITH'S CONSTRUCTION AND PAINTING COMPANY, INC.",http://www.keithspainting.com,,,Anaheim,California,,,,,,apollo,"painting company, painting service - California",https://app.apollo.io/#/organizations/6732db7c6bce5f000137732c?overrideScoreId=score,24.3M,,wholesale building materials,http://www.linkedin.com/company/keith's-construction-and-painting-company-inc.,,,,,
U & S Painting Company,http://www.unspainting.net,,,Los Angeles,California,,,,,,apollo,"painting company, painting service - California",https://app.apollo.io/#/organizations/66ed41eeb5a29a000169f073?overrideScoreId=score,,,,http://www.linkedin.com/company/u-&-s-painting-company,,,,,
"PEPPERLING PAINTING COMPANY, INC.",http://www.peppaints.com,,,Torrance,California,,,,,,apollo,"painting company, painting service - California",https://app.apollo.io/#/organizations/672477a6a93e7e000192655c?overrideScoreId=score,,,,http://www.linkedin.com/company/pepperling-painting-company-inc.,,,,,
Master Glow Painting Company,http://www.masterglowpainting.com,,,Sunnyvale,California,,,,,,apollo,"painting company, painting service - California",https://app.apollo.io/#/organizations/66f29cb14065b00001602fee?overrideScoreId=score,,,,http://www.linkedin.com/company/master-glow-painting-company,,,,,
"MARZ PAINTING COMPANY, THE",http://www.marzpaintingco.com,,,Sacramento,California,,,,,,apollo,"painting company, painting service - California",https://app.apollo.io/#/organizations/672ef78ccd1c1f000173c259?overrideScoreId=score,5.5M,,,http://www.linkedin.com/company/marz-painting-company-the,https://facebook.com/pages/Marz-Painting-Co/1483150408583282,https://twitter.com/MarzPaintingCo,,,
NEALS PAINTING COMPANY INC,http://www.nealspainting.com,,,Fairfield,California,,,,,,apollo,"painting company, painting service - California",https://app.apollo.io/#/organizations/67269a4393de3b0001aeb812?overrideScoreId=score,34.3M,,,http://www.linkedin.com/company/neals-painting-company-inc,https://www.facebook.com/Neals-Painting-194579834221145/,,,,
Larry Bisordi Painting Company,http://www.bisordipainting.com,,,Burbank,California,,,,,,apollo,"painting company, painting service - California",https://app.apollo.io/#/organizations/6700c06d7482bf000120df6f?overrideScoreId=score,,,,http://www.linkedin.com/company/larry-bisordi-painting-company,,,,,
Statewide Painting Service,http://www.statewidepaintingservice.com,,,Sacramento,California,,,,,,apollo,"painting company, painting service - California",https://app.apollo.io/#/organizations/6726ec5562f46c0001c40c13?overrideScoreId=score,,,,http://www.linkedin.com/company/statewide-painting-service,,,,,
Applied Artistry A Painting Company,http://www.appliedartistry.com,,,Huntington Beach,California,,,,,,apollo,"painting company, painting service - California",https://app.apollo.io/#/organizations/6731143ccfd91b00011cc7d4?overrideScoreId=score,9.7M,,,http://www.linkedin.com/company/applied-artistry-a-painting-company,https://facebook.com/appliedartistry,,,,
Sparkle Painting Service,http://www.sparklepaintingservice.com,,,Rancho Cordova,California,,,,,,apollo,"painting company, painting service - California",https://app.apollo.io/#/organizations/672ef390e4b421000198d016?overrideScoreId=score,716K,,,http://www.linkedin.com/company/sparkle-painting-service,https://facebook.com/pages/Sparkle-Painting-Service/614736545261101,https://twitter.com/SparklePaintin1,,,
"DC & ASSOCIATES PAINTING COMPANY, INC.",http://www.dcapainters.com,,,Lynwood,California,,,,,,apollo,"painting company, painting service - California",https://app.apollo.io/#/organizations/66eeb39c12ef530001f2bbad?overrideScoreId=score,33.9M,,,http://www.linkedin.com/company/dc-&-associates-painting-company-inc.,https://www.facebook.com/DcAssociatesLA/,,,,
Painting Service Pros,http://www.paintingservicepros.com,,,Riverside,California,,,,,,apollo,"painting company, painting service - California",https://app.apollo.io/#/organizations/67245c468014e600012011f5?overrideScoreId=score,,,,http://www.linkedin.com/company/painting-service-pros,,,,,
NATURAL PAINTING SERVICE,http://www.naturalpaintingservice.com,,,Santa Rosa,California,,,,,,apollo,"painting company, painting service - California",https://app.apollo.io/#/organizations/66ebbc67fc7cf7000155ed5e?overrideScoreId=score,,,,http://www.linkedin.com/company/natural-painting-service,https://www.facebook.com/naturalpaintingservice/,,,,
Brophy Painting Company,http://www.brophypaintingsanfrancisco.com,,,San Francisco,California,,,,,,apollo,"painting company, painting service - California",https://app.apollo.io/#/organizations/66e7b735c280af0001346e56?overrideScoreId=score,,,,http://www.linkedin.com/company/brophy-painting-company,,,,,
Montano’s Painting Company,http://www.montanos-painting.com,,,Anaheim,California,,,,,,apollo,"painting company, painting service - California",https://app.apollo.io/#/organizations/66eea173858f5600016fdb66?overrideScoreId=score,,,,http://www.linkedin.com/company/montano%e2%80%99s-painting-company,,,,,
Einstein's Painting Company,http://www.einsteinspaintingco.com,,,Anaheim,California,,,,,,apollo,"painting company, painting service - California",https://app.apollo.io/#/organizations/6743db5bac145700014a02ad?overrideScoreId=score,,,,http://www.linkedin.com/company/einstein's-painting-company,,,,,
Web’s Painting Company,http://www.webspainting.com,,,Los Angeles,California,,,,,,apollo,"painting company, painting service - California",https://app.apollo.io/#/organizations/673f0b0f7199f900018dffb1?overrideScoreId=score,,,,http://www.linkedin.com/company/web%e2%80%99s-painting-company,,,,,
Anselm Painting Company,http://www.paintthesky.biz,,,Arroyo Grande,California,,,,,,apollo,"painting company, painting service - California",https://app.apollo.io/#/organizations/6715cf41eb99680001e00ef5?overrideScoreId=score,,,,http://www.linkedin.com/company/anselm-painting-company,,,,,
2020 Painting Company,http://www.2020paintingcompany.com,,,La Mesa,California,,,,,,apollo,"painting company, painting service - California",https://app.apollo.io/#/organizations/66d3f2443f06c50001ff869e?overrideScoreId=score,,,,http://www.linkedin.com/company/2020-painting-company,,,,,
Borlodan Painting Company,http://www.borlodanpainting.com,,,Atascadero,California,,,,,,apollo,"painting company, painting service - California",https://app.apollo.io/#/organizations/670e08c7406039000121c188?overrideScoreId=score,,,,http://www.linkedin.com/company/borlodan-painting-company,,https://twitter.com/BorlodanPaint,,,
Pacific Painting Company,http://www.pacificpaintingco.com,,,Santa Barbara,California,,,,,,apollo,"painting company, painting service - California",https://app.apollo.io/#/organizations/5fd1ab6840501300018513ff?overrideScoreId=score,,,,,,,,,
Molitor Painting Company,http://www.molitorpainting.com,,,Penn Valley,California,,,,,,apollo,"painting company, painting service - California",https://app.apollo.io/#/organizations/6742313320518b00017a1ca1?overrideScoreId=score,,,,http://www.linkedin.com/company/molitor-painting-company,,,,,
Raider Painting Company,http://www.raiderpainting.com,,,Merced,California,,,,,,apollo,"painting company, painting service - California",https://app.apollo.io/#/organizations/54a23ccf7468693cdda5cb18?overrideScoreId=score,10.2M,,,,,https://twitter.com/raiderpainting,,,
B.E.S. Painting Company,http://www.bespainting.com,,,Long Beach,California,,,,,,apollo,"painting company, painting service - California",https://app.apollo.io/#/organizations/66d4b36170ecc9000134b5c0?overrideScoreId=score,,,,http://www.linkedin.com/company/b.e.s.-painting-company,https://facebook.com/bespainting,,,,
Jay’s Painting Service - Sacramento,http://www.jays-painting-service-sacramento.com,,,Sacramento,California,,,,,,apollo,"painting company, painting service - California",https://app.apollo.io/#/organizations/66f7ee7ad3435c0001be91fe?overrideScoreId=score,1.4M,,,http://www.linkedin.com/company/jay%e2%80%99s-painting-service---sacramento,https://www.facebook.com/jayspaintingsacramento,https://twitter.com/jayspaintingsac,,,
Ace Painting Service Inc.,http://www.ace-painting.com,,,Fullerton,California,,,,,,apollo,"painting company, painting service - California",https://app.apollo.io/#/organizations/56d9553ef3e5bb2cc300194c?overrideScoreId=score,,,,http://www.linkedin.com/company/ace-painting-service-inc-,,,,,
Sid’s Custom Painting Service,http://www.cabinetrefinishinginlakesideca.com,,,Lakeside,California,,,,,,apollo,"painting company, painting service - California",https://app.apollo.io/#/organizations/672717d862f46c0001c5d45c?overrideScoreId=score,,,,http://www.linkedin.com/company/sid%e2%80%99s-custom-painting-service,,,,,
HECTOR GARCIA PAINTING SERVICE,http://www.hectorgarciapaintingservice.com,,,Freedom,California,,,,,,apollo,"painting company, painting service - California",https://app.apollo.io/#/organizations/6728a9e20426250001888ec4?overrideScoreId=score,,,,http://www.linkedin.com/company/hector-garcia-painting-service,,,,,
"RINGLEVER PAINTING COMPANY, INC.",http://www.ringleverpainting.com,,,Oceanside,California,,,,,,apollo,"painting company, painting service - California",https://app.apollo.io/#/organizations/6727063d0426250001775b20?overrideScoreId=score,,,,http://www.linkedin.com/company/ringlever-painting-company-inc.,,,,,
NELAN PAINTING COMPANY INC.,http://www.nelanpainting.com,,,Laguna Beach,California,,,,,,apollo,"painting company, painting service - California",https://app.apollo.io/#/organizations/67318eef9c24470001e6fbd6?overrideScoreId=score,,,,http://www.linkedin.com/company/nelan-painting-company-inc.,,,,,
Brian Miller Painting Company,http://www.brianmillerpaintingcompany.com,,,San Marcos,California,,,,,,apollo,"painting company, painting service - California",https://app.apollo.io/#/organizations/673158230af9f60001e9248d?overrideScoreId=score,,,,http://www.linkedin.com/company/brian-miller-painting-company,,,,,
Condor National Painting Company,http://www.condornationalpainting.com,,,Los Angeles,California,,,,,,apollo,"painting company, painting service - California",https://app.apollo.io/#/organizations/674ce06ca3c1bb00010e1a1f?overrideScoreId=score,,,,http://www.linkedin.com/company/condor-national-painting-company,,,,,
San Luis Obispo Painting Company,http://www.sanluisobispopainting.com,,,San Luis Obispo,California,,,,,,apollo,"painting company, painting service - California",https://app.apollo.io/#/organizations/6700eab6d46b890001ffe6ac?overrideScoreId=score,,,,http://www.linkedin.com/company/san-luis-obispo-painting-company,http://www.facebook.com/slopainting/,,,,
Walls N Beyond Painting Company,http://www.sanfranciscopaintingservice.com,,,San Francisco,California,,,,,,apollo,"painting company, painting service - California",https://app.apollo.io/#/organizations/6741672d299002000138586e?overrideScoreId=score,,,,http://www.linkedin.com/company/walls-n-beyond-painting-company,,,,,
world of color painting company,http://www.worldofcolorpainting.com,,,Garden Grove,California,,,,,,apollo,"painting company, painting service - California",https://app.apollo.io/#/organizations/66f23600d667770001903292?overrideScoreId=score,,,world of color painting company,http://www.linkedin.com/company/world-of-color-painting-company,,,,,
RB Painting Company Painter Culver City,http://www.rbpaintingco.com,,,Culver City,California,,,,,,apollo,"painting company, painting service - California",https://app.apollo.io/#/organizations/6726e87e6893d600010a0fdb?overrideScoreId=score,19.1M,,,http://www.linkedin.com/company/rb-painting-company-painter-culver-city,https://facebook.com/pages/RB-Painting-Company-Inc/108709262534225,,,,
Tecc Painting Company,,,,Colorado Springs,Colorado,,,,,,apollo,"painting company, painting service - Colorado",https://app.apollo.io/#/organizations/664b056cf8dd710001b6df82?overrideScoreId=score,,,commercial painting+15,http://www.linkedin.com/company/tecc-painting,,,,,
LIME Painting of Castle Rock,,,,Castle Rock,Colorado,,,,,,apollo,"painting company, painting service - Colorado",https://app.apollo.io/#/organizations/5e56ad704169b30001c5fad4?overrideScoreId=score,,,construction company+13,http://www.linkedin.com/company/limepaintingofcastlerock,,,,,
Painting NoCo,http://www.paintingnoco.com,,,Loveland,Colorado,,,,,,apollo,"painting company, painting service - Colorado",https://app.apollo.io/#/organizations/5e55f0efc786930001b7dcae?overrideScoreId=score,,,wallpaper removal+53,http://www.linkedin.com/company/painting-noco,,,,,
Improovy Painters Denver,,,,Denver,Colorado,,,,,,apollo,"painting company, painting service - Colorado",https://app.apollo.io/#/organizations/63f637d1b3f24b00da4ffebd?overrideScoreId=score,,,cabinet painting+12,http://www.linkedin.com/company/improovy-painters-denver,,,,,
Paint Denver,http://www.paintdenver.com,,,Denver,Colorado,,,,,,apollo,"painting company, painting service - Colorado",https://app.apollo.io/#/organizations/65e9471f847df80007aeefcb?overrideScoreId=score,10M,,,http://www.linkedin.com/company/paint-denver,http://www.facebook.com/paintdenver/,,,,
A Quality Paint Job,http://www.aqualitypaintjob.com,,,Colorado Springs,Colorado,,,,,,apollo,"painting company, painting service - Colorado",https://app.apollo.io/#/organizations/54a23b327468693cddf82818?overrideScoreId=score,,,stain fine millwork+51,http://www.linkedin.com/company/a-quality-paint-job,,,,,
Exemplary Painting,http://www.exemplarypainting.com,,,Littleton,Colorado,,,,,,apollo,"painting company, painting service - Colorado",https://app.apollo.io/#/organizations/5b83324e324d446b0607b4bd?overrideScoreId=score,,,house painting+45,http://www.linkedin.com/company/exemplary-painting,https://www.facebook.com/ExemplaryPainting/,,,,
Imperial Painters LLC,http://www.imperialpaintersco.com,,,Arvada,Colorado,,,,,,apollo,"painting company, painting service - Colorado",https://app.apollo.io/#/organizations/5fc9ad157f0def0001a1aa67?overrideScoreId=score,,,residential+46,http://www.linkedin.com/company/imperial-painters-llc,https://facebook.com/imperialpaintersco,https://twitter.com/copainters,,,
LIME Painting® of Northern Colorado,http://www.limepaintingofnortherncolorado.com,,,Boulder,Colorado,,,,,,apollo,"painting company, painting service - Colorado",https://app.apollo.io/#/organizations/5e5833db2895460001e00815?overrideScoreId=score,,,,http://www.linkedin.com/company/limenortherncolorado,,,,,
Gardiner Painting,http://www.gardinerpaint.com,,,Colorado Springs,Colorado,,,,,,apollo,"painting company, painting service - Colorado",https://app.apollo.io/#/organizations/649a9a9e99b5e400efca4443?overrideScoreId=score,,,residential painting+49,http://www.linkedin.com/company/gardiner-painting,,,,,
"RW Professional Painting, LLC",http://www.rwpropainting.com,,,Littleton,Colorado,,,,,,apollo,"painting company, painting service - Colorado",https://app.apollo.io/#/organizations/5ed5f1072419f6000110140d?overrideScoreId=score,,,deck & fence staining+49,http://www.linkedin.com/company/rw-professional-painting-llc,https://www.facebook.com/RWProfessionalPainting/,,,,
Paint Baum,http://www.paintbaum.com,,,Boulder,Colorado,,,,,,apollo,"painting company, painting service - Colorado",https://app.apollo.io/#/organizations/6448993224ed930001d1a664?overrideScoreId=score,,,epoxy floors+87,http://www.linkedin.com/company/paint-baum,,,,,
"Tall Pines Painting, Inc",http://www.tallpinespainting.com,,,Tall Pines Painting,Inc,,,,,,apollo,"painting company, painting service - Inc",https://app.apollo.io/#/organizations/54a1363069702d46f0aa0201?overrideScoreId=score,14.4M,,window washing+79,http://www.linkedin.com/company/tall-pines-painting-inc,https://facebook.com/pages/Tall-Pines-Painting-Inc/126561187377480,https://twitter.com/tallpinespaint,,,
"Vivid Color Painting Company, LLC",http://www.vividcolorpaintingco.com,,,Durango,Colorado,,,,,,apollo,"painting company, painting service - Colorado",https://app.apollo.io/#/organizations/5da6ecda46748d00012abc55?overrideScoreId=score,,,,http://www.linkedin.com/company/vivid-color-painting-company-llc,,,,,
"Highland Painting Company, LLC",http://www.highlandpaintingpros.com,,,Denver,Colorado,,,,,,apollo,"painting company, painting service - Colorado",https://app.apollo.io/#/organizations/672659c06919ee000128f3bc?overrideScoreId=score,,,,http://www.linkedin.com/company/highland-painting-company-llc,,,,,
Lawton Painting Company,http://www.lawtonpaintingcompany.com,,,Steamboat Springs,Colorado,,,,,,apollo,"painting company, painting service - Colorado",https://app.apollo.io/#/organizations/6726ab933ca5f7000197e11e?overrideScoreId=score,,,,http://www.linkedin.com/company/lawton-painting-company,,,,,
"Turner Painting Service, Inc.",http://www.turnerpaintingservice.com,,,Turner Painting Service,Inc.,,,,,,apollo,"painting company, painting service - Inc.",https://app.apollo.io/#/organizations/5d449e26576fbc09d5056d5c?overrideScoreId=score,,,homescommercial+89,http://www.linkedin.com/company/turnerpaintingservice,,,,,
"Roberge Painting Company, Inc.",http://www.robergepainting.com,,,Roberge Painting Company,Inc.,,,,,,apollo,"painting company, painting service - Inc.",https://app.apollo.io/#/organizations/5e56af21e8dafc0001895986?overrideScoreId=score,40.0M,,,http://www.linkedin.com/company/roberge-painting-company-inc.,https://facebook.com/robergepainting,,,,
MARTINEZ PAINTING COMPANY LLC,http://www.martinezpainting.com,,,Essex,Connecticut,,,,,,apollo,"painting company, painting service - Connecticut",https://app.apollo.io/#/organizations/6739831fc2e9160001ae5ec8?overrideScoreId=score,,,,http://www.linkedin.com/company/martinez-painting-company-llc,,,,,
Elite Painting Service,http://www.elitepaintingservicesplus.com,,,Simsbury,Connecticut,,,,,,apollo,"painting company, painting service - Connecticut",https://app.apollo.io/#/organizations/5d099b21a3ae61f4deba5f4a?overrideScoreId=score,4.7M,,contractors+3,http://www.linkedin.com/company/elite-painting-service,https://www.facebook.com/elitepaintingservicesplus,https://twitter.com/elitepaintingsp,,,
Renaissance - A Painting Company,http://www.ren-painting.com,,,Glastonbury,Connecticut,,,,,,apollo,"painting company, painting service - Connecticut",https://app.apollo.io/#/organizations/54a1358369702d48e2bc9c00?overrideScoreId=score,,,,http://www.linkedin.com/company/renaissance---a-painting-company,,,,,
"Painters In CT - Interior, Exterior, Commercial, & Residential Painting",http://www.newhavenpaintersllc.com,,,Southington,Connecticut,,,,,,apollo,"painting company, painting service - Connecticut",https://app.apollo.io/#/organizations/5da540b5cef49f000192bfb2?overrideScoreId=score,,,painting+73,http://www.linkedin.com/company/paintersinct,,,,,
Bridgeport Painting Company,http://www.bridgeportpaintingpros.com,,,Bridgeport,Connecticut,,,,,,apollo,"painting company, painting service - Connecticut",https://app.apollo.io/#/organizations/6459c83a82fce20001b4b168?overrideScoreId=score,,,manufacturing+1,http://www.linkedin.com/company/bridgeport-painting-company,https://www.facebook.com/Bridgeport-Painting-Company-100631992013078,https://twitter.com/PaintingBGPort,,,
ROBERGE PAINTING COMPANY INC,http://www.epoxyflooringservices.com,,,Bristol,Connecticut,,,,,,apollo,"painting company, painting service - Connecticut",https://app.apollo.io/#/organizations/673c45a17e4999000131e067?overrideScoreId=score,,,,http://www.linkedin.com/company/roberge-painting-company-inc,,,,,
Franks Painting Service,http://www.frankspaintingservice.com,,,Norwalk,Connecticut,,,,,,apollo,"painting company, painting service - Connecticut",https://app.apollo.io/#/organizations/5fc91585481a2800016f4150?overrideScoreId=score,,,,http://www.linkedin.com/company/franks-painting-service,,,,,
Fairfield Painting Company,http://www.fairfieldpainting.com,,,Fairfield,Connecticut,,,,,,apollo,"painting company, painting service - Connecticut",https://app.apollo.io/#/organizations/672742feed6bc2000186939f?overrideScoreId=score,18.2M,,,http://www.linkedin.com/company/fairfield-painting-company,,,,,
Hue Painting Company,http://www.nuhuecompany.com,,,Brooklyn,Connecticut,,,,,,apollo,"painting company, painting service - Connecticut",https://app.apollo.io/#/organizations/556996c873696425a9f56400?overrideScoreId=score,5.2M,,,http://www.linkedin.com/company/hue-painting-company,https://facebook.com/nuhuecompany,https://twitter.com/NuHueCompany,,,
Selly's Cleaning Service,http://www.sellyscleaningservice.com,,,Milford,Connecticut,,,,,,apollo,"painting company, painting service - Connecticut",https://app.apollo.io/#/organizations/5e55dbfe21d7050001297bf3?overrideScoreId=score,,,,http://www.linkedin.com/company/sellyscleaningservices,,,,,
Connecticut Best Painting Company LLC,http://www.connecticutbestpainting.com,,,New Haven,Connecticut,,,,,,apollo,"painting company, painting service - Connecticut",https://app.apollo.io/#/organizations/67271e4f6893d600010c71d4?overrideScoreId=score,,,,http://www.linkedin.com/company/connecticut-best-painting-company-llc,,,,,
Pachar’s Painting Service LLC,http://www.stamfordhousepainter.com,,,Stamford,Connecticut,,,,,,apollo,"painting company, painting service - Connecticut",https://app.apollo.io/#/organizations/6727e45d3ca5f70001a65337?overrideScoreId=score,,,,http://www.linkedin.com/company/pachar%e2%80%99s-painting-service-llc,,,,,
Joe Tamborra Painting Company,http://www.norwichpaintingcontractor.com,,,Norwich,Connecticut,,,,,,apollo,"painting company, painting service - Connecticut",https://app.apollo.io/#/organizations/6701758390d84b000118e425?overrideScoreId=score,,,,http://www.linkedin.com/company/joe-tamborra-painting-company,,,,,
Pat Derby Painting Company,http://www.patderbypainting.com,,,East Windsor,Connecticut,,,,,,apollo,"painting company, painting service - Connecticut",https://app.apollo.io/#/organizations/674284fe490a1000014e6771?overrideScoreId=score,,,,http://www.linkedin.com/company/pat-derby-painting-company,,,,,
Robs Painting Service,http://www.robspaintingservice.net,,,Wilmington,Delaware,,,,,,apollo,"painting company, painting service - Delaware",https://app.apollo.io/#/organizations/55693b337369642115ad1600?overrideScoreId=score,,,manufacturing+1,http://www.linkedin.com/company/robs-painting-service,,,,,
Burke Painting Company,http://www.burkepaintingco.com,,,Wilmington,Delaware,,,,,,apollo,"painting company, painting service - Delaware",https://app.apollo.io/#/organizations/5fd87123fc876f00019339da?overrideScoreId=score,11.2M,,,,https://facebook.com/housepainting,,,,
Burke painting Company LLC,http://www.burkepaintingandcoatings.com,,,Wilmington,Delaware,,,,,,apollo,"painting company, painting service - Delaware",https://app.apollo.io/#/organizations/56dd2052f3e5bb1ae900184a?overrideScoreId=score,,,,http://www.linkedin.com/company/burke-painting-company-llc,,,,,
FLORIDA PAINTING COMPANY,http://www.floridapaintingmiami.com,,,Miami,Florida,,,,,,apollo,"painting company, painting service - Florida",https://app.apollo.io/#/organizations/5da3d61c2fc5830001758fa8?overrideScoreId=score,,,painting+55,http://www.linkedin.com/company/florida-painting-company,https://www.facebook.com/FLORIDAPAINTINGCOMPANY/,,,,
The Plummer Painting Company,http://www.plummerinc.com,,,Winter Park,Florida,,,,,,apollo,"painting company, painting service - Florida",https://app.apollo.io/#/organizations/6545f8889e2fb20001d2456e?overrideScoreId=score,11.2M,,repaint+70,http://www.linkedin.com/company/the-plummer-painting-company,,,,,
Premium Painters,http://www.premiumpainters.com,,,Hobe Sound,Florida,,,,,,apollo,"painting company, painting service - Florida",https://app.apollo.io/#/organizations/55ea54a7f3e5bb59a6002962?overrideScoreId=score,21.9M,,interior+55,http://www.linkedin.com/company/premiumpainters,https://www.facebook.com/PremiumPainters.FL,https://twitter.com/apremiumpainter,,,
Blu Baboon Painting,http://www.blubaboon.com,,,Cocoa,Florida,,,,,,apollo,"painting company, painting service - Florida",https://app.apollo.io/#/organizations/6384b6b5a0238900a31b5c73?overrideScoreId=score,,,interior painting+38,http://www.linkedin.com/company/blu-baboon,,,,,
Orlando Painting Service,http://www.orlandopaintingservice.com,,,Winter Park,Florida,,,,,,apollo,"painting company, painting service - Florida",https://app.apollo.io/#/organizations/5fc9b6f42221130001d05426?overrideScoreId=score,18.4M,,pressure washing+8,http://www.linkedin.com/company/orlando-painting-service,https://www.facebook.com/OrlandoPaintingService,https://twitter.com/orlandopainting,,,
Regal Custom Painting Inc,http://www.regalcustompainting.com,,,Palm Bay,Florida,,,,,,apollo,"painting company, painting service - Florida",https://app.apollo.io/#/organizations/556de42773696412269aba01?overrideScoreId=score,,,interior painting+44,http://www.linkedin.com/company/regal-custom-painting-inc,,,,,
Giron Brothers Painting,http://www.gironbrotherspainting.com,,,Naples,Florida,,,,,,apollo,"painting company, painting service - Florida",https://app.apollo.io/#/organizations/614c144781afa80001746b6b?overrideScoreId=score,,,cabinet painting+5,http://www.linkedin.com/company/giron-brothers-painting,,,,,
RCI PAINTING,http://www.rcipainting.com,,,Boynton Beach,Florida,,,,,,apollo,"painting company, painting service - Florida",https://app.apollo.io/#/organizations/55ef96f9f3e5bb7b190007de?overrideScoreId=score,11.8M,,customer satisfaction+54,http://www.linkedin.com/company/rci-painting,,,,,
Dr House Painter,http://www.drhousepainter.com,,,North Miami Beach,Florida,,,,,,apollo,"painting company, painting service - Florida",https://app.apollo.io/#/organizations/62fe04cef4490c00f7865007?overrideScoreId=score,,,painting techniques+45,http://www.linkedin.com/company/dr-house-painter,https://www.facebook.com/DrHousePainter/,,,,
Fresh Coating,http://www.freshcoatingllc.com,,,Fort Walton Beach,Florida,,,,,,apollo,"painting company, painting service - Florida",https://app.apollo.io/#/organizations/64a6667023b5ff0001281872?overrideScoreId=score,,,exterior painting+55,http://www.linkedin.com/company/fresh-coating-llc,https://www.facebook.com/freshcoatingllc,,,,
"Weston Coatings Group, Inc.",http://www.westoncoatingsgroup.com,,,Weston Coatings Group,Inc.,,,,,,apollo,"painting company, painting service - Inc.",https://app.apollo.io/#/organizations/63c4d387898fcc00019764bc?overrideScoreId=score,,,building coatings+48,http://www.linkedin.com/company/weston-coatings-group-inc.,,,,,
SOS Assistance,http://www.sosassistance.us,,,Miami Lakes,Florida,,,,,,apollo,"painting company, painting service - Florida",https://app.apollo.io/#/organizations/63528ea50ee48800a316ec48?overrideScoreId=score,,,plumbing+114,http://www.linkedin.com/company/sosassistance,https://www.facebook.com/people/SOS-Assistance/100095394699496,,,,
The Cabinet Painting Company,http://www.cabinetpaintingco.com,,,Lithia,Florida,,,,,,apollo,"painting company, painting service - Florida",https://app.apollo.io/#/organizations/63c2ea9b5c1fde0001e1b472?overrideScoreId=score,,,,http://www.linkedin.com/company/cabinetpaintingco,https://www.facebook.com/cabinetpaintingco/,,,,
"Expo Painting and Contracting, LLC",http://www.expopainting.com,,,Naples,Florida,,,,,,apollo,"painting company, painting service - Florida",https://app.apollo.io/#/organizations/556d161873696412712c8200?overrideScoreId=score,2.1M,,commercial painting+49,http://www.linkedin.com/company/expo-painting-and-contracting-llc,https://www.facebook.com/expopainting,https://twitter.com/expopainting,,,
Unique Painting Contractor,http://www.uniquepaintingcontractor.com,,,Hollywood,Florida,,,,,,apollo,"painting company, painting service - Florida",https://app.apollo.io/#/organizations/666d51aee6e77c097e3afa6d?overrideScoreId=score,,,painting+20,http://www.linkedin.com/company/unique-painting-contractor,,,,,
Tampa Bay Painting Company,http://www.tbpaintingco.com,,,Saint Petersburg,Florida,,,,,,apollo,"painting company, painting service - Florida",https://app.apollo.io/#/organizations/55ef78c5f3e5bb3550000dea?overrideScoreId=score,,,,http://www.linkedin.com/company/tampa-bay-painting-company,https://www.facebook.com/TampaBayPaintingCompany,,,,
Unique Stone Resurfacing™,http://www.uniquestoneresurfacing.com,,,Sarasota,Florida,,,,,,apollo,"painting company, painting service - Florida",https://app.apollo.io/#/organizations/5500b4c87369647a36870900?overrideScoreId=score,,,bathroom remodeling+92,http://www.linkedin.com/company/unique-stone-resurfacing%e2%84%a2,http://www.facebook.com/uniquestoneresurfacing,http://twitter.com/Unique_Stone_NM,,,
Florida Painting Service,http://www.floridapaintingcompany.com,,,Orange Park,Florida,,,,,,apollo,"painting company, painting service - Florida",https://app.apollo.io/#/organizations/673707b3e0f11f0001c1c417?overrideScoreId=score,,,,http://www.linkedin.com/company/florida-painting-service,https://www.facebook.com/profile.php,https://twitter.com/Florida_Company,,,
3 peaks painting,http://www.threepeaks-painting.com,,,Saint Johns,Florida,,,,,,apollo,"painting company, painting service - Florida",https://app.apollo.io/#/organizations/673a3ffde3aae8000123db3d?overrideScoreId=score,,,,http://www.linkedin.com/company/3-peaks-painting,,,,,
"Team Sepi Inc., A Painting Company®",,,,Miami,Florida,,,,,,apollo,"painting company, painting service - Florida",https://app.apollo.io/#/organizations/60064b1a11702900e4bdfc14?overrideScoreId=score,,,,http://www.linkedin.com/company/team-sepi,,,,,
US Painting Service LLC,http://www.uspaintingservice.com,,,Orlando,Florida,,,,,,apollo,"painting company, painting service - Florida",https://app.apollo.io/#/organizations/643fa23dc68ab200a312f498?overrideScoreId=score,,,,http://www.linkedin.com/company/us-painting-service-llc,,,,,
"GPS Painting Group, LLC (561-247-2468)",http://www.gpspaintingfl.com,,,Royal Palm Beach,Florida,,,,,,apollo,"painting company, painting service - Florida",https://app.apollo.io/#/organizations/5500b76a736964606b480600?overrideScoreId=score,,,pressure wash+60,http://www.linkedin.com/company/g-p-s-painting-group-llc,,https://twitter.com/GPSPainting,,,
Azteca Painting Service,http://www.aztecapaintingservice.com,,,Riverview,Florida,,,,,,apollo,"painting company, painting service - Florida",https://app.apollo.io/#/organizations/68d038afabe0f70001c31058?overrideScoreId=score,,,,http://www.linkedin.com/company/azteca-painting-service,,,,,
Spartan Painting Company,,,,Orlando,Florida,,,,,,apollo,"painting company, painting service - Florida",https://app.apollo.io/#/organizations/55922fd073696424de028500?overrideScoreId=score,,,,http://www.linkedin.com/company/spartan-painting-company,,,,,
Compass Painting of SWFL,http://www.compasspaintingswfl.com,,,Sarasota,Florida,,,,,,apollo,"painting company, painting service - Florida",https://app.apollo.io/#/organizations/66dbc568b617610001938e20?overrideScoreId=score,,,exteriorresidential+74,http://www.linkedin.com/company/compasspaintingofswfl,,,,,
"BINGMAN'S PAINTING SERVICE, INC.",http://www.bingmanspainting.com,,,Hobe Sound,Florida,,,,,,apollo,"painting company, painting service - Florida",https://app.apollo.io/#/organizations/66d978e89c3c4e000156031f?overrideScoreId=score,,,,http://www.linkedin.com/company/bingman's-painting-service-inc.,,,,,
ProMatcher Marketing,http://www.promatcher.com,,,Winter Park,Florida,,,,,,apollo,"painting company, painting service - Florida",https://app.apollo.io/#/organizations/5d0a1193a3ae617b04f8c480?overrideScoreId=score,,,cost research+99,http://www.linkedin.com/company/promatcher,,https://twitter.com/promatcher,,,
JK Adams Services LLC,http://www.wecandothatservice.com,,,Milton,Florida,,,,,,apollo,"painting company, painting service - Florida",https://app.apollo.io/#/organizations/66365d21f04d590001e481af?overrideScoreId=score,,,cleaning service+4,http://www.linkedin.com/company/jk-adams-services-llc,,,,,
I.A.C. PAINTING COMPANY INC.,http://www.iacpainting.com,,,Tampa,Florida,,,,,,apollo,"painting company, painting service - Florida",https://app.apollo.io/#/organizations/6730c2080af9f60001e2e517?overrideScoreId=score,,,,http://www.linkedin.com/company/i.a.c.-painting-company-inc.,,,,,
Five Star Painting of New Port Richey / Citrus Park,,,,New Port Richey,Florida,,,,,,apollo,"painting company, painting service - Florida",https://app.apollo.io/#/organizations/678c21880c1e3500019df2b5?overrideScoreId=score,,,free estimates+28,http://www.linkedin.com/company/five-star-painting-of-new-port-richey-citrus-park,,,,,
Curry Painting Company,http://www.curry-painting.com,,,Coconut Creek,Florida,,,,,,apollo,"painting company, painting service - Florida",https://app.apollo.io/#/organizations/6745ad124565480001c3d390?overrideScoreId=score,,,,http://www.linkedin.com/company/curry-painting-company,https://www.facebook.com/Curry-Painting-Company-415440828573222,,,,
LT Painting Service Inc.,http://www.ltpainting.com,,,Tampa,Florida,,,,,,apollo,"painting company, painting service - Florida",https://app.apollo.io/#/organizations/55ee024ff3e5bb16aa00030a?overrideScoreId=score,,,,http://www.linkedin.com/company/lt-painting-service-inc,https://facebook.com/61566406030813,,,,
SOCORRO PAINTING COMPANY,http://www.socorropainting.com,,,Miami,Florida,,,,,,apollo,"painting company, painting service - Florida",https://app.apollo.io/#/organizations/66e504d0829610000151de82?overrideScoreId=score,,,,http://www.linkedin.com/company/socorro-painting-company,,,,,
T&L Perfect Services LLC,http://www.tileperfectservice.com,,,Clearwater,Florida,,,,,,apollo,"painting company, painting service - Florida",https://app.apollo.io/#/organizations/6718c6cfd33c2f00014ebdcf?overrideScoreId=score,,,wooden installation+10,http://www.linkedin.com/company/perfectservicefl,https://www.facebook.com/tileperfectservice,,,,
Richards Painting Service,http://www.thepaintingservice.com,,,Port Richey,Florida,,,,,,apollo,"painting company, painting service - Florida",https://app.apollo.io/#/organizations/55eaddb9f3e5bb3f32003809?overrideScoreId=score,,,,http://www.linkedin.com/company/richards-painting-service,,,,,
James Painting Service,http://www.jamespaintingservice.com,,,Miami,Florida,,,,,,apollo,"painting company, painting service - Florida",https://app.apollo.io/#/organizations/559204ac73696418bc391e00?overrideScoreId=score,,,,http://www.linkedin.com/company/james-painting-service,,,,,
Original Florida Painting Company,http://www.originalfloridapainting.com,,,Brandon,Florida,,,,,,apollo,"painting company, painting service - Florida",https://app.apollo.io/#/organizations/684618697984a60001b8efe9?overrideScoreId=score,,,,http://www.linkedin.com/company/original-florida-painting-company,,,,,
"PAGE PAINTING COMPANY, L.L.C.",http://www.pagepaintingco.com,,,Orlando,Florida,,,,,,apollo,"painting company, painting service - Florida",https://app.apollo.io/#/organizations/66f23bd74fb92d00012b75ee?overrideScoreId=score,,,,http://www.linkedin.com/company/page-painting-company-l.l.c.,,,,,
Port St. Lucie Painting Company,http://www.portstluciepainter.net,,,Port Saint Lucie,Florida,,,,,,apollo,"painting company, painting service - Florida",https://app.apollo.io/#/organizations/674028c031c7620001b9969d?overrideScoreId=score,,,,http://www.linkedin.com/company/port-st.-lucie-painting-company,,,,,
Bradshaw's Painting Service,http://www.bradshawspainting.com,,,DeFuniak Springs,Florida,,,,,,apollo,"painting company, painting service - Florida",https://app.apollo.io/#/organizations/68c09eedd9cfc50001e83748?overrideScoreId=score,,,,,,,,,
AYS Painting Service,http://www.ayspainting.com,,,Orlando,Florida,,,,,,apollo,"painting company, painting service - Florida",https://app.apollo.io/#/organizations/66f86923a48df40001362050?overrideScoreId=score,,,,http://www.linkedin.com/company/ays-painting-service,https://www.facebook.com/AYSPainting,,,,
Anchor Painting Company,http://www.anchorpainting.com,,,Satellite Beach,Florida,,,,,,apollo,"painting company, painting service - Florida",https://app.apollo.io/#/organizations/68c287c8a291e00001464f3e?overrideScoreId=score,,,,,,,,,
Peffley Painting Company,http://www.peffleypainting.com,,,Fort Lauderdale,Florida,,,,,,apollo,"painting company, painting service - Florida",https://app.apollo.io/#/organizations/6735de316b39d60001ed4a3a?overrideScoreId=score,,,,http://www.linkedin.com/company/peffley-painting-company,,,,,
Artistry Painting Company,http://www.artistrypaintingco.com,,,Venice,Florida,,,,,,apollo,"painting company, painting service - Florida",https://app.apollo.io/#/organizations/67d8e7df79ccbb0001dadd43?overrideScoreId=score,,,,http://www.linkedin.com/company/artistry-painting-company,,,,,
Clark Pro Painting Service,http://www.clarkpropainting.com,,,Brooksville,Florida,,,,,,apollo,"painting company, painting service - Florida",https://app.apollo.io/#/organizations/559229d773696418a557a600?overrideScoreId=score,,,textile manufacturing+1,http://www.linkedin.com/company/clark-pro-painting-service,,,,,
Paggio Painting Company Inc.,http://www.paggiopainting.com,,,Tampa,Florida,,,,,,apollo,"painting company, painting service - Florida",https://app.apollo.io/#/organizations/56e5dff2f3e5bb17f4005de8?overrideScoreId=score,,,,http://www.linkedin.com/company/paggio-painting-company-inc-,,,,,
EVENTIDE PAINTING COMPANY LLC,http://www.eventidepainting.com,,,Ocala,Florida,,,,,,apollo,"painting company, painting service - Florida",https://app.apollo.io/#/organizations/66f3c846bb2dcb0001c65ae2?overrideScoreId=score,,,,http://www.linkedin.com/company/eventide-painting-company-llc,,,,,
Chance Painting Company LLC,http://www.chancepainting.com,,,Fort Walton Beach,Florida,,,,,,apollo,"painting company, painting service - Florida",https://app.apollo.io/#/organizations/56dd56b8f3e5bb1ac500331b?overrideScoreId=score,,,,http://www.linkedin.com/company/chance-painting-company-llc,,https://twitter.com/ChancePainting,,,
MARK RALSTON PAINTING COMPANY,http://www.markralstonpainting.com,,,Jupiter,Florida,,,,,,apollo,"painting company, painting service - Florida",https://app.apollo.io/#/organizations/67431009975d6e000169deed?overrideScoreId=score,,,,http://www.linkedin.com/company/mark-ralston-painting-company,,,,,
"Pelican Painting Company, Inc.",http://www.pelicanpaintingsarasota.com,,,Pelican Painting Company,Inc.,,,,,,apollo,"painting company, painting service - Inc.",https://app.apollo.io/#/organizations/5fd86186b898450001956816?overrideScoreId=score,4.2M,,,,https://www.facebook.com/PelicanPaintingSarasota/,https://twitter.com/PelicanPaint,,,
Winter Park Painting Company,http://www.winterparkpaintingcompany.com,,,Winter Park,Florida,,,,,,apollo,"painting company, painting service - Florida",https://app.apollo.io/#/organizations/6743554751264500012b250f?overrideScoreId=score,,,,http://www.linkedin.com/company/winter-park-painting-company,,,,,
Z A Sales Painting Company,http://www.zsa.com,,,Melbourne,Florida,,,,,,apollo,"painting company, painting service - Florida",https://app.apollo.io/#/organizations/67349005db231d00010831e9?overrideScoreId=score,,,,http://www.linkedin.com/company/z-a-sales-painting-company,,,,,
Paint Boss Ga,http://www.paintbossga.com,,,Warner Robins,Georgia,,,,,,apollo,"painting company, painting service - Georgia",https://app.apollo.io/#/organizations/63cb70680d833b00014c23ff?overrideScoreId=score,,,facility maintenance+44,http://www.linkedin.com/company/paint-boss-ga,https://www.facebook.com/paintbossga,,,,
TRASH IT,http://www.trashittrashittrashit.com,,,Atlanta,Georgia,,,,,,apollo,"painting company, painting service - Georgia",https://app.apollo.io/#/organizations/5da646b88f6a7f00012203e1?overrideScoreId=score,,,junk removal service+8,http://www.linkedin.com/company/trash-it,,,,,
Panorama Press,http://www.panoramapress.net,,,Acworth,Georgia,,,,,,apollo,"painting company, painting service - Georgia",https://app.apollo.io/#/organizations/5f4a0d0557ebe40001dd78e1?overrideScoreId=score,,,advertising services+112,http://www.linkedin.com/company/panorama-press,https://facebook.com/panoramamarketingatlanta,https://twitter.com/PanoramaPressGA,,,
ARM Remodeling and maintenance service - Renovation of Home decor,http://www.arm-service.com,,,Clarkston,Georgia,,,,,,apollo,"painting company, painting service - Georgia",https://app.apollo.io/#/organizations/6707a298b28bad000188f852?overrideScoreId=score,,,technical assistant+52,http://www.linkedin.com/company/arm-remodeling-maintanence-reconstruction-and-paiting-service,,,,,
"April Painting Company, Inc.",http://www.aprilpainting.com,,,April Painting Company,Inc.,,,,,,apollo,"painting company, painting service - Inc.",https://app.apollo.io/#/organizations/54a1a03d74686949e788e802?overrideScoreId=score,,,,http://www.linkedin.com/company/april-painting-company-inc.,,,,,
DLeon's Painting Company,http://www.dleonspainting.com,,,Loganville,Georgia,,,,,,apollo,"painting company, painting service - Georgia",https://app.apollo.io/#/organizations/663b21a6c67d310001087260?overrideScoreId=score,,,,http://www.linkedin.com/company/dleon-s-painting-company,https://www.facebook.com/DLeonsPainting/,https://twitter.com/CompanyDleon,,,
Kelvin Epps Painting Company,http://www.kelvineppspaintingcompany.com,,,Byron,Georgia,,,,,,apollo,"painting company, painting service - Georgia",https://app.apollo.io/#/organizations/6739c5ce22b3930001cc8edc?overrideScoreId=score,,,,http://www.linkedin.com/company/kelvin-epps-painting-company,,,,,
Georgia Painting Company LLC,http://www.georgiapainting.co,,,Atlanta,Georgia,,,,,,apollo,"painting company, painting service - Georgia",https://app.apollo.io/#/organizations/66517e2d2bfa520001fd4353?overrideScoreId=score,,,exterior painting+3,http://www.linkedin.com/company/georgiapaintingcompany,,,,,
"SUNLIGHT PAINTING COMPANY, INC.",http://www.sunlightpainting.com,,,Atlanta,Georgia,,,,,,apollo,"painting company, painting service - Georgia",https://app.apollo.io/#/organizations/67146736e1abc900012a044b?overrideScoreId=score,,,,http://www.linkedin.com/company/sunlight-painting-company-inc.,,,,,
Ericks Painting Company,http://www.erickpaintinginc.com,,,Doraville,Georgia,,,,,,apollo,"painting company, painting service - Georgia",https://app.apollo.io/#/organizations/66dd82e9b4f99b00016e0f25?overrideScoreId=score,,,,http://www.linkedin.com/company/ericks-painting-company,,,,,
Integrity Painting Service,http://www.integritypaintingservice.com,,,Atlanta,Georgia,,,,,,apollo,"painting company, painting service - Georgia",https://app.apollo.io/#/organizations/68bff270d908e20001216e0b?overrideScoreId=score,11.2M,,,,https://facebook.com/pages/Integrity-Painting-Service/236188616395529,,,,
Premiere Painting Service,http://www.premierpaintingsvc.com,,,Alpharetta,Georgia,,,,,,apollo,"painting company, painting service - Georgia",https://app.apollo.io/#/organizations/55e87e36f3e5bb0eb4000124?overrideScoreId=score,,,,http://www.linkedin.com/company/premiere-painting-service,,,,,
Atlanta Painting Company,http://www.atlanta-painter.com,,,Cumming,Georgia,,,,,,apollo,"painting company, painting service - Georgia",https://app.apollo.io/#/organizations/66dfc8a193c1ac000115d792?overrideScoreId=score,,,,http://www.linkedin.com/company/atlanta-painting-company,,,,,
G T Painting Service,http://www.gtpaintingservices.com,,,Columbus,Georgia,,,,,,apollo,"painting company, painting service - Georgia",https://app.apollo.io/#/organizations/670ab974ae42a7000144c483?overrideScoreId=score,,,,http://www.linkedin.com/company/g-t-painting-service,https://www.facebook.com/people/GT-painting-services-LLC/100063457601099/,,,,
PEACHTREE PAINTING COMPANY LLC,http://www.peachtreepaintingco.com,,,Stockbridge,Georgia,,,,,,apollo,"painting company, painting service - Georgia",https://app.apollo.io/#/organizations/66e67593be217e00016b3d49?overrideScoreId=score,,,,http://www.linkedin.com/company/peachtree-painting-company-llc,,,,,
Semper Fi Painting Company,http://www.vetpainters.com,,,Canton,Georgia,,,,,,apollo,"painting company, painting service - Georgia",https://app.apollo.io/#/organizations/672b01a1554018000169431e?overrideScoreId=score,,,,http://www.linkedin.com/company/semper-fi-painting-company,,,,,
"M. SHIROMA PAINTING COMPANY, INC",,,,Waipahu,Hawaii,,,,,,apollo,"painting company, painting service - Hawaii",https://app.apollo.io/#/organizations/67304cc493cdbb0001db7f40?overrideScoreId=score,,,,http://www.linkedin.com/company/m.-shiroma-painting-company-inc,,,,,
Guero’s Painting Service,http://www.guerospainting.com,,,Kihei,Hawaii,,,,,,apollo,"painting company, painting service - Hawaii",https://app.apollo.io/#/organizations/67393bbf885ca1000107747c?overrideScoreId=score,15.9M,,,http://www.linkedin.com/company/guero%e2%80%99s-painting-service,https://facebook.com/pages/Gueros-Painting-Service/1434968183458470,,,,
