Name,Website,Phone,Address,City,State,PostalCode,Rating,Reviews,Categories,Email,Source,Query,Apollo,Revenue,Employees,Keywords,LinkedIn,Facebook,Twitter,Hours,Description,SocialProfiles
HOLT CAT,http://www.holtcat.com,,,San Antonio,Texas,,,,,,apollo,"painting company, painting services - Texas",https://app.apollo.io/#/organizations/54a11b3e69702da753222900?overrideScoreId=score,,,,,,,,,
Ritchie Bros.,http://www.ritchiebros.com,,,Westchester,Illinois,,,,,,apollo,"painting company, painting services - Illinois",https://app.apollo.io/#/organizations/54a23b947468693fda2e3218?overrideScoreId=score,,,,,,,,,
Standard Drywall Inc.,http://www.standarddrywall.com,,,Corona,California,,,,,,apollo,"painting company, painting services - California",https://app.apollo.io/#/organizations/54a19e1474686945faba4302?overrideScoreId=score,,,,,,,,,
EmpireWorks Reconstruction,http://www.empireworks.com,,,Irvine,California,,,,,,apollo,"painting company, painting services - California",https://app.apollo.io/#/organizations/54a1f93c7468692e71291c02?overrideScoreId=score,,,,,,,,,
Place Services Inc.,http://www.placeservicesinc.com,,,Canton,Georgia,,,,,,apollo,"painting company, painting services - Georgia",https://app.apollo.io/#/organizations/54a1a1b37468695860177003?overrideScoreId=score,,,,,,,,,
College Works Painting,http://www.collegeworks.com,,,Irvine,California,,,,,,apollo,"painting company, painting services - California",https://app.apollo.io/#/organizations/54a1341b69702d2db4495e00?overrideScoreId=score,,,,,,,,,
Handyman Connection,http://www.handymanconnection.com,,,Cincinnati,Ohio,,,,,,apollo,"painting company, painting services - Ohio",https://app.apollo.io/#/organizations/54a1aa097468694f8f1ffd05?overrideScoreId=score,,,,,,,,,
Vivax Pros,http://www.vivaxpros.com,,,Denver,Colorado,,,,,,apollo,"painting company, painting services - Colorado",https://app.apollo.io/#/organizations/5da448f510ef7e00014d4a1a?overrideScoreId=score,,,,,,,,,
J & J Construction,http://www.jandjconst.net,,,Westminster,Maryland,,,,,,apollo,"painting company, painting services - Maryland",https://app.apollo.io/#/organizations/5d345b27f65125ec423670ab?overrideScoreId=score,,,,,,,,,
Stucco Repair Phoenix,http://www.stuccorepairphoenix.com,,,Phoenix,Arizona,,,,,,apollo,"painting company, painting services - Arizona",https://app.apollo.io/#/organizations/645e10f1fa1d730001e4008b?overrideScoreId=score,,,,,,,,,
Creek Valley Construction,http://www.creekvalleyconstruction.com,,,Franklin,Tennessee,,,,,,apollo,"painting company, painting services - Tennessee",https://app.apollo.io/#/organizations/637b79bbd30deb00b9d1d207?overrideScoreId=score,,,,,,,,,
painting contractor,http://www.wellspaintservice.com,,,Kiowa,Kansas,,,,,,apollo,"painting company, painting services - Kansas",https://app.apollo.io/#/organizations/56d978fff3e5bb731d002ade?overrideScoreId=score,,,,,,,,,
Painter Bros,http://www.painterbros.com,,,American Fork,Utah,,,,,,apollo,"painting company, painting services - Utah",https://app.apollo.io/#/organizations/60f648f7c0fda10001b16b6f?overrideScoreId=score,,,,,,,,,
Painting Contractor USA,http://www.paintingcontractorusa.com,,,Fort Wayne,Indiana,,,,,,apollo,"painting company, painting services - Indiana",https://app.apollo.io/#/organizations/54a1bb977468695475b1090c?overrideScoreId=score,,,,,,,,,
Chaparral Company,http://www.chaparralco.com,,,Waco,Texas,,,,,,apollo,"painting company, painting services - Texas",https://app.apollo.io/#/organizations/5f9966c75503ee008c51b0cf?overrideScoreId=score,,,,,,,,,
Pete King Construction,http://www.petekingaz.com,,,Phoenix,Arizona,,,,,,apollo,"painting company, painting services - Arizona",https://app.apollo.io/#/organizations/5d09707080f93e32feb7662e?overrideScoreId=score,,,,,,,,,
Maguire,http://www.maguirewater.com,,,Sioux Falls,South Dakota,,,,,,apollo,"painting company, painting services - South Dakota",https://app.apollo.io/#/organizations/64585912762c7200012ed2df?overrideScoreId=score,,,,,,,,,
HandyPro,http://www.handypro.com,,,Farmington,Michigan,,,,,,apollo,"painting company, painting services - Michigan",https://app.apollo.io/#/organizations/6065d9a26d288200e2af8a36?overrideScoreId=score,,,,,,,,,
Armstrong Construction,http://www.jarmstrongconstruction.com,,,Covina,California,,,,,,apollo,"painting company, painting services - California",https://app.apollo.io/#/organizations/54a138a569702d2851ff0000?overrideScoreId=score,,,,,,,,,
PCM Services,http://www.pcmservices.com,,,Beltsville,Maryland,,,,,,apollo,"painting company, painting services - Maryland",https://app.apollo.io/#/organizations/54a12a8669702d9b8be42702?overrideScoreId=score,,,,,,,,,
MC Painting,http://www.mc-painting.com,,,Oceanside,California,,,,,,apollo,"painting company, painting services - California",https://app.apollo.io/#/organizations/54a11be469702d8aa1205d00?overrideScoreId=score,,,,,,,,,
Stewart Richey Contracting Group,http://www.stewartrichey.com,,,Bowling Green,Kentucky,,,,,,apollo,"painting company, painting services - Kentucky",https://app.apollo.io/#/organizations/54a19b1e74686954753d2901?overrideScoreId=score,,,,,,,,,
Long Painting Company,http://www.longpainting.com,,,Kent,Washington,,,,,,apollo,"painting company, painting services - Washington",https://app.apollo.io/#/organizations/54a1206969702d8aa13d4102?overrideScoreId=score,,,,,,,,,
A&K Painting Company,http://www.akpainting.com,,,Charlotte,North Carolina,,,,,,apollo,"painting company, painting services - North Carolina",https://app.apollo.io/#/organizations/54a11eb469702d77c29b9b01?overrideScoreId=score,,,,,,,,,
Fisher Tank Company,http://www.fishertank.com,,,Chester,Pennsylvania,,,,,,apollo,"painting company, painting services - Pennsylvania",https://app.apollo.io/#/organizations/54a1afab746869401293ff07?overrideScoreId=score,,,,,,,,,
"Swanson & Youngdale, Inc.",http://www.swansonyoungdale.com,,,Swanson & Youngdale,Inc.,,,,,,apollo,"painting company, painting services - Inc.",https://app.apollo.io/#/organizations/54a19e137468694012a44002?overrideScoreId=score,,,,,,,,,
"Graydaze Contracting, Inc.",http://www.graydaze.com,,,Graydaze Contracting,Inc.,,,,,,apollo,"painting company, painting services - Inc.",https://app.apollo.io/#/organizations/54a1297a69702db6481a9701?overrideScoreId=score,,,,,,,,,
Stancil Services,http://www.stancilservices.com,,,Concord,North Carolina,,,,,,apollo,"painting company, painting services - North Carolina",https://app.apollo.io/#/organizations/54a1281369702d8eeb913201?overrideScoreId=score,,,,,,,,,
Pro Painters,http://www.mypropainters.com,,,Houston,Texas,,,,,,apollo,"painting company, painting services - Texas",https://app.apollo.io/#/organizations/55ed8641f3e5bb227b0016f5?overrideScoreId=score,,,,,,,,,
Superior Contracting & Maintenance,http://www.superior-maintenance.com,,,Marietta,Georgia,,,,,,apollo,"painting company, painting services - Georgia",https://app.apollo.io/#/organizations/5da3c1da3e9e680001c76474?overrideScoreId=score,,,,,,,,,
Matrix Construction Services,http://www.matrixsvc.com,,,El Paso,Texas,,,,,,apollo,"painting company, painting services - Texas",https://app.apollo.io/#/organizations/556d5d05736964126193f200?overrideScoreId=score,,,,,,,,,
Precision Painting Plus,http://www.precisionpaintingplus.net,,,Westbury,New York,,,,,,apollo,"painting company, painting services - New York",https://app.apollo.io/#/organizations/559215e473696418f65a5c00?overrideScoreId=score,,,,,,,,,
Nolan Painting,http://www.nolanpainting.com,,,Havertown,Pennsylvania,,,,,,apollo,"painting company, painting services - Pennsylvania",https://app.apollo.io/#/organizations/54a1b02574686958600c5508?overrideScoreId=score,,,,,,,,,
"Ascher Brothers Co., Inc.",http://www.ascherbrothers.com,,,Chicago,Illinois,,,,,,apollo,"painting company, painting services - Illinois",https://app.apollo.io/#/organizations/61ec33991e83ed0001ec33ef?overrideScoreId=score,,,,,,,,,
IOC Construction,http://www.iocconstruction.com,,,Batavia,Illinois,,,,,,apollo,"painting company, painting services - Illinois",https://app.apollo.io/#/organizations/54a135fe69702d46f0c7ea00?overrideScoreId=score,,,,,,,,,
"Arch Painting, Inc.",http://www.archpainting.com,,,Arch Painting,Inc.,,,,,,apollo,"painting company, painting services - Inc.",https://app.apollo.io/#/accounts/68f0199cc13bac00210d6d46?overrideScoreId=score,,,,,,,,,
Commercial Painting Inc.,http://www.commercialpainting-inc.com,,,San Jose,California,,,,,,apollo,"painting company, painting services - California",https://app.apollo.io/#/organizations/631598ce2403c500a3c231bb?overrideScoreId=score,,,,,,,,,
Johnson Contracting Company,http://www.jccinc.com,,,East Moline,Illinois,,,,,,apollo,"painting company, painting services - Illinois",https://app.apollo.io/#/organizations/54a1a0b674686945fa261b03?overrideScoreId=score,,,,,,,,,
International Decorators Inc.,http://www.4idi.com,,,Barrington,Illinois,,,,,,apollo,"painting company, painting services - Illinois",https://app.apollo.io/#/organizations/54a199577468695860099f00?overrideScoreId=score,,,,,,,,,
"FCP Services, Inc - Serving Great Customers Nationwide Since 1990",http://www.fcpservices.com,,,Eagan,Minnesota,,,,,,apollo,"painting company, painting services - Minnesota",https://app.apollo.io/#/organizations/55920f557369641865b84500?overrideScoreId=score,,,,,,,,,
JC Painting Co,http://www.jcpaintingusa.com,,,Austin,Texas,,,,,,apollo,"painting company, painting services - Texas",https://app.apollo.io/#/organizations/55f9bb3ef3e5bb7c48001dd3?overrideScoreId=score,,,,,,,,,
A&R Construction,http://www.arconstructionrc.com,,,Ridgecrest,California,,,,,,apollo,"painting company, painting services - California",https://app.apollo.io/#/organizations/62eb3ab258e64e00018f6fb6?overrideScoreId=score,,,,,,,,,
"Jamestown Painting, Inc",http://www.jamestownpainting.com,,,Jamestown Painting,Inc,,,,,,apollo,"painting company, painting services - Inc",https://app.apollo.io/#/organizations/5ed4b0ede82ab60001a50ed9?overrideScoreId=score,,,,,,,,,
VPI,http://www.vpi.net,,,Sacramento,California,,,,,,apollo,"painting company, painting services - California",https://app.apollo.io/#/organizations/5e297c6d9577ad00e05e9c9c?overrideScoreId=score,,,,,,,,,
American Exteriors,http://www.americanexteriors.com,,,Lorton,Virginia,,,,,,apollo,"painting company, painting services - Virginia",https://app.apollo.io/#/organizations/5592139d7369641865a05400?overrideScoreId=score,,,,,,,,,
Painting Plus,http://www.paintingplus.com,,,Marietta,Georgia,,,,,,apollo,"painting company, painting services - Georgia",https://app.apollo.io/#/organizations/54a127d369702db878558b00?overrideScoreId=score,,,,,,,,,
New Life Painting,http://www.new-life-painting.com,,,San Marcos,California,,,,,,apollo,"painting company, painting services - California",https://app.apollo.io/#/organizations/54a13c9069702d231f533702?overrideScoreId=score,,,,,,,,,
Davis Painting,http://www.davispaintingco.com,,,Deer Park,Washington,,,,,,apollo,"painting company, painting services - Washington",https://app.apollo.io/#/organizations/645684109fd4b400a36471b9?overrideScoreId=score,,,,,,,,,
Pavement Markings LLC,http://www.sheridanpavementmarkings.com,,,Sheridan,Wyoming,,,,,,apollo,"painting company, painting services - Wyoming",https://app.apollo.io/#/organizations/5da3ee217e5db600018e0b45?overrideScoreId=score,,,,,,,,,
Service Painting Corporation,http://www.servicepainting.com,,,Tampa,Florida,,,,,,apollo,"painting company, painting services - Florida",https://app.apollo.io/#/organizations/55923d947369642393579100?overrideScoreId=score,,,,,,,,,
"Metro Construction, Inc",http://www.mymetroconstruction.com,,,Metro Construction,Inc,,,,,,apollo,"painting company, painting services - Inc",https://app.apollo.io/#/organizations/54a12b1f69702decc5f50000?overrideScoreId=score,,,,,,,,,
Optiline Enterprises,http://www.optiline.com,,,Nashua,New Hampshire,,,,,,apollo,"painting company, painting services - New Hampshire",https://app.apollo.io/#/organizations/5b8631f3f874f72e47be89d6?overrideScoreId=score,,,,,,,,,
Midwest Pro Painting,http://www.mpp-inc.com,,,Livonia,Michigan,,,,,,apollo,"painting company, painting services - Michigan",https://app.apollo.io/#/organizations/5e56f64cfb3dbd0001b15653?overrideScoreId=score,,,,,,,,,
"NJR CONSTRUCTION, LLC",http://www.njr-construction.com,,,Gastonia,North Carolina,,,,,,apollo,"painting company, painting services - North Carolina",https://app.apollo.io/#/organizations/5da470cce3ed0a00019a8047?overrideScoreId=score,,,,,,,,,
Dl Construction,http://www.dl-constructiongroup.com,,,Warren,Ohio,,,,,,apollo,"painting company, painting services - Ohio",https://app.apollo.io/#/organizations/65fbca7bcac7f800073a8655?overrideScoreId=score,,,,,,,,,
Painter Ready Group,http://www.painter-ready.com,,,Nashville,Tennessee,,,,,,apollo,"painting company, painting services - Tennessee",https://app.apollo.io/#/organizations/54a1b75f746869401240a20a?overrideScoreId=score,,,,,,,,,
Brush Masters,http://www.brushmasters.com,,,Maple Grove,Minnesota,,,,,,apollo,"painting company, painting services - Minnesota",https://app.apollo.io/#/organizations/54a138d569702d2185990a00?overrideScoreId=score,,,,,,,,,
"Common Links Construction, LLC",http://www.clcbuild.com,,,Brookfield,Wisconsin,,,,,,apollo,"painting company, painting services - Wisconsin",https://app.apollo.io/#/organizations/54a1273f69702dc841641500?overrideScoreId=score,,,,,,,,,
Baker Paint & Contracting Co,http://www.bakerpaint.com,,,Tucker,Georgia,,,,,,apollo,"painting company, painting services - Georgia",https://app.apollo.io/#/organizations/5fc952b2669288000107bff1?overrideScoreId=score,,,,,,,,,
Platinum Painting,http://www.platinumpainting.com,,,Keller,Texas,,,,,,apollo,"painting company, painting services - Texas",https://app.apollo.io/#/organizations/5e57d403108ba90001fa63f7?overrideScoreId=score,,,,,,,,,
"Skyline Steel, Inc.",http://www.skylinesteelincaz.com,,,Skyline Steel,Inc.,,,,,,apollo,"painting company, painting services - Inc.",https://app.apollo.io/#/organizations/5da3210d8f5405000143d000?overrideScoreId=score,,,,,,,,,
"Advanced Exteriors, Inc.",http://www.advancedexteriors.com,,,Advanced Exteriors,Inc.,,,,,,apollo,"painting company, painting services - Inc.",https://app.apollo.io/#/organizations/54fca55f73696401764f2e00?overrideScoreId=score,,,,,,,,,
Prime Painting,http://www.primepaintingphoenix.com,,,Tempe,Arizona,,,,,,apollo,"painting company, painting services - Arizona",https://app.apollo.io/#/organizations/60f2f03f6cb0ad000199aabc?overrideScoreId=score,,,,,,,,,
The Painting Company,http://www.gopaintingcompany.com,,,Bellevue,Nebraska,,,,,,apollo,"painting company, painting services - Nebraska",https://app.apollo.io/#/organizations/5e56b2f652e7ad0001f55c3b?overrideScoreId=score,,,,,,,,,
DeSimone Construction,http://www.desimoneconstruct.com,,,Sayreville,New Jersey,,,,,,apollo,"painting company, painting services - New Jersey",https://app.apollo.io/#/organizations/5e56af251f91be00015678e1?overrideScoreId=score,,,,,,,,,
Zack Painting Company,http://www.zackpainting.com,,,Woodbridge Township,New Jersey,,,,,,apollo,"painting company, painting services - New Jersey",https://app.apollo.io/#/organizations/5500c3da73696460fc534900?overrideScoreId=score,,,,,,,,,
Heggem-Lundquist,http://www.heggem-lundquist.com,,,Denver,Colorado,,,,,,apollo,"painting company, painting services - Colorado",https://app.apollo.io/#/organizations/54a11c4569702d77c24aa200?overrideScoreId=score,,,,,,,,,
Elite Painting Services,http://www.elitepaintingservices.net,,,Cherry Hill,New Jersey,,,,,,apollo,"painting company, painting services - New Jersey",https://app.apollo.io/#/organizations/5da3f5b97e5db600018e364e?overrideScoreId=score,,,,,,,,,
ACCENT PAINTING,http://www.accentpainting.com,,,Boring,Oregon,,,,,,apollo,"painting company, painting services - Oregon",https://app.apollo.io/#/organizations/5d0962e1f65125aef0006bf5?overrideScoreId=score,,,,,,,,,
Gonzalez Painting,http://www.edgonzalezpainting.com,,,Twin Falls,Idaho,,,,,,apollo,"painting company, painting services - Idaho",https://app.apollo.io/#/organizations/55e81e6ff3e5bb15ff0008a0?overrideScoreId=score,,,,,,,,,
Final Touch Painting Services,http://www.ftpaint.com,,,Delaware,Ohio,,,,,,apollo,"painting company, painting services - Ohio",https://app.apollo.io/#/organizations/556d268b73696411b63fa100?overrideScoreId=score,,,,,,,,,
Masterpiece Painting CO,http://www.masterpiecepainting.com,,,Fort Collins,Colorado,,,,,,apollo,"painting company, painting services - Colorado",https://app.apollo.io/#/organizations/55f84cfaf3e5bb7643004c05?overrideScoreId=score,,,,,,,,,
Phillips Home Improvements,http://www.phillipshomeimprovements.com,,,Allen,Texas,,,,,,apollo,"painting company, painting services - Texas",https://app.apollo.io/#/organizations/5b84bc61324d44720b138047?overrideScoreId=score,,,,,,,,,
Handy Helper,http://www.homefronthandymantc.com,,,Traverse City,Michigan,,,,,,apollo,"painting company, painting services - Michigan",https://app.apollo.io/#/organizations/55e8d29df3e5bb5cf40001f9?overrideScoreId=score,,,,,,,,,
Painters Plus,http://www.paintersplus.us,,,Encinitas,California,,,,,,apollo,"painting company, painting services - California",https://app.apollo.io/#/organizations/673d8a51d2ed6201b024c4c5?overrideScoreId=score,,,,,,,,,
SKY EDIFICE,http://www.skyedifice.com,,,Cerritos,California,,,,,,apollo,"painting company, painting services - California",https://app.apollo.io/#/organizations/61616eed8bfbd30001b43792?overrideScoreId=score,,,,,,,,,
LA Contractors and Builders,http://www.lacontractorsbuilders.com,,,Los Angeles,California,,,,,,apollo,"painting company, painting services - California",https://app.apollo.io/#/organizations/604a7663a1a8d700018dc6a4?overrideScoreId=score,,,,,,,,,
PRO Painting LLC,http://www.dfwpropainting.com,,,Plano,Texas,,,,,,apollo,"painting company, painting services - Texas",https://app.apollo.io/#/organizations/5da378e1da23c000012ae3b3?overrideScoreId=score,,,,,,,,,
PERFECT TOUCH PAINTING COMPANY LLC,http://www.perfecttouchp.com,,,Washington,District of Columbia,,,,,,apollo,"painting company, painting services - District of Columbia",https://app.apollo.io/#/organizations/672664e63ca5f70001953294?overrideScoreId=score,,,,,,,,,
Rainbow Painting Company,http://www.rainbowpaintingcompany.com,,,O'Fallon,Missouri,,,,,,apollo,"painting company, painting services - Missouri",https://app.apollo.io/#/organizations/5e5972b114af6900013741a9?overrideScoreId=score,,,,,,,,,
DK Painting,http://www.dkpaintinghawaii.com,,,Austin,Texas,,,,,,apollo,"painting company, painting services - Texas",https://app.apollo.io/#/organizations/55f0b7cff3e5bb16c5000bcc?overrideScoreId=score,,,,,,,,,
Tradewinds Construction,http://www.tradewindsconstruction.com,,,Las Vegas,Nevada,,,,,,apollo,"painting company, painting services - Nevada",https://app.apollo.io/#/organizations/55f061e1f3e5bb4b09002d6f?overrideScoreId=score,,,,,,,,,
Brooks Painting Inc.,http://www.brookspainting.com,,,Davis,California,,,,,,apollo,"painting company, painting services - California",https://app.apollo.io/#/organizations/54a12b1469702d95481e5a02?overrideScoreId=score,,,,,,,,,
Axis Construction,http://www.axisconstruction.com,,,Hayward,California,,,,,,apollo,"painting company, painting services - California",https://app.apollo.io/#/organizations/5f48d37097047500014c927e?overrideScoreId=score,,,,,,,,,
Reliable Painting,http://www.reliablepainting.com,,,San Diego,California,,,,,,apollo,"painting company, painting services - California",https://app.apollo.io/#/organizations/54a135b469702d4494c7c300?overrideScoreId=score,,,,,,,,,
"DC Painting, Inc.",http://www.dcpaint.com,,,DC Painting,Inc.,,,,,,apollo,"painting company, painting services - Inc.",https://app.apollo.io/#/organizations/54a209e67468693fda8d4507?overrideScoreId=score,,,,,,,,,
Southwest Exteriors,http://www.southwestexteriors.com,,,San Antonio,Texas,,,,,,apollo,"painting company, painting services - Texas",https://app.apollo.io/#/organizations/54a12ae669702d8eebd6a202?overrideScoreId=score,,,,,,,,,
Penington Painting Company,http://www.teamppc.com,,,Chandler,Arizona,,,,,,apollo,"painting company, painting services - Arizona",https://app.apollo.io/#/organizations/66e5e8f4d82df900011d66ba?overrideScoreId=score,,,,,,,,,
Gonzalez Construction,http://www.gonzalez-kc.com,,,Kansas City,Missouri,,,,,,apollo,"painting company, painting services - Missouri",https://app.apollo.io/#/organizations/5e58ce17ff35de000111fe89?overrideScoreId=score,,,,,,,,,
"Restore Construction Group, Inc.",http://www.rcg-us.com,,,Restore Construction Group,Inc.,,,,,,apollo,"painting company, painting services - Inc.",https://app.apollo.io/#/organizations/5e582e7b9c01df0001b04344?overrideScoreId=score,,,,,,,,,
Highmark Companies,http://www.highmarkcos.com,,,Savage,Minnesota,,,,,,apollo,"painting company, painting services - Minnesota",https://app.apollo.io/#/organizations/5e567cffed06f70001d61e9e?overrideScoreId=score,,,,,,,,,
Premium Painting,http://www.premiumpainting-msp.com,,,Minneapolis,Minnesota,,,,,,apollo,"painting company, painting services - Minnesota",https://app.apollo.io/#/organizations/54a129de69702db64841c901?overrideScoreId=score,,,,,,,,,
Titan Construction Enterprises,http://www.mytitanconstruction.com,,,Plainfield,Illinois,,,,,,apollo,"painting company, painting services - Illinois",https://app.apollo.io/#/organizations/55921c1973696419d87a7200?overrideScoreId=score,,,,,,,,,
"Unforgettable Coatings, Inc.",http://www.unforgettablecoatings.com,,,Unforgettable Coatings,Inc.,,,,,,apollo,"painting company, painting services - Inc.",https://app.apollo.io/#/organizations/556d263f7369641261faa200?overrideScoreId=score,,,,,,,,,
PPD Painting,http://www.ppdpainting.com,,,Bellwood,Illinois,,,,,,apollo,"painting company, painting services - Illinois",https://app.apollo.io/#/organizations/54a1b93d7468694f8fbf6e0b?overrideScoreId=score,,,,,,,,,
Universal Industrial Painting,http://www.universalpainting.com,,,Lakeland,Florida,,,,,,apollo,"painting company, painting services - Florida",https://app.apollo.io/#/organizations/54a1343969702d38bb671e00?overrideScoreId=score,,,,,,,,,
Duggan and Associates,http://www.dugganla.com,,,Los Angeles,California,,,,,,apollo,"painting company, painting services - California",https://app.apollo.io/#/organizations/5d33f360f651253558fc210e?overrideScoreId=score,,,,,,,,,
Regal Paint Centers,http://www.regalpaint.com,,,West Palm Beach,Florida,,,,,,apollo,"painting company, painting services - Florida",https://app.apollo.io/#/organizations/55ed0b78f3e5bb17080028f4?overrideScoreId=score,,,,,,,,,
Mike's Quality Painting,http://www.mikesqualitypainting.com,,,Albuquerque,New Mexico,,,,,,apollo,"painting company, painting services - New Mexico",https://app.apollo.io/#/organizations/5500afb27369642da1440600?overrideScoreId=score,,,,,,,,,
"United Painting Services, Inc",http://www.unitedpaintingservices.com,,,United Painting Services,Inc,,,,,,apollo,"painting company, painting services - Inc",https://app.apollo.io/#/organizations/54a12b1769702d93136b8302?overrideScoreId=score,,,,,,,,,
Apex Painting,http://www.apexpainting.biz,,,Owatonna,Minnesota,,,,,,apollo,"painting company, painting services - Minnesota",https://app.apollo.io/#/organizations/5e58392ad5bd4a00015bd99d?overrideScoreId=score,,,,,,,,,
Absolute Painting,http://www.absolutehousepainters.com,,,Lawrence,Kansas,,,,,,apollo,"painting company, painting services - Kansas",https://app.apollo.io/#/organizations/5e5768e4f5f6f300017589bf?overrideScoreId=score,,,,,,,,,
Pennsylvania Tool Sales and Service,http://www.penntoolsalesandservice.com,,,Youngstown,Ohio,,,,,,apollo,"painting company, painting services - Ohio",https://app.apollo.io/#/organizations/54a1a3327468694f8fc1d203?overrideScoreId=score,,,,,,,,,
Protective Coatings Inc,http://www.pci-corp.biz,,,Dayton,Ohio,,,,,,apollo,"painting company, painting services - Ohio",https://app.apollo.io/#/organizations/5f47dc911a2d9600011133c2?overrideScoreId=score,,,,,,,,,
Affordable Renovations,http://www.affordablerenovationssa.com,,,New York,New York,,,,,,apollo,"painting company, painting services - New York",https://app.apollo.io/#/organizations/5d0a86acf65125d0ed8157bf?overrideScoreId=score,,,,,,,,,
Three Stone,http://www.threestone.com,,,Franklin,Tennessee,,,,,,apollo,"painting company, painting services - Tennessee",https://app.apollo.io/#/organizations/65a9081852f7bd0001b1a31c?overrideScoreId=score,,,,,,,,,
Superior Painting Company,http://www.superiorpainters.com,,,Red Oak,Texas,,,,,,apollo,"painting company, painting services - Texas",https://app.apollo.io/#/organizations/55f9384ff3e5bb22820024bb?overrideScoreId=score,,,,,,,,,
Webfoot Home Improvements,http://www.webfoothome.com,,,Bend,Oregon,,,,,,apollo,"painting company, painting services - Oregon",https://app.apollo.io/#/organizations/54a11bbe69702d918c705600?overrideScoreId=score,,,,,,,,,
CE Painting,http://www.cepaint.com,,,Braintree,Massachusetts,,,,,,apollo,"painting company, painting services - Massachusetts",https://app.apollo.io/#/organizations/5e53b14b525771011b5f50ad?overrideScoreId=score,,,,,,,,,
Mikes Painting Company,,,,Peabody,Massachusetts,,,,,,apollo,"painting company, painting services - Massachusetts",https://app.apollo.io/#/organizations/664a571139db1c000114a74a?overrideScoreId=score,,,,,,,,,
JC Toland Painting,http://www.jctoland.com,,,Des Moines,Iowa,,,,,,apollo,"painting company, painting services - Iowa",https://app.apollo.io/#/organizations/55f6a77df3e5bb198501460d?overrideScoreId=score,,,,,,,,,
PS2 Inc,http://www.ps2-inc.com,,,Gardena,California,,,,,,apollo,"painting company, painting services - California",https://app.apollo.io/#/organizations/55eb491cf3e5bb781e0034a2?overrideScoreId=score,,,,,,,,,
Paint Kings,http://www.paintkings.com,,,Tucson,Arizona,,,,,,apollo,"painting company, painting services - Arizona",https://app.apollo.io/#/organizations/54a1b6c07468694f8f0c810a?overrideScoreId=score,,,,,,,,,
ALEX Painting,http://www.alexpaintingservices.com,,,Montclair,New Jersey,,,,,,apollo,"painting company, painting services - New Jersey",https://app.apollo.io/#/organizations/64b2fe6003d8da000198447a?overrideScoreId=score,,,,,,,,,
"Sparkle Painting Co., Inc.",http://www.sparklepainting.com,,,Lorton,Virginia,,,,,,apollo,"painting company, painting services - Virginia",https://app.apollo.io/#/organizations/55922cf273696424dec97a00?overrideScoreId=score,,,,,,,,,
Lakeside Interior Contractors,http://www.lakesideinterior.com,,,Perrysburg,Ohio,,,,,,apollo,"painting company, painting services - Ohio",https://app.apollo.io/#/organizations/54a1af027468694f8f63cb07?overrideScoreId=score,,,,,,,,,
River City Painting,http://www.paintwichita.com,,,Wichita,Kansas,,,,,,apollo,"painting company, painting services - Kansas",https://app.apollo.io/#/organizations/605e512808646700a454d6ed?overrideScoreId=score,,,,,,,,,
Fox Painting,http://www.foxpaintingcompany.com,,,Cleveland,Ohio,,,,,,apollo,"painting company, painting services - Ohio",https://app.apollo.io/#/organizations/5da4522004a1370001b0f739?overrideScoreId=score,,,,,,,,,
Two Dudes Painting Company,http://www.twodudes.com,,,Lancaster,Pennsylvania,,,,,,apollo,"painting company, painting services - Pennsylvania",https://app.apollo.io/#/organizations/54a1392669702de5b3a11500?overrideScoreId=score,,,,,,,,,
Intex Coatings,http://www.intexcoatings.com,,,Lake Buena Vista,Florida,,,,,,apollo,"painting company, painting services - Florida",https://app.apollo.io/#/organizations/664adae746381e0001571dc4?overrideScoreId=score,,,,,,,,,
Crown Painting Inc,http://www.crownpaintinginc.com,,,Modesto,California,,,,,,apollo,"painting company, painting services - California",https://app.apollo.io/#/organizations/5e56abdf6e001c00015bca1e?overrideScoreId=score,,,,,,,,,
Commercial Construction Services,http://www.ccsjacksonville.com,,,Jacksonville,Florida,,,,,,apollo,"painting company, painting services - Florida",https://app.apollo.io/#/organizations/5da4b36eda033b00018a114d?overrideScoreId=score,,,,,,,,,
"George E. Masker, Inc.",http://www.maskerpainting.com,,,George E. Masker,Inc.,,,,,,apollo,"painting company, painting services - Inc.",https://app.apollo.io/#/organizations/54a1df3e7468695475ab5e15?overrideScoreId=score,,,,,,,,,
Roadrunner Drywall & Paint Corp,http://www.roadrunnerdrywall.com,,,Scottsdale,Arizona,,,,,,apollo,"painting company, painting services - Arizona",https://app.apollo.io/#/organizations/54a1ba1d74686942d3149c0b?overrideScoreId=score,,,,,,,,,
All-IN Painting,http://www.goallinpainting.com,,,Greenwood,Indiana,,,,,,apollo,"painting company, painting services - Indiana",https://app.apollo.io/#/organizations/5b14495ba6da98dcc677772c?overrideScoreId=score,,,,,,,,,
RAL Construction,http://www.ral-construction.com,,,Ardmore,Alabama,,,,,,apollo,"painting company, painting services - Alabama",https://app.apollo.io/#/organizations/5569cc0e7369642541189700?overrideScoreId=score,,,,,,,,,
"Sundeleaf Painting, Inc.",http://www.sundeleafpainting.com,,,Sundeleaf Painting,Inc.,,,,,,apollo,"painting company, painting services - Inc.",https://app.apollo.io/#/organizations/54a1349069702d48e2621d00?overrideScoreId=score,,,,,,,,,
Jmy Construction Inc,http://www.jmyconstruction.com,,,Harvest,Alabama,,,,,,apollo,"painting company, painting services - Alabama",https://app.apollo.io/#/organizations/55920b73736964185f413700?overrideScoreId=score,,,,,,,,,
"Teague Construction Systems, Inc. - TCSI",http://www.teaguecsi.com,,,Teague Construction Systems,Inc. - TCSI,,,,,,apollo,"painting company, painting services - Inc. - TCSI",https://app.apollo.io/#/organizations/6138582d54ec1e00a4ae117f?overrideScoreId=score,,,,,,,,,
"Stanley Smith Drywall, Inc.",http://www.stanleysmithdrywall.com,,,Stanley Smith Drywall,Inc.,,,,,,apollo,"painting company, painting services - Inc.",https://app.apollo.io/#/organizations/5ed93744bc12b60001f28408?overrideScoreId=score,,,,,,,,,
Home Repair Service,http://www.hrsbham.com,,,Pelham,Alabama,,,,,,apollo,"painting company, painting services - Alabama",https://app.apollo.io/#/organizations/663332c1dc445707f5f4d9fb?overrideScoreId=score,,,,,,,,,
Martin Painting Services,,,,Dothan,Alabama,,,,,,apollo,"painting company, painting services - Alabama",https://app.apollo.io/#/organizations/55923f6a736964191240f300?overrideScoreId=score,,,,,,,,,
Chavez Painting Services,http://www.chavezpaintingrva.com,,,Huntsville,Alabama,,,,,,apollo,"painting company, painting services - Alabama",https://app.apollo.io/#/organizations/5592065f736964191e632500?overrideScoreId=score,,,,,,,,,
Select Drywall Systems Inc.,http://www.selectdrywallsystem.com,,,Helena,Alabama,,,,,,apollo,"painting company, painting services - Alabama",https://app.apollo.io/#/organizations/641920798dbcf60001e24186?overrideScoreId=score,,,,,,,,,
Fox Painting Services,http://www.foxpaintingservices.com,,,Birmingham,Alabama,,,,,,apollo,"painting company, painting services - Alabama",https://app.apollo.io/#/organizations/5a9cb7d9a6da98d9852829fe?overrideScoreId=score,,,,,,,,,
Tidal Touch,http://www.tidaltouchpaint.com,,,Daphne,Alabama,,,,,,apollo,"painting company, painting services - Alabama",https://app.apollo.io/#/organizations/683ad516b0aa290001a445d1?overrideScoreId=score,,,,,,,,,
RPS | Riley Painting Services,,,,Huntsville,Alabama,,,,,,apollo,"painting company, painting services - Alabama",https://app.apollo.io/#/organizations/67162881a616240001456238?overrideScoreId=score,,,,,,,,,
"MNM Painting and Roofing, LLC",http://www.mnmpaintandroof.com,,,Tuscaloosa,Alabama,,,,,,apollo,"painting company, painting services - Alabama",https://app.apollo.io/#/organizations/6654438a669fc10001f8cead?overrideScoreId=score,,,,,,,,,
Alaska Painting Services,http://www.alaskapaintingonline.com,,,Anchorage,Alaska,,,,,,apollo,"painting company, painting services - Alaska",https://app.apollo.io/#/organizations/57c4f10fa6da986a87fbf581?overrideScoreId=score,,,,,,,,,
MKD's Property Solutions and Installations,http://www.mkdspropertysolutions.com,,,Anchorage,Alaska,,,,,,apollo,"painting company, painting services - Alaska",https://app.apollo.io/#/organizations/642074e8abdc0200015ddd85?overrideScoreId=score,,,,,,,,,
Patronas Home Repair LLC,http://www.patronashomerepair.com,,,Anchorage,Alaska,,,,,,apollo,"painting company, painting services - Alaska",https://app.apollo.io/#/organizations/6100ed658b43e2000183b555?overrideScoreId=score,,,,,,,,,
Nkw Inc,http://www.nkwinc.com,,,Mesa,Arizona,,,,,,apollo,"painting company, painting services - Arizona",https://app.apollo.io/#/organizations/55f936a5f3e5bb6b20003df5?overrideScoreId=score,,,,,,,,,
"Extreme Drywall Concepts, LLC",http://www.extremedrywallconcepts.com,,,Phoenix,Arizona,,,,,,apollo,"painting company, painting services - Arizona",https://app.apollo.io/#/organizations/5da53c2e91250a0001da6a0d?overrideScoreId=score,,,,,,,,,
"Design Drywall West, Inc.",http://www.designdrywallwest.com,,,Design Drywall West,Inc.,,,,,,apollo,"painting company, painting services - Inc.",https://app.apollo.io/#/organizations/5d095460f65125d6974a0101?overrideScoreId=score,,,,,,,,,
"JOHANSEN INTERIORS, LLC",http://www.johanseninteriors.net,,,Chandler,Arizona,,,,,,apollo,"painting company, painting services - Arizona",https://app.apollo.io/#/organizations/5b14a9b5a6da98712ec048a6?overrideScoreId=score,,,,,,,,,
"Indigo Contracting, LLC dba Indigo Paint & Contracting",http://www.indigocontracting.com,,,Phoenix,Arizona,,,,,,apollo,"painting company, painting services - Arizona",https://app.apollo.io/#/organizations/5569ee6d736964255da0b300?overrideScoreId=score,,,,,,,,,
LUXOR PAINTING INC.,http://www.luxorpaintinginc.com,,,Tempe,Arizona,,,,,,apollo,"painting company, painting services - Arizona",https://app.apollo.io/#/organizations/54fca42b7369647e12331d00?overrideScoreId=score,,,,,,,,,
"CDS Framing, Inc.",http://www.cdsframing.com,,,CDS Framing,Inc.,,,,,,apollo,"painting company, painting services - Inc.",https://app.apollo.io/#/organizations/54a12a4b69702db6487cfb01?overrideScoreId=score,,,,,,,,,
Apodaca Wall Systems,http://www.apodacainc.com,,,Phoenix,Arizona,,,,,,apollo,"painting company, painting services - Arizona",https://app.apollo.io/#/organizations/650163c1cc44590001edeada?overrideScoreId=score,,,,,,,,,
Evolution Construction Services,,,,Phoenix,Arizona,,,,,,apollo,"painting company, painting services - Arizona",https://app.apollo.io/#/organizations/624f0905b46ac300a59b9b6a?overrideScoreId=score,,,,,,,,,
"Nelson J. Greer Painting Contractors, Inc",http://www.nelsongreerpainting.com,,,Nelson J. Greer Painting Contractors,Inc,,,,,,apollo,"painting company, painting services - Inc",https://app.apollo.io/#/organizations/54a1aecf74686949e702a807?overrideScoreId=score,,,,,,,,,
Wall Assemblies,http://www.wallassemblies.com,,,Phoenix,Arizona,,,,,,apollo,"painting company, painting services - Arizona",https://app.apollo.io/#/organizations/5e55a3768184b40001fd8fbc?overrideScoreId=score,,,,,,,,,
AO Services LLC,http://www.aoservicesco.com,,,Tempe,Arizona,,,,,,apollo,"painting company, painting services - Arizona",https://app.apollo.io/#/organizations/5fcab031b6fa100001d6d101?overrideScoreId=score,,,,,,,,,
Fine Point Finishes,http://www.finepointfinishes.com,,,Phoenix,Arizona,,,,,,apollo,"painting company, painting services - Arizona",https://app.apollo.io/#/organizations/5e55a1002361de000119e0ff?overrideScoreId=score,,,,,,,,,
"Skyline Builders & Restoration, Inc.",http://www.azsbr.com,,,Skyline Builders & Restoration,Inc.,,,,,,apollo,"painting company, painting services - Inc.",https://app.apollo.io/#/organizations/65c9f9125095f70001b97aa2?overrideScoreId=score,,,,,,,,,
AKP SERVICES,http://www.akpservices.com,,,Tempe,Arizona,,,,,,apollo,"painting company, painting services - Arizona",https://app.apollo.io/#/organizations/5e55d162f453b00001843a6c?overrideScoreId=score,,,,,,,,,
Danny White Painting Inc.,http://www.dannywhitepainting.com,,,Phoenix,Arizona,,,,,,apollo,"painting company, painting services - Arizona",https://app.apollo.io/#/organizations/55f73256f3e5bb190e023f43?overrideScoreId=score,,,,,,,,,
TWD - Design. Build. Remodel.,http://www.twdaz.com,,,Phoenix,Arizona,,,,,,apollo,"painting company, painting services - Arizona",https://app.apollo.io/#/organizations/54a1289069702d9b8b3a3101?overrideScoreId=score,,,,,,,,,
Alder Home Craft,http://www.alderhomecraft.com,,,Gilbert,Arizona,,,,,,apollo,"painting company, painting services - Arizona",https://app.apollo.io/#/organizations/665687234cebd8034a8f473a?overrideScoreId=score,,,,,,,,,
Painting Solutions Inc.,http://www.paintingsolutionsaz.com,,,Phoenix,Arizona,,,,,,apollo,"painting company, painting services - Arizona",https://app.apollo.io/#/organizations/614d81da3a98da000123ce57?overrideScoreId=score,,,,,,,,,
Gilbert's Arizona Painting Contractors,http://www.gilbertspainting.com,,,Gilbert,Arizona,,,,,,apollo,"painting company, painting services - Arizona",https://app.apollo.io/#/organizations/5e55a3217013e9000129585a?overrideScoreId=score,,,,,,,,,
Country Boys Painting,http://www.countryboyspainting.com,,,Phoenix,Arizona,,,,,,apollo,"painting company, painting services - Arizona",https://app.apollo.io/#/organizations/56e6ea80f3e5bb3a24013090?overrideScoreId=score,,,,,,,,,
Arizona Professional Painting,http://www.azpropaint.com,,,Phoenix,Arizona,,,,,,apollo,"painting company, painting services - Arizona",https://app.apollo.io/#/organizations/54a11c2969702d84c5458200?overrideScoreId=score,,,,,,,,,
"ALLSTAR PRO PAINTING, LLC",http://www.allstarpropainting.com,,,Gilbert,Arizona,,,,,,apollo,"painting company, painting services - Arizona",https://app.apollo.io/#/organizations/60aec6571c8ffa000192b6d0?overrideScoreId=score,,,,,,,,,
PINON PAINTING,http://www.pinonpainting.com,,,Prescott,Arizona,,,,,,apollo,"painting company, painting services - Arizona",https://app.apollo.io/#/organizations/55eaadc9f3e5bb5ef400206c?overrideScoreId=score,,,,,,,,,
Metzger's Painting Professionals,http://www.metzgerspainting.com,,,Phoenix,Arizona,,,,,,apollo,"painting company, painting services - Arizona",https://app.apollo.io/#/organizations/63b6b09e9e5f6900a3595530?overrideScoreId=score,,,,,,,,,
Albrecht And Son LLC,http://www.albrechtandson.com,,,Youngtown,Arizona,,,,,,apollo,"painting company, painting services - Arizona",https://app.apollo.io/#/organizations/54a1a36c7468695475e9be03?overrideScoreId=score,,,,,,,,,
"Leach Painting, Inc.",http://www.leachpainting.com,,,Leach Painting,Inc.,,,,,,apollo,"painting company, painting services - Inc.",https://app.apollo.io/#/organizations/54a1347869702d2f9f097900?overrideScoreId=score,,,,,,,,,
"Daisy Mountain Painting Services, LLC",http://www.daisymountainpainting.com,,,Phoenix,Arizona,,,,,,apollo,"painting company, painting services - Arizona",https://app.apollo.io/#/organizations/674cd6c0abc19b0001bac0cc?overrideScoreId=score,,,,,,,,,
"1 BY 1 ROOF, SOLAR, & PAINT",http://www.1by1roof.com,,,Tucson,Arizona,,,,,,apollo,"painting company, painting services - Arizona",https://app.apollo.io/#/organizations/6396b9be0f44bd00a34467b0?overrideScoreId=score,,,,,,,,,
"Ganado Painting and Wallcovering, Inc.",http://www.ganadopainting.com,,,Ganado Painting and Wallcovering,Inc.,,,,,,apollo,"painting company, painting services - Inc.",https://app.apollo.io/#/organizations/54a128db69702d979c5c5f01?overrideScoreId=score,,,,,,,,,
Infinity Paving,http://www.infinitypavingaz.com,,,Phoenix,Arizona,,,,,,apollo,"painting company, painting services - Arizona",https://app.apollo.io/#/organizations/619e086cc590b500daf18c68?overrideScoreId=score,,,,,,,,,
"Max Restoration, LLC",http://www.max-restoration.com,,,Glendale,Arizona,,,,,,apollo,"painting company, painting services - Arizona",https://app.apollo.io/#/organizations/60e9bded578fa200da52d529?overrideScoreId=score,,,,,,,,,
COe-Renovation,http://www.coerenovation.com,,,Phoenix,Arizona,,,,,,apollo,"painting company, painting services - Arizona",https://app.apollo.io/#/organizations/5b86fd59f874f708f3d78269?overrideScoreId=score,,,,,,,,,
Dougherty Painting Company,http://www.dohertypainting.com,,,Phoenix,Arizona,,,,,,apollo,"painting company, painting services - Arizona",https://app.apollo.io/#/organizations/556d8fb77369641226d03a01?overrideScoreId=score,,,,,,,,,
EVO Construction Services,http://www.evogc.com,,,Phoenix,Arizona,,,,,,apollo,"painting company, painting services - Arizona",https://app.apollo.io/#/organizations/68d1051d0a145d0015061103?overrideScoreId=score,,,,,,,,,
WILDCAT PAINTING COMPANY L.L.C.,http://www.wildcatpaintingcompany.com,,,Tucson,Arizona,,,,,,apollo,"painting company, painting services - Arizona",https://app.apollo.io/#/organizations/66f52b695a44f10001b41200?overrideScoreId=score,,,,,,,,,
Adix Painting - Dedicated to Raising the Standard for Residential Interior and Exterior Painting,http://www.adixpainting.com,,,Phoenix,Arizona,,,,,,apollo,"painting company, painting services - Arizona",https://app.apollo.io/#/organizations/5b13331da6da98dcb5c7d637?overrideScoreId=score,,,,,,,,,
K&M Painting and Decorating,http://www.kandm-painting.com,,,Scottsdale,Arizona,,,,,,apollo,"painting company, painting services - Arizona",https://app.apollo.io/#/organizations/556d3719736964123814c000?overrideScoreId=score,,,,,,,,,
"LIFE IN COLOR PAINTING SERVICES, LLC",http://www.lifeincolorpainting.com,,,San Tan Valley,Arizona,,,,,,apollo,"painting company, painting services - Arizona",https://app.apollo.io/#/organizations/6731955424c32c0001d29e1b?overrideScoreId=score,,,,,,,,,
Elizarraraz Painting,http://www.elizarrarazpainting.com,,,Mesa,Arizona,,,,,,apollo,"painting company, painting services - Arizona",https://app.apollo.io/#/organizations/65eaf7f91f08d10007f60591?overrideScoreId=score,,,,,,,,,
"The Experts Service Systems, LLC",http://www.expertsservicesystems.com,,,Peoria,Arizona,,,,,,apollo,"painting company, painting services - Arizona",https://app.apollo.io/#/organizations/5ed26bdd2fba0d0001e28def?overrideScoreId=score,,,,,,,,,
ECO-LIFE CLEANING & PAINTING,http://www.eco-lifecleaningandpainting.com,,,Scottsdale,Arizona,,,,,,apollo,"painting company, painting services - Arizona",https://app.apollo.io/#/organizations/55eb98c9f3e5bb237900119a?overrideScoreId=score,,,,,,,,,
PROFINISHERS LLC,http://www.profinishersllc.com,,,Phoenix,Arizona,,,,,,apollo,"painting company, painting services - Arizona",https://app.apollo.io/#/organizations/6852489c5f3e2e00019444f3?overrideScoreId=score,,,,,,,,,
MCCORMICK PAINTING COMPANY,http://www.mccormickequipmentrentals.com,,,Little Rock,Arkansas,,,,,,apollo,"painting company, painting services - Arkansas",https://app.apollo.io/#/organizations/672dd53ba379130001a6aeb9?overrideScoreId=score,,,,,,,,,
Turpin Painting Company Inc,,,,Little Rock,Arkansas,,,,,,apollo,"painting company, painting services - Arkansas",https://app.apollo.io/#/organizations/55921aff73696418f64c6f00?overrideScoreId=score,,,,,,,,,
Quality Painting Company,http://www.adamroepaint.com,,,Camden,Arkansas,,,,,,apollo,"painting company, painting services - Arkansas",https://app.apollo.io/#/organizations/674810bf3e0e4200017de341?overrideScoreId=score,,,,,,,,,
Hartley Commercial,http://www.hartleycommercial.com,,,Lowell,Arkansas,,,,,,apollo,"painting company, painting services - Arkansas",https://app.apollo.io/#/organizations/650abbe2fb10f8000195867d?overrideScoreId=score,,,,,,,,,
Brian Miller Painting Company,http://www.brianmillerpaintingcompany.com,,,San Marcos,California,,,,,,apollo,"painting company, painting services - California",https://app.apollo.io/#/organizations/673158230af9f60001e9248d?overrideScoreId=score,,,,,,,,,
Modern Masters Painting,http://www.modernmasterspainting.com,,,San Diego,California,,,,,,apollo,"painting company, painting services - California",https://app.apollo.io/#/organizations/673088bb8c7edd0001be31f4?overrideScoreId=score,,,,,,,,,
"PEACOCK PAINTING COMPANY, INC.",http://www.peacockpaintingco.com,,,Novato,California,,,,,,apollo,"painting company, painting services - California",https://app.apollo.io/#/organizations/66f83cf74a9bbc00012149cd?overrideScoreId=score,,,,,,,,,
C.P.P. Painting / Color Pros Painting & Coatings Inc.,http://www.cpppainting.com,,,San Jose,California,,,,,,apollo,"painting company, painting services - California",https://app.apollo.io/#/organizations/6648f4297895c400010caaf6?overrideScoreId=score,,,,,,,,,
PalmView Custom Homes,http://www.palmview.ca,,,Concord,California,,,,,,apollo,"painting company, painting services - California",https://app.apollo.io/#/organizations/6531f27a7cd5620001c8e0df?overrideScoreId=score,,,,,,,,,
"S. SCURTI & SONS, INC.",http://www.scurtipainting.com,,,San Jose,California,,,,,,apollo,"painting company, painting services - California",https://app.apollo.io/#/organizations/646f22788ab3380001f857f5?overrideScoreId=score,,,,,,,,,
Paint Blast US,http://www.paintblastus.com,,,Long Beach,California,,,,,,apollo,"painting company, painting services - California",https://app.apollo.io/#/organizations/61ec6b2a4fec27000163f3e0?overrideScoreId=score,,,,,,,,,
Intrinsic Home Painting Services,http://www.intrinsicpainting.com,,,Los Angeles,California,,,,,,apollo,"painting company, painting services - California",https://app.apollo.io/#/organizations/614e991dcb891e0001fda201?overrideScoreId=score,,,,,,,,,
PaintPros of Napa Valley,http://www.paintprosnapa.com,,,Napa,California,,,,,,apollo,"painting company, painting services - California",https://app.apollo.io/#/organizations/5edbac7c4d8c35000196485a?overrideScoreId=score,,,,,,,,,
"Endure Painting, Inc.",http://www.endurepainting.com,,,Endure Painting,Inc.,,,,,,apollo,"painting company, painting services - Inc.",https://app.apollo.io/#/organizations/5ed1f65a2fba0d0001e0fed5?overrideScoreId=score,,,,,,,,,
Mark Bellingham Painting,http://www.markbellinghampainting.com,,,Moraga,California,,,,,,apollo,"painting company, painting services - California",https://app.apollo.io/#/organizations/54fca11e7369647de9ae0100?overrideScoreId=score,,,,,,,,,
Kent Painting Company Inc.,http://www.kentpaintinginc.com,,,Fresno,California,,,,,,apollo,"painting company, painting services - California",https://app.apollo.io/#/organizations/54a12a3969702d8cfc3f3002?overrideScoreId=score,,,,,,,,,
Lead Paint Inspections,http://www.magicbrush.net,,,San Francisco,California,,,,,,apollo,"painting company, painting services - California",https://app.apollo.io/#/organizations/54a1206f69702d7fe6127702?overrideScoreId=score,,,,,,,,,
Eco-Clean Painting,http://www.ecocleanpainting.com,,,Atascadero,California,,,,,,apollo,"painting company, painting services - California",https://app.apollo.io/#/organizations/6761644024da9f01b1278e9c?overrideScoreId=score,,,,,,,,,
Lee's Painting Co.,http://www.leespainting.com,,,Huntington Beach,California,,,,,,apollo,"painting company, painting services - California",https://app.apollo.io/#/organizations/6757afe48ce90301b0aa3f70?overrideScoreId=score,,,,,,,,,
"Primus Paint Worx, Inc.",http://www.primuspaint.com,,,Primus Paint Worx,Inc.,,,,,,apollo,"painting company, painting services - Inc.",https://app.apollo.io/#/organizations/6745f74025b2d602d03c4130?overrideScoreId=score,,,,,,,,,
Web’s Painting Company,http://www.webspainting.com,,,Los Angeles,California,,,,,,apollo,"painting company, painting services - California",https://app.apollo.io/#/organizations/673f0b0f7199f900018dffb1?overrideScoreId=score,,,,,,,,,
Mamba Stripes Corporation,http://www.mambastripes.com,,,Windsor,California,,,,,,apollo,"painting company, painting services - California",https://app.apollo.io/#/organizations/673a5a59cd909c0001431d3d?overrideScoreId=score,,,,,,,,,
Applied Artistry A Painting Company,http://www.appliedartistry.com,,,Huntington Beach,California,,,,,,apollo,"painting company, painting services - California",https://app.apollo.io/#/organizations/6731143ccfd91b00011cc7d4?overrideScoreId=score,,,,,,,,,
"MARZ PAINTING COMPANY, THE",http://www.marzpaintingco.com,,,Sacramento,California,,,,,,apollo,"painting company, painting services - California",https://app.apollo.io/#/organizations/672ef78ccd1c1f000173c259?overrideScoreId=score,,,,,,,,,
Yes Painting Services,http://www.yespainting.net,,,San Jose,California,,,,,,apollo,"painting company, painting services - California",https://app.apollo.io/#/organizations/672dafe025d5ab00012b7e08?overrideScoreId=score,,,,,,,,,
NEALS PAINTING COMPANY INC,http://www.nealspainting.com,,,Fairfield,California,,,,,,apollo,"painting company, painting services - California",https://app.apollo.io/#/organizations/67269a4393de3b0001aeb812?overrideScoreId=score,,,,,,,,,
Mr. Painter Painting Company,http://www.paintingcontractorturlock.com,,,Keyes,California,,,,,,apollo,"painting company, painting services - California",https://app.apollo.io/#/organizations/6714bdc7e73ec000013dab9c?overrideScoreId=score,,,,,,,,,
Guzman Painting Services,http://www.guzmanpaintingservices.com,,,Los Angeles,California,,,,,,apollo,"painting company, painting services - California",https://app.apollo.io/#/organizations/6701f75d4860cf000131427a?overrideScoreId=score,,,,,,,,,
Moya Painting,http://www.moyapaintinganddecorating.com,,,San Francisco,California,,,,,,apollo,"painting company, painting services - California",https://app.apollo.io/#/organizations/65f7e96e1aec6a01c680c2be?overrideScoreId=score,,,,,,,,,
ALL LOS ANGELES PAINTING COMPANY INC.,http://www.alllosangelespaintingcompany.com,,,Los Angeles,California,,,,,,apollo,"painting company, painting services - California",https://app.apollo.io/#/organizations/65c494825b212b0001d9c2b9?overrideScoreId=score,,,,,,,,,
Build And Decor Construction,http://www.buildanddecorconstruction.com,,,Los Angeles,California,,,,,,apollo,"painting company, painting services - California",https://app.apollo.io/#/organizations/64e6d910a1925900015a6579?overrideScoreId=score,,,,,,,,,
"Handydads Construction, Inc.",http://www.handydads.net,,,Handydads Construction,Inc.,,,,,,apollo,"painting company, painting services - Inc.",https://app.apollo.io/#/organizations/63372e36ce6bad00a3288dd8?overrideScoreId=score,,,,,,,,,
"Najib Paint & Decorations, LLC",http://www.npdpaints.com,,,Oakland,California,,,,,,apollo,"painting company, painting services - California",https://app.apollo.io/#/organizations/62e3b699cfcebc00a3704e81?overrideScoreId=score,,,,,,,,,
U.S National Corp dba Jimenez Painting Company,,,,Los Angeles,California,,,,,,apollo,"painting company, painting services - California",https://app.apollo.io/#/organizations/5e57bbde5c00fd000191cdaf?overrideScoreId=score,,,,,,,,,
California Skyline Remodeling Inc.,http://www.californiaskylineremodeling.com,,,Los Angeles,California,,,,,,apollo,"painting company, painting services - California",https://app.apollo.io/#/organizations/5e55b858c678320001b801bf?overrideScoreId=score,,,,,,,,,
TSW Builders,http://www.pro-gressivebuilders.com,,,Brea,California,,,,,,apollo,"painting company, painting services - California",https://app.apollo.io/#/organizations/5569dbc7736964255d37a100?overrideScoreId=score,,,,,,,,,
ER Painting Services Inc,http://www.erpsocal.com,,,Santa Ana,California,,,,,,apollo,"painting company, painting services - California",https://app.apollo.io/#/organizations/674ff27b2e526f00011d2e6f?overrideScoreId=score,,,,,,,,,
Condor National Painting Company,http://www.condornationalpainting.com,,,Los Angeles,California,,,,,,apollo,"painting company, painting services - California",https://app.apollo.io/#/organizations/674ce06ca3c1bb00010e1a1f?overrideScoreId=score,,,,,,,,,
Melodi Major Design and Home Painting Services,http://www.melodimajordesign.com,,,Marina del Rey,California,,,,,,apollo,"painting company, painting services - California",https://app.apollo.io/#/organizations/674c0ce4dd39f80001f61636?overrideScoreId=score,,,,,,,,,
ITALIAN PAINTING SERVICES INC,http://www.italianpaintingservices.com,,,Los Angeles,California,,,,,,apollo,"painting company, painting services - California",https://app.apollo.io/#/organizations/6700dcf07482bf0001220a31?overrideScoreId=score,,,,,,,,,
najeraspaintingllc,http://www.najeraspainting.com,,,Fontana,California,,,,,,apollo,"painting company, painting services - California",https://app.apollo.io/#/organizations/66e28782a7929e00019e100e?overrideScoreId=score,,,,,,,,,
B.E.S. Painting Company,http://www.bespainting.com,,,Long Beach,California,,,,,,apollo,"painting company, painting services - California",https://app.apollo.io/#/organizations/66d4b36170ecc9000134b5c0?overrideScoreId=score,,,,,,,,,
Best Property Management Painting Services,http://www.bpmpaintingservices.com,,,Vista,California,,,,,,apollo,"painting company, painting services - California",https://app.apollo.io/#/organizations/665377d69d08570001022100?overrideScoreId=score,,,,,,,,,
Design Systems Painting Company,http://www.designsystemspainting.com,,,Carmichael,California,,,,,,apollo,"painting company, painting services - California",https://app.apollo.io/#/organizations/6642f96a701ae60001901c62?overrideScoreId=score,,,,,,,,,
Finish Line Painting Services,http://www.finishlinepainting.com,,,Encinitas,California,,,,,,apollo,"painting company, painting services - California",https://app.apollo.io/#/organizations/6641449aa3807c00019af69b?overrideScoreId=score,,,,,,,,,
Speck Painting,http://www.speckpainting.ca,,,Richmond,California,,,,,,apollo,"painting company, painting services - California",https://app.apollo.io/#/organizations/663884445ac33f00013ee18c?overrideScoreId=score,,,,,,,,,
NJ Kann Painting,http://www.njkannpainting.com,,,San Jose,California,,,,,,apollo,"painting company, painting services - California",https://app.apollo.io/#/organizations/66348b550888d104386cf741?overrideScoreId=score,,,,,,,,,
Absolute Integrity Handyman Services Inc.,http://www.absoluteintegrityhandyman.com,,,Fresno,California,,,,,,apollo,"painting company, painting services - California",https://app.apollo.io/#/organizations/661a664269e59600076f0c24?overrideScoreId=score,,,,,,,,,
Expressions Painting Company,http://www.expressionspaintingco.com,,,Stockton,California,,,,,,apollo,"painting company, painting services - California",https://app.apollo.io/#/organizations/65546a731a843a0001c72c1c?overrideScoreId=score,,,,,,,,,
Great Walls Painting Inc,http://www.greatwallspainting.com,,,San Jose,California,,,,,,apollo,"painting company, painting services - California",https://app.apollo.io/#/organizations/654dcfb2dd1ecf0001aed7d4?overrideScoreId=score,,,,,,,,,
Maintenance Plus (San Diego),http://www.maintenanceplussd.com,,,San Diego,California,,,,,,apollo,"painting company, painting services - California",https://app.apollo.io/#/organizations/6509764d203e1a000135d480?overrideScoreId=score,,,,,,,,,
EW Builders Group,http://www.ewbuildersgroup.com,,,La Habra,California,,,,,,apollo,"painting company, painting services - California",https://app.apollo.io/#/organizations/6464880100837c0001b9c9c7?overrideScoreId=score,,,,,,,,,
Georgetown Student Painting,http://www.georgetownstudentpainting.ca,,,Georgetown,California,,,,,,apollo,"painting company, painting services - California",https://app.apollo.io/#/organizations/63c6698b96751a0001b68cb1?overrideScoreId=score,,,,,,,,,
Third Generation Painters,http://www.thirdgenerationpainters.ca,,,Vernon,California,,,,,,apollo,"painting company, painting services - California",https://app.apollo.io/#/organizations/6248884908719d00dcb20f93?overrideScoreId=score,,,,,,,,,
NIDACO Inc. Paint Group,http://www.nidaco.ca,,,London,California,,,,,,apollo,"painting company, painting services - California",https://app.apollo.io/#/organizations/5e5757e78d755a00014a385f?overrideScoreId=score,,,,,,,,,
Remodel Repair Replace,http://www.remodelrepairreplace.com,,,San Ramon,California,,,,,,apollo,"painting company, painting services - California",https://app.apollo.io/#/organizations/5e55eab196cd410001ff41d0?overrideScoreId=score,,,,,,,,,
Tilt Up Painting Inc. San Diego,http://www.tiltuppainting.com,,,San Diego,California,,,,,,apollo,"painting company, painting services - California",https://app.apollo.io/#/organizations/5da52b22959a900001ca3e54?overrideScoreId=score,,,,,,,,,
B & R CREATIVE BUILDERS INC,http://www.creativebuilders.com,,,Los Angeles,California,,,,,,apollo,"painting company, painting services - California",https://app.apollo.io/#/organizations/5a9eaf4da6da98d96646c4fd?overrideScoreId=score,,,,,,,,,
BUILDAWORKS INC,http://www.buildaworks.com,,,Rancho Cucamonga,California,,,,,,apollo,"painting company, painting services - California",https://app.apollo.io/#/organizations/59bba8eda6da985a06b39a8b?overrideScoreId=score,,,,,,,,,
Walls n Beyond Painting Company,http://www.wallsnbeyond.com,,,San Mateo,California,,,,,,apollo,"painting company, painting services - California",https://app.apollo.io/#/organizations/54fca1e27369647d9b740c00?overrideScoreId=score,,,,,,,,,
Jacobs Ladder Painting Services,http://www.jacobsladderpainting.com,,,San Diego,California,,,,,,apollo,"painting company, painting services - California",https://app.apollo.io/#/organizations/674c10d590dfc40001969c00?overrideScoreId=score,,,,,,,,,
Pasion Painting Services Inc.,http://www.pasionpainting.com,,,Rodeo,California,,,,,,apollo,"painting company, painting services - California",https://app.apollo.io/#/organizations/674180cda3b1ed0001ae126f?overrideScoreId=score,,,,,,,,,
NELAN PAINTING COMPANY INC.,http://www.nelanpainting.com,,,Laguna Beach,California,,,,,,apollo,"painting company, painting services - California",https://app.apollo.io/#/organizations/67318eef9c24470001e6fbd6?overrideScoreId=score,,,,,,,,,
Painting Services Of Mountain View,http://www.paintingservicesofmountainview.com,,,Mountain View,California,,,,,,apollo,"painting company, painting services - California",https://app.apollo.io/#/organizations/672b5210ef1b850001d31a0f?overrideScoreId=score,,,,,,,,,
"RINGLEVER PAINTING COMPANY, INC.",http://www.ringleverpainting.com,,,Oceanside,California,,,,,,apollo,"painting company, painting services - California",https://app.apollo.io/#/organizations/6727063d0426250001775b20?overrideScoreId=score,,,,,,,,,
D’Art Painting Services,http://www.painterssf.com,,,San Francisco,California,,,,,,apollo,"painting company, painting services - California",https://app.apollo.io/#/organizations/672646b64acbcd00012dabc1?overrideScoreId=score,,,,,,,,,
"PEPPERLING PAINTING COMPANY, INC.",http://www.peppaints.com,,,Torrance,California,,,,,,apollo,"painting company, painting services - California",https://app.apollo.io/#/organizations/672477a6a93e7e000192655c?overrideScoreId=score,,,,,,,,,
Anselm Painting Company,http://www.paintthesky.biz,,,Arroyo Grande,California,,,,,,apollo,"painting company, painting services - California",https://app.apollo.io/#/organizations/6715cf41eb99680001e00ef5?overrideScoreId=score,,,,,,,,,
"PRO IMAGE PAINTING SERVICES, INC.",http://www.proimagepainting.com,,,Lemon Grove,California,,,,,,apollo,"painting company, painting services - California",https://app.apollo.io/#/organizations/66f518034e2bbd0001ba3138?overrideScoreId=score,,,,,,,,,
Master Glow Painting Company,http://www.masterglowpainting.com,,,Sunnyvale,California,,,,,,apollo,"painting company, painting services - California",https://app.apollo.io/#/organizations/66f29cb14065b00001602fee?overrideScoreId=score,,,,,,,,,
Montano’s Painting Company,http://www.montanos-painting.com,,,Anaheim,California,,,,,,apollo,"painting company, painting services - California",https://app.apollo.io/#/organizations/66eea173858f5600016fdb66?overrideScoreId=score,,,,,,,,,
U & S Painting Company,http://www.unspainting.net,,,Los Angeles,California,,,,,,apollo,"painting company, painting services - California",https://app.apollo.io/#/organizations/66ed41eeb5a29a000169f073?overrideScoreId=score,,,,,,,,,
2020 Painting Company,http://www.2020paintingcompany.com,,,La Mesa,California,,,,,,apollo,"painting company, painting services - California",https://app.apollo.io/#/organizations/66d3f2443f06c50001ff869e?overrideScoreId=score,,,,,,,,,
The Better Painting Company,http://www.thebetterpaintingco.com,,,San Diego,California,,,,,,apollo,"painting company, painting services - California",https://app.apollo.io/#/organizations/641a8fddfa64490001c646a5?overrideScoreId=score,,,,,,,,,
CH Painting Company,http://www.chinohillspainting.com,,,Chino Hills,California,,,,,,apollo,"painting company, painting services - California",https://app.apollo.io/#/organizations/674b22abc0db0800013ee8f3?overrideScoreId=score,,,,,,,,,
Ryan Painting Services,http://www.ryanpaintingservices.com,,,South Pasadena,California,,,,,,apollo,"painting company, painting services - California",https://app.apollo.io/#/organizations/673329b24503e30001ffc349?overrideScoreId=score,,,,,,,,,
Marin Painting Company,http://www.marinpainting.com,,,Novato,California,,,,,,apollo,"painting company, painting services - California",https://app.apollo.io/#/organizations/66fd0fffcfaef40001d842a6?overrideScoreId=score,,,,,,,,,
Flores Painting and Drywall,http://www.florespd.com,,,San Jose,California,,,,,,apollo,"painting company, painting services - California",https://app.apollo.io/#/organizations/664f5a3ab99e63075f31c5f4?overrideScoreId=score,,,,,,,,,
Browder Painting Company,http://www.browderpainting.com,,,San Luis Obispo,California,,,,,,apollo,"painting company, painting services - California",https://app.apollo.io/#/organizations/664965a3f22ed9000176daa0?overrideScoreId=score,,,,,,,,,
Sunwest Painting,http://www.sunwestpainting.net,,,San Jose,California,,,,,,apollo,"painting company, painting services - California",https://app.apollo.io/#/organizations/5f3e76ad0615e7008c8f1f4b?overrideScoreId=score,,,,,,,,,
Prestige Paint & Decorative,http://www.prestigepaintdeco.com,,,Corona,California,,,,,,apollo,"painting company, painting services - California",https://app.apollo.io/#/organizations/5e579f8a54c3e10001a3bfd9?overrideScoreId=score,,,,,,,,,
SPC Building Services,http://www.spcbs.com,,,Riverside,California,,,,,,apollo,"painting company, painting services - California",https://app.apollo.io/#/organizations/56de6b86f3e5bb3fda0027fc?overrideScoreId=score,,,,,,,,,
JK Painting Services,http://www.jkpaintingservices.com,,,Alpine,California,,,,,,apollo,"painting company, painting services - California",https://app.apollo.io/#/organizations/66e523ebf07a5600019d7b14?overrideScoreId=score,,,,,,,,,
CertaPro Painters of Orange County,http://www.cppainters-orangecounty.com,,,Orange,California,,,,,,apollo,"painting company, painting services - California",https://app.apollo.io/#/organizations/6547289ecb6ad7000174d389?overrideScoreId=score,,,,,,,,,
Generation Homes and Commercial,http://www.generation-homes.com,,,Clovis,California,,,,,,apollo,"painting company, painting services - California",https://app.apollo.io/#/organizations/641d535cd3f1890001efecd7?overrideScoreId=score,,,,,,,,,
Basurto Painting,http://www.basurtopainting.com,,,San Jose,California,,,,,,apollo,"painting company, painting services - California",https://app.apollo.io/#/organizations/64167ecbc35c1f0001f915ab?overrideScoreId=score,,,,,,,,,
RSL Construction Group Inc.,http://www.rslconstructiongroup.com,,,Costa Mesa,California,,,,,,apollo,"painting company, painting services - California",https://app.apollo.io/#/organizations/6162150f98d72b00012ef0f7?overrideScoreId=score,,,,,,,,,
CCP PAINTING INC.,http://www.ccp-painting.com,,,Concord,California,,,,,,apollo,"painting company, painting services - California",https://app.apollo.io/#/organizations/6089d28214e34800e28a134d?overrideScoreId=score,,,,,,,,,
"HiTech Painting, Inc.",http://www.hitechpaint.com,,,HiTech Painting,Inc.,,,,,,apollo,"painting company, painting services - Inc.",https://app.apollo.io/#/organizations/5e56e9f93233cb00017c5416?overrideScoreId=score,,,,,,,,,
Pinnacle Painting and Decorating,http://www.paintwithpinnacle.com,,,,,,,,,,apollo,"painting company, painting services",https://app.apollo.io/#/organizations/5da6bb4146748d0001956f42?overrideScoreId=score,,,,,,,,,
Trico Painting,http://www.tricopainting.com,,,Roseville,California,,,,,,apollo,"painting company, painting services - California",https://app.apollo.io/#/organizations/55e83dd9f3e5bb092b000462?overrideScoreId=score,,,,,,,,,
"A.A. Paint & Custom Finishes, Inc.",http://www.aapaint.com,,,A.A. Paint & Custom Finishes,Inc.,,,,,,apollo,"painting company, painting services - Inc.",https://app.apollo.io/#/organizations/54a11f8369702da42501da01?overrideScoreId=score,,,,,,,,,
Sierra West Painting Company,http://www.sierrawestpainting.com,,,Costa Mesa,California,,,,,,apollo,"painting company, painting services - California",https://app.apollo.io/#/organizations/673daf2988b2320001466d26?overrideScoreId=score,,,,,,,,,
Next Level Painting Bay Area,http://www.nextlevelpaint.com,,,Oakland,California,,,,,,apollo,"painting company, painting services - California",https://app.apollo.io/#/organizations/645681868bc45f02a62fc0bb?overrideScoreId=score,,,,,,,,,
Loyalty Technical Services LLC,http://www.loyaltyuae.com,,,Dublin,California,,,,,,apollo,"painting company, painting services - California",https://app.apollo.io/#/organizations/5ed681eba49269000158b2ab?overrideScoreId=score,,,,,,,,,
TCI Striping,http://www.tcistriping.com,,,Riverside,California,,,,,,apollo,"painting company, painting services - California",https://app.apollo.io/#/organizations/55f469b4f3e5bb1de1008a24?overrideScoreId=score,,,,,,,,,
Award Painting Company,http://www.awardpaintingco.com,,,Fairfield,California,,,,,,apollo,"painting company, painting services - California",https://app.apollo.io/#/organizations/55e8c19ff3e5bb144800006f?overrideScoreId=score,,,,,,,,,
HouseSavers,http://www.housesavers.com,,,San Rafael,California,,,,,,apollo,"painting company, painting services - California",https://app.apollo.io/#/organizations/54fca5f57369647dd42f3800?overrideScoreId=score,,,,,,,,,
"Terry Hunt Painting & Decorating, Inc.",http://www.thpd.com,,,Terry Hunt Painting & Decorating,Inc.,,,,,,apollo,"painting company, painting services - Inc.",https://app.apollo.io/#/organizations/54a1bcd074686945fa84890c?overrideScoreId=score,,,,,,,,,
Kolorama Coatings,http://www.koloramacoatings.com,,,Oxnard,California,,,,,,apollo,"painting company, painting services - California",https://app.apollo.io/#/organizations/63db851206446500daac7640?overrideScoreId=score,,,,,,,,,
Stark Remodeling Los Angeles,http://www.starkremodelingservices.com,,,Los Angeles,California,,,,,,apollo,"painting company, painting services - California",https://app.apollo.io/#/organizations/6311dddd9a5618008b2f9053?overrideScoreId=score,,,,,,,,,
Moorhouse,http://www.moorhousecoating.com,,,Palm Desert,California,,,,,,apollo,"painting company, painting services - California",https://app.apollo.io/#/organizations/60d70bae21ec6f008ca9977d?overrideScoreId=score,,,,,,,,,
"ADL PAINTING AND WALL COVERING, INC",http://www.adlpainting.com,,,Corona,California,,,,,,apollo,"painting company, painting services - California",https://app.apollo.io/#/organizations/5ed1a167fc64a30001a31fc7?overrideScoreId=score,,,,,,,,,
"Brad Stoner Painting, Inc.",http://www.bradstonerpainting.com,,,Brad Stoner Painting,Inc.,,,,,,apollo,"painting company, painting services - Inc.",https://app.apollo.io/#/organizations/54a1a2bf7468695860febc03?overrideScoreId=score,,,,,,,,,
New Life Bath & Kitchen,http://www.newlifehi.com,,,Santa Maria,California,,,,,,apollo,"painting company, painting services - California",https://app.apollo.io/#/organizations/54a135b369702d2f9fb62d01?overrideScoreId=score,,,,,,,,,
Partnership Painting,http://www.partnershippainting.com,,,Pasadena,California,,,,,,apollo,"painting company, painting services - California",https://app.apollo.io/#/organizations/54a12ad969702d9313675f02?overrideScoreId=score,,,,,,,,,
San Diego Paint Pros,http://www.sandiegopaintpros.com,,,San Diego,California,,,,,,apollo,"painting company, painting services - California",https://app.apollo.io/#/organizations/614ef70f6c4e6b0001853625?overrideScoreId=score,,,,,,,,,
"QCP, Inc.",http://www.qcpconstruction.com,,,Ventura,California,,,,,,apollo,"painting company, painting services - California",https://app.apollo.io/#/organizations/56e11e64f3e5bb3f5d00016b?overrideScoreId=score,,,,,,,,,
"D AND B PAINTING COMPANY, INC.",http://www.dbpaint.com,,,Oakland,California,,,,,,apollo,"painting company, painting services - California",https://app.apollo.io/#/organizations/55ef63dff3e5bb49b10005c7?overrideScoreId=score,,,,,,,,,
Joaquin Painting,http://www.joaquinpainting.com,,,Modesto,California,,,,,,apollo,"painting company, painting services - California",https://app.apollo.io/#/organizations/5592355e73696419d880cd00?overrideScoreId=score,,,,,,,,,
Foxtrot Construction,http://www.foxtco.com,,,Ontario,California,,,,,,apollo,"painting company, painting services - California",https://app.apollo.io/#/organizations/67c88e0acb8fcb000d2731ee?overrideScoreId=score,,,,,,,,,
Brady Construction Group,http://www.bradyconstruction.com,,,Ontario,California,,,,,,apollo,"painting company, painting services - California",https://app.apollo.io/#/organizations/64ae12f640d97501d561f5a2?overrideScoreId=score,,,,,,,,,
JLM Painting Inc,http://www.jlmpaintinginc.com,,,Petaluma,California,,,,,,apollo,"painting company, painting services - California",https://app.apollo.io/#/organizations/63b3df5342ae1c00fcbc5443?overrideScoreId=score,,,,,,,,,
"Majestic Life General Contracting, Inc. / Majestic Life Painting",http://www.majesticlifecontracting.com,,,Rancho Cordova,California,,,,,,apollo,"painting company, painting services - California",https://app.apollo.io/#/organizations/5ed5827645fca50001eae84c?overrideScoreId=score,,,,,,,,,
Kelley Painting Services,,,,Murrieta,California,,,,,,apollo,"painting company, painting services - California",https://app.apollo.io/#/organizations/57c4cfbaa6da986a7fc94aa0?overrideScoreId=score,,,,,,,,,
MIGALE PAINTING COMPANY,http://www.migalepainting.com,,,Novato,California,,,,,,apollo,"painting company, painting services - California",https://app.apollo.io/#/organizations/66f1070d3a3bc5000178f9bf?overrideScoreId=score,,,,,,,,,
RA PAINTING & SERVICES INC,http://www.rapaint.com,,,El Cajon,California,,,,,,apollo,"painting company, painting services - California",https://app.apollo.io/#/organizations/66d4870696c434000160abf5?overrideScoreId=score,,,,,,,,,
Basile Interiors Ltd,http://www.basileinteriors.com,,,Windsor,California,,,,,,apollo,"painting company, painting services - California",https://app.apollo.io/#/organizations/6368e2c410bbcf000132e8dc?overrideScoreId=score,,,,,,,,,
Cali Builders & Construction Inc.,http://www.cali-builders.com,,,Los Angeles,California,,,,,,apollo,"painting company, painting services - California",https://app.apollo.io/#/organizations/60d424f46844f900da571656?overrideScoreId=score,,,,,,,,,
MPG Painting,http://www.mpgpainting.net,,,Sacramento,California,,,,,,apollo,"painting company, painting services - California",https://app.apollo.io/#/organizations/60b1e99bd26791000182aa36?overrideScoreId=score,,,,,,,,,
City Wide Restoration and Construction,http://www.citywiderestorationandconstruction.com,,,Sacramento,California,,,,,,apollo,"painting company, painting services - California",https://app.apollo.io/#/organizations/5fc88aa851b0ec0001da20f2?overrideScoreId=score,,,,,,,,,
ProCom Painting Inc.,http://www.procompainting.com,,,Ontario,California,,,,,,apollo,"painting company, painting services - California",https://app.apollo.io/#/organizations/5e55c811c1df75000167ce90?overrideScoreId=score,,,,,,,,,
Construction Concern Inc,http://www.constructionconcern.com,,,Santa Clarita,California,,,,,,apollo,"painting company, painting services - California",https://app.apollo.io/#/organizations/55ea5c62f3e5bb5940005f5a?overrideScoreId=score,,,,,,,,,
Kunst Painting,http://www.kunstpainting.com,,,San Rafael,California,,,,,,apollo,"painting company, painting services - California",https://app.apollo.io/#/organizations/5569f15c73696425db1ab900?overrideScoreId=score,,,,,,,,,
"Vertex Coatings, Inc.",http://www.vertexcoatings.com,,,Vertex Coatings,Inc.,,,,,,apollo,"painting company, painting services - Inc.",https://app.apollo.io/#/organizations/55f7bb76f3e5bb4c880001f9?overrideScoreId=score,,,,,,,,,
R&K TRADESMEN PLUMBING ELECTRICAL H.V.A.C. GENERAL CONRACTORS,http://www.rktradesmen.com,,,Los Angeles,California,,,,,,apollo,"painting company, painting services - California",https://app.apollo.io/#/organizations/54fca4d27369640180612f00?overrideScoreId=score,,,,,,,,,
Rayco Painting,http://www.raycopainting.com,,,Oakland,California,,,,,,apollo,"painting company, painting services - California",https://app.apollo.io/#/organizations/54a1287d69702dc84157e600?overrideScoreId=score,,,,,,,,,
Troy's Painting,http://www.troyspainting.com,,,Santa Ana,California,,,,,,apollo,"painting company, painting services - California",https://app.apollo.io/#/organizations/54a1f9247468693fda340d02?overrideScoreId=score,,,,,,,,,
C2SI,http://www.c2si.com,,,Carlsbad,California,,,,,,apollo,"painting company, painting services - California",https://app.apollo.io/#/organizations/54a11ec369702da10f9e9a01?overrideScoreId=score,,,,,,,,,
Shafran Construction,http://www.shafranconstruction.com,,,Agoura Hills,California,,,,,,apollo,"painting company, painting services - California",https://app.apollo.io/#/organizations/54fca62873696401a7a53200?overrideScoreId=score,,,,,,,,,
GoldenLine Construction,http://www.goldenlineconstruction.com,,,Los Angeles,California,,,,,,apollo,"painting company, painting services - California",https://app.apollo.io/#/organizations/54fca59d7369647fe21d3300?overrideScoreId=score,,,,,,,,,
R&L Quality Painting,http://www.rlqualitypainting.com,,,Brea,California,,,,,,apollo,"painting company, painting services - California",https://app.apollo.io/#/organizations/5ed211f9abf8dd0001a39465?overrideScoreId=score,,,,,,,,,
"Perryman Painting & Remodeling, Inc.",http://www.perrymanpainting.com,,,Perryman Painting & Remodeling,Inc.,,,,,,apollo,"painting company, painting services - Inc.",https://app.apollo.io/#/organizations/5da52c87313a320001957a27?overrideScoreId=score,,,,,,,,,
River City Reconstruction & Painting,http://www.rcityrestoration.com,,,Sacramento,California,,,,,,apollo,"painting company, painting services - California",https://app.apollo.io/#/organizations/5569f8c973696434798a0100?overrideScoreId=score,,,,,,,,,
Armstrong Installation Service,http://www.armstrong1234.com,,,Emeryville,California,,,,,,apollo,"painting company, painting services - California",https://app.apollo.io/#/organizations/5da4609fd7e66f00017c2784?overrideScoreId=score,,,,,,,,,
"ALC Construction, LLC",http://www.alcconstructioninc.com,,,Los Angeles,California,,,,,,apollo,"painting company, painting services - California",https://app.apollo.io/#/organizations/556db209736964126c4f7401?overrideScoreId=score,,,,,,,,,
Larson Bros. Painting,http://www.larsonbrospainting.com,,,Napa,California,,,,,,apollo,"painting company, painting services - California",https://app.apollo.io/#/organizations/54fca5e573696401aac03100?overrideScoreId=score,,,,,,,,,
CalPro Construction & Painting,http://www.thinkcalpro.com,,,Roseville,California,,,,,,apollo,"painting company, painting services - California",https://app.apollo.io/#/organizations/54a1bb2174686942d34e040c?overrideScoreId=score,,,,,,,,,
Silicon Valley Builders Group,http://www.svbuildersgroup.com,,,San Jose,California,,,,,,apollo,"painting company, painting services - California",https://app.apollo.io/#/organizations/54a19f5d74686949e73fa802?overrideScoreId=score,,,,,,,,,
"Roussos Construction, Inc.",http://www.roussosconstruction.com,,,Roussos Construction,Inc.,,,,,,apollo,"painting company, painting services - Inc.",https://app.apollo.io/#/organizations/54a13a2d69702db45dc7a800?overrideScoreId=score,,,,,,,,,
"MICKEY WALL PAINTING, INC.",http://www.mickeywallpainting.com,,,Turlock,California,,,,,,apollo,"painting company, painting services - California",https://app.apollo.io/#/organizations/54a1206f69702da753154302?overrideScoreId=score,,,,,,,,,
"Landmark Painting, Inc.",http://www.landmarkpaintinginc.com,,,Landmark Painting,Inc.,,,,,,apollo,"painting company, painting services - Inc.",https://app.apollo.io/#/organizations/5da3684b0f892d00019d6579?overrideScoreId=score,,,,,,,,,
Around The House Handyman,http://www.hernandezhandymanservices.net,,,Fresno,California,,,,,,apollo,"painting company, painting services - California",https://app.apollo.io/#/organizations/57c505cfa6da986a673dacc5?overrideScoreId=score,,,,,,,,,
McCarthy Painting Inc.,http://www.mccarthypainting.com,,,San Rafael,California,,,,,,apollo,"painting company, painting services - California",https://app.apollo.io/#/organizations/54a1c25974686949e7c0960e?overrideScoreId=score,,,,,,,,,
Pro Painting Co.LLC,http://www.propaintingcollc.com,,,Los Angeles,California,,,,,,apollo,"painting company, painting services - California",https://app.apollo.io/#/organizations/5ed13e090c370f000191bad5?overrideScoreId=score,,,,,,,,,
"Abayla Contracting Services, Inc.",http://www.abayla.com,,,Abayla Contracting Services,Inc.,,,,,,apollo,"painting company, painting services - Inc.",https://app.apollo.io/#/organizations/5e55fa1f8ee16e00019c9555?overrideScoreId=score,,,,,,,,,
A-T.E.A.M. Contractors Inc.,http://www.ateam777.com,,,Oceanside,California,,,,,,apollo,"painting company, painting services - California",https://app.apollo.io/#/organizations/5d095652a3ae61145bc40398?overrideScoreId=score,,,,,,,,,
QUIROZ CONSTRUCTION,http://www.quirozconstructioninc.com,,,Corcoran,California,,,,,,apollo,"painting company, painting services - California",https://app.apollo.io/#/organizations/55f95c30f3e5bb6c41005272?overrideScoreId=score,,,,,,,,,
"Roy Miller Painting, Inc.",http://www.roymillerpainting.com,,,Roy Miller Painting,Inc.,,,,,,apollo,"painting company, painting services - Inc.",https://app.apollo.io/#/organizations/54a1225269702d84c5effb02?overrideScoreId=score,,,,,,,,,
All Bay Paint Inc.,http://www.allbaypaint.com,,,Santa Clara,California,,,,,,apollo,"painting company, painting services - California",https://app.apollo.io/#/organizations/5f3fee0c1f48df0001a31abe?overrideScoreId=score,,,,,,,,,
Lawrence B. Bonas Company,http://www.bonasco.com,,,Costa Mesa,California,,,,,,apollo,"painting company, painting services - California",https://app.apollo.io/#/organizations/5e500b291a794800f29d1e52?overrideScoreId=score,,,,,,,,,
Winv Painting & Coatings,http://www.winv.com,,,Corona,California,,,,,,apollo,"painting company, painting services - California",https://app.apollo.io/#/organizations/5b872300324d4412a18c1475?overrideScoreId=score,,,,,,,,,
Yancey Company,http://www.yanceycompany.com,,,Sacramento,California,,,,,,apollo,"painting company, painting services - California",https://app.apollo.io/#/organizations/54a208f47468693cdd1fea06?overrideScoreId=score,,,,,,,,,
Nugent Painting Inc.,http://www.nugentpainting.com,,,Huntington Beach,California,,,,,,apollo,"painting company, painting services - California",https://app.apollo.io/#/organizations/61616b68d15be40001229e92?overrideScoreId=score,,,,,,,,,
Rossi Painting & Construction,http://www.rossipainting.com,,,San Carlos,California,,,,,,apollo,"painting company, painting services - California",https://app.apollo.io/#/organizations/604a9bd9a8096d0001c3d87a?overrideScoreId=score,,,,,,,,,
Experts In Your Home,http://www.expertsinyourhome.com,,,Chico,California,,,,,,apollo,"painting company, painting services - California",https://app.apollo.io/#/organizations/5e584e95aa941100011869ff?overrideScoreId=score,,,,,,,,,
Tollner Painting Inc,http://www.tollnerpainting.com,,,Campbell,California,,,,,,apollo,"painting company, painting services - California",https://app.apollo.io/#/organizations/55921e94736964186f1e7e00?overrideScoreId=score,,,,,,,,,
J.W. Peterson Painting Inc.,http://www.jwpetersonpainting.com,,,Livermore,California,,,,,,apollo,"painting company, painting services - California",https://app.apollo.io/#/organizations/556ceec47369641226a04f00?overrideScoreId=score,,,,,,,,,
Pro-Tech Painting,http://www.pro-techpainting.com,,,San Diego,California,,,,,,apollo,"painting company, painting services - California",https://app.apollo.io/#/organizations/54a11c5369702d8ccce59700?overrideScoreId=score,,,,,,,,,
MC Contracting,http://www.mc-contracting.com,,,Oceanside,California,,,,,,apollo,"painting company, painting services - California",https://app.apollo.io/#/organizations/5b84c54d324d44716a2001c4?overrideScoreId=score,,,,,,,,,
Legacy Painting Contractors,http://www.legacypaintingcontractorsca.com,,,Pleasanton,California,,,,,,apollo,"painting company, painting services - California",https://app.apollo.io/#/organizations/5500b2d97369642daa6a2a00?overrideScoreId=score,,,,,,,,,
Pacific Western Painting and Construction,http://www.pacwestpainting.com,,,San Marcos,California,,,,,,apollo,"painting company, painting services - California",https://app.apollo.io/#/organizations/54a1295d69702dcef98e9301?overrideScoreId=score,,,,,,,,,
"SIGNATURE PAINTING AND CONSTRUCTION, INC.",http://www.signatureservices.us,,,Walnut Creek,California,,,,,,apollo,"painting company, painting services - California",https://app.apollo.io/#/organizations/665377961bc7340001b49075?overrideScoreId=score,,,,,,,,,
"Magic Maintenance, Inc.",http://www.magicmaintenanceinc.com,,,Magic Maintenance,Inc.,,,,,,apollo,"painting company, painting services - Inc.",https://app.apollo.io/#/organizations/67a252109b81e902d0f766a2?overrideScoreId=score,,,,,,,,,
Urban Painting,http://www.urbanpainting.com,,,San Rafael,California,,,,,,apollo,"painting company, painting services - California",https://app.apollo.io/#/organizations/5ed25c0aeeff5c00012dc210?overrideScoreId=score,,,,,,,,,
Mcr Construction,http://www.mcrdreambuilders.com,,,Moorpark,California,,,,,,apollo,"painting company, painting services - California",https://app.apollo.io/#/organizations/57c505daa6da986a1b288fdf?overrideScoreId=score,,,,,,,,,
Varsity Painting,http://www.varsitypainting.com,,,Walnut Creek,California,,,,,,apollo,"painting company, painting services - California",https://app.apollo.io/#/organizations/54a137f869702d9b89351100?overrideScoreId=score,,,,,,,,,
Steves Painting,http://www.stevespaintinginc.com,,,Ontario,California,,,,,,apollo,"painting company, painting services - California",https://app.apollo.io/#/organizations/55ec9b1bf3e5bb12cd0049e6?overrideScoreId=score,,,,,,,,,
ALP CONSTRUCTION & PAINTING INC,http://www.alpconstructionca.com,,,Pleasant Hill,California,,,,,,apollo,"painting company, painting services - California",https://app.apollo.io/#/organizations/5e5694241a459300015c93bc?overrideScoreId=score,,,,,,,,,
Pacific Drywall,http://www.pacificdrywall.com,,,San Jose,California,,,,,,apollo,"painting company, painting services - California",https://app.apollo.io/#/organizations/5d0a82dba3ae613a6ca6c575?overrideScoreId=score,,,,,,,,,
Gallaher Company,http://www.gallaherco.com,,,San Jose,California,,,,,,apollo,"painting company, painting services - California",https://app.apollo.io/#/organizations/55696da07369642598092800?overrideScoreId=score,,,,,,,,,
Affinity Painting Company Inc.,http://www.affinity-painting.com,,,Covina,California,,,,,,apollo,"painting company, painting services - California",https://app.apollo.io/#/organizations/5da7015581f1650001b1c11f?overrideScoreId=score,,,,,,,,,
LIME Painting,http://www.limepainting.com,,,Greenwood Village,Colorado,,,,,,apollo,"painting company, painting services - Colorado",https://app.apollo.io/#/organizations/5ed1e7983b3bf900017b9fe2?overrideScoreId=score,,,,,,,,,
Kind Home Solutions,http://www.kindhomesolutions.com,,,Englewood,Colorado,,,,,,apollo,"painting company, painting services - Colorado",https://app.apollo.io/#/organizations/5b863654f874f71549f118d4?overrideScoreId=score,,,,,,,,,
Lewis Custom Painting,http://www.lewiscustompainting.com,,,Castle Rock,Colorado,,,,,,apollo,"painting company, painting services - Colorado",https://app.apollo.io/#/organizations/61ec350d8cd8fc0001ddfb42?overrideScoreId=score,,,,,,,,,
"AMC Painting, LLC",http://www.amcpainting.com,,,Colorado Springs,Colorado,,,,,,apollo,"painting company, painting services - Colorado",https://app.apollo.io/#/organizations/54a25de07468693825bf831d?overrideScoreId=score,,,,,,,,,
Stellar Painting and Remodeling,http://www.stellarpaintingandremodeling.com,,,Englewood,Colorado,,,,,,apollo,"painting company, painting services - Colorado",https://app.apollo.io/#/organizations/664a407ed2de5e0001695058?overrideScoreId=score,,,,,,,,,
TECC Commercial Painting,http://www.teccpainting.com,,,Colorado Springs,Colorado,,,,,,apollo,"painting company, painting services - Colorado",https://app.apollo.io/#/organizations/5ed33ad7492a01000138a85b?overrideScoreId=score,,,,,,,,,
Shamrock Painting/ Bell SPI,http://www.shamrockpaintinginc.com,,,Denver,Colorado,,,,,,apollo,"painting company, painting services - Colorado",https://app.apollo.io/#/organizations/55fa621bf3e5bb019a000e60?overrideScoreId=score,,,,,,,,,
Walls by Design Inc.,http://www.wallsbydesign.com,,,Denver,Colorado,,,,,,apollo,"painting company, painting services - Colorado",https://app.apollo.io/#/organizations/55920a347369641865233300?overrideScoreId=score,,,,,,,,,
"Preferred Painting, Inc",http://www.preferredpainting.com,,,Preferred Painting,Inc,,,,,,apollo,"painting company, painting services - Inc",https://app.apollo.io/#/organizations/5d0949a2f6512589e239bfe3?overrideScoreId=score,,,,,,,,,
Pride Roofing & Construction,http://www.prideroofingandsolar.com,,,Loveland,Colorado,,,,,,apollo,"painting company, painting services - Colorado",https://app.apollo.io/#/organizations/5f46388994798d00016d66a8?overrideScoreId=score,,,,,,,,,
Shaker Painting Inc,http://www.shakerpainting.com,,,Denver,Colorado,,,,,,apollo,"painting company, painting services - Colorado",https://app.apollo.io/#/organizations/556d4ab773696411c788d500?overrideScoreId=score,,,,,,,,,
Foothills Painting LLC,http://www.foothillspainting.co,,,Fort Collins,Colorado,,,,,,apollo,"painting company, painting services - Colorado",https://app.apollo.io/#/organizations/5d0a85b5f65125346a4e42ef?overrideScoreId=score,,,,,,,,,
CLASSIC PAINTING AND DECORATING,http://www.classicpaintingusa.com,,,Golden,Colorado,,,,,,apollo,"painting company, painting services - Colorado",https://app.apollo.io/#/organizations/670c3d8c4c558600016c5851?overrideScoreId=score,,,,,,,,,
Majestic Painting Company Inc.,http://www.majesticpainting.net,,,Aurora,Colorado,,,,,,apollo,"painting company, painting services - Colorado",https://app.apollo.io/#/organizations/5da27da4a2de8e0001a7038c?overrideScoreId=score,,,,,,,,,
Elk Horn Painting,http://www.elkhornpainting.com,,,Castle Rock,Colorado,,,,,,apollo,"painting company, painting services - Colorado",https://app.apollo.io/#/organizations/5e5696bb34bf3400011688b2?overrideScoreId=score,,,,,,,,,
Colorado Homes & Design,http://www.cohomedesign.com,,,Denver,Colorado,,,,,,apollo,"painting company, painting services - Colorado",https://app.apollo.io/#/organizations/556d9ccd7369641284444a01?overrideScoreId=score,,,,,,,,,
"Proline West, Inc.",http://www.prolinewest.com,,,Proline West,Inc.,,,,,,apollo,"painting company, painting services - Inc.",https://app.apollo.io/#/organizations/5fcb4261650b7b0001158468?overrideScoreId=score,,,,,,,,,
M&E Painting,http://www.mandepainting.com,,,Loveland,Colorado,,,,,,apollo,"painting company, painting services - Colorado",https://app.apollo.io/#/organizations/5fcb04612836cf00010443a7?overrideScoreId=score,,,,,,,,,
LIME Painting Franchise,http://www.limepaintingfranchise.com,,,Greenwood Village,Colorado,,,,,,apollo,"painting company, painting services - Colorado",https://app.apollo.io/#/organizations/5f437ee70f7c5b000151cf25?overrideScoreId=score,,,,,,,,,
Helix Painting,http://www.helixpainting.com,,,Littleton,Colorado,,,,,,apollo,"painting company, painting services - Colorado",https://app.apollo.io/#/organizations/5b12f185a6da98dcf76043c1?overrideScoreId=score,,,,,,,,,
Pappas Painting & Repair,http://www.pappaspainting.com,,,Lakewood,Colorado,,,,,,apollo,"painting company, painting services - Colorado",https://app.apollo.io/#/organizations/556ce45773696411cc6d4700?overrideScoreId=score,,,,,,,,,
"Innovative Painting Systems, Inc",http://www.innovativepaintingco.com,,,Innovative Painting Systems,Inc,,,,,,apollo,"painting company, painting services - Inc",https://app.apollo.io/#/organizations/54a19fbb74686942d3e4c802?overrideScoreId=score,,,,,,,,,
"Prep-Rite Coatings & Contracting, LLC®️",http://www.prepritecoatings.com,,,Golden,Colorado,,,,,,apollo,"painting company, painting services - Colorado",https://app.apollo.io/#/organizations/5ed4876be82ab60001a48143?overrideScoreId=score,,,,,,,,,
Empire Roofing and Restoration,,,,Colorado Springs,Colorado,,,,,,apollo,"painting company, painting services - Colorado",https://app.apollo.io/#/organizations/5e56a7b984f34a00017668a6?overrideScoreId=score,,,,,,,,,
O'Shea's Construction,http://www.osheasconstruction.com,,,Colorado Springs,Colorado,,,,,,apollo,"painting company, painting services - Colorado",https://app.apollo.io/#/organizations/5d3714a8f651257f6345dc97?overrideScoreId=score,,,,,,,,,
All Starr Roofing,http://www.allstarrgc.com,,,Aurora,Colorado,,,,,,apollo,"painting company, painting services - Colorado",https://app.apollo.io/#/organizations/5a9d8456a6da98d98c6b501b?overrideScoreId=score,,,,,,,,,
A Quality Paint Job,http://www.aqualitypaintjob.com,,,Colorado Springs,Colorado,,,,,,apollo,"painting company, painting services - Colorado",https://app.apollo.io/#/organizations/54a23b327468693cddf82818?overrideScoreId=score,,,,,,,,,
Mountain West Painting LLC,http://www.mountainwestpainting.com,,,Littleton,Colorado,,,,,,apollo,"painting company, painting services - Colorado",https://app.apollo.io/#/organizations/61ec3519a531560001b433e8?overrideScoreId=score,,,,,,,,,
Advanced Concepts,http://www.advancedconceptsco.com,,,Littleton,Colorado,,,,,,apollo,"painting company, painting services - Colorado",https://app.apollo.io/#/organizations/614ec5da19077e0001316f13?overrideScoreId=score,,,,,,,,,
LIME Painting® of Northern Colorado,http://www.limepaintingofnortherncolorado.com,,,Boulder,Colorado,,,,,,apollo,"painting company, painting services - Colorado",https://app.apollo.io/#/organizations/5e5833db2895460001e00815?overrideScoreId=score,,,,,,,,,
"Highland Painting Company, LLC",http://www.highlandpaintingpros.com,,,Denver,Colorado,,,,,,apollo,"painting company, painting services - Colorado",https://app.apollo.io/#/organizations/672659c06919ee000128f3bc?overrideScoreId=score,,,,,,,,,
C&C Roofing and Construction,http://www.ccroofingcompany.com,,,Northglenn,Colorado,,,,,,apollo,"painting company, painting services - Colorado",https://app.apollo.io/#/organizations/665cbd487251990001683561?overrideScoreId=score,,,,,,,,,
"Color2Color Painting, Co.",http://www.color2color.com,,,Color2Color Painting,Co.,,,,,,apollo,"painting company, painting services - Co.",https://app.apollo.io/#/organizations/64ba44cf61189a00baecf837?overrideScoreId=score,,,,,,,,,
"RW Professional Painting, LLC",http://www.rwpropainting.com,,,Littleton,Colorado,,,,,,apollo,"painting company, painting services - Colorado",https://app.apollo.io/#/organizations/5ed5f1072419f6000110140d?overrideScoreId=score,,,,,,,,,
Ace Hardware Painting Services,http://www.acehardwarepainting.com,,,Lakewood,Colorado,,,,,,apollo,"painting company, painting services - Colorado",https://app.apollo.io/#/organizations/5a9e21daa6da98d97e7a880b?overrideScoreId=score,,,,,,,,,
Arte and Design LLC.,http://www.arteanddesign.com,,,Denver,Colorado,,,,,,apollo,"painting company, painting services - Colorado",https://app.apollo.io/#/organizations/57c50627a6da986a8f42db8a?overrideScoreId=score,,,,,,,,,
Swedish Painting Company,http://www.swedishpaintingco.com,,,Aspen,Colorado,,,,,,apollo,"painting company, painting services - Colorado",https://app.apollo.io/#/organizations/556d5023736964121f01e300?overrideScoreId=score,,,,,,,,,
Helix Custom Painting,http://www.helixcustompainting.com,,,Littleton,Colorado,,,,,,apollo,"painting company, painting services - Colorado",https://app.apollo.io/#/organizations/68337f6663188d0001c64939?overrideScoreId=score,,,,,,,,,
Stan Painting Services,http://www.stanpainting.com.au,,,Thornton,Colorado,,,,,,apollo,"painting company, painting services - Colorado",https://app.apollo.io/#/organizations/66e406f17cadb70001618435?overrideScoreId=score,,,,,,,,,
Tecc Painting Company,,,,Colorado Springs,Colorado,,,,,,apollo,"painting company, painting services - Colorado",https://app.apollo.io/#/organizations/664b056cf8dd710001b6df82?overrideScoreId=score,,,,,,,,,
Imperial Painters LLC,http://www.imperialpaintersco.com,,,Arvada,Colorado,,,,,,apollo,"painting company, painting services - Colorado",https://app.apollo.io/#/organizations/5fc9ad157f0def0001a1aa67?overrideScoreId=score,,,,,,,,,
LIME Painting of Castle Rock,,,,Castle Rock,Colorado,,,,,,apollo,"painting company, painting services - Colorado",https://app.apollo.io/#/organizations/5e56ad704169b30001c5fad4?overrideScoreId=score,,,,,,,,,
Painting NoCo,http://www.paintingnoco.com,,,Loveland,Colorado,,,,,,apollo,"painting company, painting services - Colorado",https://app.apollo.io/#/organizations/5e55f0efc786930001b7dcae?overrideScoreId=score,,,,,,,,,
Exemplary Painting,http://www.exemplarypainting.com,,,Littleton,Colorado,,,,,,apollo,"painting company, painting services - Colorado",https://app.apollo.io/#/organizations/5b83324e324d446b0607b4bd?overrideScoreId=score,,,,,,,,,
Empire Roofing and Restoration of Colorado Springs,http://www.empireroofingandrestoration.com,,,Colorado Springs,Colorado,,,,,,apollo,"painting company, painting services - Colorado",https://app.apollo.io/#/organizations/54a1ab9374686949e7247106?overrideScoreId=score,,,,,,,,,
"Tall Pines Painting, Inc",http://www.tallpinespainting.com,,,Tall Pines Painting,Inc,,,,,,apollo,"painting company, painting services - Inc",https://app.apollo.io/#/organizations/54a1363069702d46f0aa0201?overrideScoreId=score,,,,,,,,,
"B Sharp Painting, LLC",http://www.bsharppainting.com,,,Peyton,Colorado,,,,,,apollo,"painting company, painting services - Colorado",https://app.apollo.io/#/organizations/67d901a82d35f20001caff32?overrideScoreId=score,,,,,,,,,
Pure Choice Construction,http://www.purechoiceconstruction.com,,,Aurora,Colorado,,,,,,apollo,"painting company, painting services - Colorado",https://app.apollo.io/#/organizations/663308f095d9990007f87dc3?overrideScoreId=score,,,,,,,,,
Crone Roofing,http://www.croneroofing.com,,,Englewood,Colorado,,,,,,apollo,"painting company, painting services - Colorado",https://app.apollo.io/#/organizations/6620afb8e28e550007e0389f?overrideScoreId=score,,,,,,,,,
Colorado Straight Edge Painting,http://www.csepainting.com,,,Aurora,Colorado,,,,,,apollo,"painting company, painting services - Colorado",https://app.apollo.io/#/organizations/64ebb6937cd70200a3b6c80c?overrideScoreId=score,,,,,,,,,
Gardiner Painting,http://www.gardinerpaint.com,,,Colorado Springs,Colorado,,,,,,apollo,"painting company, painting services - Colorado",https://app.apollo.io/#/organizations/649a9a9e99b5e400efca4443?overrideScoreId=score,,,,,,,,,
Paint Baum,http://www.paintbaum.com,,,Boulder,Colorado,,,,,,apollo,"painting company, painting services - Colorado",https://app.apollo.io/#/organizations/6448993224ed930001d1a664?overrideScoreId=score,,,,,,,,,
"Front Range Property Solutions, Inc",http://www.frontrangepropertysolutions.com,,,Front Range Property Solutions,Inc,,,,,,apollo,"painting company, painting services - Inc",https://app.apollo.io/#/organizations/60f2e882c744ce0001d1e486?overrideScoreId=score,,,,,,,,,
"Vivid Color Painting Company, LLC",http://www.vividcolorpaintingco.com,,,Durango,Colorado,,,,,,apollo,"painting company, painting services - Colorado",https://app.apollo.io/#/organizations/5da6ecda46748d00012abc55?overrideScoreId=score,,,,,,,,,
"""Vigil's Handyman Services""",http://www.vigilhandymanservices.com,,,Denver,Colorado,,,,,,apollo,"painting company, painting services - Colorado",https://app.apollo.io/#/organizations/54a13c7369702d0486abeb01?overrideScoreId=score,,,,,,,,,
Matt's Remodel and Painting Services LLC,http://www.mattsremodel.com,,,Thornton,Colorado,,,,,,apollo,"painting company, painting services - Colorado",https://app.apollo.io/#/organizations/674fe1f2ae8a090001f08a10?overrideScoreId=score,,,,,,,,,
Ripcord Painting,http://www.ripcordpainting.com,,,Brighton,Colorado,,,,,,apollo,"painting company, painting services - Colorado",https://app.apollo.io/#/organizations/6420d121361ead0001b498a2?overrideScoreId=score,,,,,,,,,
4-Nine Painting LLC,http://www.thecoloradopaintingcompany.com,,,Denver,Colorado,,,,,,apollo,"painting company, painting services - Colorado",https://app.apollo.io/#/organizations/640980c0f34ee90001516071?overrideScoreId=score,,,,,,,,,
Improovy Painters Denver,,,,Denver,Colorado,,,,,,apollo,"painting company, painting services - Colorado",https://app.apollo.io/#/organizations/63f637d1b3f24b00da4ffebd?overrideScoreId=score,,,,,,,,,
"Owner at Colorado Creations, LLC",http://www.theccllc.com,,,Littleton,Colorado,,,,,,apollo,"painting company, painting services - Colorado",https://app.apollo.io/#/organizations/54a1b81a7468694f8f2aff0a?overrideScoreId=score,,,,,,,,,
SCHOLAR PAINTING LLC,http://www.ctpaintingcontractors.com,,,Seymour,Connecticut,,,,,,apollo,"painting company, painting services - Connecticut",https://app.apollo.io/#/organizations/5f441fc149e00000013ad6e5?overrideScoreId=score,,,,,,,,,
"Roberge Painting Company, Inc.",http://www.robergepainting.com,,,Roberge Painting Company,Inc.,,,,,,apollo,"painting company, painting services - Inc.",https://app.apollo.io/#/organizations/5e56af21e8dafc0001895986?overrideScoreId=score,,,,,,,,,
MacKenzie Painting Company,http://www.mackenziepaintingco.com,,,Stratford,Connecticut,,,,,,apollo,"painting company, painting services - Connecticut",https://app.apollo.io/#/organizations/5fca04f7be1c6100014ef215?overrideScoreId=score,,,,,,,,,
Franklin Painting LLC,http://www.franklinpainting.com,,,Farmington,Connecticut,,,,,,apollo,"painting company, painting services - Connecticut",https://app.apollo.io/#/organizations/56d7fa7bf3e5bb58a6002206?overrideScoreId=score,,,,,,,,,
"Shoreline Painting & Drywall, Inc.",http://www.shorelinepaintingct.com,,,Shoreline Painting & Drywall,Inc.,,,,,,apollo,"painting company, painting services - Inc.",https://app.apollo.io/#/organizations/55e8938bf3e5bb220a000072?overrideScoreId=score,,,,,,,,,
Renaissance - A Painting Company,http://www.ren-painting.com,,,Glastonbury,Connecticut,,,,,,apollo,"painting company, painting services - Connecticut",https://app.apollo.io/#/organizations/54a1358369702d48e2bc9c00?overrideScoreId=score,,,,,,,,,
SMS Painting,http://www.smspaintingllc.com,,,Bridgeport,Connecticut,,,,,,apollo,"painting company, painting services - Connecticut",https://app.apollo.io/#/organizations/559222cb7369641908728b00?overrideScoreId=score,,,,,,,,,
K. Morgan Commercial Painting,http://www.kmorganassociates.com,,,North Haven,Connecticut,,,,,,apollo,"painting company, painting services - Connecticut",https://app.apollo.io/#/organizations/5e56652e4e4bc20001011b91?overrideScoreId=score,,,,,,,,,
Contract Painting Services Llc,http://www.snowspainting.com,,,Hartford,Connecticut,,,,,,apollo,"painting company, painting services - Connecticut",https://app.apollo.io/#/organizations/54fca1107369647e76830000?overrideScoreId=score,,,,,,,,,
MARTINEZ PAINTING COMPANY LLC,http://www.martinezpainting.com,,,Essex,Connecticut,,,,,,apollo,"painting company, painting services - Connecticut",https://app.apollo.io/#/organizations/6739831fc2e9160001ae5ec8?overrideScoreId=score,,,,,,,,,
JC PRO PAINTING SERVICES,,,,Bridgeport,Connecticut,,,,,,apollo,"painting company, painting services - Connecticut",https://app.apollo.io/#/organizations/64523e0b59851d000129820c?overrideScoreId=score,,,,,,,,,
"Zeiss Construction Group, LLC",http://www.zeissconstruction.com,,,Stratford,Connecticut,,,,,,apollo,"painting company, painting services - Connecticut",https://app.apollo.io/#/organizations/6783fc81a8beae0001e3a637?overrideScoreId=score,,,,,,,,,
ROBERGE PAINTING COMPANY INC,http://www.epoxyflooringservices.com,,,Bristol,Connecticut,,,,,,apollo,"painting company, painting services - Connecticut",https://app.apollo.io/#/organizations/673c45a17e4999000131e067?overrideScoreId=score,,,,,,,,,
Naugatuck Construction,http://www.naugatuckconstruction.com,,,Naugatuck,Connecticut,,,,,,apollo,"painting company, painting services - Connecticut",https://app.apollo.io/#/organizations/605df2cf63206b00fee986a0?overrideScoreId=score,,,,,,,,,
Pro House Painters LLC,http://www.prohousepainters.net,,,Putnam,Connecticut,,,,,,apollo,"painting company, painting services - Connecticut",https://app.apollo.io/#/organizations/674d85c2997361000143ee63?overrideScoreId=score,,,,,,,,,
"Painters In CT - Interior, Exterior, Commercial, & Residential Painting",http://www.newhavenpaintersllc.com,,,Southington,Connecticut,,,,,,apollo,"painting company, painting services - Connecticut",https://app.apollo.io/#/organizations/5da540b5cef49f000192bfb2?overrideScoreId=score,,,,,,,,,
"Turner Painting Service, Inc.",http://www.turnerpaintingservice.com,,,Turner Painting Service,Inc.,,,,,,apollo,"painting company, painting services - Inc.",https://app.apollo.io/#/organizations/5d449e26576fbc09d5056d5c?overrideScoreId=score,,,,,,,,,
Glendening Painting Services,http://www.glendeningpainting.com.au,,,Newington,Connecticut,,,,,,apollo,"painting company, painting services - Connecticut",https://app.apollo.io/#/organizations/56d3de0df3e5bb3a7a00172b?overrideScoreId=score,,,,,,,,,
"DiNardo Painting, LLC.",http://www.dinardopainting.com,,,New London,Connecticut,,,,,,apollo,"painting company, painting services - Connecticut",https://app.apollo.io/#/organizations/5da30c3be3362e00014e1caa?overrideScoreId=score,,,,,,,,,
Provision Painting and Design LLC,http://www.provisionpaintinganddesign.com,,,Fairfield,Connecticut,,,,,,apollo,"painting company, painting services - Connecticut",https://app.apollo.io/#/organizations/56d95f54f3e5bb731d001fac?overrideScoreId=score,,,,,,,,,
E D Painting,http://www.edpaintingonline.com,,,West Hartford,Connecticut,,,,,,apollo,"painting company, painting services - Connecticut",https://app.apollo.io/#/organizations/54a1284769702dc12826ca00?overrideScoreId=score,,,,,,,,,
Fairfield Painting Company,http://www.fairfieldpainting.com,,,Fairfield,Connecticut,,,,,,apollo,"painting company, painting services - Connecticut",https://app.apollo.io/#/organizations/672742feed6bc2000186939f?overrideScoreId=score,,,,,,,,,
Joe Tamborra Painting Company,http://www.norwichpaintingcontractor.com,,,Norwich,Connecticut,,,,,,apollo,"painting company, painting services - Connecticut",https://app.apollo.io/#/organizations/6701758390d84b000118e425?overrideScoreId=score,,,,,,,,,
Camilo Painting Services LLC,http://www.camilopaintingservices.com,,,Stamford,Connecticut,,,,,,apollo,"painting company, painting services - Connecticut",https://app.apollo.io/#/organizations/66ea8df5d928ee000109ebab?overrideScoreId=score,,,,,,,,,
KD Home Improvement,http://www.kdhomeimprovement.com,,,West Hartford,Connecticut,,,,,,apollo,"painting company, painting services - Connecticut",https://app.apollo.io/#/organizations/5500b9567369641718071300?overrideScoreId=score,,,,,,,,,
Cowboy Painting Co,http://www.cowboypaintingco.com,,,Middletown,Delaware,,,,,,apollo,"painting company, painting services - Delaware",https://app.apollo.io/#/organizations/64210044a45c0b0001ca40d4?overrideScoreId=score,,,,,,,,,
M&K Renovations,http://www.mk-renovations.com,,,Wilmington,Delaware,,,,,,apollo,"painting company, painting services - Delaware",https://app.apollo.io/#/organizations/5ee0c3b2f01fc90001f1005c?overrideScoreId=score,,,,,,,,,
Burke painting Company LLC,http://www.burkepaintingandcoatings.com,,,Wilmington,Delaware,,,,,,apollo,"painting company, painting services - Delaware",https://app.apollo.io/#/organizations/56dd2052f3e5bb1ae900184a?overrideScoreId=score,,,,,,,,,
KD Drywall N Paint LLC,http://www.kddrywallnpaint.com,,,Millsboro,Delaware,,,,,,apollo,"painting company, painting services - Delaware",https://app.apollo.io/#/organizations/64739df7e2145c0001650b80?overrideScoreId=score,,,,,,,,,
HHI Painting Services,http://www.hhipaint.com,,,Claymont,Delaware,,,,,,apollo,"painting company, painting services - Delaware",https://app.apollo.io/#/organizations/6438b991d2ab3000a340be16?overrideScoreId=score,,,,,,,,,
Tri Tec Painting & Waterproofing,http://www.tritecpainting.com,,,Fort Myers,Florida,,,,,,apollo,"painting company, painting services - Florida",https://app.apollo.io/#/organizations/67eeb606c5ce8c001d746aad?overrideScoreId=score,,,,,,,,,
I.A.C. PAINTING COMPANY INC.,http://www.iacpainting.com,,,Tampa,Florida,,,,,,apollo,"painting company, painting services - Florida",https://app.apollo.io/#/organizations/6730c2080af9f60001e2e517?overrideScoreId=score,,,,,,,,,
AMV Renovations,http://www.amvrenovations.com,,,Orlando,Florida,,,,,,apollo,"painting company, painting services - Florida",https://app.apollo.io/#/organizations/669e056482d6a502d2a1005c?overrideScoreId=score,,,,,,,,,
R&B Home Service,,,,Orlando,Florida,,,,,,apollo,"painting company, painting services - Florida",https://app.apollo.io/#/organizations/661e2f3edba7290007c181d7?overrideScoreId=score,,,,,,,,,
Hones-T Painting LLC,http://www.hones-tpainting.com,,,Sarasota,Florida,,,,,,apollo,"painting company, painting services - Florida",https://app.apollo.io/#/organizations/65be7061a94694000112f2f6?overrideScoreId=score,,,,,,,,,
Coastal Painting of South Florida,,,,Fort Lauderdale,Florida,,,,,,apollo,"painting company, painting services - Florida",https://app.apollo.io/#/organizations/64b3349ca27b120001d95078?overrideScoreId=score,,,,,,,,,
Fresh Coating,http://www.freshcoatingllc.com,,,Fort Walton Beach,Florida,,,,,,apollo,"painting company, painting services - Florida",https://app.apollo.io/#/organizations/64a6667023b5ff0001281872?overrideScoreId=score,,,,,,,,,
The Cabinet Painting Company,http://www.cabinetpaintingco.com,,,Lithia,Florida,,,,,,apollo,"painting company, painting services - Florida",https://app.apollo.io/#/organizations/63c2ea9b5c1fde0001e1b472?overrideScoreId=score,,,,,,,,,
Blu Baboon Painting,http://www.blubaboon.com,,,Cocoa,Florida,,,,,,apollo,"painting company, painting services - Florida",https://app.apollo.io/#/organizations/6384b6b5a0238900a31b5c73?overrideScoreId=score,,,,,,,,,
Sante Custom Painting & Designs,http://www.santecustompainting.com,,,Orlando,Florida,,,,,,apollo,"painting company, painting services - Florida",https://app.apollo.io/#/organizations/614ead27ccf149000195a26a?overrideScoreId=score,,,,,,,,,
2W Solutions Corp,http://www.2wsolutionscorp.com,,,Orlando,Florida,,,,,,apollo,"painting company, painting services - Florida",https://app.apollo.io/#/organizations/614011c05bbeb30001a57a7e?overrideScoreId=score,,,,,,,,,
SUPERMIXERS LLC,http://www.supermixers.us,,,Orlando,Florida,,,,,,apollo,"painting company, painting services - Florida",https://app.apollo.io/#/organizations/5e58166761258d00012a2e99?overrideScoreId=score,,,,,,,,,
Tampa Bay Painting Company,http://www.tbpaintingco.com,,,Saint Petersburg,Florida,,,,,,apollo,"painting company, painting services - Florida",https://app.apollo.io/#/organizations/55ef78c5f3e5bb3550000dea?overrideScoreId=score,,,,,,,,,
"GPS Painting Group, LLC (561-247-2468)",http://www.gpspaintingfl.com,,,Royal Palm Beach,Florida,,,,,,apollo,"painting company, painting services - Florida",https://app.apollo.io/#/organizations/5500b76a736964606b480600?overrideScoreId=score,,,,,,,,,
Hall Painting Services,http://www.hallpaintingservices.com,,,Clearwater,Florida,,,,,,apollo,"painting company, painting services - Florida",https://app.apollo.io/#/organizations/54a1342669702d3170353400?overrideScoreId=score,,,,,,,,,
"DT Painter, LLC.",http://www.dtpainter.com,,,Coral Springs,Florida,,,,,,apollo,"painting company, painting services - Florida",https://app.apollo.io/#/organizations/54a128e069702d90a2337401?overrideScoreId=score,,,,,,,,,
Triple S Painting and Cleaning Services,http://www.triplespaintingandcleaningservices.com,,,Spring Hill,Florida,,,,,,apollo,"painting company, painting services - Florida",https://app.apollo.io/#/organizations/674cc9ccb453520001e69923?overrideScoreId=score,,,,,,,,,
Munyan Painting Services,http://www.munyanpaintingservices.com,,,Bradenton,Florida,,,,,,apollo,"painting company, painting services - Florida",https://app.apollo.io/#/organizations/6727e14d0b702b000158d621?overrideScoreId=score,,,,,,,,,
American Standard Painting & Drywall,http://www.americanstandardpaint.com,,,Seminole,Florida,,,,,,apollo,"painting company, painting services - Florida",https://app.apollo.io/#/organizations/67269d523ca5f70001974ef4?overrideScoreId=score,,,,,,,,,
"XTREME PAINTING SERVICES, INC.",http://www.xtremepaintingservices.com,,,Tampa,Florida,,,,,,apollo,"painting company, painting services - Florida",https://app.apollo.io/#/organizations/6714314733a88400017eab81?overrideScoreId=score,,,,,,,,,
SOCORRO PAINTING COMPANY,http://www.socorropainting.com,,,Miami,Florida,,,,,,apollo,"painting company, painting services - Florida",https://app.apollo.io/#/organizations/66e504d0829610000151de82?overrideScoreId=score,,,,,,,,,
ILG Painting Corporation,http://www.ilgpaintingcorporation.com,,,Fort Lauderdale,Florida,,,,,,apollo,"painting company, painting services - Florida",https://app.apollo.io/#/organizations/66d13eeadfae4e02d0adf980?overrideScoreId=score,,,,,,,,,
GLOBAL PAINTING SERVICES,http://www.paintingood.com,,,Sanford,Florida,,,,,,apollo,"painting company, painting services - Florida",https://app.apollo.io/#/organizations/6638154e3498f40001a553e6?overrideScoreId=score,,,,,,,,,
"RC Painting & Decorative Coatings, Inc.",http://www.rcpaintingbrevard.com,,,RC Painting & Decorative Coatings,Inc.,,,,,,apollo,"painting company, painting services - Inc.",https://app.apollo.io/#/organizations/65b20b1063a5530001666cf3?overrideScoreId=score,,,,,,,,,
Coordinated Concepts LLC,http://www.coordinatedconceptsllc.com,,,Riverview,Florida,,,,,,apollo,"painting company, painting services - Florida",https://app.apollo.io/#/organizations/6579f88513943b01ae4aba39?overrideScoreId=score,,,,,,,,,
M N PAINTING SERVICES LLC,http://www.mnpaintservices.com,,,Wesley Chapel,Florida,,,,,,apollo,"painting company, painting services - Florida",https://app.apollo.io/#/organizations/65572fe1155ef700a37d8755?overrideScoreId=score,,,,,,,,,
Ideal Paint Solutions,http://www.idealpaintsolutions.com,,,Jacksonville,Florida,,,,,,apollo,"painting company, painting services - Florida",https://app.apollo.io/#/organizations/64c4c3cce0b44a0001a6960a?overrideScoreId=score,,,,,,,,,
Tj Handyman Home Repair & Remodeling Services LLC,http://www.tjhandymanservicesllc.com,,,Orlando,Florida,,,,,,apollo,"painting company, painting services - Florida",https://app.apollo.io/#/organizations/64919b1ccd546100d93df8f3?overrideScoreId=score,,,,,,,,,
"T&T Pools And Handyman Services, Inc.",http://www.tandtatyourservice.com,,,T&T Pools And Handyman Services,Inc.,,,,,,apollo,"painting company, painting services - Inc.",https://app.apollo.io/#/organizations/646b497b74f37300015bdc43?overrideScoreId=score,,,,,,,,,
Starforce Construction Group,http://www.starforcellc.com,,,Orlando,Florida,,,,,,apollo,"painting company, painting services - Florida",https://app.apollo.io/#/organizations/61ec829df04bc40001f4cc73?overrideScoreId=score,,,,,,,,,
"Team Sepi Inc., A Painting Company®",,,,Miami,Florida,,,,,,apollo,"painting company, painting services - Florida",https://app.apollo.io/#/organizations/60064b1a11702900e4bdfc14?overrideScoreId=score,,,,,,,,,
Spencer Colgan Wallpaper Hanger,http://www.spencercolgan.com,,,Tampa,Florida,,,,,,apollo,"painting company, painting services - Florida",https://app.apollo.io/#/organizations/5ed28daaec800f00016ec3b3?overrideScoreId=score,,,,,,,,,
Paggio Painting Company Inc.,http://www.paggiopainting.com,,,Tampa,Florida,,,,,,apollo,"painting company, painting services - Florida",https://app.apollo.io/#/organizations/56e5dff2f3e5bb17f4005de8?overrideScoreId=score,,,,,,,,,
Chance Painting Company LLC,http://www.chancepainting.com,,,Fort Walton Beach,Florida,,,,,,apollo,"painting company, painting services - Florida",https://app.apollo.io/#/organizations/56dd56b8f3e5bb1ac500331b?overrideScoreId=score,,,,,,,,,
"Bayshore Painting Contractors, Inc.",http://www.bayshorepainting.net,,,Bayshore Painting Contractors,Inc.,,,,,,apollo,"painting company, painting services - Inc.",https://app.apollo.io/#/organizations/54a1363169702d4b2e75d800?overrideScoreId=score,,,,,,,,,
A Competitive Edge,http://www.ace-paints.com,,,Cape Coral,Florida,,,,,,apollo,"painting company, painting services - Florida",https://app.apollo.io/#/organizations/68d04ebaa06cae0001c68df4?overrideScoreId=score,,,,,,,,,
"JB Painting & Waterproofing, Inc.",http://www.jbpaint.com,,,JB Painting & Waterproofing,Inc.,,,,,,apollo,"painting company, painting services - Inc.",https://app.apollo.io/#/organizations/6852450bf8cef40001a453cc?overrideScoreId=score,,,,,,,,,
Conmar Remodeling Solutions,http://www.conmarremodeling.com,,,Naples,Florida,,,,,,apollo,"painting company, painting services - Florida",https://app.apollo.io/#/organizations/6837fcdbafb26b0001c09db9?overrideScoreId=score,,,,,,,,,
Sykes Painting Services,http://www.sykespaintingservices.net,,,West Palm Beach,Florida,,,,,,apollo,"painting company, painting services - Florida",https://app.apollo.io/#/organizations/674ff8f34b817f00017faf2b?overrideScoreId=score,,,,,,,,,
Sons of Monaco Painting,http://www.sonsofmonacopainting.com,,,Fort Myers,Florida,,,,,,apollo,"painting company, painting services - Florida",https://app.apollo.io/#/organizations/674575a33a363b00019b3ba2?overrideScoreId=score,,,,,,,,,
"GIZER'S PAINTING SERVICES, LLC",http://www.gizerspaintingservices.com,,,Altamonte Springs,Florida,,,,,,apollo,"painting company, painting services - Florida",https://app.apollo.io/#/organizations/674034dff95d1100010f0928?overrideScoreId=score,,,,,,,,,
DJ Corporate Solutions LLC,http://www.djcorporatesolutions.com,,,Palm Bay,Florida,,,,,,apollo,"painting company, painting services - Florida",https://app.apollo.io/#/organizations/6718bfe3473a1c000125524a?overrideScoreId=score,,,,,,,,,
BERTRAMS PAINTING SERVICES INC,http://www.bertramspaintingservices.com,,,Miramar,Florida,,,,,,apollo,"painting company, painting services - Florida",https://app.apollo.io/#/organizations/670bd2283bf7480001423092?overrideScoreId=score,,,,,,,,,
SITA SOLUTIONS LLC,http://www.sitasolution.com,,,Davie,Florida,,,,,,apollo,"painting company, painting services - Florida",https://app.apollo.io/#/organizations/6704f3dd27e5fd0001a98db4?overrideScoreId=score,,,,,,,,,
"PAGE PAINTING COMPANY, L.L.C.",http://www.pagepaintingco.com,,,Orlando,Florida,,,,,,apollo,"painting company, painting services - Florida",https://app.apollo.io/#/organizations/66f23bd74fb92d00012b75ee?overrideScoreId=score,,,,,,,,,
Florida Painting Services,http://www.florida-painting.com,,,Pompano Beach,Florida,,,,,,apollo,"painting company, painting services - Florida",https://app.apollo.io/#/organizations/66f0aa53b92f6e00013225cf?overrideScoreId=score,,,,,,,,,
Compass Painting of SWFL,http://www.compasspaintingswfl.com,,,Sarasota,Florida,,,,,,apollo,"painting company, painting services - Florida",https://app.apollo.io/#/organizations/66dbc568b617610001938e20?overrideScoreId=score,,,,,,,,,
Forward Construction Group,http://www.fwdconstructiongroup.com,,,Jacksonville,Florida,,,,,,apollo,"painting company, painting services - Florida",https://app.apollo.io/#/organizations/66470d669fa27d0001af19f2?overrideScoreId=score,,,,,,,,,
Boscan Corp,http://www.boscancorp.com,,,Fort Walton Beach,Florida,,,,,,apollo,"painting company, painting services - Florida",https://app.apollo.io/#/organizations/65b9e4f1393c6a0001494a2b?overrideScoreId=score,,,,,,,,,
First Coast Siding,http://www.firstcoastsiding.com,,,Jacksonville,Florida,,,,,,apollo,"painting company, painting services - Florida",https://app.apollo.io/#/organizations/6545f0c859d2100001410ac5?overrideScoreId=score,,,,,,,,,
7 Contractor | Renovation,http://www.7contractor.com,,,Tampa,Florida,,,,,,apollo,"painting company, painting services - Florida",https://app.apollo.io/#/organizations/5e56d31f13757d00015f5971?overrideScoreId=score,,,,,,,,,
O.R. Painting Inc.,http://www.orpaintingfl.com,,,Big Pine Key,Florida,,,,,,apollo,"painting company, painting services - Florida",https://app.apollo.io/#/organizations/55f84af8f3e5bb7643004ab6?overrideScoreId=score,,,,,,,,,
Upscale Painting Services Inc,http://www.upscalepainting.ca,,,Saint Petersburg,Florida,,,,,,apollo,"painting company, painting services - Florida",https://app.apollo.io/#/organizations/55f3de11f3e5bb1e6f0032be?overrideScoreId=score,,,,,,,,,
Kelley Painting Services,,,,Mount Dora,Florida,,,,,,apollo,"painting company, painting services - Florida",https://app.apollo.io/#/organizations/68f83c86beddb30019b49844?overrideScoreId=score,,,,,,,,,
Orange Painting Services,http://www.orangepaintingservices.com,,,Tampa,Florida,,,,,,apollo,"painting company, painting services - Florida",https://app.apollo.io/#/organizations/67add8cb6ee6b40021e69c18?overrideScoreId=score,,,,,,,,,
Revive Painting Services,http://www.revivepaintingusa.com,,,Boca Raton,Florida,,,,,,apollo,"painting company, painting services - Florida",https://app.apollo.io/#/organizations/67add7406faffc0021f04099?overrideScoreId=score,,,,,,,,,
Winter Park Painting Company,http://www.winterparkpaintingcompany.com,,,Winter Park,Florida,,,,,,apollo,"painting company, painting services - Florida",https://app.apollo.io/#/organizations/6743554751264500012b250f?overrideScoreId=score,,,,,,,,,
MARK RALSTON PAINTING COMPANY,http://www.markralstonpainting.com,,,Jupiter,Florida,,,,,,apollo,"painting company, painting services - Florida",https://app.apollo.io/#/organizations/67431009975d6e000169deed?overrideScoreId=score,,,,,,,,,
L2M Painting Solution,http://www.l2mpainting.com,,,Deerfield Beach,Florida,,,,,,apollo,"painting company, painting services - Florida",https://app.apollo.io/#/organizations/6739958f22b3930001cbac1c?overrideScoreId=score,,,,,,,,,
"JPV PAINTING SERVICES, INC.",http://www.jpvpaintingservices.com,,,Coral Springs,Florida,,,,,,apollo,"painting company, painting services - Florida",https://app.apollo.io/#/organizations/673882b72f9c5a000110d166?overrideScoreId=score,,,,,,,,,
Allied Painting Services,http://www.allied-painting-services.com,,,Panama City Beach,Florida,,,,,,apollo,"painting company, painting services - Florida",https://app.apollo.io/#/organizations/67273bd92db1f90001e65a8a?overrideScoreId=score,,,,,,,,,
Best Way Painting Naples,http://www.bestwaypaintingfl.com,,,Naples,Florida,,,,,,apollo,"painting company, painting services - Florida",https://app.apollo.io/#/organizations/67149ff23c0cf800018f0a14?overrideScoreId=score,,,,,,,,,
Kendall Painting Services,http://www.kendallpaintingservices.com,,,Miami,Florida,,,,,,apollo,"painting company, painting services - Florida",https://app.apollo.io/#/organizations/66fd152405604e0001f9fe07?overrideScoreId=score,,,,,,,,,
JMB Painting Services,http://www.jmbpaintingservices.com,,,Key West,Florida,,,,,,apollo,"painting company, painting services - Florida",https://app.apollo.io/#/organizations/66fa41e4008a530001c7e80d?overrideScoreId=score,,,,,,,,,
Anicette Stucco LLC,http://www.anicettestuccorepair.com,,,Minneola,Florida,,,,,,apollo,"painting company, painting services - Florida",https://app.apollo.io/#/organizations/66ef87ffcd940a0001ae52a6?overrideScoreId=score,,,,,,,,,
Dan Hoffman Painting Services,http://www.danhoffmanpaintingservices.com,,,Margate,Florida,,,,,,apollo,"painting company, painting services - Florida",https://app.apollo.io/#/organizations/66e776eabb2772000135768c?overrideScoreId=score,,,,,,,,,
"Stucco Repair St. Petersburg, FL",http://www.stpetersburgstuccorepair.com,,,Saint Petersburg,Florida,,,,,,apollo,"painting company, painting services - Florida",https://app.apollo.io/#/organizations/66771e5e9a27dc0001e87ee2?overrideScoreId=score,,,,,,,,,
JACLEL Llc,http://www.jaclel.com,,,Davie,Florida,,,,,,apollo,"painting company, painting services - Florida",https://app.apollo.io/#/organizations/6417fd9e656a0100013cd19e?overrideScoreId=score,,,,,,,,,
S-max • Painting Estimating & Takeoff Services,http://www.paintingestimatingservices.com,,,Pompano Beach,Florida,,,,,,apollo,"painting company, painting services - Florida",https://app.apollo.io/#/organizations/63522df0c58a9000cc106232?overrideScoreId=score,,,,,,,,,
AT CONSTRUCTION FLORIDA,http://www.atconstructionfl.com,,,Orlando,Florida,,,,,,apollo,"painting company, painting services - Florida",https://app.apollo.io/#/organizations/6076a15e266a4400a44cbdb5?overrideScoreId=score,,,,,,,,,
CTI General Contractors Inc.,http://www.ctigc.net,,,Miami,Florida,,,,,,apollo,"painting company, painting services - Florida",https://app.apollo.io/#/organizations/67d902fa25e9e60001876a6d?overrideScoreId=score,,,,,,,,,
Markone Contractors,http://www.markonecontractors.com,,,West Palm Beach,Florida,,,,,,apollo,"painting company, painting services - Florida",https://app.apollo.io/#/organizations/6605f33cc6177a0300275db9?overrideScoreId=score,,,,,,,,,
Roofing & Restoration of Florida,http://www.rroffl.com,,,West Palm Beach,Florida,,,,,,apollo,"painting company, painting services - Florida",https://app.apollo.io/#/organizations/653f8feede281700d0ce3f8e?overrideScoreId=score,,,,,,,,,
Ganster and Company Inc.,http://www.gansterpaint.com,,,Tampa,Florida,,,,,,apollo,"painting company, painting services - Florida",https://app.apollo.io/#/organizations/60b26c6b622d450001dd829a?overrideScoreId=score,,,,,,,,,
"Extreme Painting & Contracting, Inc.",http://www.extremepaintingfl.com,,,Extreme Painting & Contracting,Inc.,,,,,,apollo,"painting company, painting services - Inc.",https://app.apollo.io/#/organizations/5f3ee8d62588bb000163c2d1?overrideScoreId=score,,,,,,,,,
"Dulakis Painting, Inc.",http://www.dulakispainting.com,,,Dulakis Painting,Inc.,,,,,,apollo,"painting company, painting services - Inc.",https://app.apollo.io/#/organizations/55921f787369643bddc22300?overrideScoreId=score,,,,,,,,,
Precision Painting & Waterproofing,http://www.precisionpaintingwaterproofing.com,,,Vero Beach,Florida,,,,,,apollo,"painting company, painting services - Florida",https://app.apollo.io/#/organizations/5569948d73696425db8b5b00?overrideScoreId=score,,,,,,,,,
Smith Plastering Inc,http://www.smithplastering.com,,,Naples,Florida,,,,,,apollo,"painting company, painting services - Florida",https://app.apollo.io/#/organizations/54a1adf07468695475bb3307?overrideScoreId=score,,,,,,,,,
Smart Coat Painting & Construction,http://www.smartcoatpaintingfl.com,,,Deerfield Beach,Florida,,,,,,apollo,"painting company, painting services - Florida",https://app.apollo.io/#/organizations/678c82df320fdb0001fddd2b?overrideScoreId=score,,,,,,,,,
"CARLOS PROFESSIONAL PAINTING SERVICES, INC.",http://www.cpspainting.com,,,Pompano Beach,Florida,,,,,,apollo,"painting company, painting services - Florida",https://app.apollo.io/#/organizations/674990c30cda9e00019b2578?overrideScoreId=score,,,,,,,,,
EZ Painting Services,http://www.ezpaintingservices.com,,,Port Charlotte,Florida,,,,,,apollo,"painting company, painting services - Florida",https://app.apollo.io/#/organizations/67312d60cfd91b00011db109?overrideScoreId=score,,,,,,,,,
Excell General Service Group,http://www.excellservicegroup.com,,,Bonita Springs,Florida,,,,,,apollo,"painting company, painting services - Florida",https://app.apollo.io/#/organizations/671633060180600001262320?overrideScoreId=score,,,,,,,,,
COLORS PAINTING SERVICES LLC.,http://www.colorspaintingservices.com,,,Saint Cloud,Florida,,,,,,apollo,"painting company, painting services - Florida",https://app.apollo.io/#/organizations/6710a13f0feb7500011e63ca?overrideScoreId=score,,,,,,,,,
World Construction Design,http://www.wcdgn.com,,,Orlando,Florida,,,,,,apollo,"painting company, painting services - Florida",https://app.apollo.io/#/organizations/66f4dcb1d9c32700014a4f47?overrideScoreId=score,,,,,,,,,
Lady Painters at Work,http://www.ladypaintersatwork.com,,,Homestead,Florida,,,,,,apollo,"painting company, painting services - Florida",https://app.apollo.io/#/organizations/61ec93756941fd000117b71f?overrideScoreId=score,,,,,,,,,
"A Step Above Painting, LLC.",http://www.asapsrq.com,,,Sarasota,Florida,,,,,,apollo,"painting company, painting services - Florida",https://app.apollo.io/#/organizations/5ed33ab4a137530001916c83?overrideScoreId=score,,,,,,,,,
Sinclair Custom Homes Inc,http://www.sinclaircustomhome.com,,,Cape Coral,Florida,,,,,,apollo,"painting company, painting services - Florida",https://app.apollo.io/#/organizations/5d0a45ddf65125d058712a53?overrideScoreId=score,,,,,,,,,
Biscayne Painting Corp,http://www.biscaynepaintingcorp.com,,,Hollywood,Florida,,,,,,apollo,"painting company, painting services - Florida",https://app.apollo.io/#/organizations/55f18a9ff3e5bb6152002794?overrideScoreId=score,,,,,,,,,
Bright Side Painting Of Jax Inc.,,,,Jacksonville Beach,Florida,,,,,,apollo,"painting company, painting services - Florida",https://app.apollo.io/#/organizations/666516bdaba2b000018e4255?overrideScoreId=score,,,,,,,,,
Bamm Renovation Group,http://www.bammgroupllc.com,,,Orlando,Florida,,,,,,apollo,"painting company, painting services - Florida",https://app.apollo.io/#/organizations/65ece5187e48f70007264a9e?overrideScoreId=score,,,,,,,,,
"Miami Construction Brokers, INC",http://www.miamiconstructionbrokers.com,,,Medley,Florida,,,,,,apollo,"painting company, painting services - Florida",https://app.apollo.io/#/organizations/640dee982f41de0001ccbefb?overrideScoreId=score,,,,,,,,,
"Seal Pro Painting, Inc.",http://www.sealpropainting.com,,,Seal Pro Painting,Inc.,,,,,,apollo,"painting company, painting services - Inc.",https://app.apollo.io/#/organizations/5ed581446a693c0001c2ea0c?overrideScoreId=score,,,,,,,,,
Epic Painting Services,http://www.epicpaintingservices.com,,,Longwood,Florida,,,,,,apollo,"painting company, painting services - Florida",https://app.apollo.io/#/organizations/5e55b8a0e90db10001ebd137?overrideScoreId=score,,,,,,,,,
"Nu Look Painting & Services, Corp.",http://www.nulookpainting.com,,,Nu Look Painting & Services,Corp.,,,,,,apollo,"painting company, painting services - Corp.",https://app.apollo.io/#/organizations/5569ba4573696425d7fc8200?overrideScoreId=score,,,,,,,,,
Jonsson Construction,http://www.jonssonconstruction.com,,,Jacksonville,Florida,,,,,,apollo,"painting company, painting services - Florida",https://app.apollo.io/#/organizations/54a13b6969702d231f37b001?overrideScoreId=score,,,,,,,,,
JC Contractors Group,http://www.jccontractorsgroup.com,,,Miami,Florida,,,,,,apollo,"painting company, painting services - Florida",https://app.apollo.io/#/organizations/64ba4d28e0838c0001c3eae6?overrideScoreId=score,,,,,,,,,
Paint Pros USA,http://www.paintprosusa.net,,,Miami,Florida,,,,,,apollo,"painting company, painting services - Florida",https://app.apollo.io/#/organizations/615fefe357a7500001b81eb6?overrideScoreId=score,,,,,,,,,
FLS Painting Contractors,http://www.flspainting.com,,,Boca Raton,Florida,,,,,,apollo,"painting company, painting services - Florida",https://app.apollo.io/#/organizations/5ed74742ca3d130001e85e99?overrideScoreId=score,,,,,,,,,
"AGE OF EMPIRE, INC.",http://www.ageofempireinc.com,,,Miami,Florida,,,,,,apollo,"painting company, painting services - Florida",https://app.apollo.io/#/organizations/5da1537a4614520001aaf708?overrideScoreId=score,,,,,,,,,
Regal Custom Painting Inc,http://www.regalcustompainting.com,,,Palm Bay,Florida,,,,,,apollo,"painting company, painting services - Florida",https://app.apollo.io/#/organizations/556de42773696412269aba01?overrideScoreId=score,,,,,,,,,
Five Seasons Painting,http://www.fiveseasonspainting.com,,,Sanford,Florida,,,,,,apollo,"painting company, painting services - Florida",https://app.apollo.io/#/organizations/668b23648fa28d00012e56ea?overrideScoreId=score,,,,,,,,,
"SPR SERVICES, INC.",http://www.sprservices.com,,,Orlando,Florida,,,,,,apollo,"painting company, painting services - Florida",https://app.apollo.io/#/organizations/5e56b4a800577700017c5602?overrideScoreId=score,,,,,,,,,
Vic's Painting and Reconstruction,http://www.vicspainting.com,,,Fort Myers,Florida,,,,,,apollo,"painting company, painting services - Florida",https://app.apollo.io/#/organizations/5da68c0634d39000016f2c04?overrideScoreId=score,,,,,,,,,
Titan Painting and Maintenance,http://www.titanpainting.com,,,Navarre,Florida,,,,,,apollo,"painting company, painting services - Florida",https://app.apollo.io/#/organizations/5da4dfa3551bd600014f899a?overrideScoreId=score,,,,,,,,,
Euro Restorations,http://www.eurorestorations.com,,,Sarasota,Florida,,,,,,apollo,"painting company, painting services - Florida",https://app.apollo.io/#/organizations/57c4ef04a6da986a1b27a5ec?overrideScoreId=score,,,,,,,,,
GC Contractor Services,http://www.gccontractorservices.com,,,Daytona Beach,Florida,,,,,,apollo,"painting company, painting services - Florida",https://app.apollo.io/#/organizations/56d9d8d2f3e5bb633d000655?overrideScoreId=score,,,,,,,,,
RCI PAINTING,http://www.rcipainting.com,,,Boynton Beach,Florida,,,,,,apollo,"painting company, painting services - Florida",https://app.apollo.io/#/organizations/55ef96f9f3e5bb7b190007de?overrideScoreId=score,,,,,,,,,
"Hutton Enterprises, Inc.",http://www.huttonenterprisesinc.com,,,Hutton Enterprises,Inc.,,,,,,apollo,"painting company, painting services - Inc.",https://app.apollo.io/#/organizations/55ee7085f3e5bb2274001843?overrideScoreId=score,,,,,,,,,
Premium Painters,http://www.premiumpainters.com,,,Hobe Sound,Florida,,,,,,apollo,"painting company, painting services - Florida",https://app.apollo.io/#/organizations/55ea54a7f3e5bb59a6002962?overrideScoreId=score,,,,,,,,,
Al Brothers,http://www.albrothers.com,,,Cape Coral,Florida,,,,,,apollo,"painting company, painting services - Florida",https://app.apollo.io/#/organizations/54a242da7468693fda8cd41a?overrideScoreId=score,,,,,,,,,
LVP Ready,http://www.lvpready.com,,,Doral,Florida,,,,,,apollo,"painting company, painting services - Florida",https://app.apollo.io/#/organizations/66f787c748edab0001f9dc7a?overrideScoreId=score,,,,,,,,,
"Southern Painting & Blasting, LLC",http://www.southern-paint.com,,,Casselberry,Florida,,,,,,apollo,"painting company, painting services - Florida",https://app.apollo.io/#/organizations/6375be591651fa000179a818?overrideScoreId=score,,,,,,,,,
Eco Restoration & Construction,http://www.ecofla.com,,,Deerfield Beach,Florida,,,,,,apollo,"painting company, painting services - Florida",https://app.apollo.io/#/organizations/614470c6524d2100018e64e7?overrideScoreId=score,,,,,,,,,
Coastal Painting Contractors Inc,http://www.coastalpaintingcontractors.com,,,Naples,Florida,,,,,,apollo,"painting company, painting services - Florida",https://app.apollo.io/#/organizations/612a41b09ce6c5000187ee54?overrideScoreId=score,,,,,,,,,
"North Star Contractors, Inc",http://www.northstarcontractors.net,,,North Star Contractors,Inc,,,,,,apollo,"painting company, painting services - Inc",https://app.apollo.io/#/organizations/5f3ff2e73954360001da8177?overrideScoreId=score,,,,,,,,,
Apex Painting Group,http://www.paintwithapex.com,,,Bonita Springs,Florida,,,,,,apollo,"painting company, painting services - Florida",https://app.apollo.io/#/organizations/5e5608be840a2400014cbfcd?overrideScoreId=score,,,,,,,,,
Trinity Painting and Wall Covering,http://www.trinityenterprisespaint.com,,,Miami,Florida,,,,,,apollo,"painting company, painting services - Florida",https://app.apollo.io/#/organizations/55f5b77ff3e5bb07680013bc?overrideScoreId=score,,,,,,,,,
"Ira Walden & Sons, Inc.",http://www.irawalden.com,,,Ira Walden & Sons,Inc.,,,,,,apollo,"painting company, painting services - Inc.",https://app.apollo.io/#/organizations/5500bbfd7369641775732200?overrideScoreId=score,,,,,,,,,
"John ""The Greek"" Painting",http://www.johnthegreekpainting.com,,,Oakland Park,Florida,,,,,,apollo,"painting company, painting services - Florida",https://app.apollo.io/#/organizations/54a11b4b69702d9a8b6b2a00?overrideScoreId=score,,,,,,,,,
GM Painting & Construction,http://www.gmpainting.com,,,Deerfield Beach,Florida,,,,,,apollo,"painting company, painting services - Florida",https://app.apollo.io/#/organizations/66d32df2a93f39000119095e?overrideScoreId=score,,,,,,,,,
TWI Reconstruction,http://www.twiflorida.com,,,Saint Petersburg,Florida,,,,,,apollo,"painting company, painting services - Florida",https://app.apollo.io/#/organizations/65e0129f2238f30001c0f169?overrideScoreId=score,,,,,,,,,
JPV Construction,http://www.jpvconstruction.com,,,Kissimmee,Florida,,,,,,apollo,"painting company, painting services - Florida",https://app.apollo.io/#/organizations/63b185829b8d3c0001dc1ead?overrideScoreId=score,,,,,,,,,
DPT Construction Inc,http://www.dptconstructioninc.com,,,Orlando,Florida,,,,,,apollo,"painting company, painting services - Florida",https://app.apollo.io/#/organizations/604a81bd3767360001f62580?overrideScoreId=score,,,,,,,,,
"Sepi Painting & Waterproofing, Inc.",http://www.sepipainting.com,,,Sepi Painting & Waterproofing,Inc.,,,,,,apollo,"painting company, painting services - Inc.",https://app.apollo.io/#/organizations/5f3f7ae6cfd2e000014c6397?overrideScoreId=score,,,,,,,,,
FLORIDA PAINTING COMPANY,http://www.floridapaintingmiami.com,,,Miami,Florida,,,,,,apollo,"painting company, painting services - Florida",https://app.apollo.io/#/organizations/5da3d61c2fc5830001758fa8?overrideScoreId=score,,,,,,,,,
JCB INTERNATIONAL INC,http://www.jcb-inc.com,,,Palm Harbor,Florida,,,,,,apollo,"painting company, painting services - Florida",https://app.apollo.io/#/organizations/55f6a264f3e5bb18db014417?overrideScoreId=score,,,,,,,,,
"JB Painting and Waterproofing, Inc.",,,,JB Painting and Waterproofing,Inc.,,,,,,apollo,"painting company, painting services - Inc.",https://app.apollo.io/#/organizations/663f9c248cce8d0001032499?overrideScoreId=score,,,,,,,,,
The Plummer Painting Company,http://www.plummerinc.com,,,Winter Park,Florida,,,,,,apollo,"painting company, painting services - Florida",https://app.apollo.io/#/organizations/6545f8889e2fb20001d2456e?overrideScoreId=score,,,,,,,,,
Walker Painting,http://www.walkerpainting.com,,,Longwood,Florida,,,,,,apollo,"painting company, painting services - Florida",https://app.apollo.io/#/organizations/6662a58d72fef500012c9979?overrideScoreId=score,,,,,,,,,
"Mid South Painting, Inc.",http://www.midsouthpaintinginc.com,,,Mid South Painting,Inc.,,,,,,apollo,"painting company, painting services - Inc.",https://app.apollo.io/#/organizations/61ec11b554407500016c794f?overrideScoreId=score,,,,,,,,,
Affordable Quality Painting,http://www.aqpaintingco.com,,,Windermere,Florida,,,,,,apollo,"painting company, painting services - Florida",https://app.apollo.io/#/organizations/559238e3736964186fabdc00?overrideScoreId=score,,,,,,,,,
Ideal Kitchen and Bath,http://www.idealkb.com,,,Naples,Florida,,,,,,apollo,"painting company, painting services - Florida",https://app.apollo.io/#/organizations/54a12acd69702db648323602?overrideScoreId=score,,,,,,,,,
"STRAIGHT LINE PAINTING, INC.",http://www.straightlinepaintinginc.com,,,Tampa,Florida,,,,,,apollo,"painting company, painting services - Florida",https://app.apollo.io/#/organizations/64bdbdbdd614f10001250f84?overrideScoreId=score,,,,,,,,,
"North Florida Field Services, Inc",http://www.reconstructionteam.com,,,North Florida Field Services,Inc,,,,,,apollo,"painting company, painting services - Inc",https://app.apollo.io/#/organizations/5ed35bbfa05d160001286f3a?overrideScoreId=score,,,,,,,,,
MTD Painting & Construction,http://www.mtdcgc.com,,,Coral Springs,Florida,,,,,,apollo,"painting company, painting services - Florida",https://app.apollo.io/#/organizations/5e570021eb7a290001cb701c?overrideScoreId=score,,,,,,,,,
"Ryan Hammond, Inc.",http://www.ryanhammondinc.com,,,Ryan Hammond,Inc.,,,,,,apollo,"painting company, painting services - Inc.",https://app.apollo.io/#/organizations/55eb88a8f3e5bb137900014b?overrideScoreId=score,,,,,,,,,
Talbot Companies,http://www.talbotcompanies.com,,,Jupiter,Florida,,,,,,apollo,"painting company, painting services - Florida",https://app.apollo.io/#/organizations/55ea52a4f3e5bb5987001c57?overrideScoreId=score,,,,,,,,,
Prime Painting Incorperated,http://www.primepaintinginc.com,,,Loxahatchee,Florida,,,,,,apollo,"painting company, painting services - Florida",https://app.apollo.io/#/organizations/54a12a2a69702d979c360402?overrideScoreId=score,,,,,,,,,
Smart Finishes FL Corp,http://www.smartfinishesflcorp.com,,,Winter Garden,Florida,,,,,,apollo,"painting company, painting services - Florida",https://app.apollo.io/#/organizations/65c8706d321cf20001ed171e?overrideScoreId=score,,,,,,,,,
JMK Contractor,http://www.jmkcontractor.com,,,Miami Beach,Florida,,,,,,apollo,"painting company, painting services - Florida",https://app.apollo.io/#/organizations/646b3130ce35440001f99074?overrideScoreId=score,,,,,,,,,
"Supermarket Solutions, Inc",http://www.supermarketsolutionsinc.com,,,Supermarket Solutions,Inc,,,,,,apollo,"painting company, painting services - Inc",https://app.apollo.io/#/organizations/6263ef943c41d30001c96c81?overrideScoreId=score,,,,,,,,,
First Service CGC,http://www.myfirstservice.net,,,North Fort Myers,Florida,,,,,,apollo,"painting company, painting services - Florida",https://app.apollo.io/#/organizations/618a8488dbd89700c25f2614?overrideScoreId=score,,,,,,,,,
THE CAPTAINS Painters & General Contractors,http://www.thecaptainpainter.com,,,Fort Lauderdale,Florida,,,,,,apollo,"painting company, painting services - Florida",https://app.apollo.io/#/organizations/604a38293d75b2000153f924?overrideScoreId=score,,,,,,,,,
"Environmental Painting Alternatives, Inc",http://www.epaflorida.com,,,Environmental Painting Alternatives,Inc,,,,,,apollo,"painting company, painting services - Inc",https://app.apollo.io/#/organizations/5a9e2961a6da98d946726cb1?overrideScoreId=score,,,,,,,,,
Benchmark Painting & Carpentry,http://www.benchmarkpainting.com,,,Boynton Beach,Florida,,,,,,apollo,"painting company, painting services - Florida",https://app.apollo.io/#/organizations/54a1a08574686945fad20903?overrideScoreId=score,,,,,,,,,
Keen on Klean Solutions,http://www.keenonklean.com,,,Jacksonville,Florida,,,,,,apollo,"painting company, painting services - Florida",https://app.apollo.io/#/organizations/62acae18d381e800a3065946?overrideScoreId=score,,,,,,,,,
Silva's Painting,http://www.silvas-painting.com,,,Orlando,Florida,,,,,,apollo,"painting company, painting services - Florida",https://app.apollo.io/#/organizations/55f74ab4f3e5bb16ea000ccd?overrideScoreId=score,,,,,,,,,
"Certified Boom Repair Service, Inc.",http://www.certifiedboomrepair.com,,,Certified Boom Repair Service,Inc.,,,,,,apollo,"painting company, painting services - Inc.",https://app.apollo.io/#/organizations/5500b74973696417347c0500?overrideScoreId=score,,,,,,,,,
"Performance Painting Contractors, Inc",http://www.performance-painting.com,,,Performance Painting Contractors,Inc,,,,,,apollo,"painting company, painting services - Inc",https://app.apollo.io/#/organizations/54a1af7374686945faa4d807?overrideScoreId=score,,,,,,,,,
Precise Painting,http://www.1precisepainting.com,,,North Port,Florida,,,,,,apollo,"painting company, painting services - Florida",https://app.apollo.io/#/organizations/5b859d97f874f72649fd73be?overrideScoreId=score,,,,,,,,,
Reynolds Painting Group FL,http://www.reynoldspaintinggroupflorida.com,,,Tampa,Florida,,,,,,apollo,"painting company, painting services - Florida",https://app.apollo.io/#/organizations/54a1b5767468695c82a7b809?overrideScoreId=score,,,,,,,,,
Croom Construction Company,http://www.croomconstruction.com,,,Vero Beach,Florida,,,,,,apollo,"painting company, painting services - Florida",https://app.apollo.io/#/organizations/54a1afe774686945fa710308?overrideScoreId=score,,,,,,,,,
PAINT CORPS - National Commercial Painting,http://www.paintcorps.com,,,Tampa,Florida,,,,,,apollo,"painting company, painting services - Florida",https://app.apollo.io/#/organizations/62d9f51e5a859300a3511a89?overrideScoreId=score,,,,,,,,,
New Touch of Color,http://www.newtouchofcolorcorp.com,,,Pompano Beach,Florida,,,,,,apollo,"painting company, painting services - Florida",https://app.apollo.io/#/organizations/61ec476faf85a60001b6a01b?overrideScoreId=score,,,,,,,,,
Proietto Companies,http://www.proietto.com,,,Fort Lauderdale,Florida,,,,,,apollo,"painting company, painting services - Florida",https://app.apollo.io/#/organizations/5d0a1229a3ae612dddd48c15?overrideScoreId=score,,,,,,,,,
Phoenix Painting Company,http://www.phoenixpaintingco.com,,,Fort Lauderdale,Florida,,,,,,apollo,"painting company, painting services - Florida",https://app.apollo.io/#/organizations/55920bd1736964185f563800?overrideScoreId=score,,,,,,,,,
"Paramount Painting & Services, Inc.",http://www.pps-i.com,,,Paramount Painting & Services,Inc.,,,,,,apollo,"painting company, painting services - Inc.",https://app.apollo.io/#/organizations/604a7c2175bf160001b3b1d1?overrideScoreId=score,,,,,,,,,
AVCS CONTRACTORS SERVICES,http://www.avcontractorsservices.com,,,Longwood,Florida,,,,,,apollo,"painting company, painting services - Florida",https://app.apollo.io/#/organizations/610913a831073f00a41f7271?overrideScoreId=score,,,,,,,,,
Watson Construction Group,http://www.watsonconstructiongroup.com,,,Jacksonville,Florida,,,,,,apollo,"painting company, painting services - Florida",https://app.apollo.io/#/organizations/5fcb4d0da6ae030001844639?overrideScoreId=score,,,,,,,,,
C&S PAINT,http://www.cspaint.net,,,Hialeah,Florida,,,,,,apollo,"painting company, painting services - Florida",https://app.apollo.io/#/organizations/5e57a281bd15ea0001529564?overrideScoreId=score,,,,,,,,,
