id,name,website,normalized_domain,industry,location,size_category,source_list,method,fallback_used,first_seen,last_seen,phone,address,address_street,address_city,address_state,address_postal_code,rating,reviews_count,categories,yp_listing_url,hours_text,email
1,Unity Painting Company,http://www.unitypaintingco.com,unitypaintingco.com,"painting company, painting service",,1,"[""apollo""]",,,2025-10-22T04:55:36.566Z,2025-10-22T04:58:32.743Z,,,,Richardson,Texas,,,,,https://app.apollo.io/#/organizations/6749a12aea538400012415fc?overrideScoreId=score,,
2,A&K Painting Company,http://www.akpainting.com,akpainting.com,"painting company, painting service",,120,"[""apollo""]",,,2025-10-22T04:55:36.578Z,2025-10-22T04:58:32.743Z,,,,Charlotte,North Carolina,,,,,https://app.apollo.io/#/organizations/54a11eb469702d77c29b9b01?overrideScoreId=score,,
3,Arizona Painting Company,http://www.arizonapaintingcompany.com,arizonapaintingcompany.com,"painting company, painting service",,65,"[""apollo""]",,,2025-10-22T04:55:36.578Z,2025-10-22T04:58:32.743Z,,,,Chandler,Arizona,,,,,https://app.apollo.io/#/organizations/55696f187369642529bb2b00?overrideScoreId=score,,
4,CertaPro Painters,http://www.certapro.com,certapro.com,"painting company, painting service",,,"[""apollo""]",,,2025-10-22T04:55:36.579Z,2025-10-22T04:58:32.744Z,,,,Norristown,Pennsylvania,,,,,https://app.apollo.io/#/organizations/54a1281a69702db87870bb00?overrideScoreId=score,,
5,Long Painting Company,http://www.longpainting.com,longpainting.com,"painting company, painting service",,120,"[""apollo""]",,,2025-10-22T04:55:36.579Z,2025-10-22T04:58:32.744Z,,,,Kent,Washington,,,,,https://app.apollo.io/#/organizations/54a1206969702d8aa13d4102?overrideScoreId=score,,
6,Coyles Painting,http://www.coylespainting.com,coylespainting.com,"painting company, painting service",,18,"[""apollo""]",,,2025-10-22T04:55:36.579Z,2025-10-22T04:58:32.744Z,,,,Mesa,Arizona,,,,,https://app.apollo.io/#/organizations/5592306f736964191ec1bd00?overrideScoreId=score,,
7,Fresh Coat Painters,http://www.freshcoatpainters.com,freshcoatpainters.com,"painting company, painting service",,340,"[""apollo""]",,,2025-10-22T04:55:36.579Z,2025-10-22T04:58:32.744Z,,,,Cincinnati,Ohio,,,,,https://app.apollo.io/#/organizations/5f7619fc0a4884008dd1d059?overrideScoreId=score,,
8,Painter Bros,http://www.painterbros.com,painterbros.com,"painting company, painting service",,190,"[""apollo""]",,,2025-10-22T04:55:36.579Z,2025-10-22T04:58:32.745Z,,,,American Fork,Utah,,,,,https://app.apollo.io/#/organizations/60f648f7c0fda10001b16b6f?overrideScoreId=score,,
9,Vivax Pros,http://www.vivaxpros.com,vivaxpros.com,"painting company, painting service",,350,"[""apollo""]",,,2025-10-22T04:55:36.579Z,2025-10-22T04:58:32.745Z,,,,Denver,Colorado,,,,,https://app.apollo.io/#/organizations/5da448f510ef7e00014d4a1a?overrideScoreId=score,,
10,Zack Painting Company,http://www.zackpainting.com,zackpainting.com,"painting company, painting service",,54,"[""apollo""]",,,2025-10-22T04:55:36.580Z,2025-10-22T04:58:32.745Z,,,,Woodbridge Township,New Jersey,,,,,https://app.apollo.io/#/organizations/5500c3da73696460fc534900?overrideScoreId=score,,
11,AG Williams Painting Company,http://www.agwilliamspainting.com,agwilliamspainting.com,"painting company, painting service",,33,"[""apollo""]",,,2025-10-22T04:55:36.580Z,2025-10-22T04:58:32.745Z,,,,,,,,,,https://app.apollo.io/#/organizations/54a26f6a74686930c279b422?overrideScoreId=score,,
12,Imprūv Painting & Contracting,http://www.impruvpainting.com,impruvpainting.com,"painting company, painting service",,3,"[""apollo""]",,,2025-10-22T04:55:36.580Z,2025-10-22T04:58:32.746Z,,,,Columbus,Ohio,,,,,https://app.apollo.io/#/organizations/63d5725c4b6606000119cffe?overrideScoreId=score,,
13,Penington Painting Company,http://www.teamppc.com,teamppc.com,"painting company, painting service",,45,"[""apollo""]",,,2025-10-22T04:55:36.581Z,2025-10-22T04:58:32.746Z,,,,Chandler,Arizona,,,,,https://app.apollo.io/#/organizations/66e5e8f4d82df900011d66ba?overrideScoreId=score,,
14,Meyer Painting Company,http://www.meyerpaintingco.com,meyerpaintingco.com,"painting company, painting service",,8,"[""apollo""]",,,2025-10-22T04:55:36.581Z,2025-10-22T04:58:32.746Z,,,,Eureka,Missouri,,,,,https://app.apollo.io/#/organizations/5d09bd3df651259ad0d8fad5?overrideScoreId=score,,
15,Kennewick Painting Company,http://www.kennewickpainting.com,kennewickpainting.com,"painting company, painting service",,,"[""apollo""]",,,2025-10-22T04:55:36.581Z,2025-10-22T04:58:32.747Z,,,,Kennewick,Washington,,,,,https://app.apollo.io/#/organizations/61ad51696629d0000157b61a?overrideScoreId=score,,
16,The Ohio Painting Company,http://www.ohiopainting.com,ohiopainting.com,"painting company, painting service",,11,"[""apollo""]",,,2025-10-22T04:55:36.581Z,2025-10-22T04:58:32.747Z,,,,Miamisburg,Ohio,,,,,https://app.apollo.io/#/organizations/56d522f0f3e5bb43e20013e2?overrideScoreId=score,,
17,"A Step Above Painting, LLC.",http://www.asapsrq.com,asapsrq.com,"painting company, painting service",,5,"[""apollo""]",,,2025-10-22T04:55:36.581Z,2025-10-22T04:58:32.747Z,,,,Sarasota,Florida,,,,,https://app.apollo.io/#/organizations/5ed33ab4a137530001916c83?overrideScoreId=score,,
18,Epic Painting Company,http://www.epicpaintingco.com,epicpaintingco.com,"painting company, painting service",,7,"[""apollo""]",,,2025-10-22T04:55:36.581Z,2025-10-22T04:58:32.747Z,,,,Fairfax,Virginia,,,,,https://app.apollo.io/#/organizations/6638b731c948a3000163602b?overrideScoreId=score,,
19,Coeur d'Alene Painting Company,http://www.coeurdalenepainter.com,coeurdalenepainter.com,"painting company, painting service",,5,"[""apollo""]",,,2025-10-22T04:55:36.582Z,2025-10-22T04:58:32.747Z,,,,Coeur d'Alene,Idaho,,,,,https://app.apollo.io/#/organizations/6547d31911b8240001ee5c45?overrideScoreId=score,,
20,CertaPro Painters of Mountainside,,,"painting company, painting service",,4,"[""apollo""]",,,2025-10-22T04:55:36.582Z,2025-10-22T04:58:32.748Z,,,,Mountainside,New Jersey,,,,,https://app.apollo.io/#/organizations/63c6e0b9aafff100e550f040?overrideScoreId=score,,
21,Two Dudes Painting Company,http://www.twodudes.com,twodudes.com,"painting company, painting service",,36,"[""apollo""]",,,2025-10-22T04:55:36.582Z,2025-10-22T04:58:32.748Z,,,,Lancaster,Pennsylvania,,,,,https://app.apollo.io/#/organizations/54a1392669702de5b3a11500?overrideScoreId=score,,
22,Atlanta Painting Company,http://www.atlantapaintingcompany.com,atlantapaintingcompany.com,"painting company, painting service",,29,"[""apollo""]",,,2025-10-22T04:55:36.582Z,2025-10-22T04:58:32.748Z,,,,Roswell,Georgia,,,,,https://app.apollo.io/#/organizations/54a1a396746869586099fb03?overrideScoreId=score,,
23,Fargo Painting Company,http://www.fargopaintingpros.com,fargopaintingpros.com,"painting company, painting service",,1,"[""apollo""]",,,2025-10-22T04:55:36.582Z,2025-10-22T04:58:32.748Z,,,,Fargo,North Dakota,,,,,https://app.apollo.io/#/organizations/61ad4ea75370c80001e34fb6?overrideScoreId=score,,
24,National Coatings,http://www.nationalcoatingsinc.com,nationalcoatingsinc.com,"painting company, painting service",,82,"[""apollo""]",,,2025-10-22T04:55:36.583Z,2025-10-22T04:58:32.748Z,,,,Raleigh,North Carolina,,,,,https://app.apollo.io/#/organizations/5da3bdf63580cb00014e8c7b?overrideScoreId=score,,
25,Denver Painting Service Company,http://www.denverpaintingservicecompany.com,denverpaintingservicecompany.com,"painting company, painting service",,,"[""apollo""]",,,2025-10-22T04:55:36.583Z,2025-10-22T04:58:32.749Z,,,,Denver,Colorado,,,,,https://app.apollo.io/#/organizations/64b25e4c41dc870001ac33b6?overrideScoreId=score,,
26,Pasco Painting Company,http://www.pascopaintingcompany.com,pascopaintingcompany.com,"painting company, painting service",,4,"[""apollo""]",,,2025-10-22T04:55:36.583Z,2025-10-22T04:58:32.749Z,,,,Pasco,Washington,,,,,https://app.apollo.io/#/organizations/64604fcef221c900011b82f8?overrideScoreId=score,,
27,McCahill Painting Company,http://www.mccahillpainting.com,mccahillpainting.com,"painting company, painting service",,10,"[""apollo""]",,,2025-10-22T04:55:36.583Z,2025-10-22T04:58:32.749Z,,,,Romeoville,Illinois,,,,,https://app.apollo.io/#/organizations/54a1399169702d231fbb8000?overrideScoreId=score,,
28,Valley Painting Company,http://www.chagrinvalleypainting.com,chagrinvalleypainting.com,"painting company, painting service",,23,"[""apollo""]",,,2025-10-22T04:55:36.583Z,2025-10-22T04:58:32.749Z,,,,Chagrin Falls,Ohio,,,,,https://app.apollo.io/#/organizations/54a1295d69702dc8410c4c01?overrideScoreId=score,,
29,LIME Painting,http://www.limepainting.com,limepainting.com,"painting company, painting service",,33,"[""apollo""]",,,2025-10-22T04:55:36.583Z,2025-10-22T04:58:32.750Z,,,,Greenwood Village,Colorado,,,,,https://app.apollo.io/#/organizations/5ed1e7983b3bf900017b9fe2?overrideScoreId=score,,
30,Rapid City Painting Company,http://www.rapidcitypaintingpros.com,rapidcitypaintingpros.com,"painting company, painting service",,2,"[""apollo""]",,,2025-10-22T04:55:36.583Z,2025-10-22T04:58:32.750Z,,,,Rapid City,South Dakota,,,,,https://app.apollo.io/#/organizations/6550f7c05e86d700010cc48f?overrideScoreId=score,,
31,Pound Ridge Painting Company,http://www.poundridgepainting.com,poundridgepainting.com,"painting company, painting service",,1,"[""apollo""]",,,2025-10-22T04:55:36.584Z,2025-10-22T04:58:32.750Z,,,,Pound Ridge,New York,,,,,https://app.apollo.io/#/organizations/5fcaf532e342470001a49f5c?overrideScoreId=score,,
32,Affinity Painting Company Inc.,http://www.affinity-painting.com,affinity-painting.com,"painting company, painting service",,22,"[""apollo""]",,,2025-10-22T04:55:36.584Z,2025-10-22T04:58:32.751Z,,,,Covina,California,,,,,https://app.apollo.io/#/organizations/5da7015581f1650001b1c11f?overrideScoreId=score,,
33,Bozeman Painting Company,http://www.bozemanhousepainter.com,bozemanhousepainter.com,"painting company, painting service",,2,"[""apollo""]",,,2025-10-22T04:55:36.584Z,2025-10-22T04:58:32.751Z,,,,Bozeman,Montana,,,,,https://app.apollo.io/#/organizations/667950b3ee458f0001dbeb7e?overrideScoreId=score,,
34,Missoula Painting Company,http://www.missoulahousepainter.com,missoulahousepainter.com,"painting company, painting service",,,"[""apollo""]",,,2025-10-22T04:55:36.584Z,2025-10-22T04:58:32.751Z,,,,Missoula,Montana,,,,,https://app.apollo.io/#/organizations/666e9c2c468c780001b84fd9?overrideScoreId=score,,
35,Metro-Multi Construction & Remodeling,http://www.metromulticonstruction.com,metromulticonstruction.com,"painting company, painting service",,11,"[""apollo""]",,,2025-10-22T04:55:36.584Z,2025-10-22T04:58:32.751Z,,,,Troy,Michigan,,,,,https://app.apollo.io/#/organizations/65b93cfe5efc3601c6b06c29?overrideScoreId=score,,
36,Painting Services By Steve,http://www.paintingservicesbysteve.com,paintingservicesbysteve.com,"painting company, painting service",,21,"[""apollo""]",,,2025-10-22T04:55:36.584Z,2025-10-22T04:58:32.751Z,,,,Katy,Texas,,,,,https://app.apollo.io/#/organizations/54a13b1569702de5b3a14601?overrideScoreId=score,,
37,Ogden Painting Company,http://www.ogdenpaintingpros.com,ogdenpaintingpros.com,"painting company, painting service",,,"[""apollo""]",,,2025-10-22T04:55:36.584Z,2025-10-22T04:58:32.752Z,,,,Ogden,Utah,,,,,https://app.apollo.io/#/organizations/66f659bcbdb34f0001951a7f?overrideScoreId=score,,
38,"MB Jessee Painting, Inc.",http://www.mbjessee.com,mbjessee.com,"painting company, painting service",,25,"[""apollo""]",,,2025-10-22T04:55:36.584Z,2025-10-22T04:58:32.752Z,,,,MB Jessee Painting,Inc.,,,,,https://app.apollo.io/#/organizations/55f48969f3e5bb3aac000cca?overrideScoreId=score,,
39,Elk Horn Painting,http://www.elkhornpainting.com,elkhornpainting.com,"painting company, painting service",,10,"[""apollo""]",,,2025-10-22T04:55:36.584Z,2025-10-22T04:58:32.752Z,,,,Castle Rock,Colorado,,,,,https://app.apollo.io/#/organizations/5e5696bb34bf3400011688b2?overrideScoreId=score,,
40,E. Caligari & Son,http://www.ecaligariandson.com,ecaligariandson.com,"painting company, painting service",,29,"[""apollo""]",,,2025-10-22T04:55:36.585Z,2025-10-22T04:58:32.752Z,,,,Norfolk,Virginia,,,,,https://app.apollo.io/#/organizations/5d32b11af65125072c9d5f01?overrideScoreId=score,,
41,The Painting Company San Diego,http://www.sandiegopaintingcompany.com,sandiegopaintingcompany.com,"painting company, painting service",,7,"[""apollo""]",,,2025-10-22T04:55:36.585Z,2025-10-22T04:58:32.752Z,,,,San Diego,California,,,,,https://app.apollo.io/#/organizations/5e582db89303fe00015a92ba?overrideScoreId=score,,
42,The Painting Company,http://www.thepaintingcompany.com,thepaintingcompany.com,"painting company, painting service",,25,"[""apollo""]",,,2025-10-22T04:55:36.585Z,2025-10-22T04:58:32.753Z,,,,Plain City,Ohio,,,,,https://app.apollo.io/#/organizations/5e57a7c30c206a00016cdc51?overrideScoreId=score,,
43,"Impressions Painting Company, Inc.",http://www.impressionspaintingcompany.com,impressionspaintingcompany.com,"painting company, painting service",,6,"[""apollo""]",,,2025-10-22T04:55:36.585Z,2025-10-22T04:58:32.753Z,,,,Impressions Painting Company,Inc.,,,,,https://app.apollo.io/#/organizations/54a1391269702de5b37e0b00?overrideScoreId=score,,
44,The Painting Company,http://www.gopaintingcompany.com,gopaintingcompany.com,"painting company, painting service",,55,"[""apollo""]",,,2025-10-22T04:55:36.585Z,2025-10-22T04:58:32.753Z,,,,Bellevue,Nebraska,,,,,https://app.apollo.io/#/organizations/5e56b2f652e7ad0001f55c3b?overrideScoreId=score,,
45,PPD Painting,http://www.ppdpainting.com,ppdpainting.com,"painting company, painting service",,44,"[""apollo""]",,,2025-10-22T04:55:36.585Z,2025-10-22T04:58:32.753Z,,,,Bellwood,Illinois,,,,,https://app.apollo.io/#/organizations/54a1b93d7468694f8fbf6e0b?overrideScoreId=score,,
46,York Services LLC (Painting Contractor),http://www.naplesfloridapainters.com,naplesfloridapainters.com,"painting company, painting service",,4,"[""apollo""]",,,2025-10-22T04:55:36.585Z,2025-10-22T04:58:32.753Z,,,,Fort Myers,Florida,,,,,https://app.apollo.io/#/organizations/54a13adc69702dac84991b01?overrideScoreId=score,,
47,Smile-A-Mile Painting,http://www.smileamilepainting.com,smileamilepainting.com,"painting company, painting service",,9,"[""apollo""]",,,2025-10-22T04:55:36.585Z,2025-10-22T04:58:32.753Z,,,,Kennewick,Washington,,,,,https://app.apollo.io/#/organizations/5e57a7be7e83710001e0f38c?overrideScoreId=score,,
48,Richland Painting Company,http://www.richlandpainting.com,richlandpainting.com,"painting company, painting service",,,"[""apollo""]",,,2025-10-22T04:55:36.585Z,2025-10-22T04:58:32.753Z,,,,Richland,Washington,,,,,https://app.apollo.io/#/organizations/66e91c07752645000180a407?overrideScoreId=score,,
49,Medford Painting Company,http://www.medfordpaintingpros.com,medfordpaintingpros.com,"painting company, painting service",,,"[""apollo""]",,,2025-10-22T04:55:36.585Z,2025-10-22T04:58:32.753Z,,,,Medford,Oregon,,,,,https://app.apollo.io/#/organizations/674aceea37cb7e00018739c3?overrideScoreId=score,,
50,Pro Painter USA,http://www.propainterusa.com,propainterusa.com,"painting company, painting service",,2,"[""apollo""]",,,2025-10-22T04:55:36.585Z,2025-10-22T04:58:32.754Z,,,,Milwaukee,Wisconsin,,,,,https://app.apollo.io/#/organizations/650a98293ff3c200bc736772?overrideScoreId=score,,
51,Great Falls Painting Company,http://www.greatfallspaintingcompany.com,greatfallspaintingcompany.com,"painting company, painting service",,2,"[""apollo""]",,,2025-10-22T04:55:36.586Z,2025-10-22T04:58:32.754Z,,,,Great Falls,Montana,,,,,https://app.apollo.io/#/organizations/667be2af56655c00010b8b09?overrideScoreId=score,,
52,Majestic Painting Company Inc.,http://www.majesticpainting.net,majesticpainting.net,"painting company, painting service",,16,"[""apollo""]",,,2025-10-22T04:55:36.586Z,2025-10-22T04:58:32.754Z,,,,Aurora,Colorado,,,,,https://app.apollo.io/#/organizations/5da27da4a2de8e0001a7038c?overrideScoreId=score,,
53,Gainesville Painting Company,http://www.gainesvillepaintingcompany.com,gainesvillepaintingcompany.com,"painting company, painting service",,2,"[""apollo""]",,,2025-10-22T04:55:36.586Z,2025-10-22T04:58:32.755Z,,,,Gainesville,Florida,,,,,https://app.apollo.io/#/organizations/68483bd816a86e000d842227?overrideScoreId=score,,
54,G & I Painting and Renovations LLC,http://www.gandipainting.com,gandipainting.com,"painting company, painting service",,3,"[""apollo""]",,,2025-10-22T04:55:36.586Z,2025-10-22T04:58:32.755Z,,,,Sterling Heights,Michigan,,,,,https://app.apollo.io/#/organizations/61ec91be0154d10001111c69?overrideScoreId=score,,
55,MacKenzie Painting Company,http://www.mackenziepaintingco.com,mackenziepaintingco.com,"painting company, painting service",,14,"[""apollo""]",,,2025-10-22T04:55:36.586Z,2025-10-22T04:58:32.755Z,,,,Stratford,Connecticut,,,,,https://app.apollo.io/#/organizations/5fca04f7be1c6100014ef215?overrideScoreId=score,,
56,Midway Painting Company,http://www.midwaypaintingcompany.com,midwaypaintingcompany.com,"painting company, painting service",,13,"[""apollo""]",,,2025-10-22T04:55:36.586Z,2025-10-22T04:58:32.755Z,,,,Midway,Utah,,,,,https://app.apollo.io/#/organizations/6437c6510822f100a300cf04?overrideScoreId=score,,
57,Nashville Painting Company,http://www.nashvillepaintingcompany.com,nashvillepaintingcompany.com,"painting company, painting service",,11,"[""apollo""]",,,2025-10-22T04:55:36.586Z,2025-10-22T04:58:32.755Z,,,,Crossville,Tennessee,,,,,https://app.apollo.io/#/organizations/5fc8d824d510e800017c9d29?overrideScoreId=score,,
58,Tri Cities Painting Company,http://www.eastgateorthodontics.com,eastgateorthodontics.com,"painting company, painting service",,1,"[""apollo""]",,,2025-10-22T04:55:36.586Z,2025-10-22T04:58:32.755Z,,,,Kennewick,Washington,,,,,https://app.apollo.io/#/organizations/6375ed9b997fce000197037e?overrideScoreId=score,,
59,"J & J Custom Painting Company, LLC - Las Vegas, NV",http://www.j-jcustompainting.com,j-jcustompainting.com,"painting company, painting service",,4,"[""apollo""]",,,2025-10-22T04:55:36.586Z,2025-10-22T04:58:32.756Z,,,,Las Vegas,Nevada,,,,,https://app.apollo.io/#/organizations/656bef002a857200a3f4ca3a?overrideScoreId=score,,
60,Coastal Painting Company,http://www.coastalpaintingcompany.com,coastalpaintingcompany.com,"painting company, painting service",,14,"[""apollo""]",,,2025-10-22T04:55:36.586Z,2025-10-22T04:58:32.756Z,,,,Coconut Creek,Florida,,,,,https://app.apollo.io/#/organizations/5e57bee73f9e640001b633be?overrideScoreId=score,,
61,Ryan Painting Company,http://www.ryanpaintingco.com,ryanpaintingco.com,"painting company, painting service",,12,"[""apollo""]",,,2025-10-22T04:55:36.587Z,2025-10-22T04:58:32.756Z,,,,Boston,Massachusetts,,,,,https://app.apollo.io/#/organizations/6048613d7780130001ab8647?overrideScoreId=score,,
62,Nevada Painting Company,http://www.nevadapaintingcompany.com,nevadapaintingcompany.com,"painting company, painting service",,9,"[""apollo""]",,,2025-10-22T04:55:36.587Z,2025-10-22T04:58:32.756Z,,,,Las Vegas,Nevada,,,,,https://app.apollo.io/#/organizations/5a9dc699a6da98d96640d71d?overrideScoreId=score,,
63,Leach Painting Company,http://www.jleachpainting.com,jleachpainting.com,"painting company, painting service",,20,"[""apollo""]",,,2025-10-22T04:55:36.587Z,2025-10-22T04:58:32.756Z,,,,Fenton,Missouri,,,,,https://app.apollo.io/#/organizations/55f4e202f3e5bb16680031cb?overrideScoreId=score,,
64,"Mid South Painting, Inc.",http://www.midsouthpaintinginc.com,midsouthpaintinginc.com,"painting company, painting service",,18,"[""apollo""]",,,2025-10-22T04:55:36.587Z,2025-10-22T04:58:32.756Z,,,,Mid South Painting,Inc.,,,,,https://app.apollo.io/#/organizations/61ec11b554407500016c794f?overrideScoreId=score,,
65,The Commissioned Art Network,http://www.thecommissionedartnetwork.com,thecommissionedartnetwork.com,"painting company, painting service",,5,"[""apollo""]",,,2025-10-22T04:55:36.587Z,2025-10-22T04:58:32.756Z,,,,Flowery Branch,Georgia,,,,,https://app.apollo.io/#/organizations/5fc99ffa20a63f000163b88e?overrideScoreId=score,,
66,Adams Painting Company,http://www.adamspaintnc.com,adamspaintnc.com,"painting company, painting service",,4,"[""apollo""]",,,2025-10-22T04:55:36.587Z,2025-10-22T04:58:32.756Z,,,,Wake Forest,North Carolina,,,,,https://app.apollo.io/#/organizations/67158268d5282c00018341af?overrideScoreId=score,,
67,Finaltone Painting Company,http://www.finaltonepainting.com,finaltonepainting.com,"painting company, painting service",,9,"[""apollo""]",,,2025-10-22T04:55:36.587Z,2025-10-22T04:58:32.757Z,,,,Maple Grove,Minnesota,,,,,https://app.apollo.io/#/organizations/654896fe1dd39700017702db?overrideScoreId=score,,
68,Foothills Painting LLC,http://www.foothillspainting.co,foothillspainting.co,"painting company, painting service",,18,"[""apollo""]",,,2025-10-22T04:55:36.587Z,2025-10-22T04:58:32.757Z,,,,Fort Collins,Colorado,,,,,https://app.apollo.io/#/organizations/5d0a85b5f65125346a4e42ef?overrideScoreId=score,,
69,A.L.A. World Foundation,http://www.ssbipoc.org,ssbipoc.org,"painting company, painting service",,1,"[""apollo""]",,,2025-10-22T04:55:36.587Z,2025-10-22T04:58:32.757Z,,,,Seattle,Washington,,,,,https://app.apollo.io/#/organizations/650520ce2a87c600014c2d1d?overrideScoreId=score,,
70,"Evergreen Painting Co., Inc.",http://www.evergreenpaintingco.com,evergreenpaintingco.com,"painting company, painting service",,4,"[""apollo""]",,,2025-10-22T04:55:36.587Z,2025-10-22T04:58:32.757Z,,,,Eugene,Oregon,,,,,https://app.apollo.io/#/organizations/664d838f0d7dc80001f8c4d9?overrideScoreId=score,,
71,"Hursh Painting Co., Inc.",http://www.hurshpainting.com,hurshpainting.com,"painting company, painting service",,13,"[""apollo""]",,,2025-10-22T04:55:36.588Z,2025-10-22T04:58:32.757Z,,,,Hanover,Pennsylvania,,,,,https://app.apollo.io/#/organizations/6391f533e83992000107bd37?overrideScoreId=score,,
72,365 Renovations,http://www.365renovations.com,365renovations.com,"painting company, painting service",,4,"[""apollo""]",,,2025-10-22T04:55:36.588Z,2025-10-22T04:58:32.758Z,,,,West Chester,Ohio,,,,,https://app.apollo.io/#/organizations/55f7954af3e5bb095d001303?overrideScoreId=score,,
73,Bond Construction Inc.,http://www.bondconstructionnyc.com,bondconstructionnyc.com,"painting company, painting service",,2,"[""apollo""]",,,2025-10-22T04:55:36.588Z,2025-10-22T04:58:32.758Z,,,,New York,New York,,,,,https://app.apollo.io/#/organizations/54fca4237369647f94742400?overrideScoreId=score,,
74,Superior Painting Company,http://www.superiorpainters.com,superiorpainters.com,"painting company, painting service",,40,"[""apollo""]",,,2025-10-22T04:55:36.588Z,2025-10-22T04:58:32.758Z,,,,Red Oak,Texas,,,,,https://app.apollo.io/#/organizations/55f9384ff3e5bb22820024bb?overrideScoreId=score,,
75,Troy's Painting,http://www.troyspainting.com,troyspainting.com,"painting company, painting service",,19,"[""apollo""]",,,2025-10-22T04:55:36.588Z,2025-10-22T04:58:32.758Z,,,,Santa Ana,California,,,,,https://app.apollo.io/#/organizations/54a1f9247468693fda340d02?overrideScoreId=score,,
76,Paintco Painters,http://www.paintcopainters.com,paintcopainters.com,"painting company, painting service",,13,"[""apollo""]",,,2025-10-22T04:55:36.588Z,2025-10-22T04:58:32.758Z,,,,Greenwood,Indiana,,,,,https://app.apollo.io/#/organizations/5a9e3d59a6da98d98c6c8bc7?overrideScoreId=score,,
77,SMS Painting,http://www.smspaintingllc.com,smspaintingllc.com,"painting company, painting service",,9,"[""apollo""]",,,2025-10-22T04:55:36.588Z,2025-10-22T04:58:32.758Z,,,,Bridgeport,Connecticut,,,,,https://app.apollo.io/#/organizations/559222cb7369641908728b00?overrideScoreId=score,,
78,Mike's Quality Painting,http://www.mikesqualitypainting.com,mikesqualitypainting.com,"painting company, painting service",,43,"[""apollo""]",,,2025-10-22T04:55:36.588Z,2025-10-22T04:58:32.758Z,,,,Albuquerque,New Mexico,,,,,https://app.apollo.io/#/organizations/5500afb27369642da1440600?overrideScoreId=score,,
79,Flora Brothers Painting,http://www.florabrotherspainting.com,florabrotherspainting.com,"painting company, painting service",,5,"[""apollo""]",,,2025-10-22T04:55:36.588Z,2025-10-22T04:58:32.758Z,,,,Indianapolis,Indiana,,,,,https://app.apollo.io/#/organizations/5ed4e336b6725f00019afe7f?overrideScoreId=score,,
80,"Matthews'​ Painting Company, LLC",http://www.matthewspainting.com,matthewspainting.com,"painting company, painting service",,8,"[""apollo""]",,,2025-10-22T04:55:36.588Z,2025-10-22T04:58:32.765Z,,,,Leesburg,Indiana,,,,,https://app.apollo.io/#/organizations/54a1279069702d979cf79000?overrideScoreId=score,,
81,Phoenix Painting Company,http://www.phoenixpaintingco.com,phoenixpaintingco.com,"painting company, painting service",,25,"[""apollo""]",,,2025-10-22T04:55:36.588Z,2025-10-22T04:58:32.765Z,,,,Fort Lauderdale,Florida,,,,,https://app.apollo.io/#/organizations/55920bd1736964185f563800?overrideScoreId=score,,
82,"The Painting Company, LLC",,,"painting company, painting service",,2,"[""apollo""]",,,2025-10-22T04:55:36.589Z,2025-10-22T04:58:32.765Z,,,,San Diego,California,,,,,https://app.apollo.io/#/organizations/63c430ac9ac5ba00014b310a?overrideScoreId=score,,
83,Heiler Painting,http://www.heilerpainting.com,heilerpainting.com,"painting company, painting service",,20,"[""apollo""]",,,2025-10-22T04:55:36.589Z,2025-10-22T04:58:32.766Z,,,,Media,Pennsylvania,,,,,https://app.apollo.io/#/organizations/5ef45bdd33527e0184a69242?overrideScoreId=score,,
84,"Paintegrity, LLC",http://www.paintegrityllc.com,paintegrityllc.com,"painting company, painting service",,8,"[""apollo""]",,,2025-10-22T04:55:36.589Z,2025-10-22T04:58:32.766Z,,,,Pflugerville,Texas,,,,,https://app.apollo.io/#/organizations/5b1339f0a6da98dcf025de90?overrideScoreId=score,,
85,Kennedy Painting LLC,http://www.stlouishousepainting.com,stlouishousepainting.com,"painting company, painting service",,30,"[""apollo""]",,,2025-10-22T04:55:36.589Z,2025-10-22T04:58:32.766Z,,,,St. Louis,Missouri,,,,,https://app.apollo.io/#/organizations/54a1b4e474686954757caf09?overrideScoreId=score,,
86,Northwest Residential & Commercial Painting Company,http://www.nwpaintingcompany.com,nwpaintingcompany.com,"painting company, painting service",,9,"[""apollo""]",,,2025-10-22T04:55:36.589Z,2025-10-22T04:58:32.766Z,,,,Seattle,Washington,,,,,https://app.apollo.io/#/organizations/54a1b6ef7468695c827f2b0a?overrideScoreId=score,,
87,"Hays Brothers Painting Service, Inc.",http://www.haysbrotherspainting.com,haysbrotherspainting.com,"painting company, painting service",,12,"[""apollo""]",,,2025-10-22T04:55:36.589Z,2025-10-22T04:58:32.766Z,,,,Hays Brothers Painting Service,Inc.,,,,,https://app.apollo.io/#/organizations/5b869a13324d44111a7c7bba?overrideScoreId=score,,
88,111 Painting Service,http://www.111paintingservice.com,111paintingservice.com,"painting company, painting service",,1,"[""apollo""]",,,2025-10-22T04:55:36.589Z,2025-10-22T04:58:32.766Z,,,,Sacramento,California,,,,,https://app.apollo.io/#/organizations/6718bc6d1bf8da0001170399?overrideScoreId=score,,
89,Ransom Digital,http://www.ransomdigital.com,ransomdigital.com,"painting company, painting service",,3,"[""apollo""]",,,2025-10-22T04:55:36.589Z,2025-10-22T04:58:32.766Z,,,,Johnson City,Tennessee,,,,,https://app.apollo.io/#/organizations/61270663d49abd000134e362?overrideScoreId=score,,
90,Terminus Painting Co.,http://www.terminuspainting.com,terminuspainting.com,"painting company, painting service",,1,"[""apollo""]",,,2025-10-22T04:55:36.589Z,2025-10-22T04:58:32.767Z,,,,Atlanta,Georgia,,,,,https://app.apollo.io/#/organizations/668fe74ff90e790491b61601?overrideScoreId=score,,
91,painting contractor,http://www.wellspaintservice.com,wellspaintservice.com,"painting company, painting service",,200,"[""apollo""]",,,2025-10-22T04:55:36.589Z,2025-10-22T04:58:32.767Z,,,,Kiowa,Kansas,,,,,https://app.apollo.io/#/organizations/56d978fff3e5bb731d002ade?overrideScoreId=score,,
92,Murray Painting Company,http://www.murraypainting.net,murraypainting.net,"painting company, painting service",,21,"[""apollo""]",,,2025-10-22T04:55:36.589Z,2025-10-22T04:58:32.767Z,,,,Freeland,Michigan,,,,,https://app.apollo.io/#/organizations/5e568249942f6500014685b1?overrideScoreId=score,,
93,The Dependable Painting Company,http://www.dependableptg.com,dependableptg.com,"painting company, painting service",,21,"[""apollo""]",,,2025-10-22T04:55:36.590Z,2025-10-22T04:58:32.767Z,,,,Cleveland,Ohio,,,,,https://app.apollo.io/#/organizations/54a1353f69702d333d15b900?overrideScoreId=score,,
94,Textbook Painting,http://www.textbookpainting.com,textbookpainting.com,"painting company, painting service",,27,"[""apollo""]",,,2025-10-22T04:55:36.590Z,2025-10-22T04:58:32.767Z,,,,Lakewood,Ohio,,,,,https://app.apollo.io/#/organizations/54a12b1c69702dcef9dd7702?overrideScoreId=score,,
95,MPG Painting,http://www.mpgpainting.net,mpgpainting.net,"painting company, painting service",,7,"[""apollo""]",,,2025-10-22T04:55:36.590Z,2025-10-22T04:58:32.767Z,,,,Sacramento,California,,,,,https://app.apollo.io/#/organizations/60b1e99bd26791000182aa36?overrideScoreId=score,,
96,Five Seasons Painting Company,http://www.whiskeycreekfamilyrvpark.com,whiskeycreekfamilyrvpark.com,"painting company, painting service",,1,"[""apollo""]",,,2025-10-22T04:55:36.590Z,2025-10-22T04:58:32.767Z,,,,Elroy,Wisconsin,,,,,https://app.apollo.io/#/organizations/6048b05035eb5b0001db120a?overrideScoreId=score,,
97,Pritts Painting Company,http://www.prittspainting.com,prittspainting.com,"painting company, painting service",,1,"[""apollo""]",,,2025-10-22T04:55:36.591Z,2025-10-22T04:58:32.767Z,,,,Westerville,Ohio,,,,,https://app.apollo.io/#/organizations/6654748d98df0301eb3ab68d?overrideScoreId=score,,
98,Bates Painting Company,http://www.batespainting.com,batespainting.com,"painting company, painting service",,10,"[""apollo""]",,,2025-10-22T04:55:36.591Z,2025-10-22T04:58:32.767Z,,,,Kansas City,Missouri,,,,,https://app.apollo.io/#/organizations/64ab15e5b961d30001b37c26?overrideScoreId=score,,
99,"Prism Painting Company, Inc.",http://www.prismpainting.net,prismpainting.net,"painting company, painting service",,7,"[""apollo""]",,,2025-10-22T04:55:36.591Z,2025-10-22T04:58:32.767Z,,,,Prism Painting Company,Inc.,,,,,https://app.apollo.io/#/organizations/5ed02a1a5a2a6100017e72f8?overrideScoreId=score,,
100,"Krippner, Inc",http://www.krippnerpainting.com,krippnerpainting.com,"painting company, painting service",,8,"[""apollo""]",,,2025-10-22T04:55:36.591Z,2025-10-22T04:58:32.768Z,,,,Krippner,Inc,,,,,https://app.apollo.io/#/organizations/54a23c6d7468693fda188718?overrideScoreId=score,,
101,"DK Painting Company, Inc.",http://www.dkpainting.com,dkpainting.com,"painting company, painting service",,14,"[""apollo""]",,,2025-10-22T04:55:36.591Z,2025-10-22T04:58:32.768Z,,,,DK Painting Company,Inc.,,,,,https://app.apollo.io/#/organizations/67d2d0ee06a6ef0021a5232a?overrideScoreId=score,,
102,The Painting Company of Birmingham,http://www.birminghampaintingco.com,birminghampaintingco.com,"painting company, painting service",,3,"[""apollo""]",,,2025-10-22T04:55:36.591Z,2025-10-22T04:58:32.768Z,,,,Birmingham,Alabama,,,,,https://app.apollo.io/#/organizations/5c276bd0f6512556a50f9bae?overrideScoreId=score,,
103,"Lakehead Painting Company, Inc.",http://www.lakeheadpainting.com,lakeheadpainting.com,"painting company, painting service",,6,"[""apollo""]",,,2025-10-22T04:55:36.591Z,2025-10-22T04:58:32.768Z,,,,Lakehead Painting Company,Inc.,,,,,https://app.apollo.io/#/organizations/54a1293e69702d979ca19501?overrideScoreId=score,,
104,Rossi Painting & Construction,http://www.rossipainting.com,rossipainting.com,"painting company, painting service",,11,"[""apollo""]",,,2025-10-22T04:55:36.591Z,2025-10-22T04:58:32.768Z,,,,San Carlos,California,,,,,https://app.apollo.io/#/organizations/604a9bd9a8096d0001c3d87a?overrideScoreId=score,,
105,"Quincy Industrial Painting Company, Inc.",http://www.quincyindustrial.com,quincyindustrial.com,"painting company, painting service",,7,"[""apollo""]",,,2025-10-22T04:55:36.591Z,2025-10-22T04:58:32.768Z,,,,Quincy Industrial Painting Company,Inc.,,,,,https://app.apollo.io/#/organizations/559218d573696423937e0c00?overrideScoreId=score,,
106,Swedish Painting Company,http://www.swedishpaintingco.com,swedishpaintingco.com,"painting company, painting service",,4,"[""apollo""]",,,2025-10-22T04:55:36.592Z,2025-10-22T04:58:32.768Z,,,,Aspen,Colorado,,,,,https://app.apollo.io/#/organizations/556d5023736964121f01e300?overrideScoreId=score,,
107,"MacFarland Painting, Inc.",http://www.macfarlandpainting.com,macfarlandpainting.com,"painting company, painting service",,29,"[""apollo""]",,,2025-10-22T04:55:36.592Z,2025-10-22T04:58:32.768Z,,,,MacFarland Painting,Inc.,,,,,https://app.apollo.io/#/organizations/604a9c8632877500013a26d2?overrideScoreId=score,,
108,Art Noirs,http://www.artnoirs.com,artnoirs.com,"painting company, painting service",,3,"[""apollo""]",,,2025-10-22T04:55:36.592Z,2025-10-22T04:58:32.768Z,,,,Sugar Land,Texas,,,,,https://app.apollo.io/#/organizations/556d9fa173696411c12c5a01?overrideScoreId=score,,
109,"Genesis Painting Company, LLC",http://www.paintingbygenesis.com,paintingbygenesis.com,"painting company, painting service",,8,"[""apollo""]",,,2025-10-22T04:55:36.592Z,2025-10-22T04:58:32.768Z,,,,Cedar Rapids,Iowa,,,,,https://app.apollo.io/#/organizations/5500b1557369642dd3921800?overrideScoreId=score,,
110,Cauble Rose Painting Company,http://www.caublerose.com,caublerose.com,"painting company, painting service",,1,"[""apollo""]",,,2025-10-22T04:55:36.592Z,2025-10-22T04:58:32.768Z,,,,Boerne,Texas,,,,,https://app.apollo.io/#/organizations/60aed6ccd4a81f0001ae5326?overrideScoreId=score,,
111,VP Peri Painting Company,http://www.vpperi.com,vpperi.com,"painting company, painting service",,6,"[""apollo""]",,,2025-10-22T04:55:36.592Z,2025-10-22T04:58:32.768Z,,,,Redmond,Washington,,,,,https://app.apollo.io/#/organizations/54a13c8a69702de5b328f101?overrideScoreId=score,,
112,World Painting Company,http://www.worldpaintingcompany.com,worldpaintingcompany.com,"painting company, painting service",,13,"[""apollo""]",,,2025-10-22T04:55:36.592Z,2025-10-22T04:58:32.769Z,,,,Bloomington,Illinois,,,,,https://app.apollo.io/#/organizations/54a1352169702d42556b7300?overrideScoreId=score,,
113,Rice Painting Company,http://www.ricepaintingcompany.com,ricepaintingcompany.com,"painting company, painting service",,9,"[""apollo""]",,,2025-10-22T04:55:36.592Z,2025-10-22T04:58:32.769Z,,,,Charlotte,North Carolina,,,,,https://app.apollo.io/#/organizations/615e9513d42fd60001065174?overrideScoreId=score,,
114,Idea Painting Company,http://www.ideapaintingcompany.com,ideapaintingcompany.com,"painting company, painting service",,3,"[""apollo""]",,,2025-10-22T04:55:36.592Z,2025-10-22T04:58:32.769Z,,,,Medfield,Massachusetts,,,,,https://app.apollo.io/#/organizations/5e55b2c5e31ebf0001c2cae0?overrideScoreId=score,,
115,Fresh Start Painting Company,,,"painting company, painting service",,12,"[""apollo""]",,,2025-10-22T04:55:36.592Z,2025-10-22T04:58:32.769Z,,,,Long Branch,New Jersey,,,,,https://app.apollo.io/#/organizations/65505085c27fa30001ebb34d?overrideScoreId=score,,
116,Fresh Coat Painters Franchise Opportunities,http://www.freshcoatfranchise.com,freshcoatfranchise.com,"painting company, painting service",,5,"[""apollo""]",,,2025-10-22T04:55:36.592Z,2025-10-22T04:58:32.769Z,,,,Cincinnati,Ohio,,,,,https://app.apollo.io/#/organizations/5e5643a0840a240001180635?overrideScoreId=score,,
117,Av Painting,http://www.avpainting.com,avpainting.com,"painting company, painting service",,27,"[""apollo""]",,,2025-10-22T04:55:36.593Z,2025-10-22T04:58:32.769Z,,,,Acworth,Georgia,,,,,https://app.apollo.io/#/organizations/54fca12d7369647dd7230000?overrideScoreId=score,,
118,"Carolina Painting Company, Inc.",http://www.carolinapainting.com,carolinapainting.com,"painting company, painting service",,9,"[""apollo""]",,,2025-10-22T04:55:36.593Z,2025-10-22T04:58:32.770Z,,,,Carolina Painting Company,Inc.,,,,,https://app.apollo.io/#/organizations/5f48b6a18dedc90001db0449?overrideScoreId=score,,
119,Dutch Hill Painting Company,http://www.dutchhillpainting.com,dutchhillpainting.com,"painting company, painting service",,3,"[""apollo""]",,,2025-10-22T04:55:36.593Z,2025-10-22T04:58:32.770Z,,,,Bloomsburg,Pennsylvania,,,,,https://app.apollo.io/#/organizations/61ec2fe5ad92600001819899?overrideScoreId=score,,
120,"Emerald Painting, Inc.",http://www.emeraldpaintinginc.com,emeraldpaintinginc.com,"painting company, painting service",,16,"[""apollo""]",,,2025-10-22T04:55:36.593Z,2025-10-22T04:58:32.770Z,,,,Emerald Painting,Inc.,,,,,https://app.apollo.io/#/organizations/63c34b91ae9ec700013e5fb4?overrideScoreId=score,,
121,Haugen Homes Painting,http://www.hhpainters.com,hhpainters.com,"painting company, painting service",,2,"[""apollo""]",,,2025-10-22T04:55:36.593Z,2025-10-22T04:58:32.770Z,,,,Sheboygan,Wisconsin,,,,,https://app.apollo.io/#/organizations/60b28784f6c9fa0001354e58?overrideScoreId=score,,
122,FLORIDA PAINTING COMPANY,http://www.floridapaintingmiami.com,floridapaintingmiami.com,"painting company, painting service",,7,"[""apollo""]",,,2025-10-22T04:55:36.593Z,2025-10-22T04:58:32.770Z,,,,Miami,Florida,,,,,https://app.apollo.io/#/organizations/5da3d61c2fc5830001758fa8?overrideScoreId=score,,
123,Bernardo's Painting,http://www.bernardospainting.com,bernardospainting.com,"painting company, painting service",,8,"[""apollo""]",,,2025-10-22T04:55:36.593Z,2025-10-22T04:58:32.770Z,,,,Mililani,Hawaii,,,,,https://app.apollo.io/#/organizations/62a5fb4a4757e800a3fe007c?overrideScoreId=score,,
124,Rainbow Painting Company,http://www.rainbowpaintingcompany.com,rainbowpaintingcompany.com,"painting company, painting service",,49,"[""apollo""]",,,2025-10-22T04:55:36.593Z,2025-10-22T04:58:32.770Z,,,,O'Fallon,Missouri,,,,,https://app.apollo.io/#/organizations/5e5972b114af6900013741a9?overrideScoreId=score,,
125,Messery Painting,http://www.messerypaintingswfl.com,messerypaintingswfl.com,"painting company, painting service",,12,"[""apollo""]",,,2025-10-22T04:55:36.593Z,2025-10-22T04:58:32.770Z,,,,Fort Myers,Florida,,,,,https://app.apollo.io/#/organizations/5500c55f736964176d614f00?overrideScoreId=score,,
126,"Pro 1 Painters, LLC",http://www.pro1painters.com,pro1painters.com,"painting company, painting service",,7,"[""apollo""]",,,2025-10-22T04:55:39.541Z,2025-10-22T04:58:32.770Z,,,,Mobile,Alabama,,,,,https://app.apollo.io/#/organizations/55eccab2f3e5bb16d7000e3d?overrideScoreId=score,,
127,Ace Painting Company Inc,,,"painting company, painting service",,13,"[""apollo""]",,,2025-10-22T04:55:39.546Z,2025-10-22T04:58:32.770Z,,,,Pinson,Alabama,,,,,https://app.apollo.io/#/organizations/55923e2a73696418f671ed00?overrideScoreId=score,,
128,Paradiso Painting Company Inc,http://www.paradisopainting.com,paradisopainting.com,"painting company, painting service",,16,"[""apollo""]",,,2025-10-22T04:55:39.547Z,2025-10-22T04:58:32.770Z,,,,Birmingham,Alabama,,,,,https://app.apollo.io/#/organizations/55920398736964199b641a00?overrideScoreId=score,,
129,Rogers Painting Company,http://www.rogerspaintingcompany.net,rogerspaintingcompany.net,"painting company, painting service",,23,"[""apollo""]",,,2025-10-22T04:55:39.549Z,2025-10-22T04:58:32.770Z,,,,Montgomery,Alabama,,,,,https://app.apollo.io/#/organizations/55921f0a7369640b18b41400?overrideScoreId=score,,
130,Tomas Painting Service,http://www.tuscaloosapaintingservices.com,tuscaloosapaintingservices.com,"painting company, painting service",,1,"[""apollo""]",,,2025-10-22T04:55:39.549Z,2025-10-22T04:58:32.771Z,,,,Tuscaloosa,Alabama,,,,,https://app.apollo.io/#/organizations/66fb843216ca0300012f73fa?overrideScoreId=score,,
131,E&S Contractor Painting Company Inc.,http://www.auburneandspainting.com,auburneandspainting.com,"painting company, painting service",,3,"[""apollo""]",,,2025-10-22T04:55:39.551Z,2025-10-22T04:58:32.771Z,,,,Auburn,Alabama,,,,,https://app.apollo.io/#/organizations/674cc90447ad1e0001ba4c98?overrideScoreId=score,,
132,ACC Painting Service,http://www.accpaintingservice.com,accpaintingservice.com,"painting company, painting service",,,"[""apollo""]",,,2025-10-22T04:55:39.552Z,2025-10-22T04:58:32.771Z,,,,Mobile,Alabama,,,,,https://app.apollo.io/#/organizations/671488688d35110001e89c73?overrideScoreId=score,,
133,MCALLISTER PAINTING COMPANY,http://www.mcallisterpaintingcompany.com,mcallisterpaintingcompany.com,"painting company, painting service",,1,"[""apollo""]",,,2025-10-22T04:55:39.553Z,2025-10-22T04:58:32.771Z,,,,Slocomb,Alabama,,,,,https://app.apollo.io/#/organizations/6725a5edcca4980001f104fc?overrideScoreId=score,,
134,Croc Painting Company,,,"painting company, painting service",,10,"[""apollo""]",,,2025-10-22T04:55:45.685Z,2025-10-22T04:58:32.771Z,,,,Gilbert,Arizona,,,,,https://app.apollo.io/#/organizations/63d5ab5fc7530100017eb267?overrideScoreId=score,,
135,Extra Mile Painting Company,http://www.extramilepaintingaz.com,extramilepaintingaz.com,"painting company, painting service",,4,"[""apollo""]",,,2025-10-22T04:55:45.686Z,2025-10-22T04:58:32.771Z,,,,Phoenix,Arizona,,,,,https://app.apollo.io/#/organizations/55ed9f37f3e5bb164400699b?overrideScoreId=score,,
136,Best Painter Pro,http://www.bestpainterpro.com,bestpainterpro.com,"painting company, painting service",,4,"[""apollo""]",,,2025-10-22T04:55:45.686Z,2025-10-22T04:58:32.771Z,,,,Mesa,Arizona,,,,,https://app.apollo.io/#/organizations/674ffd7014baae00010d87a1?overrideScoreId=score,,
137,Country Boys Painting,http://www.countryboyspainting.com,countryboyspainting.com,"painting company, painting service",,10,"[""apollo""]",,,2025-10-22T04:55:45.686Z,2025-10-22T04:58:32.773Z,,,,Phoenix,Arizona,,,,,https://app.apollo.io/#/organizations/56e6ea80f3e5bb3a24013090?overrideScoreId=score,,
138,Adix Painting - Dedicated to Raising the Standard for Residential Interior and Exterior Painting,http://www.adixpainting.com,adixpainting.com,"painting company, painting service",,2,"[""apollo""]",,,2025-10-22T04:55:45.686Z,2025-10-22T04:58:32.773Z,,,,Phoenix,Arizona,,,,,https://app.apollo.io/#/organizations/5b13331da6da98dcb5c7d637?overrideScoreId=score,,
139,Painting Solutions Inc.,http://www.paintingsolutionsaz.com,paintingsolutionsaz.com,"painting company, painting service",,10,"[""apollo""]",,,2025-10-22T04:55:45.687Z,2025-10-22T04:58:32.773Z,,,,Phoenix,Arizona,,,,,https://app.apollo.io/#/organizations/614d81da3a98da000123ce57?overrideScoreId=score,,
140,WILDCAT PAINTING COMPANY L.L.C.,http://www.wildcatpaintingcompany.com,wildcatpaintingcompany.com,"painting company, painting service",,2,"[""apollo""]",,,2025-10-22T04:55:45.687Z,2025-10-22T04:58:32.773Z,,,,Tucson,Arizona,,,,,https://app.apollo.io/#/organizations/66f52b695a44f10001b41200?overrideScoreId=score,,
141,Trulypaintingandmore home painting company,http://www.trulypaintingandmore.com,trulypaintingandmore.com,"painting company, painting service",,,"[""apollo""]",,,2025-10-22T04:55:45.687Z,2025-10-22T04:58:32.773Z,,,,Mohave Valley,Arizona,,,,,https://app.apollo.io/#/organizations/6688e5c650eb8e0001f7e7e5?overrideScoreId=score,,
142,DCR Painting Service,http://www.dcrpainting.com,dcrpainting.com,"painting company, painting service",,,"[""apollo""]",,,2025-10-22T04:55:45.687Z,2025-10-22T04:58:32.773Z,,,,San Tan Valley,Arizona,,,,,https://app.apollo.io/#/organizations/6730328ecd1c1f00017f2ca8?overrideScoreId=score,,
143,CAPITAL PAINTING COMPANY LLC,http://www.capitalpaintingcompany.com,capitalpaintingcompany.com,"painting company, painting service",,,"[""apollo""]",,,2025-10-22T04:55:45.687Z,2025-10-22T04:58:32.773Z,,,,Gilbert,Arizona,,,,,https://app.apollo.io/#/organizations/66f8d0bde0d5a00001b4789d?overrideScoreId=score,,
144,Dougherty Painting Company,http://www.dohertypainting.com,dohertypainting.com,"painting company, painting service",,3,"[""apollo""]",,,2025-10-22T04:55:45.687Z,2025-10-22T04:58:32.774Z,,,,Phoenix,Arizona,,,,,https://app.apollo.io/#/organizations/556d8fb77369641226d03a01?overrideScoreId=score,,
145,Ph Painting Company,http://www.phpaintingcompany.com,phpaintingcompany.com,"painting company, painting service",,1,"[""apollo""]",,,2025-10-22T04:55:45.688Z,2025-10-22T04:58:32.775Z,,,,Tucson,Arizona,,,,,https://app.apollo.io/#/organizations/66e94dc86fc6aa0001f9ab23?overrideScoreId=score,,
146,"TOP STAR PAINTING SERVICE, INC.",http://www.topstarpainting.com,topstarpainting.com,"painting company, painting service",,1,"[""apollo""]",,,2025-10-22T04:55:45.688Z,2025-10-22T04:58:32.775Z,,,,Glendale,Arizona,,,,,https://app.apollo.io/#/organizations/6739070340844d0001e106b7?overrideScoreId=score,,
147,Penington Painting Company,http://www.peningtonpainting.com,peningtonpainting.com,"painting company, painting service",,,"[""apollo""]",,,2025-10-22T04:55:45.688Z,2025-10-22T04:58:32.775Z,,,,Chandler,Arizona,,,,,https://app.apollo.io/#/organizations/68e68dc664ac410001fbbee6?overrideScoreId=score,,
148,Insight Painting Company Llc,http://www.insightpaintingcompany.com,insightpaintingcompany.com,"painting company, painting service",,,"[""apollo""]",,,2025-10-22T04:55:45.688Z,2025-10-22T04:58:32.775Z,,,,Mesa,Arizona,,,,,https://app.apollo.io/#/organizations/6828f4d20dd41b0001360150?overrideScoreId=score,,
149,MCCORMICK PAINTING COMPANY,http://www.mccormickequipmentrentals.com,mccormickequipmentrentals.com,"painting company, painting service",,15,"[""apollo""]",,,2025-10-22T04:55:48.635Z,2025-10-22T04:58:32.775Z,,,,Little Rock,Arkansas,,,,,https://app.apollo.io/#/organizations/672dd53ba379130001a6aeb9?overrideScoreId=score,,
150,Painter Aircraft Inc,http://www.aircraftpaintinginc.com,aircraftpaintinginc.com,"painting company, painting service",,2,"[""apollo""]",,,2025-10-22T04:55:48.637Z,2025-10-22T04:58:32.775Z,,,,Mena,Arkansas,,,,,https://app.apollo.io/#/organizations/5591ffa873696419273b1400?overrideScoreId=score,,
151,Quality Painting Company,http://www.adamroepaint.com,adamroepaint.com,"painting company, painting service",,6,"[""apollo""]",,,2025-10-22T04:55:48.638Z,2025-10-22T04:58:32.775Z,,,,Camden,Arkansas,,,,,https://app.apollo.io/#/organizations/674810bf3e0e4200017de341?overrideScoreId=score,,
152,Turpin Painting Company Inc,,,"painting company, painting service",,7,"[""apollo""]",,,2025-10-22T04:55:48.639Z,2025-10-22T04:58:32.775Z,,,,Little Rock,Arkansas,,,,,https://app.apollo.io/#/organizations/55921aff73696418f64c6f00?overrideScoreId=score,,
153,Legacy Painting Contractors,http://www.legacypaintingcontractorsca.com,legacypaintingcontractorsca.com,"painting company, painting service",,31,"[""apollo""]",,,2025-10-22T04:55:57.653Z,2025-10-22T04:58:32.775Z,,,,Pleasanton,California,,,,,https://app.apollo.io/#/organizations/5500b2d97369642daa6a2a00?overrideScoreId=score,,
154,SKY EDIFICE,http://www.skyedifice.com,skyedifice.com,"painting company, painting service",,50,"[""apollo""]",,,2025-10-22T04:55:57.655Z,2025-10-22T04:58:32.775Z,,,,Cerritos,California,,,,,https://app.apollo.io/#/organizations/61616eed8bfbd30001b43792?overrideScoreId=score,,
155,ALL LOS ANGELES PAINTING COMPANY INC.,http://www.alllosangelespaintingcompany.com,alllosangelespaintingcompany.com,"painting company, painting service",,2,"[""apollo""]",,,2025-10-22T04:55:57.655Z,2025-10-22T04:58:32.775Z,,,,Los Angeles,California,,,,,https://app.apollo.io/#/organizations/65c494825b212b0001d9c2b9?overrideScoreId=score,,
156,Dave's Painting Service,http://www.davespaintingservice.com,davespaintingservice.com,"painting company, painting service",,35,"[""apollo""]",,,2025-10-22T04:55:57.656Z,2025-10-22T04:58:32.775Z,,,,El Cajon,California,,,,,https://app.apollo.io/#/organizations/54a11db969702d9d7e592f01?overrideScoreId=score,,
157,Eco-Clean Painting,http://www.ecocleanpainting.com,ecocleanpainting.com,"painting company, painting service",,2,"[""apollo""]",,,2025-10-22T04:55:57.656Z,2025-10-22T04:58:32.776Z,,,,Atascadero,California,,,,,https://app.apollo.io/#/organizations/6761644024da9f01b1278e9c?overrideScoreId=score,,
158,Covington Home Painting,http://www.covingtonhomepainting.com,covingtonhomepainting.com,"painting company, painting service",,,"[""apollo""]",,,2025-10-22T04:55:57.657Z,2025-10-22T04:58:32.776Z,,,,Trinity Center,California,,,,,https://app.apollo.io/#/organizations/678c06ad7920340001d7a670?overrideScoreId=score,,
159,"ALC Construction, LLC",http://www.alcconstructioninc.com,alcconstructioninc.com,"painting company, painting service",,15,"[""apollo""]",,,2025-10-22T04:55:57.658Z,2025-10-22T04:58:32.776Z,,,,Los Angeles,California,,,,,https://app.apollo.io/#/organizations/556db209736964126c4f7401?overrideScoreId=score,,
160,Browder Painting Company,http://www.browderpainting.com,browderpainting.com,"painting company, painting service",,6,"[""apollo""]",,,2025-10-22T04:55:57.658Z,2025-10-22T04:58:32.776Z,,,,San Luis Obispo,California,,,,,https://app.apollo.io/#/organizations/664965a3f22ed9000176daa0?overrideScoreId=score,,
161,Kent Painting Company Inc.,http://www.kentpaintinginc.com,kentpaintinginc.com,"painting company, painting service",,3,"[""apollo""]",,,2025-10-22T04:55:57.659Z,2025-10-22T04:58:32.776Z,,,,Fresno,California,,,,,https://app.apollo.io/#/organizations/54a12a3969702d8cfc3f3002?overrideScoreId=score,,
162,Great Walls Painting Inc,http://www.greatwallspainting.com,greatwallspainting.com,"painting company, painting service",,1,"[""apollo""]",,,2025-10-22T04:55:57.659Z,2025-10-22T04:58:32.776Z,,,,San Jose,California,,,,,https://app.apollo.io/#/organizations/654dcfb2dd1ecf0001aed7d4?overrideScoreId=score,,
163,Joes Painting Service,http://www.joespremiumpainting.com,joespremiumpainting.com,"painting company, painting service",,10,"[""apollo""]",,,2025-10-22T04:55:57.659Z,2025-10-22T04:58:32.776Z,,,,Huntington Beach,California,,,,,https://app.apollo.io/#/organizations/5d093dbcf6512528599f6548?overrideScoreId=score,,
164,Larson Bros. Painting,http://www.larsonbrospainting.com,larsonbrospainting.com,"painting company, painting service",,15,"[""apollo""]",,,2025-10-22T04:55:57.659Z,2025-10-22T04:58:32.776Z,,,,Napa,California,,,,,https://app.apollo.io/#/organizations/54fca5e573696401aac03100?overrideScoreId=score,,
165,Design Systems Painting Company,http://www.designsystemspainting.com,designsystemspainting.com,"painting company, painting service",,1,"[""apollo""]",,,2025-10-22T04:55:57.660Z,2025-10-22T04:58:32.776Z,,,,Carmichael,California,,,,,https://app.apollo.io/#/organizations/6642f96a701ae60001901c62?overrideScoreId=score,,
166,Award Painting Company,http://www.awardpaintingco.com,awardpaintingco.com,"painting company, painting service",,4,"[""apollo""]",,,2025-10-22T04:55:57.660Z,2025-10-22T04:58:32.776Z,,,,Fairfield,California,,,,,https://app.apollo.io/#/organizations/55e8c19ff3e5bb144800006f?overrideScoreId=score,,
167,PaintPros of Napa Valley,http://www.paintprosnapa.com,paintprosnapa.com,"painting company, painting service",,3,"[""apollo""]",,,2025-10-22T04:55:57.660Z,2025-10-22T04:58:32.776Z,,,,Napa,California,,,,,https://app.apollo.io/#/organizations/5edbac7c4d8c35000196485a?overrideScoreId=score,,
168,Mikes Painting Service,http://www.mikespaintingservice.com,mikespaintingservice.com,"painting company, painting service",,18,"[""apollo""]",,,2025-10-22T04:55:57.660Z,2025-10-22T04:58:32.776Z,,,,Newman,California,,,,,https://app.apollo.io/#/organizations/667a7cb36758aa000103c3d0?overrideScoreId=score,,
169,Coastal Colors Painting Company,,,"painting company, painting service",,2,"[""apollo""]",,,2025-10-22T04:55:57.661Z,2025-10-22T04:58:32.776Z,,,,Carlsbad,California,,,,,https://app.apollo.io/#/organizations/6726c4017efe3d0001d18448?overrideScoreId=score,,
170,Moya Painting,http://www.moyapaintinganddecorating.com,moyapaintinganddecorating.com,"painting company, painting service",,2,"[""apollo""]",,,2025-10-22T04:55:57.661Z,2025-10-22T04:58:32.776Z,,,,San Francisco,California,,,,,https://app.apollo.io/#/organizations/65f7e96e1aec6a01c680c2be?overrideScoreId=score,,
171,Busker Media Inc.,http://www.busker.co,busker.co,"painting company, painting service",,1,"[""apollo""]",,,2025-10-22T04:55:57.661Z,2025-10-22T04:58:32.777Z,,,,Los Angeles,California,,,,,https://app.apollo.io/#/organizations/556945157369642111a82600?overrideScoreId=score,,
172,J.W. Peterson Painting Inc.,http://www.jwpetersonpainting.com,jwpetersonpainting.com,"painting company, painting service",,10,"[""apollo""]",,,2025-10-22T04:55:57.661Z,2025-10-22T04:58:32.777Z,,,,Livermore,California,,,,,https://app.apollo.io/#/organizations/556ceec47369641226a04f00?overrideScoreId=score,,
173,"Universal Painting Contractors, Inc.",http://www.upcpaint.com,upcpaint.com,"painting company, painting service",,3,"[""apollo""]",,,2025-10-22T04:55:57.662Z,2025-10-22T04:58:32.777Z,,,,Universal Painting Contractors,Inc.,,,,,https://app.apollo.io/#/organizations/60b2330715a03900014f81ad?overrideScoreId=score,,
174,Jerrys Painting Service,,,"painting company, painting service",,15,"[""apollo""]",,,2025-10-22T04:55:57.662Z,2025-10-22T04:58:32.777Z,,,,Vacaville,California,,,,,https://app.apollo.io/#/organizations/5e57eb9f5e3c2600014db3a6?overrideScoreId=score,,
175,"STEVE'S PAINTING SERVICE, INC.",http://www.stevespaintingserviceinc.com,stevespaintingserviceinc.com,"painting company, painting service",,12,"[""apollo""]",,,2025-10-22T04:55:57.662Z,2025-10-22T04:58:32.777Z,,,,San Jose,California,,,,,https://app.apollo.io/#/organizations/66e5768c15b550000182931e?overrideScoreId=score,,
176,Expressions Painting Company,http://www.expressionspaintingco.com,expressionspaintingco.com,"painting company, painting service",,1,"[""apollo""]",,,2025-10-22T04:55:57.662Z,2025-10-22T04:58:32.777Z,,,,Stockton,California,,,,,https://app.apollo.io/#/organizations/65546a731a843a0001c72c1c?overrideScoreId=score,,
177,Reliable Painting,http://www.reliablepainting.com,reliablepainting.com,"painting company, painting service",,48,"[""apollo""]",,,2025-10-22T04:55:57.662Z,2025-10-22T04:58:32.777Z,,,,San Diego,California,,,,,https://app.apollo.io/#/organizations/54a135b469702d4494c7c300?overrideScoreId=score,,
178,"PEACOCK PAINTING COMPANY, INC.",http://www.peacockpaintingco.com,peacockpaintingco.com,"painting company, painting service",,3,"[""apollo""]",,,2025-10-22T04:55:57.663Z,2025-10-22T04:58:32.778Z,,,,Novato,California,,,,,https://app.apollo.io/#/organizations/66f83cf74a9bbc00012149cd?overrideScoreId=score,,
179,U.S National Corp dba Jimenez Painting Company,,,"painting company, painting service",,2,"[""apollo""]",,,2025-10-22T04:55:57.663Z,2025-10-22T04:58:32.778Z,,,,Los Angeles,California,,,,,https://app.apollo.io/#/organizations/5e57bbde5c00fd000191cdaf?overrideScoreId=score,,
180,"D AND B PAINTING COMPANY, INC.",http://www.dbpaint.com,dbpaint.com,"painting company, painting service",,9,"[""apollo""]",,,2025-10-22T04:55:57.663Z,2025-10-22T04:58:32.778Z,,,,Oakland,California,,,,,https://app.apollo.io/#/organizations/55ef63dff3e5bb49b10005c7?overrideScoreId=score,,
181,Walls n Beyond Painting Company,http://www.wallsnbeyond.com,wallsnbeyond.com,"painting company, painting service",,1,"[""apollo""]",,,2025-10-22T04:55:57.663Z,2025-10-22T04:58:32.778Z,,,,San Mateo,California,,,,,https://app.apollo.io/#/organizations/54fca1e27369647d9b740c00?overrideScoreId=score,,
182,CH Painting Company,http://www.chinohillspainting.com,chinohillspainting.com,"painting company, painting service",,6,"[""apollo""]",,,2025-10-22T04:55:57.663Z,2025-10-22T04:58:32.778Z,,,,Chino Hills,California,,,,,https://app.apollo.io/#/organizations/674b22abc0db0800013ee8f3?overrideScoreId=score,,
183,Meza Painting Company,http://www.mezapaintingco.com,mezapaintingco.com,"painting company, painting service",,1,"[""apollo""]",,,2025-10-22T04:55:57.663Z,2025-10-22T04:58:32.778Z,,,,Walnut Creek,California,,,,,https://app.apollo.io/#/organizations/6715d5b5eb99680001e052fc?overrideScoreId=score,,
184,Wallace Painting Service,http://www.wallacepaintingservice.com,wallacepaintingservice.com,"painting company, painting service",,8,"[""apollo""]",,,2025-10-22T04:55:57.663Z,2025-10-22T04:58:32.778Z,,,,Temple City,California,,,,,https://app.apollo.io/#/organizations/6729cbfcc78d650001d81111?overrideScoreId=score,,
185,MIGALE PAINTING COMPANY,http://www.migalepainting.com,migalepainting.com,"painting company, painting service",,7,"[""apollo""]",,,2025-10-22T04:55:57.664Z,2025-10-22T04:58:32.778Z,,,,Novato,California,,,,,https://app.apollo.io/#/organizations/66f1070d3a3bc5000178f9bf?overrideScoreId=score,,
186,The Better Painting Company,http://www.thebetterpaintingco.com,thebetterpaintingco.com,"painting company, painting service",,,"[""apollo""]",,,2025-10-22T04:55:57.664Z,2025-10-22T04:58:32.779Z,,,,San Diego,California,,,,,https://app.apollo.io/#/organizations/641a8fddfa64490001c646a5?overrideScoreId=score,,
187,Aone Painting Company Mountain View,http://www.paintingcompanymountainview.com,paintingcompanymountainview.com,"painting company, painting service",,,"[""apollo""]",,,2025-10-22T04:55:57.664Z,2025-10-22T04:58:32.779Z,,,,Mountain View,California,,,,,https://app.apollo.io/#/organizations/6719f590c3c11d01b06aaa6b?overrideScoreId=score,,
188,Element 6 US,http://www.element6.us,element6.us,"painting company, painting service",,9,"[""apollo""]",,,2025-10-22T04:55:57.664Z,2025-10-22T04:58:32.779Z,,,,Murrieta,California,,,,,https://app.apollo.io/#/organizations/6653ea915ca70300018eebaf?overrideScoreId=score,,
189,Pro-Tech Painting Service,http://www.pro-techpaintinginc.com,pro-techpaintinginc.com,"painting company, painting service",,5,"[""apollo""]",,,2025-10-22T04:55:57.665Z,2025-10-22T04:58:32.779Z,,,,Campbell,California,,,,,https://app.apollo.io/#/organizations/67425df92c163600012ba3a7?overrideScoreId=score,,
190,"JFP PAINTING SERVICE, INC.",http://www.jfppaintingservice.com,jfppaintingservice.com,"painting company, painting service",,6,"[""apollo""]",,,2025-10-22T04:55:57.665Z,2025-10-22T04:58:32.779Z,,,,Fountain Valley,California,,,,,https://app.apollo.io/#/organizations/670b08b67524d000012a08ab?overrideScoreId=score,,
191,Mr. Painter Painting Company,http://www.paintingcontractorturlock.com,paintingcontractorturlock.com,"painting company, painting service",,2,"[""apollo""]",,,2025-10-22T04:55:57.665Z,2025-10-22T04:58:32.779Z,,,,Keyes,California,,,,,https://app.apollo.io/#/organizations/6714bdc7e73ec000013dab9c?overrideScoreId=score,,
192,Pro Painting Service,http://www.propaintingservice.com,propaintingservice.com,"painting company, painting service",,1,"[""apollo""]",,,2025-10-22T04:55:57.665Z,2025-10-22T04:58:32.779Z,,,,San Jose,California,,,,,https://app.apollo.io/#/organizations/66ff80ab13e8b3000151a524?overrideScoreId=score,,
193,BROWDER PAINTING COMPANY INC.,,,"painting company, painting service",,7,"[""apollo""]",,,2025-10-22T04:55:57.666Z,2025-10-22T04:58:32.779Z,,,,San Luis Obispo,California,,,,,https://app.apollo.io/#/organizations/66fce997a8ca0e000112a3b6?overrideScoreId=score,,
194,Sierra West Painting Company,http://www.sierrawestpainting.com,sierrawestpainting.com,"painting company, painting service",,4,"[""apollo""]",,,2025-10-22T04:55:57.666Z,2025-10-22T04:58:32.779Z,,,,Costa Mesa,California,,,,,https://app.apollo.io/#/organizations/673daf2988b2320001466d26?overrideScoreId=score,,
195,Marin Painting Company,http://www.marinpainting.com,marinpainting.com,"painting company, painting service",,6,"[""apollo""]",,,2025-10-22T04:55:57.666Z,2025-10-22T04:58:32.779Z,,,,Novato,California,,,,,https://app.apollo.io/#/organizations/66fd0fffcfaef40001d842a6?overrideScoreId=score,,
196,Tolteca Painting Company,http://www.toltecapaintingcompany.com,toltecapaintingcompany.com,"painting company, painting service",,2,"[""apollo""]",,,2025-10-22T04:55:57.666Z,2025-10-22T04:58:32.779Z,,,,Sacramento,California,,,,,https://app.apollo.io/#/organizations/66efccb11d94410001acfd16?overrideScoreId=score,,
197,"KEITH'S CONSTRUCTION AND PAINTING COMPANY, INC.",http://www.keithspainting.com,keithspainting.com,"painting company, painting service",,3,"[""apollo""]",,,2025-10-22T04:55:57.666Z,2025-10-22T04:58:32.779Z,,,,Anaheim,California,,,,,https://app.apollo.io/#/organizations/6732db7c6bce5f000137732c?overrideScoreId=score,,
198,"PEPPERLING PAINTING COMPANY, INC.",http://www.peppaints.com,peppaints.com,"painting company, painting service",,,"[""apollo""]",,,2025-10-22T04:55:57.667Z,2025-10-22T04:58:32.779Z,,,,Torrance,California,,,,,https://app.apollo.io/#/organizations/672477a6a93e7e000192655c?overrideScoreId=score,,
199,Master Glow Painting Company,http://www.masterglowpainting.com,masterglowpainting.com,"painting company, painting service",,,"[""apollo""]",,,2025-10-22T04:55:57.667Z,2025-10-22T04:58:32.780Z,,,,Sunnyvale,California,,,,,https://app.apollo.io/#/organizations/66f29cb14065b00001602fee?overrideScoreId=score,,
200,NEALS PAINTING COMPANY INC,http://www.nealspainting.com,nealspainting.com,"painting company, painting service",,2,"[""apollo""]",,,2025-10-22T04:55:57.667Z,2025-10-22T04:58:32.780Z,,,,Fairfield,California,,,,,https://app.apollo.io/#/organizations/67269a4393de3b0001aeb812?overrideScoreId=score,,
201,"MARZ PAINTING COMPANY, THE",http://www.marzpaintingco.com,marzpaintingco.com,"painting company, painting service",,2,"[""apollo""]",,,2025-10-22T04:55:57.667Z,2025-10-22T04:58:32.780Z,,,,Sacramento,California,,,,,https://app.apollo.io/#/organizations/672ef78ccd1c1f000173c259?overrideScoreId=score,,
202,Larry Bisordi Painting Company,http://www.bisordipainting.com,bisordipainting.com,"painting company, painting service",,1,"[""apollo""]",,,2025-10-22T04:55:57.667Z,2025-10-22T04:58:32.780Z,,,,Burbank,California,,,,,https://app.apollo.io/#/organizations/6700c06d7482bf000120df6f?overrideScoreId=score,,
203,U & S Painting Company,http://www.unspainting.net,unspainting.net,"painting company, painting service",,,"[""apollo""]",,,2025-10-22T04:55:57.667Z,2025-10-22T04:58:32.780Z,,,,Los Angeles,California,,,,,https://app.apollo.io/#/organizations/66ed41eeb5a29a000169f073?overrideScoreId=score,,
204,Applied Artistry A Painting Company,http://www.appliedartistry.com,appliedartistry.com,"painting company, painting service",,2,"[""apollo""]",,,2025-10-22T04:55:57.667Z,2025-10-22T04:58:32.780Z,,,,Huntington Beach,California,,,,,https://app.apollo.io/#/organizations/6731143ccfd91b00011cc7d4?overrideScoreId=score,,
205,Statewide Painting Service,http://www.statewidepaintingservice.com,statewidepaintingservice.com,"painting company, painting service",,,"[""apollo""]",,,2025-10-22T04:55:57.668Z,2025-10-22T04:58:32.780Z,,,,Sacramento,California,,,,,https://app.apollo.io/#/organizations/6726ec5562f46c0001c40c13?overrideScoreId=score,,
206,"DC & ASSOCIATES PAINTING COMPANY, INC.",http://www.dcapainters.com,dcapainters.com,"painting company, painting service",,2,"[""apollo""]",,,2025-10-22T04:55:57.668Z,2025-10-22T04:58:32.780Z,,,,Lynwood,California,,,,,https://app.apollo.io/#/organizations/66eeb39c12ef530001f2bbad?overrideScoreId=score,,
207,NATURAL PAINTING SERVICE,http://www.naturalpaintingservice.com,naturalpaintingservice.com,"painting company, painting service",,1,"[""apollo""]",,,2025-10-22T04:55:57.668Z,2025-10-22T04:58:32.781Z,,,,Santa Rosa,California,,,,,https://app.apollo.io/#/organizations/66ebbc67fc7cf7000155ed5e?overrideScoreId=score,,
208,Painting Service Pros,http://www.paintingservicepros.com,paintingservicepros.com,"painting company, painting service",,1,"[""apollo""]",,,2025-10-22T04:55:57.668Z,2025-10-22T04:58:32.781Z,,,,Riverside,California,,,,,https://app.apollo.io/#/organizations/67245c468014e600012011f5?overrideScoreId=score,,
209,Sparkle Painting Service,http://www.sparklepaintingservice.com,sparklepaintingservice.com,"painting company, painting service",,,"[""apollo""]",,,2025-10-22T04:55:57.668Z,2025-10-22T04:58:32.781Z,,,,Rancho Cordova,California,,,,,https://app.apollo.io/#/organizations/672ef390e4b421000198d016?overrideScoreId=score,,
210,Web’s Painting Company,http://www.webspainting.com,webspainting.com,"painting company, painting service",,2,"[""apollo""]",,,2025-10-22T04:55:57.668Z,2025-10-22T04:58:32.781Z,,,,Los Angeles,California,,,,,https://app.apollo.io/#/organizations/673f0b0f7199f900018dffb1?overrideScoreId=score,,
211,Brophy Painting Company,http://www.brophypaintingsanfrancisco.com,brophypaintingsanfrancisco.com,"painting company, painting service",,,"[""apollo""]",,,2025-10-22T04:55:57.668Z,2025-10-22T04:58:32.781Z,,,,San Francisco,California,,,,,https://app.apollo.io/#/organizations/66e7b735c280af0001346e56?overrideScoreId=score,,
212,Einstein's Painting Company,http://www.einsteinspaintingco.com,einsteinspaintingco.com,"painting company, painting service",,1,"[""apollo""]",,,2025-10-22T04:55:57.669Z,2025-10-22T04:58:32.781Z,,,,Anaheim,California,,,,,https://app.apollo.io/#/organizations/6743db5bac145700014a02ad?overrideScoreId=score,,
213,2020 Painting Company,http://www.2020paintingcompany.com,2020paintingcompany.com,"painting company, painting service",,,"[""apollo""]",,,2025-10-22T04:55:57.669Z,2025-10-22T04:58:32.781Z,,,,La Mesa,California,,,,,https://app.apollo.io/#/organizations/66d3f2443f06c50001ff869e?overrideScoreId=score,,
214,Montano’s Painting Company,http://www.montanos-painting.com,montanos-painting.com,"painting company, painting service",,,"[""apollo""]",,,2025-10-22T04:55:57.669Z,2025-10-22T04:58:32.781Z,,,,Anaheim,California,,,,,https://app.apollo.io/#/organizations/66eea173858f5600016fdb66?overrideScoreId=score,,
215,Borlodan Painting Company,http://www.borlodanpainting.com,borlodanpainting.com,"painting company, painting service",,1,"[""apollo""]",,,2025-10-22T04:55:57.669Z,2025-10-22T04:58:32.781Z,,,,Atascadero,California,,,,,https://app.apollo.io/#/organizations/670e08c7406039000121c188?overrideScoreId=score,,
216,Pacific Painting Company,http://www.pacificpaintingco.com,pacificpaintingco.com,"painting company, painting service",,,"[""apollo""]",,,2025-10-22T04:55:57.669Z,2025-10-22T04:58:32.781Z,,,,Santa Barbara,California,,,,,https://app.apollo.io/#/organizations/5fd1ab6840501300018513ff?overrideScoreId=score,,
217,Molitor Painting Company,http://www.molitorpainting.com,molitorpainting.com,"painting company, painting service",,,"[""apollo""]",,,2025-10-22T04:55:57.670Z,2025-10-22T04:58:32.781Z,,,,Penn Valley,California,,,,,https://app.apollo.io/#/organizations/6742313320518b00017a1ca1?overrideScoreId=score,,
218,Raider Painting Company,http://www.raiderpainting.com,raiderpainting.com,"painting company, painting service",,3,"[""apollo""]",,,2025-10-22T04:55:57.670Z,2025-10-22T04:58:32.781Z,,,,Merced,California,,,,,https://app.apollo.io/#/organizations/54a23ccf7468693cdda5cb18?overrideScoreId=score,,
219,Anselm Painting Company,http://www.paintthesky.biz,paintthesky.biz,"painting company, painting service",,,"[""apollo""]",,,2025-10-22T04:55:57.670Z,2025-10-22T04:58:32.782Z,,,,Arroyo Grande,California,,,,,https://app.apollo.io/#/organizations/6715cf41eb99680001e00ef5?overrideScoreId=score,,
220,Jay’s Painting Service - Sacramento,http://www.jays-painting-service-sacramento.com,jays-painting-service-sacramento.com,"painting company, painting service",,,"[""apollo""]",,,2025-10-22T04:55:57.670Z,2025-10-22T04:58:32.782Z,,,,Sacramento,California,,,,,https://app.apollo.io/#/organizations/66f7ee7ad3435c0001be91fe?overrideScoreId=score,,
221,Ace Painting Service Inc.,http://www.ace-painting.com,ace-painting.com,"painting company, painting service",,10,"[""apollo""]",,,2025-10-22T04:55:57.670Z,2025-10-22T04:58:32.782Z,,,,Fullerton,California,,,,,https://app.apollo.io/#/organizations/56d9553ef3e5bb2cc300194c?overrideScoreId=score,,
222,HECTOR GARCIA PAINTING SERVICE,http://www.hectorgarciapaintingservice.com,hectorgarciapaintingservice.com,"painting company, painting service",,,"[""apollo""]",,,2025-10-22T04:55:57.670Z,2025-10-22T04:58:32.782Z,,,,Freedom,California,,,,,https://app.apollo.io/#/organizations/6728a9e20426250001888ec4?overrideScoreId=score,,
223,Sid’s Custom Painting Service,http://www.cabinetrefinishinginlakesideca.com,cabinetrefinishinginlakesideca.com,"painting company, painting service",,,"[""apollo""]",,,2025-10-22T04:55:57.679Z,2025-10-22T04:58:32.782Z,,,,Lakeside,California,,,,,https://app.apollo.io/#/organizations/672717d862f46c0001c5d45c?overrideScoreId=score,,
224,Brian Miller Painting Company,http://www.brianmillerpaintingcompany.com,brianmillerpaintingcompany.com,"painting company, painting service",,3,"[""apollo""]",,,2025-10-22T04:55:57.680Z,2025-10-22T04:58:32.782Z,,,,San Marcos,California,,,,,https://app.apollo.io/#/organizations/673158230af9f60001e9248d?overrideScoreId=score,,
225,NELAN PAINTING COMPANY INC.,http://www.nelanpainting.com,nelanpainting.com,"painting company, painting service",,,"[""apollo""]",,,2025-10-22T04:55:57.680Z,2025-10-22T04:58:32.782Z,,,,Laguna Beach,California,,,,,https://app.apollo.io/#/organizations/67318eef9c24470001e6fbd6?overrideScoreId=score,,
226,"RINGLEVER PAINTING COMPANY, INC.",http://www.ringleverpainting.com,ringleverpainting.com,"painting company, painting service",,,"[""apollo""]",,,2025-10-22T04:55:57.681Z,2025-10-22T04:58:32.782Z,,,,Oceanside,California,,,,,https://app.apollo.io/#/organizations/6727063d0426250001775b20?overrideScoreId=score,,
227,Condor National Painting Company,http://www.condornationalpainting.com,condornationalpainting.com,"painting company, painting service",,1,"[""apollo""]",,,2025-10-22T04:55:57.681Z,2025-10-22T04:58:32.782Z,,,,Los Angeles,California,,,,,https://app.apollo.io/#/organizations/674ce06ca3c1bb00010e1a1f?overrideScoreId=score,,
228,Walls N Beyond Painting Company,http://www.sanfranciscopaintingservice.com,sanfranciscopaintingservice.com,"painting company, painting service",,,"[""apollo""]",,,2025-10-22T04:55:57.681Z,2025-10-22T04:58:32.782Z,,,,San Francisco,California,,,,,https://app.apollo.io/#/organizations/6741672d299002000138586e?overrideScoreId=score,,
229,San Luis Obispo Painting Company,http://www.sanluisobispopainting.com,sanluisobispopainting.com,"painting company, painting service",,2,"[""apollo""]",,,2025-10-22T04:55:57.681Z,2025-10-22T04:58:32.782Z,,,,San Luis Obispo,California,,,,,https://app.apollo.io/#/organizations/6700eab6d46b890001ffe6ac?overrideScoreId=score,,
230,world of color painting company,http://www.worldofcolorpainting.com,worldofcolorpainting.com,"painting company, painting service",,,"[""apollo""]",,,2025-10-22T04:55:57.681Z,2025-10-22T04:58:32.782Z,,,,Garden Grove,California,,,,,https://app.apollo.io/#/organizations/66f23600d667770001903292?overrideScoreId=score,,
231,RB Painting Company Painter Culver City,http://www.rbpaintingco.com,rbpaintingco.com,"painting company, painting service",,,"[""apollo""]",,,2025-10-22T04:55:57.682Z,2025-10-22T04:58:32.782Z,,,,Culver City,California,,,,,https://app.apollo.io/#/organizations/6726e87e6893d600010a0fdb?overrideScoreId=score,,
232,Tecc Painting Company,,,"painting company, painting service",,3,"[""apollo""]",,,2025-10-22T04:56:00.637Z,2025-10-22T04:58:32.782Z,,,,Colorado Springs,Colorado,,,,,https://app.apollo.io/#/organizations/664b056cf8dd710001b6df82?overrideScoreId=score,,
233,LIME Painting of Castle Rock,,,"painting company, painting service",,3,"[""apollo""]",,,2025-10-22T04:56:00.638Z,2025-10-22T04:58:32.782Z,,,,Castle Rock,Colorado,,,,,https://app.apollo.io/#/organizations/5e56ad704169b30001c5fad4?overrideScoreId=score,,
234,Painting NoCo,http://www.paintingnoco.com,paintingnoco.com,"painting company, painting service",,5,"[""apollo""]",,,2025-10-22T04:56:00.640Z,2025-10-22T04:58:32.782Z,,,,Loveland,Colorado,,,,,https://app.apollo.io/#/organizations/5e55f0efc786930001b7dcae?overrideScoreId=score,,
235,Improovy Painters Denver,,,"painting company, painting service",,,"[""apollo""]",,,2025-10-22T04:56:00.641Z,2025-10-22T04:58:32.782Z,,,,Denver,Colorado,,,,,https://app.apollo.io/#/organizations/63f637d1b3f24b00da4ffebd?overrideScoreId=score,,
236,Paint Denver,http://www.paintdenver.com,paintdenver.com,"painting company, painting service",,13,"[""apollo""]",,,2025-10-22T04:56:00.642Z,2025-10-22T04:58:32.783Z,,,,Denver,Colorado,,,,,https://app.apollo.io/#/organizations/65e9471f847df80007aeefcb?overrideScoreId=score,,
237,A Quality Paint Job,http://www.aqualitypaintjob.com,aqualitypaintjob.com,"painting company, painting service",,6,"[""apollo""]",,,2025-10-22T04:56:00.644Z,2025-10-22T04:58:32.783Z,,,,Colorado Springs,Colorado,,,,,https://app.apollo.io/#/organizations/54a23b327468693cddf82818?overrideScoreId=score,,
238,Exemplary Painting,http://www.exemplarypainting.com,exemplarypainting.com,"painting company, painting service",,3,"[""apollo""]",,,2025-10-22T04:56:00.645Z,2025-10-22T04:58:32.783Z,,,,Littleton,Colorado,,,,,https://app.apollo.io/#/organizations/5b83324e324d446b0607b4bd?overrideScoreId=score,,
239,Imperial Painters LLC,http://www.imperialpaintersco.com,imperialpaintersco.com,"painting company, painting service",,3,"[""apollo""]",,,2025-10-22T04:56:00.645Z,2025-10-22T04:58:32.783Z,,,,Arvada,Colorado,,,,,https://app.apollo.io/#/organizations/5fc9ad157f0def0001a1aa67?overrideScoreId=score,,
240,LIME Painting® of Northern Colorado,http://www.limepaintingofnortherncolorado.com,limepaintingofnortherncolorado.com,"painting company, painting service",,6,"[""apollo""]",,,2025-10-22T04:56:00.648Z,2025-10-22T04:58:32.783Z,,,,Boulder,Colorado,,,,,https://app.apollo.io/#/organizations/5e5833db2895460001e00815?overrideScoreId=score,,
241,Gardiner Painting,http://www.gardinerpaint.com,gardinerpaint.com,"painting company, painting service",,2,"[""apollo""]",,,2025-10-22T04:56:00.649Z,2025-10-22T04:58:32.783Z,,,,Colorado Springs,Colorado,,,,,https://app.apollo.io/#/organizations/649a9a9e99b5e400efca4443?overrideScoreId=score,,
242,"RW Professional Painting, LLC",http://www.rwpropainting.com,rwpropainting.com,"painting company, painting service",,4,"[""apollo""]",,,2025-10-22T04:56:00.649Z,2025-10-22T04:58:32.783Z,,,,Littleton,Colorado,,,,,https://app.apollo.io/#/organizations/5ed5f1072419f6000110140d?overrideScoreId=score,,
243,Paint Baum,http://www.paintbaum.com,paintbaum.com,"painting company, painting service",,2,"[""apollo""]",,,2025-10-22T04:56:00.650Z,2025-10-22T04:58:32.783Z,,,,Boulder,Colorado,,,,,https://app.apollo.io/#/organizations/6448993224ed930001d1a664?overrideScoreId=score,,
244,"Tall Pines Painting, Inc",http://www.tallpinespainting.com,tallpinespainting.com,"painting company, painting service",,3,"[""apollo""]",,,2025-10-22T04:56:00.650Z,2025-10-22T04:58:32.783Z,,,,Tall Pines Painting,Inc,,,,,https://app.apollo.io/#/organizations/54a1363069702d46f0aa0201?overrideScoreId=score,,
245,"Vivid Color Painting Company, LLC",http://www.vividcolorpaintingco.com,vividcolorpaintingco.com,"painting company, painting service",,2,"[""apollo""]",,,2025-10-22T04:56:00.650Z,2025-10-22T04:58:32.783Z,,,,Durango,Colorado,,,,,https://app.apollo.io/#/organizations/5da6ecda46748d00012abc55?overrideScoreId=score,,
246,"Highland Painting Company, LLC",http://www.highlandpaintingpros.com,highlandpaintingpros.com,"painting company, painting service",,4,"[""apollo""]",,,2025-10-22T04:56:00.650Z,2025-10-22T04:58:32.783Z,,,,Denver,Colorado,,,,,https://app.apollo.io/#/organizations/672659c06919ee000128f3bc?overrideScoreId=score,,
247,Lawton Painting Company,http://www.lawtonpaintingcompany.com,lawtonpaintingcompany.com,"painting company, painting service",,2,"[""apollo""]",,,2025-10-22T04:56:00.651Z,2025-10-22T04:58:32.783Z,,,,Steamboat Springs,Colorado,,,,,https://app.apollo.io/#/organizations/6726ab933ca5f7000197e11e?overrideScoreId=score,,
248,"Turner Painting Service, Inc.",http://www.turnerpaintingservice.com,turnerpaintingservice.com,"painting company, painting service",,3,"[""apollo""]",,,2025-10-22T04:56:03.601Z,2025-10-22T04:58:32.783Z,,,,Turner Painting Service,Inc.,,,,,https://app.apollo.io/#/organizations/5d449e26576fbc09d5056d5c?overrideScoreId=score,,
249,"Roberge Painting Company, Inc.",http://www.robergepainting.com,robergepainting.com,"painting company, painting service",,15,"[""apollo""]",,,2025-10-22T04:56:03.602Z,2025-10-22T04:58:32.783Z,,,,Roberge Painting Company,Inc.,,,,,https://app.apollo.io/#/organizations/5e56af21e8dafc0001895986?overrideScoreId=score,,
250,MARTINEZ PAINTING COMPANY LLC,http://www.martinezpainting.com,martinezpainting.com,"painting company, painting service",,7,"[""apollo""]",,,2025-10-22T04:56:03.602Z,2025-10-22T04:58:32.784Z,,,,Essex,Connecticut,,,,,https://app.apollo.io/#/organizations/6739831fc2e9160001ae5ec8?overrideScoreId=score,,
251,Elite Painting Service,http://www.elitepaintingservicesplus.com,elitepaintingservicesplus.com,"painting company, painting service",,10,"[""apollo""]",,,2025-10-22T04:56:03.602Z,2025-10-22T04:58:32.784Z,,,,Simsbury,Connecticut,,,,,https://app.apollo.io/#/organizations/5d099b21a3ae61f4deba5f4a?overrideScoreId=score,,
252,Renaissance - A Painting Company,http://www.ren-painting.com,ren-painting.com,"painting company, painting service",,12,"[""apollo""]",,,2025-10-22T04:56:03.603Z,2025-10-22T04:58:32.784Z,,,,Glastonbury,Connecticut,,,,,https://app.apollo.io/#/organizations/54a1358369702d48e2bc9c00?overrideScoreId=score,,
253,"Painters In CT - Interior, Exterior, Commercial, & Residential Painting",http://www.newhavenpaintersllc.com,newhavenpaintersllc.com,"painting company, painting service",,3,"[""apollo""]",,,2025-10-22T04:56:03.603Z,2025-10-22T04:58:32.784Z,,,,Southington,Connecticut,,,,,https://app.apollo.io/#/organizations/5da540b5cef49f000192bfb2?overrideScoreId=score,,
254,Bridgeport Painting Company,http://www.bridgeportpaintingpros.com,bridgeportpaintingpros.com,"painting company, painting service",,4,"[""apollo""]",,,2025-10-22T04:56:03.603Z,2025-10-22T04:58:32.784Z,,,,Bridgeport,Connecticut,,,,,https://app.apollo.io/#/organizations/6459c83a82fce20001b4b168?overrideScoreId=score,,
255,ROBERGE PAINTING COMPANY INC,http://www.epoxyflooringservices.com,epoxyflooringservices.com,"painting company, painting service",,5,"[""apollo""]",,,2025-10-22T04:56:03.604Z,2025-10-22T04:58:32.784Z,,,,Bristol,Connecticut,,,,,https://app.apollo.io/#/organizations/673c45a17e4999000131e067?overrideScoreId=score,,
256,Franks Painting Service,http://www.frankspaintingservice.com,frankspaintingservice.com,"painting company, painting service",,4,"[""apollo""]",,,2025-10-22T04:56:03.604Z,2025-10-22T04:58:32.784Z,,,,Norwalk,Connecticut,,,,,https://app.apollo.io/#/organizations/5fc91585481a2800016f4150?overrideScoreId=score,,
257,Fairfield Painting Company,http://www.fairfieldpainting.com,fairfieldpainting.com,"painting company, painting service",,1,"[""apollo""]",,,2025-10-22T04:56:03.604Z,2025-10-22T04:58:32.784Z,,,,Fairfield,Connecticut,,,,,https://app.apollo.io/#/organizations/672742feed6bc2000186939f?overrideScoreId=score,,
258,Hue Painting Company,http://www.nuhuecompany.com,nuhuecompany.com,"painting company, painting service",,3,"[""apollo""]",,,2025-10-22T04:56:03.605Z,2025-10-22T04:58:32.784Z,,,,Brooklyn,Connecticut,,,,,https://app.apollo.io/#/organizations/556996c873696425a9f56400?overrideScoreId=score,,
259,Selly's Cleaning Service,http://www.sellyscleaningservice.com,sellyscleaningservice.com,"painting company, painting service",,1,"[""apollo""]",,,2025-10-22T04:56:03.605Z,2025-10-22T04:58:32.784Z,,,,Milford,Connecticut,,,,,https://app.apollo.io/#/organizations/5e55dbfe21d7050001297bf3?overrideScoreId=score,,
260,Connecticut Best Painting Company LLC,http://www.connecticutbestpainting.com,connecticutbestpainting.com,"painting company, painting service",,,"[""apollo""]",,,2025-10-22T04:56:03.605Z,2025-10-22T04:58:32.784Z,,,,New Haven,Connecticut,,,,,https://app.apollo.io/#/organizations/67271e4f6893d600010c71d4?overrideScoreId=score,,
261,Pachar’s Painting Service LLC,http://www.stamfordhousepainter.com,stamfordhousepainter.com,"painting company, painting service",,,"[""apollo""]",,,2025-10-22T04:56:03.606Z,2025-10-22T04:58:32.785Z,,,,Stamford,Connecticut,,,,,https://app.apollo.io/#/organizations/6727e45d3ca5f70001a65337?overrideScoreId=score,,
262,Joe Tamborra Painting Company,http://www.norwichpaintingcontractor.com,norwichpaintingcontractor.com,"painting company, painting service",,1,"[""apollo""]",,,2025-10-22T04:56:03.606Z,2025-10-22T04:58:32.785Z,,,,Norwich,Connecticut,,,,,https://app.apollo.io/#/organizations/6701758390d84b000118e425?overrideScoreId=score,,
263,Pat Derby Painting Company,http://www.patderbypainting.com,patderbypainting.com,"painting company, painting service",,,"[""apollo""]",,,2025-10-22T04:56:03.606Z,2025-10-22T04:58:32.785Z,,,,East Windsor,Connecticut,,,,,https://app.apollo.io/#/organizations/674284fe490a1000014e6771?overrideScoreId=score,,
264,Robs Painting Service,http://www.robspaintingservice.net,robspaintingservice.net,"painting company, painting service",,12,"[""apollo""]",,,2025-10-22T04:56:06.557Z,2025-10-22T04:58:32.785Z,,,,Wilmington,Delaware,,,,,https://app.apollo.io/#/organizations/55693b337369642115ad1600?overrideScoreId=score,,
265,Burke Painting Company,http://www.burkepaintingco.com,burkepaintingco.com,"painting company, painting service",,,"[""apollo""]",,,2025-10-22T04:56:06.559Z,2025-10-22T04:58:32.785Z,,,,Wilmington,Delaware,,,,,https://app.apollo.io/#/organizations/5fd87123fc876f00019339da?overrideScoreId=score,,
266,Burke painting Company LLC,http://www.burkepaintingandcoatings.com,burkepaintingandcoatings.com,"painting company, painting service",,3,"[""apollo""]",,,2025-10-22T04:56:06.559Z,2025-10-22T04:58:32.785Z,,,,Wilmington,Delaware,,,,,https://app.apollo.io/#/organizations/56dd2052f3e5bb1ae900184a?overrideScoreId=score,,
267,The Plummer Painting Company,http://www.plummerinc.com,plummerinc.com,"painting company, painting service",,19,"[""apollo""]",,,2025-10-22T04:56:13.744Z,2025-10-22T04:58:32.785Z,,,,Winter Park,Florida,,,,,https://app.apollo.io/#/organizations/6545f8889e2fb20001d2456e?overrideScoreId=score,,
268,Wintergreen Construction Services Inc.,http://www.wintergreenconstruction.com,wintergreenconstruction.com,"painting company, painting service",,5,"[""apollo""]",,,2025-10-22T04:56:13.747Z,2025-10-22T04:58:32.785Z,,,,Tampa,Florida,,,,,https://app.apollo.io/#/organizations/5ed19e5c7ee61c000133a0af?overrideScoreId=score,,
269,Premium Painters,http://www.premiumpainters.com,premiumpainters.com,"painting company, painting service",,9,"[""apollo""]",,,2025-10-22T04:56:13.748Z,2025-10-22T04:58:32.785Z,,,,Hobe Sound,Florida,,,,,https://app.apollo.io/#/organizations/55ea54a7f3e5bb59a6002962?overrideScoreId=score,,
270,Blu Baboon Painting,http://www.blubaboon.com,blubaboon.com,"painting company, painting service",,3,"[""apollo""]",,,2025-10-22T04:56:13.749Z,2025-10-22T04:58:32.785Z,,,,Cocoa,Florida,,,,,https://app.apollo.io/#/organizations/6384b6b5a0238900a31b5c73?overrideScoreId=score,,
271,Orlando Painting Service,http://www.orlandopaintingservice.com,orlandopaintingservice.com,"painting company, painting service",,8,"[""apollo""]",,,2025-10-22T04:56:13.750Z,2025-10-22T04:58:32.785Z,,,,Winter Park,Florida,,,,,https://app.apollo.io/#/organizations/5fc9b6f42221130001d05426?overrideScoreId=score,,
272,Regal Custom Painting Inc,http://www.regalcustompainting.com,regalcustompainting.com,"painting company, painting service",,10,"[""apollo""]",,,2025-10-22T04:56:13.750Z,2025-10-22T04:58:32.785Z,,,,Palm Bay,Florida,,,,,https://app.apollo.io/#/organizations/556de42773696412269aba01?overrideScoreId=score,,
273,Fresh Coating,http://www.freshcoatingllc.com,freshcoatingllc.com,"painting company, painting service",,3,"[""apollo""]",,,2025-10-22T04:56:13.751Z,2025-10-22T04:58:32.785Z,,,,Fort Walton Beach,Florida,,,,,https://app.apollo.io/#/organizations/64a6667023b5ff0001281872?overrideScoreId=score,,
274,Giron Brothers Painting,http://www.gironbrotherspainting.com,gironbrotherspainting.com,"painting company, painting service",,1,"[""apollo""]",,,2025-10-22T04:56:13.751Z,2025-10-22T04:58:32.785Z,,,,Naples,Florida,,,,,https://app.apollo.io/#/organizations/614c144781afa80001746b6b?overrideScoreId=score,,
275,RCI PAINTING,http://www.rcipainting.com,rcipainting.com,"painting company, painting service",,9,"[""apollo""]",,,2025-10-22T04:56:13.751Z,2025-10-22T04:58:32.785Z,,,,Boynton Beach,Florida,,,,,https://app.apollo.io/#/organizations/55ef96f9f3e5bb7b190007de?overrideScoreId=score,,
276,Dr House Painter,http://www.drhousepainter.com,drhousepainter.com,"painting company, painting service",,3,"[""apollo""]",,,2025-10-22T04:56:13.752Z,2025-10-22T04:58:32.786Z,,,,North Miami Beach,Florida,,,,,https://app.apollo.io/#/organizations/62fe04cef4490c00f7865007?overrideScoreId=score,,
277,"Weston Coatings Group, Inc.",http://www.westoncoatingsgroup.com,westoncoatingsgroup.com,"painting company, painting service",,14,"[""apollo""]",,,2025-10-22T04:56:13.752Z,2025-10-22T04:58:32.786Z,,,,Weston Coatings Group,Inc.,,,,,https://app.apollo.io/#/organizations/63c4d387898fcc00019764bc?overrideScoreId=score,,
278,SOS Assistance,http://www.sosassistance.us,sosassistance.us,"painting company, painting service",,,"[""apollo""]",,,2025-10-22T04:56:13.752Z,2025-10-22T04:58:32.786Z,,,,Miami Lakes,Florida,,,,,https://app.apollo.io/#/organizations/63528ea50ee48800a316ec48?overrideScoreId=score,,
279,The Cabinet Painting Company,http://www.cabinetpaintingco.com,cabinetpaintingco.com,"painting company, painting service",,3,"[""apollo""]",,,2025-10-22T04:56:13.753Z,2025-10-22T04:58:32.786Z,,,,Lithia,Florida,,,,,https://app.apollo.io/#/organizations/63c2ea9b5c1fde0001e1b472?overrideScoreId=score,,
280,Tampa Bay Painting Company,http://www.tbpaintingco.com,tbpaintingco.com,"painting company, painting service",,3,"[""apollo""]",,,2025-10-22T04:56:13.753Z,2025-10-22T04:58:32.786Z,,,,Saint Petersburg,Florida,,,,,https://app.apollo.io/#/organizations/55ef78c5f3e5bb3550000dea?overrideScoreId=score,,
281,"Expo Painting and Contracting, LLC",http://www.expopainting.com,expopainting.com,"painting company, painting service",,4,"[""apollo""]",,,2025-10-22T04:56:13.753Z,2025-10-22T04:58:32.786Z,,,,Naples,Florida,,,,,https://app.apollo.io/#/organizations/556d161873696412712c8200?overrideScoreId=score,,
282,Unique Painting Contractor,http://www.uniquepaintingcontractor.com,uniquepaintingcontractor.com,"painting company, painting service",,,"[""apollo""]",,,2025-10-22T04:56:13.754Z,2025-10-22T04:58:32.786Z,,,,Hollywood,Florida,,,,,https://app.apollo.io/#/organizations/666d51aee6e77c097e3afa6d?overrideScoreId=score,,
283,Unique Stone Resurfacing™,http://www.uniquestoneresurfacing.com,uniquestoneresurfacing.com,"painting company, painting service",,2,"[""apollo""]",,,2025-10-22T04:56:13.754Z,2025-10-22T04:58:32.786Z,,,,Sarasota,Florida,,,,,https://app.apollo.io/#/organizations/5500b4c87369647a36870900?overrideScoreId=score,,
284,3 peaks painting,http://www.threepeaks-painting.com,threepeaks-painting.com,"painting company, painting service",,,"[""apollo""]",,,2025-10-22T04:56:13.754Z,2025-10-22T04:58:32.786Z,,,,Saint Johns,Florida,,,,,https://app.apollo.io/#/organizations/673a3ffde3aae8000123db3d?overrideScoreId=score,,
285,"Team Sepi Inc., A Painting Company®",,,"painting company, painting service",,2,"[""apollo""]",,,2025-10-22T04:56:13.755Z,2025-10-22T04:58:32.786Z,,,,Miami,Florida,,,,,https://app.apollo.io/#/organizations/60064b1a11702900e4bdfc14?overrideScoreId=score,,
286,US Painting Service LLC,http://www.uspaintingservice.com,uspaintingservice.com,"painting company, painting service",,1,"[""apollo""]",,,2025-10-22T04:56:13.755Z,2025-10-22T04:58:32.786Z,,,,Orlando,Florida,,,,,https://app.apollo.io/#/organizations/643fa23dc68ab200a312f498?overrideScoreId=score,,
287,Azteca Painting Service,http://www.aztecapaintingservice.com,aztecapaintingservice.com,"painting company, painting service",,1,"[""apollo""]",,,2025-10-22T04:56:13.756Z,2025-10-22T04:58:32.786Z,,,,Riverview,Florida,,,,,https://app.apollo.io/#/organizations/68d038afabe0f70001c31058?overrideScoreId=score,,
288,"GPS Painting Group, LLC (561-247-2468)",http://www.gpspaintingfl.com,gpspaintingfl.com,"painting company, painting service",,3,"[""apollo""]",,,2025-10-22T04:56:13.756Z,2025-10-22T04:58:32.787Z,,,,Royal Palm Beach,Florida,,,,,https://app.apollo.io/#/organizations/5500b76a736964606b480600?overrideScoreId=score,,
289,Spartan Painting Company,,,"painting company, painting service",,7,"[""apollo""]",,,2025-10-22T04:56:13.756Z,2025-10-22T04:58:32.787Z,,,,Orlando,Florida,,,,,https://app.apollo.io/#/organizations/55922fd073696424de028500?overrideScoreId=score,,
290,Compass Painting of SWFL,http://www.compasspaintingswfl.com,compasspaintingswfl.com,"painting company, painting service",,1,"[""apollo""]",,,2025-10-22T04:56:13.757Z,2025-10-22T04:58:32.787Z,,,,Sarasota,Florida,,,,,https://app.apollo.io/#/organizations/66dbc568b617610001938e20?overrideScoreId=score,,
291,"BINGMAN'S PAINTING SERVICE, INC.",http://www.bingmanspainting.com,bingmanspainting.com,"painting company, painting service",,2,"[""apollo""]",,,2025-10-22T04:56:13.757Z,2025-10-22T04:58:32.787Z,,,,Hobe Sound,Florida,,,,,https://app.apollo.io/#/organizations/66d978e89c3c4e000156031f?overrideScoreId=score,,
292,JK Adams Services LLC,http://www.wecandothatservice.com,wecandothatservice.com,"painting company, painting service",,1,"[""apollo""]",,,2025-10-22T04:56:13.757Z,2025-10-22T04:58:32.787Z,,,,Milton,Florida,,,,,https://app.apollo.io/#/organizations/66365d21f04d590001e481af?overrideScoreId=score,,
293,I.A.C. PAINTING COMPANY INC.,http://www.iacpainting.com,iacpainting.com,"painting company, painting service",,3,"[""apollo""]",,,2025-10-22T04:56:13.757Z,2025-10-22T04:58:32.787Z,,,,Tampa,Florida,,,,,https://app.apollo.io/#/organizations/6730c2080af9f60001e2e517?overrideScoreId=score,,
294,ProMatcher Marketing,http://www.promatcher.com,promatcher.com,"painting company, painting service",,2,"[""apollo""]",,,2025-10-22T04:56:13.758Z,2025-10-22T04:58:32.787Z,,,,Winter Park,Florida,,,,,https://app.apollo.io/#/organizations/5d0a1193a3ae617b04f8c480?overrideScoreId=score,,
295,Five Star Painting of New Port Richey / Citrus Park,,,"painting company, painting service",,,"[""apollo""]",,,2025-10-22T04:56:13.758Z,2025-10-22T04:58:32.788Z,,,,New Port Richey,Florida,,,,,https://app.apollo.io/#/organizations/678c21880c1e3500019df2b5?overrideScoreId=score,,
296,LT Painting Service Inc.,http://www.ltpainting.com,ltpainting.com,"painting company, painting service",,2,"[""apollo""]",,,2025-10-22T04:56:13.758Z,2025-10-22T04:58:32.788Z,,,,Tampa,Florida,,,,,https://app.apollo.io/#/organizations/55ee024ff3e5bb16aa00030a?overrideScoreId=score,,
297,Curry Painting Company,http://www.curry-painting.com,curry-painting.com,"painting company, painting service",,,"[""apollo""]",,,2025-10-22T04:56:13.758Z,2025-10-22T04:58:32.788Z,,,,Coconut Creek,Florida,,,,,https://app.apollo.io/#/organizations/6745ad124565480001c3d390?overrideScoreId=score,,
298,SOCORRO PAINTING COMPANY,http://www.socorropainting.com,socorropainting.com,"painting company, painting service",,2,"[""apollo""]",,,2025-10-22T04:56:13.758Z,2025-10-22T04:58:32.788Z,,,,Miami,Florida,,,,,https://app.apollo.io/#/organizations/66e504d0829610000151de82?overrideScoreId=score,,
299,James Painting Service,http://www.jamespaintingservice.com,jamespaintingservice.com,"painting company, painting service",,1,"[""apollo""]",,,2025-10-22T04:56:13.759Z,2025-10-22T04:58:32.788Z,,,,Miami,Florida,,,,,https://app.apollo.io/#/organizations/559204ac73696418bc391e00?overrideScoreId=score,,
300,Richards Painting Service,http://www.thepaintingservice.com,thepaintingservice.com,"painting company, painting service",,1,"[""apollo""]",,,2025-10-22T04:56:13.759Z,2025-10-22T04:58:32.788Z,,,,Port Richey,Florida,,,,,https://app.apollo.io/#/organizations/55eaddb9f3e5bb3f32003809?overrideScoreId=score,,
301,T&L Perfect Services LLC,http://www.tileperfectservice.com,tileperfectservice.com,"painting company, painting service",,1,"[""apollo""]",,,2025-10-22T04:56:13.759Z,2025-10-22T04:58:32.788Z,,,,Clearwater,Florida,,,,,https://app.apollo.io/#/organizations/6718c6cfd33c2f00014ebdcf?overrideScoreId=score,,
302,Original Florida Painting Company,http://www.originalfloridapainting.com,originalfloridapainting.com,"painting company, painting service",,1,"[""apollo""]",,,2025-10-22T04:56:13.759Z,2025-10-22T04:58:32.788Z,,,,Brandon,Florida,,,,,https://app.apollo.io/#/organizations/684618697984a60001b8efe9?overrideScoreId=score,,
303,"PAGE PAINTING COMPANY, L.L.C.",http://www.pagepaintingco.com,pagepaintingco.com,"painting company, painting service",,1,"[""apollo""]",,,2025-10-22T04:56:13.759Z,2025-10-22T04:58:32.788Z,,,,Orlando,Florida,,,,,https://app.apollo.io/#/organizations/66f23bd74fb92d00012b75ee?overrideScoreId=score,,
304,AYS Painting Service,http://www.ayspainting.com,ayspainting.com,"painting company, painting service",,,"[""apollo""]",,,2025-10-22T04:56:13.760Z,2025-10-22T04:58:32.788Z,,,,Orlando,Florida,,,,,https://app.apollo.io/#/organizations/66f86923a48df40001362050?overrideScoreId=score,,
305,Port St. Lucie Painting Company,http://www.portstluciepainter.net,portstluciepainter.net,"painting company, painting service",,,"[""apollo""]",,,2025-10-22T04:56:13.760Z,2025-10-22T04:58:32.788Z,,,,Port Saint Lucie,Florida,,,,,https://app.apollo.io/#/organizations/674028c031c7620001b9969d?overrideScoreId=score,,
306,Bradshaw's Painting Service,http://www.bradshawspainting.com,bradshawspainting.com,"painting company, painting service",,,"[""apollo""]",,,2025-10-22T04:56:13.760Z,2025-10-22T04:58:32.788Z,,,,DeFuniak Springs,Florida,,,,,https://app.apollo.io/#/organizations/68c09eedd9cfc50001e83748?overrideScoreId=score,,
307,Anchor Painting Company,http://www.anchorpainting.com,anchorpainting.com,"painting company, painting service",,,"[""apollo""]",,,2025-10-22T04:56:13.760Z,2025-10-22T04:58:32.788Z,,,,Satellite Beach,Florida,,,,,https://app.apollo.io/#/organizations/68c287c8a291e00001464f3e?overrideScoreId=score,,
308,Peffley Painting Company,http://www.peffleypainting.com,peffleypainting.com,"painting company, painting service",,,"[""apollo""]",,,2025-10-22T04:56:13.760Z,2025-10-22T04:58:32.788Z,,,,Fort Lauderdale,Florida,,,,,https://app.apollo.io/#/organizations/6735de316b39d60001ed4a3a?overrideScoreId=score,,
309,Artistry Painting Company,http://www.artistrypaintingco.com,artistrypaintingco.com,"painting company, painting service",,2,"[""apollo""]",,,2025-10-22T04:56:13.761Z,2025-10-22T04:58:32.788Z,,,,Venice,Florida,,,,,https://app.apollo.io/#/organizations/67d8e7df79ccbb0001dadd43?overrideScoreId=score,,
310,Clark Pro Painting Service,http://www.clarkpropainting.com,clarkpropainting.com,"painting company, painting service",,,"[""apollo""]",,,2025-10-22T04:56:13.761Z,2025-10-22T04:58:32.788Z,,,,Brooksville,Florida,,,,,https://app.apollo.io/#/organizations/559229d773696418a557a600?overrideScoreId=score,,
311,Paggio Painting Company Inc.,http://www.paggiopainting.com,paggiopainting.com,"painting company, painting service",,2,"[""apollo""]",,,2025-10-22T04:56:13.761Z,2025-10-22T04:58:32.788Z,,,,Tampa,Florida,,,,,https://app.apollo.io/#/organizations/56e5dff2f3e5bb17f4005de8?overrideScoreId=score,,
312,"Pelican Painting Company, Inc.",http://www.pelicanpaintingsarasota.com,pelicanpaintingsarasota.com,"painting company, painting service",,,"[""apollo""]",,,2025-10-22T04:56:13.761Z,2025-10-22T04:58:32.789Z,,,,Pelican Painting Company,Inc.,,,,,https://app.apollo.io/#/organizations/5fd86186b898450001956816?overrideScoreId=score,,
313,MARK RALSTON PAINTING COMPANY,http://www.markralstonpainting.com,markralstonpainting.com,"painting company, painting service",,,"[""apollo""]",,,2025-10-22T04:56:13.761Z,2025-10-22T04:58:32.789Z,,,,Jupiter,Florida,,,,,https://app.apollo.io/#/organizations/67431009975d6e000169deed?overrideScoreId=score,,
314,Chance Painting Company LLC,http://www.chancepainting.com,chancepainting.com,"painting company, painting service",,2,"[""apollo""]",,,2025-10-22T04:56:13.762Z,2025-10-22T04:58:32.789Z,,,,Fort Walton Beach,Florida,,,,,https://app.apollo.io/#/organizations/56dd56b8f3e5bb1ac500331b?overrideScoreId=score,,
315,Winter Park Painting Company,http://www.winterparkpaintingcompany.com,winterparkpaintingcompany.com,"painting company, painting service",,,"[""apollo""]",,,2025-10-22T04:56:13.762Z,2025-10-22T04:58:32.789Z,,,,Winter Park,Florida,,,,,https://app.apollo.io/#/organizations/6743554751264500012b250f?overrideScoreId=score,,
316,EVENTIDE PAINTING COMPANY LLC,http://www.eventidepainting.com,eventidepainting.com,"painting company, painting service",,,"[""apollo""]",,,2025-10-22T04:56:13.762Z,2025-10-22T04:58:32.789Z,,,,Ocala,Florida,,,,,https://app.apollo.io/#/organizations/66f3c846bb2dcb0001c65ae2?overrideScoreId=score,,
317,Z A Sales Painting Company,http://www.zsa.com,zsa.com,"painting company, painting service",,,"[""apollo""]",,,2025-10-22T04:56:13.762Z,2025-10-22T04:58:32.789Z,,,,Melbourne,Florida,,,,,https://app.apollo.io/#/organizations/67349005db231d00010831e9?overrideScoreId=score,,
318,Paint Boss Ga,http://www.paintbossga.com,paintbossga.com,"painting company, painting service",,3,"[""apollo""]",,,2025-10-22T04:56:16.756Z,2025-10-22T04:58:32.789Z,,,,Warner Robins,Georgia,,,,,https://app.apollo.io/#/organizations/63cb70680d833b00014c23ff?overrideScoreId=score,,
319,TRASH IT,http://www.trashittrashittrashit.com,trashittrashittrashit.com,"painting company, painting service",,5,"[""apollo""]",,,2025-10-22T04:56:16.757Z,2025-10-22T04:58:32.789Z,,,,Atlanta,Georgia,,,,,https://app.apollo.io/#/organizations/5da646b88f6a7f00012203e1?overrideScoreId=score,,
320,Panorama Press,http://www.panoramapress.net,panoramapress.net,"painting company, painting service",,19,"[""apollo""]",,,2025-10-22T04:56:16.758Z,2025-10-22T04:58:32.789Z,,,,Acworth,Georgia,,,,,https://app.apollo.io/#/organizations/5f4a0d0557ebe40001dd78e1?overrideScoreId=score,,
321,ARM Remodeling and maintenance service - Renovation of Home decor,http://www.arm-service.com,arm-service.com,"painting company, painting service",,,"[""apollo""]",,,2025-10-22T04:56:16.759Z,2025-10-22T04:58:32.789Z,,,,Clarkston,Georgia,,,,,https://app.apollo.io/#/organizations/6707a298b28bad000188f852?overrideScoreId=score,,
322,"April Painting Company, Inc.",http://www.aprilpainting.com,aprilpainting.com,"painting company, painting service",,1,"[""apollo""]",,,2025-10-22T04:56:16.759Z,2025-10-22T04:58:32.789Z,,,,April Painting Company,Inc.,,,,,https://app.apollo.io/#/organizations/54a1a03d74686949e788e802?overrideScoreId=score,,
323,DLeon's Painting Company,http://www.dleonspainting.com,dleonspainting.com,"painting company, painting service",,2,"[""apollo""]",,,2025-10-22T04:56:16.759Z,2025-10-22T04:58:32.789Z,,,,Loganville,Georgia,,,,,https://app.apollo.io/#/organizations/663b21a6c67d310001087260?overrideScoreId=score,,
324,Kelvin Epps Painting Company,http://www.kelvineppspaintingcompany.com,kelvineppspaintingcompany.com,"painting company, painting service",,1,"[""apollo""]",,,2025-10-22T04:56:16.759Z,2025-10-22T04:58:32.789Z,,,,Byron,Georgia,,,,,https://app.apollo.io/#/organizations/6739c5ce22b3930001cc8edc?overrideScoreId=score,,
325,Georgia Painting Company LLC,http://www.georgiapainting.co,georgiapainting.co,"painting company, painting service",,3,"[""apollo""]",,,2025-10-22T04:56:16.760Z,2025-10-22T04:58:32.789Z,,,,Atlanta,Georgia,,,,,https://app.apollo.io/#/organizations/66517e2d2bfa520001fd4353?overrideScoreId=score,,
326,"SUNLIGHT PAINTING COMPANY, INC.",http://www.sunlightpainting.com,sunlightpainting.com,"painting company, painting service",,6,"[""apollo""]",,,2025-10-22T04:56:16.760Z,2025-10-22T04:58:32.789Z,,,,Atlanta,Georgia,,,,,https://app.apollo.io/#/organizations/67146736e1abc900012a044b?overrideScoreId=score,,
327,Ericks Painting Company,http://www.erickpaintinginc.com,erickpaintinginc.com,"painting company, painting service",,1,"[""apollo""]",,,2025-10-22T04:56:16.760Z,2025-10-22T04:58:32.789Z,,,,Doraville,Georgia,,,,,https://app.apollo.io/#/organizations/66dd82e9b4f99b00016e0f25?overrideScoreId=score,,
328,Premiere Painting Service,http://www.premierpaintingsvc.com,premierpaintingsvc.com,"painting company, painting service",,,"[""apollo""]",,,2025-10-22T04:56:16.760Z,2025-10-22T04:58:32.790Z,,,,Alpharetta,Georgia,,,,,https://app.apollo.io/#/organizations/55e87e36f3e5bb0eb4000124?overrideScoreId=score,,
329,Integrity Painting Service,http://www.integritypaintingservice.com,integritypaintingservice.com,"painting company, painting service",,,"[""apollo""]",,,2025-10-22T04:56:16.761Z,2025-10-22T04:58:32.790Z,,,,Atlanta,Georgia,,,,,https://app.apollo.io/#/organizations/68bff270d908e20001216e0b?overrideScoreId=score,,
330,Atlanta Painting Company,http://www.atlanta-painter.com,atlanta-painter.com,"painting company, painting service",,,"[""apollo""]",,,2025-10-22T04:56:16.761Z,2025-10-22T04:58:32.790Z,,,,Cumming,Georgia,,,,,https://app.apollo.io/#/organizations/66dfc8a193c1ac000115d792?overrideScoreId=score,,
331,G T Painting Service,http://www.gtpaintingservices.com,gtpaintingservices.com,"painting company, painting service",,1,"[""apollo""]",,,2025-10-22T04:56:16.761Z,2025-10-22T04:58:32.790Z,,,,Columbus,Georgia,,,,,https://app.apollo.io/#/organizations/670ab974ae42a7000144c483?overrideScoreId=score,,
332,PEACHTREE PAINTING COMPANY LLC,http://www.peachtreepaintingco.com,peachtreepaintingco.com,"painting company, painting service",,,"[""apollo""]",,,2025-10-22T04:56:16.762Z,2025-10-22T04:58:32.790Z,,,,Stockbridge,Georgia,,,,,https://app.apollo.io/#/organizations/66e67593be217e00016b3d49?overrideScoreId=score,,
333,Semper Fi Painting Company,http://www.vetpainters.com,vetpainters.com,"painting company, painting service",,1,"[""apollo""]",,,2025-10-22T04:56:16.762Z,2025-10-22T04:58:32.790Z,,,,Canton,Georgia,,,,,https://app.apollo.io/#/organizations/672b01a1554018000169431e?overrideScoreId=score,,
334,"M. SHIROMA PAINTING COMPANY, INC",,,"painting company, painting service",,7,"[""apollo""]",,,2025-10-22T04:56:19.677Z,2025-10-22T04:58:32.790Z,,,,Waipahu,Hawaii,,,,,https://app.apollo.io/#/organizations/67304cc493cdbb0001db7f40?overrideScoreId=score,,
335,Guero’s Painting Service,http://www.guerospainting.com,guerospainting.com,"painting company, painting service",,,"[""apollo""]",,,2025-10-22T04:56:19.678Z,2025-10-22T04:58:32.790Z,,,,Kihei,Hawaii,,,,,https://app.apollo.io/#/organizations/67393bbf885ca1000107747c?overrideScoreId=score,,
336,Residential Paint N Stain,http://www.treasurevalleyidahoresidentialpaintnstain.com,treasurevalleyidahoresidentialpaintnstain.com,"painting company, painting service",,1,"[""apollo""]",,,2025-10-22T04:56:22.614Z,2025-10-22T04:58:32.790Z,,,,Boise,Idaho,,,,,https://app.apollo.io/#/organizations/66ebd296e52f0f00015545f4?overrideScoreId=score,,
337,J & J Painting Service LLC,http://www.jandjpaintingservice.com,jandjpaintingservice.com,"painting company, painting service",,,"[""apollo""]",,,2025-10-22T04:56:22.615Z,2025-10-22T04:58:32.790Z,,,,Lewiston,Idaho,,,,,https://app.apollo.io/#/organizations/66f8b8800c7ca8000116cd40?overrideScoreId=score,,
338,NorthCraft Painting Contractor,http://www.northcraft-painting-contractor.com,northcraft-painting-contractor.com,"painting company, painting service",,2,"[""apollo""]",,,2025-10-22T04:56:25.545Z,2025-10-22T04:58:32.790Z,,,,Streamwood,Illinois,,,,,https://app.apollo.io/#/organizations/54a12ab669702dc128ebf801?overrideScoreId=score,,
339,Improovy Painters Chicago,,,"painting company, painting service",,1,"[""apollo""]",,,2025-10-22T04:56:25.550Z,2025-10-22T04:58:32.790Z,,,,Chicago,Illinois,,,,,https://app.apollo.io/#/organizations/60b20f322657620001b6d895?overrideScoreId=score,,
340,Steadfast Painting Solutions Corp,http://www.steadfastpainting.com,steadfastpainting.com,"painting company, painting service",,7,"[""apollo""]",,,2025-10-22T04:56:25.552Z,2025-10-22T04:58:32.790Z,,,,Elmhurst,Illinois,,,,,https://app.apollo.io/#/organizations/54fca59c7369640186842f00?overrideScoreId=score,,
341,"Accurate Painting Service, L.L.C.",,,"painting company, painting service",,4,"[""apollo""]",,,2025-10-22T04:56:25.554Z,2025-10-22T04:58:32.791Z,,,,Chicago,Illinois,,,,,https://app.apollo.io/#/organizations/54a129c869702dc841388201?overrideScoreId=score,,
342,Paintrix Painting Company,http://www.paintrixpainting.com,paintrixpainting.com,"painting company, painting service",,2,"[""apollo""]",,,2025-10-22T04:56:25.556Z,2025-10-22T04:58:32.791Z,,,,Huntley,Illinois,,,,,https://app.apollo.io/#/organizations/5f0d8be37548c4008ce031b0?overrideScoreId=score,,
343,Procaccio Painting Company,http://www.procacciopainting.com,procacciopainting.com,"painting company, painting service",,4,"[""apollo""]",,,2025-10-22T04:56:25.558Z,2025-10-22T04:58:32.791Z,,,,Saint Charles,Illinois,,,,,https://app.apollo.io/#/organizations/55ee320df3e5bb2675000570?overrideScoreId=score,,
344,NWS Restoration - Roofing Contractor and Painting Company of Grayslake,http://www.nwstormrestoration.com,nwstormrestoration.com,"painting company, painting service",,,"[""apollo""]",,,2025-10-22T04:56:25.558Z,2025-10-22T04:58:32.791Z,,,,Grayslake,Illinois,,,,,https://app.apollo.io/#/organizations/648a5abf3c21f700a381f0c0?overrideScoreId=score,,
345,Rich’s Painting Service,http://www.richspaintingservice.com,richspaintingservice.com,"painting company, painting service",,2,"[""apollo""]",,,2025-10-22T04:56:25.558Z,2025-10-22T04:58:32.791Z,,,,Lake Zurich,Illinois,,,,,https://app.apollo.io/#/organizations/66f84c41cc802500015fa51f?overrideScoreId=score,,
346,Thomas Painting Service,http://www.exteriorpainterschicago.com,exteriorpainterschicago.com,"painting company, painting service",,1,"[""apollo""]",,,2025-10-22T04:56:25.559Z,2025-10-22T04:58:32.791Z,,,,Chicago,Illinois,,,,,https://app.apollo.io/#/organizations/671520faf22dc900012e7a8b?overrideScoreId=score,,
347,Stars Painting Service,http://www.starpaintingservices.com,starpaintingservices.com,"painting company, painting service",,2,"[""apollo""]",,,2025-10-22T04:56:25.559Z,2025-10-22T04:58:32.791Z,,,,Skokie,Illinois,,,,,https://app.apollo.io/#/organizations/5500c968736964612ea56300?overrideScoreId=score,,
348,RED FEATHER PAINTING COMPANY,http://www.redfeathergroupinc.com,redfeathergroupinc.com,"painting company, painting service",,1,"[""apollo""]",,,2025-10-22T04:56:25.559Z,2025-10-22T04:58:32.791Z,,,,Glenview,Illinois,,,,,https://app.apollo.io/#/organizations/6392aae7d6bac70001f49d3c?overrideScoreId=score,,
349,Andrews Painting Service,http://www.andrewspaintingservice.com,andrewspaintingservice.com,"painting company, painting service",,1,"[""apollo""]",,,2025-10-22T04:56:25.560Z,2025-10-22T04:58:32.791Z,,,,Grayslake,Illinois,,,,,https://app.apollo.io/#/organizations/6700b2633c555c0001fbeb8a?overrideScoreId=score,,
350,Kluck Painting Service,http://www.kluckpainting.com,kluckpainting.com,"painting company, painting service",,1,"[""apollo""]",,,2025-10-22T04:56:25.560Z,2025-10-22T04:58:32.791Z,,,,Galena,Illinois,,,,,https://app.apollo.io/#/organizations/559239fe7369641b33cca200?overrideScoreId=score,,
351,Hyatt Painting Company,http://www.hyattpaintingco.com,hyattpaintingco.com,"painting company, painting service",,,"[""apollo""]",,,2025-10-22T04:56:25.560Z,2025-10-22T04:58:32.792Z,,,,Lake Forest,Illinois,,,,,https://app.apollo.io/#/organizations/67148b9a2287c40001a79fb9?overrideScoreId=score,,
352,Sauer Painting Company,http://www.housepaintingstcharles.com,housepaintingstcharles.com,"painting company, painting service",,1,"[""apollo""]",,,2025-10-22T04:56:25.561Z,2025-10-22T04:58:32.792Z,,,,Saint Charles,Illinois,,,,,https://app.apollo.io/#/organizations/6714cb36e5fc67000115d3bd?overrideScoreId=score,,
353,T. Robbins Painting Company,http://www.trobbinspainting.com,trobbinspainting.com,"painting company, painting service",,,"[""apollo""]",,,2025-10-22T04:56:25.561Z,2025-10-22T04:58:32.792Z,,,,Deerfield,Illinois,,,,,https://app.apollo.io/#/organizations/66e1541b890ec80001db1239?overrideScoreId=score,,
354,Town Square Painting Company,http://www.townsquarepainting.com,townsquarepainting.com,"painting company, painting service",,,"[""apollo""]",,,2025-10-22T04:56:25.561Z,2025-10-22T04:58:32.792Z,,,,Naperville,Illinois,,,,,https://app.apollo.io/#/organizations/66f9e7d327980600012f97d3?overrideScoreId=score,,
355,Inside Outside Painting Company,http://www.insideoutsidepainting.com,insideoutsidepainting.com,"painting company, painting service",,,"[""apollo""]",,,2025-10-22T04:56:25.561Z,2025-10-22T04:58:32.792Z,,,,Evanston,Illinois,,,,,https://app.apollo.io/#/organizations/670b31e39dc7fa000114c468?overrideScoreId=score,,
356,"ALL FAMILY PAINTING SERVICE, INC.",http://www.ourfinalcoat.com,ourfinalcoat.com,"painting company, painting service",,,"[""apollo""]",,,2025-10-22T04:56:25.562Z,2025-10-22T04:58:32.792Z,,,,Itasca,Illinois,,,,,https://app.apollo.io/#/organizations/66dd2b884fe15f0001db0884?overrideScoreId=score,,
357,Robert L Bowling Painting Service,http://www.rlbps.com,rlbps.com,"painting company, painting service",,,"[""apollo""]",,,2025-10-22T04:56:25.562Z,2025-10-22T04:58:32.792Z,,,,Rockford,Illinois,,,,,https://app.apollo.io/#/organizations/60499e9132153300010100df?overrideScoreId=score,,
358,House Painting Company,,,"painting company, painting service",,17,"[""apollo""]",,,2025-10-22T04:56:28.506Z,2025-10-22T04:58:32.792Z,,,,Indianapolis,Indiana,,,,,https://app.apollo.io/#/organizations/55f48500f3e5bb17f0000a8c?overrideScoreId=score,,
359,Pro Paint & Finish,http://www.propaintandfinish.com,propaintandfinish.com,"painting company, painting service",,8,"[""apollo""]",,,2025-10-22T04:56:28.507Z,2025-10-22T04:58:32.792Z,,,,Goshen,Indiana,,,,,https://app.apollo.io/#/organizations/60ec025a9b7c8c00a41f4fe8?overrideScoreId=score,,
360,Custom Designers Inc,http://www.customdesignersinc.com,customdesignersinc.com,"painting company, painting service",,19,"[""apollo""]",,,2025-10-22T04:56:28.508Z,2025-10-22T04:58:32.792Z,,,,Portage,Indiana,,,,,https://app.apollo.io/#/organizations/60498abfee00ee000197f973?overrideScoreId=score,,
361,Any Color You Like,http://www.anycoloryoulike.com,anycoloryoulike.com,"painting company, painting service",,19,"[""apollo""]",,,2025-10-22T04:56:28.508Z,2025-10-22T04:58:32.792Z,,,,Brownsburg,Indiana,,,,,https://app.apollo.io/#/organizations/54a129a869702db878a88401?overrideScoreId=score,,
362,Colorbilt Painting LLC,http://www.colorbiltpainting.com,colorbiltpainting.com,"painting company, painting service",,2,"[""apollo""]",,,2025-10-22T04:56:28.508Z,2025-10-22T04:58:32.792Z,,,,Plymouth,Indiana,,,,,https://app.apollo.io/#/organizations/64169c480364d6000140a103?overrideScoreId=score,,
363,Alpha Pro Painting Company,http://www.alphapropainting.com,alphapropainting.com,"painting company, painting service",,5,"[""apollo""]",,,2025-10-22T04:56:28.508Z,2025-10-22T04:58:32.792Z,,,,Indianapolis,Indiana,,,,,https://app.apollo.io/#/organizations/57c4f8b2a6da986ac74407ec?overrideScoreId=score,,
364,Garcia Painting Pro,http://www.garciapaintingpro.com,garciapaintingpro.com,"painting company, painting service",,5,"[""apollo""]",,,2025-10-22T04:56:28.508Z,2025-10-22T04:58:32.792Z,,,,Carmel,Indiana,,,,,https://app.apollo.io/#/organizations/6607b8722e52c60007d36810?overrideScoreId=score,,
365,Hoosier Painting Company,http://www.a1hoosierpainting.com,a1hoosierpainting.com,"painting company, painting service",,1,"[""apollo""]",,,2025-10-22T04:56:28.509Z,2025-10-22T04:58:32.792Z,,,,Angola,Indiana,,,,,https://app.apollo.io/#/organizations/55f6a025f3e5bb18db01401d?overrideScoreId=score,,
366,"Beeson Construction, Inc.",http://www.beesonconstruction.com,beesonconstruction.com,"painting company, painting service",,2,"[""apollo""]",,,2025-10-22T04:56:28.509Z,2025-10-22T04:58:32.792Z,,,,Beeson Construction,Inc.,,,,,https://app.apollo.io/#/organizations/65775b862a24bf021bd89beb?overrideScoreId=score,,
367,Russell Painting Company,http://www.russellpaintingcompany.com,russellpaintingcompany.com,"painting company, painting service",,,"[""apollo""]",,,2025-10-22T04:56:28.509Z,2025-10-22T04:58:32.792Z,,,,Indianapolis,Indiana,,,,,https://app.apollo.io/#/organizations/5fd1992e3af5250001f14bba?overrideScoreId=score,,
368,Henry's Painting & Contracting,http://www.henryspaintingcontract.com,henryspaintingcontract.com,"painting company, painting service",,11,"[""apollo""]",,,2025-10-22T04:56:31.450Z,2025-10-22T04:58:32.793Z,,,,Coralville,Iowa,,,,,https://app.apollo.io/#/organizations/61ada06ab989900001fe3063?overrideScoreId=score,,
369,Pickled Palette,http://www.pickledpalette.com,pickledpalette.com,"painting company, painting service",,2,"[""apollo""]",,,2025-10-22T04:56:31.453Z,2025-10-22T04:58:32.793Z,,,,Sioux City,Iowa,,,,,https://app.apollo.io/#/organizations/5e559eb11929490001817af2?overrideScoreId=score,,
370,R&L PAINTING SERVICE LLC,http://www.rlpaintingservice.com,rlpaintingservice.com,"painting company, painting service",,1,"[""apollo""]",,,2025-10-22T04:56:31.455Z,2025-10-22T04:58:32.793Z,,,,Mason City,Iowa,,,,,https://app.apollo.io/#/organizations/66e9522fb72a850001faf8e4?overrideScoreId=score,,
371,Model Painting Company,http://www.modelpaintingco.com,modelpaintingco.com,"painting company, painting service",,,"[""apollo""]",,,2025-10-22T04:56:31.461Z,2025-10-22T04:58:32.793Z,,,,Cedar Rapids,Iowa,,,,,https://app.apollo.io/#/organizations/66e3e7e048a9da00018ee5c4?overrideScoreId=score,,
372,14th Street Painting Company,http://www.14thstreetpaintingco.com,14thstreetpaintingco.com,"painting company, painting service",,,"[""apollo""]",,,2025-10-22T04:56:31.462Z,2025-10-22T04:58:32.793Z,,,,Council Bluffs,Iowa,,,,,https://app.apollo.io/#/organizations/66d7df551abe31000181f5ad?overrideScoreId=score,,
373,Precision Painting Company of Sioux City,http://www.precisionpaintingsc.com,precisionpaintingsc.com,"painting company, painting service",,1,"[""apollo""]",,,2025-10-22T04:56:31.462Z,2025-10-22T04:58:32.793Z,,,,Sioux City,Iowa,,,,,https://app.apollo.io/#/organizations/672efe3ae4b4210001992a77?overrideScoreId=score,,
374,River City Painting,http://www.paintwichita.com,paintwichita.com,"painting company, painting service",,36,"[""apollo""]",,,2025-10-22T04:56:34.442Z,2025-10-22T04:58:32.793Z,,,,Wichita,Kansas,,,,,https://app.apollo.io/#/organizations/605e512808646700a454d6ed?overrideScoreId=score,,
375,ACE HOUSE PAINTING INC.,http://www.acehousepainting.com,acehousepainting.com,"painting company, painting service",,3,"[""apollo""]",,,2025-10-22T04:56:34.445Z,2025-10-22T04:58:32.793Z,,,,Olathe,Kansas,,,,,https://app.apollo.io/#/organizations/647053dca68d26000126fdd9?overrideScoreId=score,,
376,Absolute Painting,http://www.absolutehousepainters.com,absolutehousepainters.com,"painting company, painting service",,42,"[""apollo""]",,,2025-10-22T04:56:34.446Z,2025-10-22T04:58:32.793Z,,,,Lawrence,Kansas,,,,,https://app.apollo.io/#/organizations/5e5768e4f5f6f300017589bf?overrideScoreId=score,,
377,Bolden's Painting Company,http://www.paintingcontractorwichita.com,paintingcontractorwichita.com,"painting company, painting service",,2,"[""apollo""]",,,2025-10-22T04:56:34.447Z,2025-10-22T04:58:32.793Z,,,,Wichita,Kansas,,,,,https://app.apollo.io/#/organizations/688afade297c23000143a67f?overrideScoreId=score,,
378,Painting Service,http://www.painting-service-dubai.com,painting-service-dubai.com,"painting company, painting service",,8,"[""apollo""]",,,2025-10-22T04:56:34.447Z,2025-10-22T04:58:32.793Z,,,,Wichita,Kansas,,,,,https://app.apollo.io/#/organizations/674b352ec182f10001450b8b?overrideScoreId=score,,
379,MCKAY PAINTING SERVICE,http://www.mckaypaintingservice.com,mckaypaintingservice.com,"painting company, painting service",,1,"[""apollo""]",,,2025-10-22T04:56:34.449Z,2025-10-22T04:58:32.793Z,,,,Longford,Kansas,,,,,https://app.apollo.io/#/organizations/67144d50e5a2dc0001d828aa?overrideScoreId=score,,
380,Winner's Circle Painting,http://www.winnerscirclepaint.com,winnerscirclepaint.com,"painting company, painting service",,13,"[""apollo""]",,,2025-10-22T04:56:37.452Z,2025-10-22T04:58:32.793Z,,,,Nicholasville,Kentucky,,,,,https://app.apollo.io/#/organizations/5e57eb0605b1890001ae5f3d?overrideScoreId=score,,
381,Redemption Painting Company,http://www.redemptionpainting.com,redemptionpainting.com,"painting company, painting service",,4,"[""apollo""]",,,2025-10-22T04:56:37.454Z,2025-10-22T04:58:32.793Z,,,,Louisville,Kentucky,,,,,https://app.apollo.io/#/organizations/67264cf94acbcd00012de8cb?overrideScoreId=score,,
382,Cardinal Painting Company,http://www.cardinalpaintingaz.com,cardinalpaintingaz.com,"painting company, painting service",,,"[""apollo""]",,,2025-10-22T04:56:37.466Z,2025-10-22T04:58:32.793Z,,,,Louisville,Kentucky,,,,,https://app.apollo.io/#/organizations/67ceb620ca78950001eef353?overrideScoreId=score,,
383,New Look Painting Service,http://www.newlookpainting.net,newlookpainting.net,"painting company, painting service",,,"[""apollo""]",,,2025-10-22T04:56:37.467Z,2025-10-22T04:58:32.793Z,,,,Flatwoods,Kentucky,,,,,https://app.apollo.io/#/organizations/673439c07f899e000111fead?overrideScoreId=score,,
384,TASCH Painting Company,http://www.taschpainting.com,taschpainting.com,"painting company, painting service",,3,"[""apollo""]",,,2025-10-22T04:56:40.480Z,2025-10-22T04:58:32.793Z,,,,Metairie,Louisiana,,,,,https://app.apollo.io/#/organizations/56de2fcef3e5bb0130000dd6?overrideScoreId=score,,
385,Shreveport Painting Company,http://www.shreveportpaintingcompany.com,shreveportpaintingcompany.com,"painting company, painting service",,,"[""apollo""]",,,2025-10-22T04:56:40.482Z,2025-10-22T04:58:32.793Z,,,,Shreveport,Louisiana,,,,,https://app.apollo.io/#/organizations/640c01b8802e120001d5a9ce?overrideScoreId=score,,
386,Hart Painting Company,,,"painting company, painting service",,15,"[""apollo""]",,,2025-10-22T04:56:40.482Z,2025-10-22T04:58:32.793Z,,,,Farmerville,Louisiana,,,,,https://app.apollo.io/#/organizations/556d4dd2736964124f8fda00?overrideScoreId=score,,
387,BOB'S PAINTING COMPANY,http://www.bobspaintingbr.com,bobspaintingbr.com,"painting company, painting service",,4,"[""apollo""]",,,2025-10-22T04:56:40.483Z,2025-10-22T04:58:32.794Z,,,,Baton Rouge,Louisiana,,,,,https://app.apollo.io/#/organizations/67b32658210fb60001f9927f?overrideScoreId=score,,
388,Michaels Painting Service,http://www.michaelspaintingservice.com,michaelspaintingservice.com,"painting company, painting service",,1,"[""apollo""]",,,2025-10-22T04:56:40.484Z,2025-10-22T04:58:32.794Z,,,,Gretna,Louisiana,,,,,https://app.apollo.io/#/organizations/5592125e7369641981554f00?overrideScoreId=score,,
389,DR'S PAINTING SERVICE,http://www.paintconsultbydrs.com,paintconsultbydrs.com,"painting company, painting service",,1,"[""apollo""]",,,2025-10-22T04:56:40.484Z,2025-10-22T04:58:32.794Z,,,,Baton Rouge,Louisiana,,,,,https://app.apollo.io/#/organizations/672486c344ebd40001186095?overrideScoreId=score,,
390,FRANTZ-GIBSON PAINTING COMPANY,http://www.frantzgibson.com,frantzgibson.com,"painting company, painting service",,5,"[""apollo""]",,,2025-10-22T04:56:40.484Z,2025-10-22T04:58:32.794Z,,,,Baton Rouge,Louisiana,,,,,https://app.apollo.io/#/organizations/66e5e544050e580001ffa311?overrideScoreId=score,,
391,Steve Caron Painting,http://www.stevecaronpaintingme.com,stevecaronpaintingme.com,"painting company, painting service",,2,"[""apollo""]",,,2025-10-22T04:56:43.407Z,2025-10-22T04:58:32.794Z,,,,Northport,Maine,,,,,https://app.apollo.io/#/organizations/6726aad293de3b0001af71e1?overrideScoreId=score,,
392,Jack's Painting Service,http://www.jackspaintingservice.com,jackspaintingservice.com,"painting company, painting service",,,"[""apollo""]",,,2025-10-22T04:56:43.408Z,2025-10-22T04:58:32.794Z,,,,South Portland,Maine,,,,,https://app.apollo.io/#/organizations/6867ea766247440001e724dd?overrideScoreId=score,,
393,D B Withrow Painting Company,http://www.dbwpaintit.com,dbwpaintit.com,"painting company, painting service",,2,"[""apollo""]",,,2025-10-22T04:56:43.408Z,2025-10-22T04:58:32.794Z,,,,Kennebunk,Maine,,,,,https://app.apollo.io/#/organizations/670210966dfbb700011a9efb?overrideScoreId=score,,
394,Sheldon & Sons Painting,http://www.sheldonandsons.com,sheldonandsons.com,"painting company, painting service",,6,"[""apollo""]",,,2025-10-22T04:56:46.331Z,2025-10-22T04:58:32.794Z,,,,Owings Mills,Maryland,,,,,https://app.apollo.io/#/organizations/54a1c548746869586015ac0f?overrideScoreId=score,,
395,Phillip James Inc.,http://www.phillipjamesinc.com,phillipjamesinc.com,"painting company, painting service",,5,"[""apollo""]",,,2025-10-22T04:56:46.332Z,2025-10-22T04:58:32.794Z,,,,Cockeysville,Maryland,,,,,https://app.apollo.io/#/organizations/5fc9670c78a2b4000119f7e6?overrideScoreId=score,,
396,O'Connor's Painting Service,http://www.oconnorspainting.com,oconnorspainting.com,"painting company, painting service",,3,"[""apollo""]",,,2025-10-22T04:56:46.332Z,2025-10-22T04:58:32.795Z,,,,Gaithersburg,Maryland,,,,,https://app.apollo.io/#/organizations/54a23d197468693a7e84cb18?overrideScoreId=score,,
397,Roy's Painting Company,http://www.royspainting.com,royspainting.com,"painting company, painting service",,6,"[""apollo""]",,,2025-10-22T04:56:46.333Z,2025-10-22T04:58:32.795Z,,,,Clinton,Maryland,,,,,https://app.apollo.io/#/organizations/5fca919e3cfd3a0001c83345?overrideScoreId=score,,
398,Royal Painting Company LLC,,,"painting company, painting service",,15,"[""apollo""]",,,2025-10-22T04:56:46.333Z,2025-10-22T04:58:32.795Z,,,,Baltimore,Maryland,,,,,https://app.apollo.io/#/organizations/5592234e73696418dffb8d00?overrideScoreId=score,,
399,Owens Painting Company,http://www.owenspaintingcompany.com,owenspaintingcompany.com,"painting company, painting service",,4,"[""apollo""]",,,2025-10-22T04:56:46.334Z,2025-10-22T04:58:32.795Z,,,,Baltimore,Maryland,,,,,https://app.apollo.io/#/organizations/63c3b8a5fbb8360001158a5c?overrideScoreId=score,,
400,"Squarehead Painting Company, Inc.",http://www.squareheadpainting.com,squareheadpainting.com,"painting company, painting service",,3,"[""apollo""]",,,2025-10-22T04:56:46.334Z,2025-10-22T04:58:32.795Z,,,,Squarehead Painting Company,Inc.,,,,,https://app.apollo.io/#/organizations/556daee473696411d5706c01?overrideScoreId=score,,
401,"Blue Sky Painting & Carpentry, LLC",http://www.blueskypaintingpros.com,blueskypaintingpros.com,"painting company, painting service",,4,"[""apollo""]",,,2025-10-22T04:56:46.335Z,2025-10-22T04:58:32.795Z,,,,Columbia,Maryland,,,,,https://app.apollo.io/#/organizations/54a126de69702d9313c05000?overrideScoreId=score,,
402,"J.N.A PAINTING COMPANY, INC.",http://www.jnapaint.com,jnapaint.com,"painting company, painting service",,,"[""apollo""]",,,2025-10-22T04:56:46.335Z,2025-10-22T04:58:32.795Z,,,,Baltimore,Maryland,,,,,https://app.apollo.io/#/organizations/66f255cc604398000175990d?overrideScoreId=score,,
403,J.O. Painting Company,http://www.jopaintingcompany.com,jopaintingcompany.com,"painting company, painting service",,3,"[""apollo""]",,,2025-10-22T04:56:46.335Z,2025-10-22T04:58:32.795Z,,,,Hyattsville,Maryland,,,,,https://app.apollo.io/#/organizations/672744a662f46c0001c78562?overrideScoreId=score,,
404,Saylor's Painting Company,http://www.saylorspainting.com,saylorspainting.com,"painting company, painting service",,,"[""apollo""]",,,2025-10-22T04:56:46.336Z,2025-10-22T04:58:32.795Z,,,,Jarrettsville,Maryland,,,,,https://app.apollo.io/#/organizations/6713caea10222c0001ef1f60?overrideScoreId=score,,
405,HMR Painting Company,http://www.hmr-painting-company.com,hmr-painting-company.com,"painting company, painting service",,,"[""apollo""]",,,2025-10-22T04:56:46.336Z,2025-10-22T04:58:32.795Z,,,,Silver Spring,Maryland,,,,,https://app.apollo.io/#/organizations/6728aafa4193e90001e31d3b?overrideScoreId=score,,
406,DAVID MAHONEY PAINTING COMPANY,http://www.davidmahoneypainting.com,davidmahoneypainting.com,"painting company, painting service",,1,"[""apollo""]",,,2025-10-22T04:56:46.336Z,2025-10-22T04:58:32.795Z,,,,Bryantown,Maryland,,,,,https://app.apollo.io/#/organizations/66e90a02c017ab0001108333?overrideScoreId=score,,
407,Joshua’s Painting Service,http://www.joshuaspainting.com,joshuaspainting.com,"painting company, painting service",,,"[""apollo""]",,,2025-10-22T04:56:46.337Z,2025-10-22T04:58:32.795Z,,,,Columbia,Maryland,,,,,https://app.apollo.io/#/organizations/66e803c15719370001f8abca?overrideScoreId=score,,
408,O.C. Painting Company,http://www.ocpaintingcompany.com,ocpaintingcompany.com,"painting company, painting service",,,"[""apollo""]",,,2025-10-22T04:56:46.337Z,2025-10-22T04:58:32.795Z,,,,Rockville,Maryland,,,,,https://app.apollo.io/#/organizations/673a122a383ef400013fca9f?overrideScoreId=score,,
409,bright painting company,http://www.brightpaintingcompany.com,brightpaintingcompany.com,"painting company, painting service",,2,"[""apollo""]",,,2025-10-22T04:56:46.337Z,2025-10-22T04:58:32.795Z,,,,Bel Air,Maryland,,,,,https://app.apollo.io/#/organizations/66e3d99248a9da00018e8cb3?overrideScoreId=score,,
410,STB Painting Company,http://www.stbpaintingcompany.com,stbpaintingcompany.com,"painting company, painting service",,,"[""apollo""]",,,2025-10-22T04:56:46.338Z,2025-10-22T04:58:32.795Z,,,,Columbia,Maryland,,,,,https://app.apollo.io/#/organizations/672f5368cd1c1f0001769bb9?overrideScoreId=score,,
411,Harold Howard’s Painting Service,http://www.homepaintingmd.com,homepaintingmd.com,"painting company, painting service",,,"[""apollo""]",,,2025-10-22T04:56:46.338Z,2025-10-22T04:58:32.795Z,,,,Columbia,Maryland,,,,,https://app.apollo.io/#/organizations/674beac61114fc000151dd50?overrideScoreId=score,,
412,Mike S Painting Service,http://www.mikespaintingserviceinc.com,mikespaintingserviceinc.com,"painting company, painting service",,,"[""apollo""]",,,2025-10-22T04:56:46.338Z,2025-10-22T04:58:32.796Z,,,,Preston,Maryland,,,,,https://app.apollo.io/#/organizations/559213f67369641878dd5500?overrideScoreId=score,,
413,The Maryland Painting Company,http://www.marylandpaintingcompany.com,marylandpaintingcompany.com,"painting company, painting service",,,"[""apollo""]",,,2025-10-22T04:56:46.339Z,2025-10-22T04:58:32.796Z,,,,Upper Marlboro,Maryland,,,,,https://app.apollo.io/#/organizations/677fa818dff56002ce3d65b4?overrideScoreId=score,,
414,"Leon Ringeval Painting Company, LLC",http://www.leonringevalpainting.com,leonringevalpainting.com,"painting company, painting service",,1,"[""apollo""]",,,2025-10-22T04:56:46.340Z,2025-10-22T04:58:32.796Z,,,,Shady Side,Maryland,,,,,https://app.apollo.io/#/organizations/67402c5131c7620001b9a7f8?overrideScoreId=score,,
415,"Northern Lights Painting Company, Inc.",http://www.northernlightspainting.com,northernlightspainting.com,"painting company, painting service",,21,"[""apollo""]",,,2025-10-22T04:56:51.126Z,2025-10-22T04:58:32.796Z,,,,Northern Lights Painting Company,Inc.,,,,,https://app.apollo.io/#/organizations/5da62c31e03360000106f69b?overrideScoreId=score,,
416,"M.A. Falvey Painting Service, Inc.",http://www.mafalveypainting.com,mafalveypainting.com,"painting company, painting service",,5,"[""apollo""]",,,2025-10-22T04:56:51.127Z,2025-10-22T04:58:32.796Z,,,,M.A. Falvey Painting Service,Inc.,,,,,https://app.apollo.io/#/organizations/5500c19e736964173dec3c00?overrideScoreId=score,,
417,"RB Painting Company, LLC",http://www.rbpaintingcompany.com,rbpaintingcompany.com,"painting company, painting service",,3,"[""apollo""]",,,2025-10-22T04:56:51.129Z,2025-10-22T04:58:32.796Z,,,,Cambridge,Massachusetts,,,,,https://app.apollo.io/#/organizations/54a11f3c69702d9d7e06c601?overrideScoreId=score,,
418,"Cosmos Painting Company, Inc.",http://www.cosmospainting.com,cosmospainting.com,"painting company, painting service",,2,"[""apollo""]",,,2025-10-22T04:56:51.129Z,2025-10-22T04:58:32.796Z,,,,Cosmos Painting Company,Inc.,,,,,https://app.apollo.io/#/organizations/6457d94507685e00011ec178?overrideScoreId=score,,
419,H.D.F. Painting,http://www.hdfpainting.com,hdfpainting.com,"painting company, painting service",,7,"[""apollo""]",,,2025-10-22T04:56:51.130Z,2025-10-22T04:58:32.796Z,,,,Concord,Massachusetts,,,,,https://app.apollo.io/#/organizations/63cd07a54c6ba800015514c8?overrideScoreId=score,,
420,Mikes Painting Company,,,"painting company, painting service",,38,"[""apollo""]",,,2025-10-22T04:56:51.130Z,2025-10-22T04:58:32.796Z,,,,Peabody,Massachusetts,,,,,https://app.apollo.io/#/organizations/664a571139db1c000114a74a?overrideScoreId=score,,
421,Mason Painting Company,http://www.masonpaintingco.com,masonpaintingco.com,"painting company, painting service",,23,"[""apollo""]",,,2025-10-22T04:56:51.131Z,2025-10-22T04:58:32.796Z,,,,Worcester,Massachusetts,,,,,https://app.apollo.io/#/organizations/60499efde8614700012d037e?overrideScoreId=score,,
422,Home Project Gurus,http://www.homeprojectgurus.com,homeprojectgurus.com,"painting company, painting service",,10,"[""apollo""]",,,2025-10-22T04:56:51.131Z,2025-10-22T04:58:32.796Z,,,,Boston,Massachusetts,,,,,https://app.apollo.io/#/organizations/5ffeeb481412cc00fedb8c84?overrideScoreId=score,,
423,Island Painting Company,http://www.islandpaintingcompany.com,islandpaintingcompany.com,"painting company, painting service",,8,"[""apollo""]",,,2025-10-22T04:56:51.132Z,2025-10-22T04:58:32.796Z,,,,Framingham,Massachusetts,,,,,https://app.apollo.io/#/organizations/5c1f45b0a3ae61f90790b41d?overrideScoreId=score,,
424,"All Pro Painters, Inc",http://www.allpropainters.net,allpropainters.net,"painting company, painting service",,8,"[""apollo""]",,,2025-10-22T04:56:51.132Z,2025-10-22T04:58:32.796Z,,,,All Pro Painters,Inc,,,,,https://app.apollo.io/#/organizations/54fca44b7369647fd2d62600?overrideScoreId=score,,
425,J Buote Painting Company Inc,http://www.jbuotepainting.com,jbuotepainting.com,"painting company, painting service",,3,"[""apollo""]",,,2025-10-22T04:56:51.133Z,2025-10-22T04:58:32.796Z,,,,Boston,Massachusetts,,,,,https://app.apollo.io/#/organizations/64b34af63488a60001250ec9?overrideScoreId=score,,
426,Tonal Painting and Contracting,http://www.tonalpainting.com,tonalpainting.com,"painting company, painting service",,1,"[""apollo""]",,,2025-10-22T04:56:51.133Z,2025-10-22T04:58:32.796Z,,,,Boston,Massachusetts,,,,,https://app.apollo.io/#/organizations/665d1064c1bd7400017c3c25?overrideScoreId=score,,
427,Northshore Painting LLC,http://www.northshorepaintingllc.com,northshorepaintingllc.com,"painting company, painting service",,1,"[""apollo""]",,,2025-10-22T04:56:51.133Z,2025-10-22T04:58:32.796Z,,,,North Reading,Massachusetts,,,,,https://app.apollo.io/#/organizations/66d15249f253ee01b22f0fc0?overrideScoreId=score,,
428,Scotland Painting Company,http://www.scotlandpaintingco.com,scotlandpaintingco.com,"painting company, painting service",,1,"[""apollo""]",,,2025-10-22T04:56:51.134Z,2025-10-22T04:58:32.796Z,,,,Cambridge,Massachusetts,,,,,https://app.apollo.io/#/organizations/6741be736c16840001cfe5f6?overrideScoreId=score,,
429,Debonair Painting Company,http://www.debonairpainting.com,debonairpainting.com,"painting company, painting service",,2,"[""apollo""]",,,2025-10-22T04:56:51.140Z,2025-10-22T04:58:32.797Z,,,,Haverhill,Massachusetts,,,,,https://app.apollo.io/#/organizations/67246f78d2de600001dfceac?overrideScoreId=score,,
430,National Painting Service LLC.,http://www.nationalpaintingpro.com,nationalpaintingpro.com,"painting company, painting service",,1,"[""apollo""]",,,2025-10-22T04:56:51.141Z,2025-10-22T04:58:32.797Z,,,,Woburn,Massachusetts,,,,,https://app.apollo.io/#/organizations/67286ab462f46c0001d37dd6?overrideScoreId=score,,
431,JK Painting Service Corp,http://www.jk-paintingservice.com,jk-paintingservice.com,"painting company, painting service",,,"[""apollo""]",,,2025-10-22T04:56:51.141Z,2025-10-22T04:58:32.797Z,,,,Waltham,Massachusetts,,,,,https://app.apollo.io/#/organizations/673ab550da359b00014fe2c9?overrideScoreId=score,,
432,P&H Painting Company,http://www.phpaintcompany.com,phpaintcompany.com,"painting company, painting service",,2,"[""apollo""]",,,2025-10-22T04:56:51.141Z,2025-10-22T04:58:32.797Z,,,,Danvers,Massachusetts,,,,,https://app.apollo.io/#/organizations/6689a9f230134d00010890e1?overrideScoreId=score,,
433,Fritz Painting Service,http://www.fritzpaintingservice.com,fritzpaintingservice.com,"painting company, painting service",,,"[""apollo""]",,,2025-10-22T04:56:51.142Z,2025-10-22T04:58:32.797Z,,,,Abington,Massachusetts,,,,,https://app.apollo.io/#/organizations/6725a9d72c391e00013367ad?overrideScoreId=score,,
434,Brascol Painting Service,http://www.painterlowellma.com,painterlowellma.com,"painting company, painting service",,,"[""apollo""]",,,2025-10-22T04:56:51.142Z,2025-10-22T04:58:32.797Z,,,,Lowell,Massachusetts,,,,,https://app.apollo.io/#/organizations/673af9d0a7035e00019c3f0f?overrideScoreId=score,,
435,Brockton Painting Company,http://www.brocktonpaintingcompany.com,brocktonpaintingcompany.com,"painting company, painting service",,,"[""apollo""]",,,2025-10-22T04:56:51.142Z,2025-10-22T04:58:32.797Z,,,,Brockton,Massachusetts,,,,,https://app.apollo.io/#/organizations/673474b861f02b0001e13f06?overrideScoreId=score,,
436,Lima’s Painting Company,http://www.limaspainting.com,limaspainting.com,"painting company, painting service",,,"[""apollo""]",,,2025-10-22T04:56:51.142Z,2025-10-22T04:58:32.797Z,,,,Lowell,Massachusetts,,,,,https://app.apollo.io/#/organizations/672f2dc2cfd91b00010a4fea?overrideScoreId=score,,
437,Batchelder Painting Company,http://www.batchelderpainting.com,batchelderpainting.com,"painting company, painting service",,,"[""apollo""]",,,2025-10-22T04:56:51.143Z,2025-10-22T04:58:32.797Z,,,,Carlisle,Massachusetts,,,,,https://app.apollo.io/#/organizations/66e3baf0879d530001e7aa96?overrideScoreId=score,,
438,Countryside Painting Company,http://www.countrysidepaintingcompany.com,countrysidepaintingcompany.com,"painting company, painting service",,1,"[""apollo""]",,,2025-10-22T04:56:51.143Z,2025-10-22T04:58:32.797Z,,,,Somerville,Massachusetts,,,,,https://app.apollo.io/#/organizations/66f3ead571229f00016c6fc5?overrideScoreId=score,,
439,Apex Painting Company,http://www.apexpaintingcompany.com,apexpaintingcompany.com,"painting company, painting service",,,"[""apollo""]",,,2025-10-22T04:56:51.143Z,2025-10-22T04:58:32.797Z,,,,Lancaster,Massachusetts,,,,,https://app.apollo.io/#/organizations/68996747d525d0000169db97?overrideScoreId=score,,
440,Master Painting Company,http://www.masterpaintingcompany.com,masterpaintingcompany.com,"painting company, painting service",,,"[""apollo""]",,,2025-10-22T04:56:51.143Z,2025-10-22T04:58:32.797Z,,,,Marshfield,Massachusetts,,,,,https://app.apollo.io/#/organizations/5fd1b740d9b8670001dc5996?overrideScoreId=score,,
441,Waltham Painting Company,http://www.walthampaintingcompany.com,walthampaintingcompany.com,"painting company, painting service",,,"[""apollo""]",,,2025-10-22T04:56:51.144Z,2025-10-22T04:58:32.797Z,,,,Waltham,Massachusetts,,,,,https://app.apollo.io/#/organizations/66f9bd07ce26a000011b663d?overrideScoreId=score,,
442,"Gallagher Painting Service, Inc.",http://www.gallagherpaintingservice.com,gallagherpaintingservice.com,"painting company, painting service",,,"[""apollo""]",,,2025-10-22T04:56:51.144Z,2025-10-22T04:58:32.797Z,,,,Gallagher Painting Service,Inc.,,,,,https://app.apollo.io/#/organizations/6898540e2f3df20001a38936?overrideScoreId=score,,
443,Jame jam painting service,http://www.jamejampainting.com,jamejampainting.com,"painting company, painting service",,,"[""apollo""]",,,2025-10-22T04:56:51.144Z,2025-10-22T04:58:32.797Z,,,,Norwood,Massachusetts,,,,,https://app.apollo.io/#/organizations/6707682d489a4e000152cc08?overrideScoreId=score,,
444,S & B Painting Company,http://www.sbpaintingcompany.com,sbpaintingcompany.com,"painting company, painting service",,,"[""apollo""]",,,2025-10-22T04:56:51.145Z,2025-10-22T04:58:32.797Z,,,,Wellesley,Massachusetts,,,,,https://app.apollo.io/#/organizations/5fd1b82a6a3b1600012db306?overrideScoreId=score,,
445,Prosperity Cleaning and Painting Service,http://www.prosperitycleaningandpaintingservice.com,prosperitycleaningandpaintingservice.com,"painting company, painting service",,,"[""apollo""]",,,2025-10-22T04:56:51.145Z,2025-10-22T04:58:32.797Z,,,,Boston,Massachusetts,,,,,https://app.apollo.io/#/organizations/66dc470a4bbff90001fa5c8a?overrideScoreId=score,,
446,Cabinet Painting Service,http://www.cabinetpaintshop.com,cabinetpaintshop.com,"painting company, painting service",,2,"[""apollo""]",,,2025-10-22T04:56:56.044Z,2025-10-22T04:58:32.798Z,,,,Plainwell,Michigan,,,,,https://app.apollo.io/#/organizations/54a25d957468693cdd373a1d?overrideScoreId=score,,
447,Painter's Marketing Pro LLC,http://www.paintersmarketingpro.com,paintersmarketingpro.com,"painting company, painting service",,1,"[""apollo""]",,,2025-10-22T04:56:56.045Z,2025-10-22T04:58:32.798Z,,,,Gaines,Michigan,,,,,https://app.apollo.io/#/organizations/5db0a6cb40413100011003f3?overrideScoreId=score,,
448,Midwest Painting Company,http://www.midwestpainting.net,midwestpainting.net,"painting company, painting service",,9,"[""apollo""]",,,2025-10-22T04:56:56.046Z,2025-10-22T04:58:32.798Z,,,,Brighton,Michigan,,,,,https://app.apollo.io/#/organizations/64045e1c46f4a400010763be?overrideScoreId=score,,
449,Crown Painting LLC,http://www.crownpaintingco.com,crownpaintingco.com,"painting company, painting service",,2,"[""apollo""]",,,2025-10-22T04:56:56.047Z,2025-10-22T04:58:32.798Z,,,,Saint Clair Shores,Michigan,,,,,https://app.apollo.io/#/organizations/6541ef4a498fbe00a3377154?overrideScoreId=score,,
450,Eugenio Painting Company,http://www.eugeniopainting.com,eugeniopainting.com,"painting company, painting service",,13,"[""apollo""]",,,2025-10-22T04:56:56.047Z,2025-10-22T04:58:32.798Z,,,,Grosse Pointe Woods,Michigan,,,,,https://app.apollo.io/#/organizations/56dc1513f3e5bb7ec20035d7?overrideScoreId=score,,
451,DuraPro Painting LLC,http://www.durapropainters.com,durapropainters.com,"painting company, painting service",,12,"[""apollo""]",,,2025-10-22T04:56:56.048Z,2025-10-22T04:58:32.798Z,,,,Grand Rapids,Michigan,,,,,https://app.apollo.io/#/organizations/5e57a2317eed1100011a5da4?overrideScoreId=score,,
452,Trio Painting Company,http://www.triopainting.com,triopainting.com,"painting company, painting service",,4,"[""apollo""]",,,2025-10-22T04:56:56.049Z,2025-10-22T04:58:32.798Z,,,,Bloomfield Hills,Michigan,,,,,https://app.apollo.io/#/organizations/640d87c7551e9d0001da06c3?overrideScoreId=score,,
453,"Wolf Painting Company, LLC",http://www.wolfpaintingcontractors.com,wolfpaintingcontractors.com,"painting company, painting service",,3,"[""apollo""]",,,2025-10-22T04:56:56.049Z,2025-10-22T04:58:32.798Z,,,,Madison Heights,Michigan,,,,,https://app.apollo.io/#/organizations/666d8b7ef364540001d21b37?overrideScoreId=score,,
454,Liberty Painting Company Inc.,http://www.libertyptg.com,libertyptg.com,"painting company, painting service",,5,"[""apollo""]",,,2025-10-22T04:56:56.050Z,2025-10-22T04:58:32.798Z,,,,Detroit,Michigan,,,,,https://app.apollo.io/#/organizations/66e2aa1032c787000187e3fc?overrideScoreId=score,,
455,Tanis and Wood Painting Company,http://www.twpainting.com,twpainting.com,"painting company, painting service",,,"[""apollo""]",,,2025-10-22T04:56:56.050Z,2025-10-22T04:58:32.798Z,,,,Wyoming,Michigan,,,,,https://app.apollo.io/#/organizations/54a1284869702da2207d0501?overrideScoreId=score,,
456,Natural Painting,http://www.naturalpainting.net,naturalpainting.net,"painting company, painting service",,6,"[""apollo""]",,,2025-10-22T04:56:56.050Z,2025-10-22T04:58:32.798Z,,,,Sterling Heights,Michigan,,,,,https://app.apollo.io/#/organizations/559238ad73696418c961da00?overrideScoreId=score,,
457,Keider Painting Company,http://www.keiderpainting.com,keiderpainting.com,"painting company, painting service",,2,"[""apollo""]",,,2025-10-22T04:56:56.051Z,2025-10-22T04:58:32.798Z,,,,Brighton,Michigan,,,,,https://app.apollo.io/#/organizations/670c30790985530001869a56?overrideScoreId=score,,
458,Accurate Painting Company,http://www.accuratepainting.com,accuratepainting.com,"painting company, painting service",,4,"[""apollo""]",,,2025-10-22T04:56:56.051Z,2025-10-22T04:58:32.798Z,,,,Warren,Michigan,,,,,https://app.apollo.io/#/organizations/67889a7d7392bb0001b6de08?overrideScoreId=score,,
459,GEORGE KOUNTOUPES PAINTING COMPANY,http://www.gkpainting.com,gkpainting.com,"painting company, painting service",,6,"[""apollo""]",,,2025-10-22T04:56:56.052Z,2025-10-22T04:58:32.798Z,,,,Lincoln Park,Michigan,,,,,https://app.apollo.io/#/organizations/67435d1069ee4100017f1b97?overrideScoreId=score,,
460,A2 Painting Company,http://www.a2paintingcompany.com,a2paintingcompany.com,"painting company, painting service",,4,"[""apollo""]",,,2025-10-22T04:56:56.052Z,2025-10-22T04:58:32.798Z,,,,Ann Arbor,Michigan,,,,,https://app.apollo.io/#/organizations/670b3692132fcc000105012c?overrideScoreId=score,,
461,Brothers of the Brush Painting Company,http://www.paintingcompanymichigan.com,paintingcompanymichigan.com,"painting company, painting service",,5,"[""apollo""]",,,2025-10-22T04:56:56.053Z,2025-10-22T04:58:32.798Z,,,,Leonard,Michigan,,,,,https://app.apollo.io/#/organizations/6701529d2fa6a6000143ec72?overrideScoreId=score,,
462,City Painting Service,http://www.citypaintinginc.com,citypaintinginc.com,"painting company, painting service",,3,"[""apollo""]",,,2025-10-22T04:56:56.053Z,2025-10-22T04:58:32.798Z,,,,Kalamazoo,Michigan,,,,,https://app.apollo.io/#/organizations/66ed4d0f41500b0001855210?overrideScoreId=score,,
463,Tim MacDonough Painting Company,http://www.timmacdonoughpainting.com,timmacdonoughpainting.com,"painting company, painting service",,1,"[""apollo""]",,,2025-10-22T04:56:56.056Z,2025-10-22T04:58:32.798Z,,,,,,,,,,https://app.apollo.io/#/organizations/6744452b6e3c8f00016850c3?overrideScoreId=score,,
464,Clarkston Painting Company,http://www.clarkstonepoxycompany.com,clarkstonepoxycompany.com,"painting company, painting service",,1,"[""apollo""]",,,2025-10-22T04:56:56.057Z,2025-10-22T04:58:32.799Z,,,,Clarkston,Michigan,,,,,https://app.apollo.io/#/organizations/67416c4d6bccaf000166c5b4?overrideScoreId=score,,
465,Sills Painting Service,http://www.sillspaintingservice.com,sillspaintingservice.com,"painting company, painting service",,,"[""apollo""]",,,2025-10-22T04:56:56.057Z,2025-10-22T04:58:32.799Z,,,,Davison,Michigan,,,,,https://app.apollo.io/#/organizations/67302eae9c24470001da11a5?overrideScoreId=score,,
466,Michigan Painting Company,http://www.michiganpaintingcompany.com,michiganpaintingcompany.com,"painting company, painting service",,1,"[""apollo""]",,,2025-10-22T04:56:56.058Z,2025-10-22T04:58:32.799Z,,,,Royal Oak,Michigan,,,,,https://app.apollo.io/#/organizations/66e2acd3c3469a00018a6293?overrideScoreId=score,,
467,Tony Grant’s Painting Company,http://www.tonygrantspainting.com,tonygrantspainting.com,"painting company, painting service",,2,"[""apollo""]",,,2025-10-22T04:56:56.058Z,2025-10-22T04:58:32.799Z,,,,Meridian charter Township,Michigan,,,,,https://app.apollo.io/#/organizations/67402b6a3f52c30001e790cc?overrideScoreId=score,,
468,Jd Quality Painting Company,http://www.jdqualitypainting.com,jdqualitypainting.com,"painting company, painting service",,,"[""apollo""]",,,2025-10-22T04:56:56.058Z,2025-10-22T04:58:32.799Z,,,,Saline,Michigan,,,,,https://app.apollo.io/#/organizations/672eb1a24284370001f8e69f?overrideScoreId=score,,
469,Little Painting Company LLC,http://www.littlepaintingcompanyllc.com,littlepaintingcompanyllc.com,"painting company, painting service",,,"[""apollo""]",,,2025-10-22T04:56:56.059Z,2025-10-22T04:58:32.799Z,,,,Ypsilanti,Michigan,,,,,https://app.apollo.io/#/organizations/6706499d68b85a0001477c81?overrideScoreId=score,,
470,Deep Gold Painting Company,http://www.deepgoldpainting.com,deepgoldpainting.com,"painting company, painting service",,1,"[""apollo""]",,,2025-10-22T04:56:56.059Z,2025-10-22T04:58:32.799Z,,,,Canton,Michigan,,,,,https://app.apollo.io/#/organizations/6736e52a6f950a00015c4765?overrideScoreId=score,,
471,Busy Bee Cleaning & Painting Service,http://www.busybeecleaningpaintingservice.com,busybeecleaningpaintingservice.com,"painting company, painting service",,1,"[""apollo""]",,,2025-10-22T04:56:56.059Z,2025-10-22T04:58:32.799Z,,,,Alpena,Michigan,,,,,https://app.apollo.io/#/organizations/66e5e02c6c01ce0001a07eea?overrideScoreId=score,,
472,R&W Quality Painting Service LLC,http://www.rwqualitypainting.com,rwqualitypainting.com,"painting company, painting service",,,"[""apollo""]",,,2025-10-22T04:56:56.060Z,2025-10-22T04:58:32.799Z,,,,Ypsilanti,Michigan,,,,,https://app.apollo.io/#/organizations/6729e7d3b1ac5c0001198f10?overrideScoreId=score,,
473,Feedbackwrench Websites & Advertising,http://www.feedbackwrench.com,feedbackwrench.com,"painting company, painting service",,8,"[""apollo""]",,,2025-10-22T04:56:58.986Z,2025-10-22T04:58:32.799Z,,,,Saint Paul,Minnesota,,,,,https://app.apollo.io/#/organizations/5da4971c0f33d60001bc8a55?overrideScoreId=score,,
474,Straightline House Painting | straightlinemn.com,http://www.straightlinemn.com,straightlinemn.com,"painting company, painting service",,1,"[""apollo""]",,,2025-10-22T04:56:58.986Z,2025-10-22T04:58:32.799Z,,,,Minneapolis,Minnesota,,,,,https://app.apollo.io/#/organizations/5e56047607939b0001dfbf06?overrideScoreId=score,,
475,Complete Painting Services,http://www.completepaintingservicesinc.com,completepaintingservicesinc.com,"painting company, painting service",,5,"[""apollo""]",,,2025-10-22T04:56:58.987Z,2025-10-22T04:58:32.799Z,,,,Minneapolis,Minnesota,,,,,https://app.apollo.io/#/organizations/66a211ba042c4102d2092c72?overrideScoreId=score,,
476,J Painting,http://www.jpaintingmn.com,jpaintingmn.com,"painting company, painting service",,10,"[""apollo""]",,,2025-10-22T04:56:58.987Z,2025-10-22T04:58:32.799Z,,,,Elk River,Minnesota,,,,,https://app.apollo.io/#/organizations/6726d9af6893d60001097cc4?overrideScoreId=score,,
477,Roell Painting Company,,,"painting company, painting service",,7,"[""apollo""]",,,2025-10-22T04:56:58.987Z,2025-10-22T04:58:32.799Z,,,,Minneapolis,Minnesota,,,,,https://app.apollo.io/#/organizations/6733022d369a530001350e59?overrideScoreId=score,,
478,Svoboda Painting,http://www.svobodapainting.com,svobodapainting.com,"painting company, painting service",,1,"[""apollo""]",,,2025-10-22T04:56:58.987Z,2025-10-22T04:58:32.800Z,,,,Coon Rapids,Minnesota,,,,,https://app.apollo.io/#/organizations/66dce7f84bbff90001fcf9d3?overrideScoreId=score,,
479,Premium Painting,http://www.premiumpainting-msp.com,premiumpainting-msp.com,"painting company, painting service",,45,"[""apollo""]",,,2025-10-22T04:56:58.988Z,2025-10-22T04:58:32.800Z,,,,Minneapolis,Minnesota,,,,,https://app.apollo.io/#/organizations/54a129de69702db64841c901?overrideScoreId=score,,
480,Minnesota Craftsman Painting Company,http://www.minnesotacraftsman.com,minnesotacraftsman.com,"painting company, painting service",,2,"[""apollo""]",,,2025-10-22T04:56:58.988Z,2025-10-22T04:58:32.800Z,,,,Saint Paul,Minnesota,,,,,https://app.apollo.io/#/organizations/54a1356669702d352f07d600?overrideScoreId=score,,
481,America's Painting Company,http://www.americaspaintingco.com,americaspaintingco.com,"painting company, painting service",,5,"[""apollo""]",,,2025-10-22T04:56:58.988Z,2025-10-22T04:58:32.800Z,,,,Saint Louis Park,Minnesota,,,,,https://app.apollo.io/#/organizations/5f3efb2f7ea74c0001d1e9ef?overrideScoreId=score,,
482,Mill City Painting Company,http://www.mcpcmn.com,mcpcmn.com,"painting company, painting service",,1,"[""apollo""]",,,2025-10-22T04:56:58.988Z,2025-10-22T04:58:32.800Z,,,,Apple Valley,Minnesota,,,,,https://app.apollo.io/#/organizations/5a9cd5c6a6da98d98c6738a7?overrideScoreId=score,,
483,Cato Painting Company,http://www.catopaint.co,catopaint.co,"painting company, painting service",,,"[""apollo""]",,,2025-10-22T04:56:58.988Z,2025-10-22T04:58:32.800Z,,,,Detroit Lakes,Minnesota,,,,,https://app.apollo.io/#/organizations/672fe7f00af9f60001d99d30?overrideScoreId=score,,
484,Roell Painting Company,http://www.roellpainting.com,roellpainting.com,"painting company, painting service",,,"[""apollo""]",,,2025-10-22T04:56:58.989Z,2025-10-22T04:58:32.800Z,,,,Eden Prairie,Minnesota,,,,,https://app.apollo.io/#/organizations/6828dfa8cfefba00013fb084?overrideScoreId=score,,
485,BODINE PAINTING COMPANY,http://www.bodinepainting.com,bodinepainting.com,"painting company, painting service",,,"[""apollo""]",,,2025-10-22T04:56:58.989Z,2025-10-22T04:58:32.800Z,,,,Minneapolis,Minnesota,,,,,https://app.apollo.io/#/organizations/67304012cd1c1f00017fafbc?overrideScoreId=score,,
486,Virnig Painting Company,http://www.virnigpainting.com,virnigpainting.com,"painting company, painting service",,1,"[""apollo""]",,,2025-10-22T04:56:58.989Z,2025-10-22T04:58:32.800Z,,,,Sauk Rapids,Minnesota,,,,,https://app.apollo.io/#/organizations/5592184b73696418e9f76400?overrideScoreId=score,,
487,THE BRUSH'S END PAINTING COMPANY,http://www.thebrushsend.com,thebrushsend.com,"painting company, painting service",,,"[""apollo""]",,,2025-10-22T04:56:58.989Z,2025-10-22T04:58:32.800Z,,,,Moorhead,Minnesota,,,,,https://app.apollo.io/#/organizations/6730b489cb4dd60001ab0c3c?overrideScoreId=score,,
488,A1 Painting Service,http://www.a1painting.com,a1painting.com,"painting company, painting service",,5,"[""apollo""]",,,2025-10-22T04:57:01.899Z,2025-10-22T04:58:32.800Z,,,,Jackson,Mississippi,,,,,https://app.apollo.io/#/organizations/55920a5873696419814d3300?overrideScoreId=score,,
489,Calhoun Painting Company,http://www.housepaintersgermantown.com,housepaintersgermantown.com,"painting company, painting service",,,"[""apollo""]",,,2025-10-22T04:57:01.900Z,2025-10-22T04:58:32.800Z,,,,Southaven,Mississippi,,,,,https://app.apollo.io/#/organizations/6048ad4440a2f8000155e2f4?overrideScoreId=score,,
490,David Busby Painting Company,http://www.davidbusbypaintingco.com,davidbusbypaintingco.com,"painting company, painting service",,,"[""apollo""]",,,2025-10-22T04:57:01.901Z,2025-10-22T04:58:32.800Z,,,,Southaven,Mississippi,,,,,https://app.apollo.io/#/organizations/674b75e96d97730001777d6c?overrideScoreId=score,,
491,HARTMAN-WALSH PAINTING COMPANY,,,"painting company, painting service",,25,"[""apollo""]",,,2025-10-22T04:57:04.857Z,2025-10-22T04:58:32.800Z,,,,Saint Louis,Missouri,,,,,https://app.apollo.io/#/organizations/664184bac4411200019ab714?overrideScoreId=score,,
492,Midwest Superior Painting LLC,http://www.midwestsuperiorpainting.com,midwestsuperiorpainting.com,"painting company, painting service",,1,"[""apollo""]",,,2025-10-22T04:57:04.859Z,2025-10-22T04:58:32.801Z,,,,Kansas City,Missouri,,,,,https://app.apollo.io/#/organizations/60495678666ef700011a33c1?overrideScoreId=score,,
493,Cutting Edge Painter LLC,http://www.cuttingedgepainter.com,cuttingedgepainter.com,"painting company, painting service",,2,"[""apollo""]",,,2025-10-22T04:57:04.859Z,2025-10-22T04:58:32.801Z,,,,Saint Louis,Missouri,,,,,https://app.apollo.io/#/organizations/65431b30851e730001998701?overrideScoreId=score,,
494,Gateway Custom Painting LLC,http://www.gatewaycustompainting.com,gatewaycustompainting.com,"painting company, painting service",,2,"[""apollo""]",,,2025-10-22T04:57:04.860Z,2025-10-22T04:58:32.801Z,,,,Creve Coeur,Missouri,,,,,https://app.apollo.io/#/organizations/646efe6dbff36300019b771e?overrideScoreId=score,,
495,"Switzer Brother's Painting, LLC",http://www.switzerbrothers.com,switzerbrothers.com,"painting company, painting service",,5,"[""apollo""]",,,2025-10-22T04:57:04.860Z,2025-10-22T04:58:32.801Z,,,,Kansas City,Missouri,,,,,https://app.apollo.io/#/organizations/55eaae84f3e5bb0bdb001118?overrideScoreId=score,,
496,Astra Painters LLC,,,"painting company, painting service",,,"[""apollo""]",,,2025-10-22T04:57:04.860Z,2025-10-22T04:58:32.801Z,,,,Ballwin,Missouri,,,,,https://app.apollo.io/#/organizations/5e5747d8896222000125eedf?overrideScoreId=score,,
497,"Fearing Painting Company, INC.",http://www.fearingpainting.com,fearingpainting.com,"painting company, painting service",,3,"[""apollo""]",,,2025-10-22T04:57:04.861Z,2025-10-22T04:58:32.801Z,,,,Springfield,Missouri,,,,,https://app.apollo.io/#/organizations/64a1ed055b5e0200017dba45?overrideScoreId=score,,
498,"Mural Gal Painting, LLC",http://www.muralgal.com,muralgal.com,"painting company, painting service",,1,"[""apollo""]",,,2025-10-22T04:57:04.861Z,2025-10-22T04:58:32.801Z,,,,Springfield,Missouri,,,,,https://app.apollo.io/#/organizations/673152dc93cdbb0001e60c5b?overrideScoreId=score,,
499,Improovy Painters St Louis,,,"painting company, painting service",,,"[""apollo""]",,,2025-10-22T04:57:04.862Z,2025-10-22T04:58:32.801Z,,,,St. Louis,Missouri,,,,,https://app.apollo.io/#/organizations/6656a1e70016730001c9f4cd?overrideScoreId=score,,
500,MyHouse Painting Company,http://www.callmyhouse.com,callmyhouse.com,"painting company, painting service",,1,"[""apollo""]",,,2025-10-22T04:57:04.862Z,2025-10-22T04:58:32.801Z,,,,St. Louis,Missouri,,,,,https://app.apollo.io/#/organizations/65cb0f8c986f0705742fe315?overrideScoreId=score,,
501,Runge Painting Company Inc,http://www.cocopainting.com,cocopainting.com,"painting company, painting service",,1,"[""apollo""]",,,2025-10-22T04:57:04.862Z,2025-10-22T04:58:32.801Z,,,,St. Louis,Missouri,,,,,https://app.apollo.io/#/organizations/67287fd62db1f90001f2b4c4?overrideScoreId=score,,
502,Smitty’s Painting Company,http://www.premierwalldesign.com,premierwalldesign.com,"painting company, painting service",,,"[""apollo""]",,,2025-10-22T04:57:04.863Z,2025-10-22T04:58:32.801Z,,,,Fredericktown,Missouri,,,,,https://app.apollo.io/#/organizations/66f515b4cc24db000172dbe5?overrideScoreId=score,,
503,Bell's Painting Company,http://www.bellspaintingstl.com,bellspaintingstl.com,"painting company, painting service",,,"[""apollo""]",,,2025-10-22T04:57:04.863Z,2025-10-22T04:58:32.801Z,,,,Florissant,Missouri,,,,,https://app.apollo.io/#/organizations/5fd1adb6a012390001c80882?overrideScoreId=score,,
504,"Goens Brothers Painting Company, Inc.",,,"painting company, painting service",,27,"[""apollo""]",,,2025-10-22T04:57:04.863Z,2025-10-22T04:58:32.801Z,,,,Goens Brothers Painting Company,Inc.,,,,,https://app.apollo.io/#/organizations/559214627369641878405700?overrideScoreId=score,,
505,Westslope Painting,http://www.westslopepainting.com,westslopepainting.com,"painting company, painting service",,1,"[""apollo""]",,,2025-10-22T04:57:07.786Z,2025-10-22T04:58:32.801Z,,,,Bozeman,Montana,,,,,https://app.apollo.io/#/organizations/64fe0d4373374c0001cff937?overrideScoreId=score,,
506,Missoula Painting Company,http://www.missoulapaintingcompany.com,missoulapaintingcompany.com,"painting company, painting service",,,"[""apollo""]",,,2025-10-22T04:57:07.787Z,2025-10-22T04:58:32.801Z,,,,Missoula,Montana,,,,,https://app.apollo.io/#/organizations/68ae16ad7b469a0019ca6d99?overrideScoreId=score,,
507,Joey D Painting Service,http://www.joeydpaintingservice.com,joeydpaintingservice.com,"painting company, painting service",,1,"[""apollo""]",,,2025-10-22T04:57:07.787Z,2025-10-22T04:58:32.801Z,,,,Billings,Montana,,,,,https://app.apollo.io/#/organizations/66f660f1e7ef54000139e50a?overrideScoreId=score,,
508,Dan S Painting Service,http://www.danspainting.com,danspainting.com,"painting company, painting service",,,"[""apollo""]",,,2025-10-22T04:57:07.788Z,2025-10-22T04:58:32.802Z,,,,Billings,Montana,,,,,https://app.apollo.io/#/organizations/55eaa2adf3e5bb6f01001267?overrideScoreId=score,,
509,Wyman Painting™,http://www.wymanpainting.net,wymanpainting.net,"painting company, painting service",,2,"[""apollo""]",,,2025-10-22T04:57:10.715Z,2025-10-22T04:58:32.802Z,,,,Omaha,Nebraska,,,,,https://app.apollo.io/#/organizations/54fca4d273696401a7432400?overrideScoreId=score,,
510,Shaver Painting & Decorating,http://www.shaverdecorating.com,shaverdecorating.com,"painting company, painting service",,5,"[""apollo""]",,,2025-10-22T04:57:10.716Z,2025-10-22T04:58:32.802Z,,,,Omaha,Nebraska,,,,,https://app.apollo.io/#/organizations/64037261d89e1e00012d2743?overrideScoreId=score,,
511,Tamaras Painting Company,http://www.tpcnevada.com,tpcnevada.com,"painting company, painting service",,1,"[""apollo""]",,,2025-10-22T04:57:13.637Z,2025-10-22T04:58:32.802Z,,,,Reno,Nevada,,,,,https://app.apollo.io/#/organizations/66e161cf13278300011ec73f?overrideScoreId=score,,
512,Portsmouth Painting Company,http://www.portsmouthpaintingcompany.com,portsmouthpaintingcompany.com,"painting company, painting service",,2,"[""apollo""]",,,2025-10-22T04:57:16.551Z,2025-10-22T04:58:32.802Z,,,,Portsmouth,New Hampshire,,,,,https://app.apollo.io/#/organizations/6503ce057a24f3000138692d?overrideScoreId=score,,
513,"White Diamond Painting, LLC",http://www.whitediamondpainting.com,whitediamondpainting.com,"painting company, painting service",,3,"[""apollo""]",,,2025-10-22T04:57:16.552Z,2025-10-22T04:58:32.802Z,,,,Barrington,New Hampshire,,,,,https://app.apollo.io/#/organizations/54a1344469702d2f9f725e00?overrideScoreId=score,,
514,Crepeau Painting Company,http://www.crepeaupainting.com,crepeaupainting.com,"painting company, painting service",,2,"[""apollo""]",,,2025-10-22T04:57:16.552Z,2025-10-22T04:58:32.802Z,,,,Salem,New Hampshire,,,,,https://app.apollo.io/#/organizations/67270fd86919ee0001304c34?overrideScoreId=score,,
515,Rite Finish Painting Company Inc,http://www.ritefinish.com,ritefinish.com,"painting company, painting service",,,"[""apollo""]",,,2025-10-22T04:57:16.552Z,2025-10-22T04:58:32.803Z,,,,Manchester,New Hampshire,,,,,https://app.apollo.io/#/organizations/66e5bd641435f6000106f551?overrideScoreId=score,,
516,Elite Painting Services,http://www.elitepaintingservices.net,elitepaintingservices.net,"painting company, painting service",,53,"[""apollo""]",,,2025-10-22T04:57:21.411Z,2025-10-22T04:58:32.803Z,,,,Cherry Hill,New Jersey,,,,,https://app.apollo.io/#/organizations/5da3f5b97e5db600018e364e?overrideScoreId=score,,
517,"Greenleaf Painters, LLC",http://www.greenleafpainters.com,greenleafpainters.com,"painting company, painting service",,2,"[""apollo""]",,,2025-10-22T04:57:21.412Z,2025-10-22T04:58:32.803Z,,,,Lawrence Township,New Jersey,,,,,https://app.apollo.io/#/organizations/5a9e1a8da6da98d93569ee34?overrideScoreId=score,,
518,Paint Tile Etcetera Painting Service,http://www.paintiletc.com,paintiletc.com,"painting company, painting service",,1,"[""apollo""]",,,2025-10-22T04:57:21.412Z,2025-10-22T04:58:32.803Z,,,,Somerville,New Jersey,,,,,https://app.apollo.io/#/organizations/54fca4e5736964015ee42800?overrideScoreId=score,,
519,EDP Painting Company - Painter,http://www.edp-painting.com,edp-painting.com,"painting company, painting service",,2,"[""apollo""]",,,2025-10-22T04:57:21.413Z,2025-10-22T04:58:32.803Z,,,,Bedminster Township,New Jersey,,,,,https://app.apollo.io/#/organizations/5e57a5eb3f9e640001186634?overrideScoreId=score,,
520,J. Canabe's Painting Company,http://www.canabecolorexpert.com,canabecolorexpert.com,"painting company, painting service",,1,"[""apollo""]",,,2025-10-22T04:57:21.413Z,2025-10-22T04:58:32.803Z,,,,Morristown,New Jersey,,,,,https://app.apollo.io/#/organizations/6726631c3ca5f7000195239a?overrideScoreId=score,,
521,Jewett Painting Contractors,http://www.jewettpainting.com,jewettpainting.com,"painting company, painting service",,2,"[""apollo""]",,,2025-10-22T04:57:21.413Z,2025-10-22T04:58:32.803Z,,,,Butler,New Jersey,,,,,https://app.apollo.io/#/organizations/559206517369641927572300?overrideScoreId=score,,
522,"Able Painting Company, LLC",,,"painting company, painting service",,6,"[""apollo""]",,,2025-10-22T04:57:21.414Z,2025-10-22T04:58:32.803Z,,,,Trenton,New Jersey,,,,,https://app.apollo.io/#/organizations/54a138eb69702d2a1e741500?overrideScoreId=score,,
523,Rainbow G & J Painting,http://www.rainbowgjpainting.com,rainbowgjpainting.com,"painting company, painting service",,7,"[""apollo""]",,,2025-10-22T04:57:21.414Z,2025-10-22T04:58:32.803Z,,,,Bridgewater,New Jersey,,,,,https://app.apollo.io/#/organizations/5b15ec5aa6da9869338baa71?overrideScoreId=score,,
524,Enhance Painting Company,http://www.enhancepainting.com.au,enhancepainting.com.au,"painting company, painting service",,4,"[""apollo""]",,,2025-10-22T04:57:21.414Z,2025-10-22T04:58:32.803Z,,,,Morris Plains,New Jersey,,,,,https://app.apollo.io/#/organizations/57c4f3e4a6da986a77cda5fd?overrideScoreId=score,,
525,Rainer Painting Company,http://www.rainerpainting.com,rainerpainting.com,"painting company, painting service",,4,"[""apollo""]",,,2025-10-22T04:57:21.415Z,2025-10-22T04:58:32.803Z,,,,Cinnaminson,New Jersey,,,,,https://app.apollo.io/#/organizations/67089790ef9459000129e9fe?overrideScoreId=score,,
526,Halo Painting Company,http://www.halopaintingcompany.com,halopaintingcompany.com,"painting company, painting service",,,"[""apollo""]",,,2025-10-22T04:57:21.415Z,2025-10-22T04:58:32.803Z,,,,Somerville,New Jersey,,,,,https://app.apollo.io/#/organizations/6729a2ce2bce890001d3894a?overrideScoreId=score,,
527,A-General Painting Service,http://www.ageneralpainting.com,ageneralpainting.com,"painting company, painting service",,1,"[""apollo""]",,,2025-10-22T04:57:21.415Z,2025-10-22T04:58:32.804Z,,,,Dover,New Jersey,,,,,https://app.apollo.io/#/organizations/670638fd2028250001f74c5f?overrideScoreId=score,,
528,All Jersey Painting Company,http://www.newjerseypainter.com,newjerseypainter.com,"painting company, painting service",,2,"[""apollo""]",,,2025-10-22T04:57:21.415Z,2025-10-22T04:58:32.804Z,,,,Lincoln Park,New Jersey,,,,,https://app.apollo.io/#/organizations/5500cc1b7369646067487200?overrideScoreId=score,,
529,LAYNE PAINTING SERVICE,http://www.laynepaintingservice.com,laynepaintingservice.com,"painting company, painting service",,,"[""apollo""]",,,2025-10-22T04:57:21.416Z,2025-10-22T04:58:32.804Z,,,,Newark,New Jersey,,,,,https://app.apollo.io/#/organizations/66e919c9c017ab00011106d6?overrideScoreId=score,,
530,PQ Painting Service,http://www.pqpaintingservice.blogspot.com,pqpaintingservice.blogspot.com,"painting company, painting service",,,"[""apollo""]",,,2025-10-22T04:57:21.416Z,2025-10-22T04:58:32.804Z,,,,Toms River,New Jersey,,,,,https://app.apollo.io/#/organizations/671481e2489d5a00018ea3d4?overrideScoreId=score,,
531,Julius H Gross Painting Company,http://www.juliushgrosspainting.com,juliushgrosspainting.com,"painting company, painting service",,1,"[""apollo""]",,,2025-10-22T04:57:21.416Z,2025-10-22T04:58:32.804Z,,,,Princeton,New Jersey,,,,,https://app.apollo.io/#/organizations/678c4ca4320fdb0001fd0014?overrideScoreId=score,,
532,GP PAINTING SERVICE,http://www.gppaintingservice.com,gppaintingservice.com,"painting company, painting service",,,"[""apollo""]",,,2025-10-22T04:57:21.417Z,2025-10-22T04:58:32.804Z,,,,Clifton,New Jersey,,,,,https://app.apollo.io/#/organizations/670149f4d344bc0001875b83?overrideScoreId=score,,
533,Andrechick Painting Company,http://www.andrechick-painting.com,andrechick-painting.com,"painting company, painting service",,1,"[""apollo""]",,,2025-10-22T04:57:21.417Z,2025-10-22T04:58:32.804Z,,,,Woodbridge Township,New Jersey,,,,,https://app.apollo.io/#/organizations/672c7339b137ac00018f7e73?overrideScoreId=score,,
534,kronewitter painting company,http://www.kronewitterpainting.net,kronewitterpainting.net,"painting company, painting service",,,"[""apollo""]",,,2025-10-22T04:57:21.417Z,2025-10-22T04:58:32.804Z,,,,Westwood,New Jersey,,,,,https://app.apollo.io/#/organizations/66ed1a88596b9d000108ec2b?overrideScoreId=score,,
535,AJ Trenton Painting Service,http://www.ajpaintingservicenj.com,ajpaintingservicenj.com,"painting company, painting service",,,"[""apollo""]",,,2025-10-22T04:57:21.418Z,2025-10-22T04:58:32.804Z,,,,Trenton,New Jersey,,,,,https://app.apollo.io/#/organizations/66ff9567ed2f060001fb8a4d?overrideScoreId=score,,
536,Andy Painting Service Contractor,http://www.andy-painting.com,andy-painting.com,"painting company, painting service",,,"[""apollo""]",,,2025-10-22T04:57:21.418Z,2025-10-22T04:58:32.804Z,,,,Dover,New Jersey,,,,,https://app.apollo.io/#/organizations/6731871b0af9f60001eb28ae?overrideScoreId=score,,
537,Don Coleman Painting Company,http://www.doncolemanpainting.com,doncolemanpainting.com,"painting company, painting service",,,"[""apollo""]",,,2025-10-22T04:57:21.418Z,2025-10-22T04:58:32.804Z,,,,Metuchen,New Jersey,,,,,https://app.apollo.io/#/organizations/63ba0e80c3acd400015ee5f2?overrideScoreId=score,,
538,Utica NY Painting Company,http://www.uticanypaintingcompany.com,uticanypaintingcompany.com,"painting company, painting service",,,"[""apollo""]",,,2025-10-22T04:57:21.419Z,2025-10-22T04:58:32.804Z,,,,Hoboken,New Jersey,,,,,https://app.apollo.io/#/organizations/6867af103409290001de9fe9?overrideScoreId=score,,
539,Alberto Del Priore Painting Company,http://www.albertothepainter.com,albertothepainter.com,"painting company, painting service",,,"[""apollo""]",,,2025-10-22T04:57:21.419Z,2025-10-22T04:58:32.804Z,,,,East Orange,New Jersey,,,,,https://app.apollo.io/#/organizations/66ebf71ef790c100019ec7db?overrideScoreId=score,,
540,Andy's Painting Company,http://www.andyspainting.com,andyspainting.com,"painting company, painting service",,16,"[""apollo""]",,,2025-10-22T04:57:24.341Z,2025-10-22T04:58:32.805Z,,,,Albuquerque,New Mexico,,,,,https://app.apollo.io/#/organizations/63a7bea8f7c09800a349acd5?overrideScoreId=score,,
541,Level Up Painting,http://www.leveluppainting.com,leveluppainting.com,"painting company, painting service",,7,"[""apollo""]",,,2025-10-22T04:57:27.283Z,2025-10-22T04:58:32.805Z,,,,Rochester,New York,,,,,https://app.apollo.io/#/organizations/63797762dc030c00016126c5?overrideScoreId=score,,
542,PAINT POWER,http://www.paintpower.net,paintpower.net,"painting company, painting service",,9,"[""apollo""]",,,2025-10-22T04:57:27.284Z,2025-10-22T04:58:32.805Z,,,,New York,New York,,,,,https://app.apollo.io/#/organizations/55f11456f3e5bb500c000da2?overrideScoreId=score,,
543,City Zen Painting,http://www.cityzenpainting.com,cityzenpainting.com,"painting company, painting service",,2,"[""apollo""]",,,2025-10-22T04:57:27.285Z,2025-10-22T04:58:32.805Z,,,,New York,New York,,,,,https://app.apollo.io/#/organizations/5fc94559c3ba3100015beae4?overrideScoreId=score,,
544,Sitepod,http://www.sitepod.com,sitepod.com,"painting company, painting service",,3,"[""apollo""]",,,2025-10-22T04:57:27.285Z,2025-10-22T04:58:32.805Z,,,,New York,New York,,,,,https://app.apollo.io/#/organizations/5ed32e641b901500011687b6?overrideScoreId=score,,
545,MBS construction,http://www.mbscontractor.com,mbscontractor.com,"painting company, painting service",,5,"[""apollo""]",,,2025-10-22T04:57:27.286Z,2025-10-22T04:58:32.805Z,,,,Hicksville,New York,,,,,https://app.apollo.io/#/organizations/6160030c33b0ea0001832007?overrideScoreId=score,,
546,WCM Painting Company,http://www.wcmpainting.com,wcmpainting.com,"painting company, painting service",,3,"[""apollo""]",,,2025-10-22T04:57:27.287Z,2025-10-22T04:58:32.805Z,,,,Horseheads,New York,,,,,https://app.apollo.io/#/organizations/5500c49e7369646139644b00?overrideScoreId=score,,
547,Williams Painting Company,http://www.williamspaintingco.com,williamspaintingco.com,"painting company, painting service",,7,"[""apollo""]",,,2025-10-22T04:57:27.287Z,2025-10-22T04:58:32.805Z,,,,Sandy Creek,New York,,,,,https://app.apollo.io/#/organizations/6715679e4725f50001110ee9?overrideScoreId=score,,
548,Kostusiak Coatings LLC,http://www.kostusiakcoatings.com,kostusiakcoatings.com,"painting company, painting service",,5,"[""apollo""]",,,2025-10-22T04:57:27.288Z,2025-10-22T04:58:32.805Z,,,,Elma,New York,,,,,https://app.apollo.io/#/organizations/5fe57d948dffac00a4204bc8?overrideScoreId=score,,
549,Accent Painting Company,http://www.accentpaintingabq.com,accentpaintingabq.com,"painting company, painting service",,2,"[""apollo""]",,,2025-10-22T04:57:27.288Z,2025-10-22T04:58:32.805Z,,,,Farmingville,New York,,,,,https://app.apollo.io/#/organizations/559228aa736964185f7ba200?overrideScoreId=score,,
550,GOTHAM PAINTING COMPANY INC.,,,"painting company, painting service",,11,"[""apollo""]",,,2025-10-22T04:57:27.288Z,2025-10-22T04:58:32.805Z,,,,New York,New York,,,,,https://app.apollo.io/#/organizations/672c5575ddd5e600014fcbe7?overrideScoreId=score,,
551,FH Renovation NYC,http://www.fhrenovationnyc.com,fhrenovationnyc.com,"painting company, painting service",,,"[""apollo""]",,,2025-10-22T04:57:27.289Z,2025-10-22T04:58:32.805Z,,,,New York,New York,,,,,https://app.apollo.io/#/organizations/604aacfb8dfb9d00011e9bd1?overrideScoreId=score,,
552,The Brooklyn Painting Company,http://www.thebrooklynpaintingcompany.com,thebrooklynpaintingcompany.com,"painting company, painting service",,,"[""apollo""]",,,2025-10-22T04:57:27.289Z,2025-10-22T04:58:32.805Z,,,,New York,New York,,,,,https://app.apollo.io/#/organizations/68ae0cc75d9ad90021d53e20?overrideScoreId=score,,
553,Cogan Painting Company,http://www.coganpainting.com,coganpainting.com,"painting company, painting service",,,"[""apollo""]",,,2025-10-22T04:57:27.289Z,2025-10-22T04:58:32.805Z,,,,Keeseville,New York,,,,,https://app.apollo.io/#/organizations/66ed0f8ff386ba000162ffeb?overrideScoreId=score,,
554,Madia’s Painting Company,http://www.madiaspainting.com,madiaspainting.com,"painting company, painting service",,,"[""apollo""]",,,2025-10-22T04:57:27.289Z,2025-10-22T04:58:32.806Z,,,,Uniondale,New York,,,,,https://app.apollo.io/#/organizations/66f0ab17692f03000188b1a1?overrideScoreId=score,,
555,Premier Painting Company,http://www.premierpaintingco.com,premierpaintingco.com,"painting company, painting service",,,"[""apollo""]",,,2025-10-22T04:57:27.290Z,2025-10-22T04:58:32.806Z,,,,Brewster,New York,,,,,https://app.apollo.io/#/organizations/5fd1a91c4298fa0001aa6623?overrideScoreId=score,,
556,KATONAH PAINTING COMPANY,http://www.katonahpainting.com,katonahpainting.com,"painting company, painting service",,1,"[""apollo""]",,,2025-10-22T04:57:27.290Z,2025-10-22T04:58:32.806Z,,,,Cross River,New York,,,,,https://app.apollo.io/#/organizations/6726f58a3ca5f700019af809?overrideScoreId=score,,
557,R.J. Ritacco Painting Company,http://www.ritaccopainting.com,ritaccopainting.com,"painting company, painting service",,1,"[""apollo""]",,,2025-10-22T04:57:27.290Z,2025-10-22T04:58:32.806Z,,,,Gardiner,New York,,,,,https://app.apollo.io/#/organizations/66e7476ed18deb00011150d4?overrideScoreId=score,,
558,Color World Painting Charlotte,,,"painting company, painting service",,1,"[""apollo""]",,,2025-10-22T04:57:32.095Z,2025-10-22T04:58:32.806Z,,,,Concord,North Carolina,,,,,https://app.apollo.io/#/organizations/668220bba3c902000147bcac?overrideScoreId=score,,
559,Zarazua Painting,http://www.zarazuapainting.com,zarazuapainting.com,"painting company, painting service",,2,"[""apollo""]",,,2025-10-22T04:57:32.096Z,2025-10-22T04:58:32.806Z,,,,Durham,North Carolina,,,,,https://app.apollo.io/#/organizations/5a9ec927a6da98d98c6fe1b6?overrideScoreId=score,,
560,Design Interventions,http://www.d-interventions.com,d-interventions.com,"painting company, painting service",,4,"[""apollo""]",,,2025-10-22T04:57:32.097Z,2025-10-22T04:58:32.806Z,,,,Wilmington,North Carolina,,,,,https://app.apollo.io/#/organizations/646717b0914b7d000102adfe?overrideScoreId=score,,
561,"Good Faith Paint Company, LLC",http://www.goodfaithpaint.com,goodfaithpaint.com,"painting company, painting service",,3,"[""apollo""]",,,2025-10-22T04:57:32.097Z,2025-10-22T04:58:32.806Z,,,,Raleigh,North Carolina,,,,,https://app.apollo.io/#/organizations/5500be297369641708da2e00?overrideScoreId=score,,
562,Triangle Painting & Siding,http://www.paintthetriangle.com,paintthetriangle.com,"painting company, painting service",,9,"[""apollo""]",,,2025-10-22T04:57:32.098Z,2025-10-22T04:58:32.806Z,,,,Apex,North Carolina,,,,,https://app.apollo.io/#/organizations/5da34db2c7968e0001628d18?overrideScoreId=score,,
563,"Worth Painting, LLC",http://www.worthpaintingllc.com,worthpaintingllc.com,"painting company, painting service",,6,"[""apollo""]",,,2025-10-22T04:57:32.098Z,2025-10-22T04:58:32.806Z,,,,King,North Carolina,,,,,https://app.apollo.io/#/organizations/672448868b4541000185fd08?overrideScoreId=score,,
564,Prep-Rite Painting,http://www.prepritepainting.com,prepritepainting.com,"painting company, painting service",,1,"[""apollo""]",,,2025-10-22T04:57:32.098Z,2025-10-22T04:58:32.806Z,,,,Cary,North Carolina,,,,,https://app.apollo.io/#/organizations/6487790821090100a3075d5e?overrideScoreId=score,,
565,Ukie Painting,http://www.ukiepainting.com,ukiepainting.com,"painting company, painting service",,4,"[""apollo""]",,,2025-10-22T04:57:32.099Z,2025-10-22T04:58:32.806Z,,,,Mint Hill,North Carolina,,,,,https://app.apollo.io/#/organizations/616d7bdcf3b2a400dade1cf7?overrideScoreId=score,,
566,Triangle Pro Painting,http://www.trianglepropainting.com,trianglepropainting.com,"painting company, painting service",,6,"[""apollo""]",,,2025-10-22T04:57:32.099Z,2025-10-22T04:58:32.806Z,,,,Raleigh,North Carolina,,,,,https://app.apollo.io/#/organizations/60b513ed11e23700c1c7983f?overrideScoreId=score,,
567,Accents Painting Company,http://www.accentspaintingclt.com,accentspaintingclt.com,"painting company, painting service",,5,"[""apollo""]",,,2025-10-22T04:57:32.099Z,2025-10-22T04:58:32.806Z,,,,Indian Trail,North Carolina,,,,,https://app.apollo.io/#/organizations/64fe6f24994c160001ff9c38?overrideScoreId=score,,
568,Trailblaze Paints,http://www.trailblazepaintsnc.com,trailblazepaintsnc.com,"painting company, painting service",,1,"[""apollo""]",,,2025-10-22T04:57:32.099Z,2025-10-22T04:58:32.806Z,,,,Mooresville,North Carolina,,,,,https://app.apollo.io/#/organizations/64f36c56fde7080001e476ca?overrideScoreId=score,,
569,Mays Painting Company,http://www.mayspaintingcompany.com,mayspaintingcompany.com,"painting company, painting service",,6,"[""apollo""]",,,2025-10-22T04:57:32.100Z,2025-10-22T04:58:32.807Z,,,,High Point,North Carolina,,,,,https://app.apollo.io/#/organizations/5fcadb51a1424200010e694c?overrideScoreId=score,,
570,FLEET PAINTING SERVICE INC,http://www.fleetpaintingservice.com,fleetpaintingservice.com,"painting company, painting service",,2,"[""apollo""]",,,2025-10-22T04:57:32.100Z,2025-10-22T04:58:32.807Z,,,,Sophia,North Carolina,,,,,https://app.apollo.io/#/organizations/6726d0187efe3d0001d22261?overrideScoreId=score,,
571,Garner’s Painting Service,http://www.garnerspaintingservice.com,garnerspaintingservice.com,"painting company, painting service",,1,"[""apollo""]",,,2025-10-22T04:57:32.100Z,2025-10-22T04:58:32.807Z,,,,Fayetteville,North Carolina,,,,,https://app.apollo.io/#/organizations/67038cada752050001f2aa7d?overrideScoreId=score,,
572,Carolina Southern Painting Company,http://www.carolinasoutherncompany.com,carolinasoutherncompany.com,"painting company, painting service",,2,"[""apollo""]",,,2025-10-22T04:57:32.100Z,2025-10-22T04:58:32.807Z,,,,Pfafftown,North Carolina,,,,,https://app.apollo.io/#/organizations/670f7f62b3b04b0001ce2554?overrideScoreId=score,,
573,Johnson Painting Company & More,http://www.johnsonpaintingcoandmore.com,johnsonpaintingcoandmore.com,"painting company, painting service",,3,"[""apollo""]",,,2025-10-22T04:57:32.101Z,2025-10-22T04:58:32.807Z,,,,Kernersville,North Carolina,,,,,https://app.apollo.io/#/organizations/67384074f9a0930001a4b14a?overrideScoreId=score,,
574,Expressway Painting,http://www.expresswaypainting.com,expresswaypainting.com,"painting company, painting service",,,"[""apollo""]",,,2025-10-22T04:57:32.101Z,2025-10-22T04:58:32.807Z,,,,Charlotte,North Carolina,,,,,https://app.apollo.io/#/organizations/6593a5e5e30dbc000134c2ad?overrideScoreId=score,,
575,Kidd’s Painting Service,http://www.kidscreationsart.com,kidscreationsart.com,"painting company, painting service",,,"[""apollo""]",,,2025-10-22T04:57:32.101Z,2025-10-22T04:58:32.807Z,,,,China Grove,North Carolina,,,,,https://app.apollo.io/#/organizations/673a8689d119420001c9eae3?overrideScoreId=score,,
576,Cawley Painting Company,http://www.raleigh-cary-apex-painting.com,raleigh-cary-apex-painting.com,"painting company, painting service",,,"[""apollo""]",,,2025-10-22T04:57:32.102Z,2025-10-22T04:58:32.807Z,,,,Moncure,North Carolina,,,,,https://app.apollo.io/#/organizations/66f2351620771b00018d4264?overrideScoreId=score,,
577,Eubanks Painting Company,http://www.eubankspaintingcompany.com,eubankspaintingcompany.com,"painting company, painting service",,,"[""apollo""]",,,2025-10-22T04:57:32.102Z,2025-10-22T04:58:32.807Z,,,,Garner,North Carolina,,,,,https://app.apollo.io/#/organizations/67156566cd85fc0001a1a065?overrideScoreId=score,,
578,Charlotte Painting Company,http://www.queencitypaintingcompany.com,queencitypaintingcompany.com,"painting company, painting service",,,"[""apollo""]",,,2025-10-22T04:57:32.102Z,2025-10-22T04:58:32.807Z,,,,Charlotte,North Carolina,,,,,https://app.apollo.io/#/organizations/6715285cdf863f00014b435c?overrideScoreId=score,,
579,Metrolina Painting Company,http://www.metrolinapainting.com,metrolinapainting.com,"painting company, painting service",,,"[""apollo""]",,,2025-10-22T04:57:32.102Z,2025-10-22T04:58:32.807Z,,,,Charlotte,North Carolina,,,,,https://app.apollo.io/#/organizations/6701b5374352a40001ffb5b6?overrideScoreId=score,,
580,Don Worley Painting Service,http://www.donpaints.com,donpaints.com,"painting company, painting service",,1,"[""apollo""]",,,2025-10-22T04:57:32.103Z,2025-10-22T04:58:32.807Z,,,,Raleigh,North Carolina,,,,,https://app.apollo.io/#/organizations/559231097369641981e2bf00?overrideScoreId=score,,
581,Rumlers House Painting Service,http://www.rumlerspainting.com,rumlerspainting.com,"painting company, painting service",,,"[""apollo""]",,,2025-10-22T04:57:32.103Z,2025-10-22T04:58:32.807Z,,,,Candler,North Carolina,,,,,https://app.apollo.io/#/organizations/66e69f8a4fdcac0001a49cec?overrideScoreId=score,,
582,"Db's Painting Company, Inc",http://www.dbspainting.com,dbspainting.com,"painting company, painting service",,,"[""apollo""]",,,2025-10-22T04:57:32.104Z,2025-10-22T04:58:32.807Z,,,,Db's Painting Company,Inc,,,,,https://app.apollo.io/#/organizations/60a57d49f69b8b0001f27277?overrideScoreId=score,,
583,DWH Painting Company Inc.,,,"painting company, painting service",,9,"[""apollo""]",,,2025-10-22T04:57:32.104Z,2025-10-22T04:58:32.807Z,,,,Durham,North Carolina,,,,,https://app.apollo.io/#/organizations/6696e5b121aa42000180b1ea?overrideScoreId=score,,
584,The Fargo Painting Company,http://www.thefargopaintingcompany.com,thefargopaintingcompany.com,"painting company, painting service",,,"[""apollo""]",,,2025-10-22T04:57:35.025Z,2025-10-22T04:58:32.807Z,,,,Fargo,North Dakota,,,,,https://app.apollo.io/#/organizations/68ae0d16a83bb60015729327?overrideScoreId=score,,
585,Hanson Painting Service Llp,http://www.hansonpaintingservice.com,hansonpaintingservice.com,"painting company, painting service",,,"[""apollo""]",,,2025-10-22T04:57:35.026Z,2025-10-22T04:58:32.807Z,,,,Devils Lake,North Dakota,,,,,https://app.apollo.io/#/organizations/63bbfac4881a6a00011e7bd4?overrideScoreId=score,,
586,Sharper Impressions Painting,http://www.sharperimpressionspainting.com,sharperimpressionspainting.com,"painting company, painting service",,15,"[""apollo""]",,,2025-10-22T04:57:39.920Z,2025-10-22T04:58:32.808Z,,,,Plain City,Ohio,,,,,https://app.apollo.io/#/organizations/54a1293c69702db878615201?overrideScoreId=score,,
587,FORJAK Industrial,http://www.forjakindustrial.com,forjakindustrial.com,"painting company, painting service",,37,"[""apollo""]",,,2025-10-22T04:57:39.923Z,2025-10-22T04:58:32.808Z,,,,Columbus,Ohio,,,,,https://app.apollo.io/#/organizations/55923984736964199b7fdd00?overrideScoreId=score,,
588,Performance Painting,http://www.performancepainting.com.au,performancepainting.com.au,"painting company, painting service",,24,"[""apollo""]",,,2025-10-22T04:57:39.923Z,2025-10-22T04:58:32.808Z,,,,Columbus,Ohio,,,,,https://app.apollo.io/#/organizations/6615c83f1796580007a95776?overrideScoreId=score,,
589,American Star Painting Company,http://www.americanstarcoatings.com,americanstarcoatings.com,"painting company, painting service",,3,"[""apollo""]",,,2025-10-22T04:57:39.924Z,2025-10-22T04:58:32.808Z,,,,Marietta,Ohio,,,,,https://app.apollo.io/#/organizations/5500bc7373696417912d2700?overrideScoreId=score,,
590,ServiceSold.com,http://www.servicesold.com,servicesold.com,"painting company, painting service",,1,"[""apollo""]",,,2025-10-22T04:57:39.925Z,2025-10-22T04:58:32.808Z,,,,North Ridgeville,Ohio,,,,,https://app.apollo.io/#/organizations/55f3cc93f3e5bb1de1002785?overrideScoreId=score,,
591,Vimas Painting Company Inc,,,"painting company, painting service",,8,"[""apollo""]",,,2025-10-22T04:57:39.925Z,2025-10-22T04:58:32.808Z,,,,Campbell,Ohio,,,,,https://app.apollo.io/#/organizations/55921cb87369644785735400?overrideScoreId=score,,
592,Dynamic Painting LLC,http://www.dynamicpainting.net,dynamicpainting.net,"painting company, painting service",,15,"[""apollo""]",,,2025-10-22T04:57:39.925Z,2025-10-22T04:58:32.808Z,,,,Lewis Center,Ohio,,,,,https://app.apollo.io/#/organizations/54a12a6f69702d8cfc384602?overrideScoreId=score,,
593,Painters Now,http://www.painterscompany.com,painterscompany.com,"painting company, painting service",,,"[""apollo""]",,,2025-10-22T04:57:39.926Z,2025-10-22T04:58:32.808Z,,,,Dayton,Ohio,,,,,https://app.apollo.io/#/organizations/67280ff52db1f90001ee5484?overrideScoreId=score,,
594,Fryer & Sons Painting Company,,,"painting company, painting service",,3,"[""apollo""]",,,2025-10-22T04:57:39.926Z,2025-10-22T04:58:32.808Z,,,,Franklin,Ohio,,,,,https://app.apollo.io/#/organizations/6548cc8212ff990001f2c3e1?overrideScoreId=score,,
595,Paint 4 You,http://www.paint4youcolumbus.com,paint4youcolumbus.com,"painting company, painting service",,15,"[""apollo""]",,,2025-10-22T04:57:39.927Z,2025-10-22T04:58:32.808Z,,,,Columbus,Ohio,,,,,https://app.apollo.io/#/organizations/54a1393e69702d267a394c00?overrideScoreId=score,,
596,Bridges R Us Painting Company,,,"painting company, painting service",,4,"[""apollo""]",,,2025-10-22T04:57:39.927Z,2025-10-22T04:58:32.808Z,,,,Campbell,Ohio,,,,,https://app.apollo.io/#/organizations/55922d2a73696448592d5100?overrideScoreId=score,,
597,Cincy Paint,http://www.cincypaint.com,cincypaint.com,"painting company, painting service",,,"[""apollo""]",,,2025-10-22T04:57:39.927Z,2025-10-22T04:58:32.808Z,,,,Cincinnati,Ohio,,,,,https://app.apollo.io/#/organizations/67b2be39b82ad800151b65fc?overrideScoreId=score,,
598,HLE Coatings LLC,http://www.hlecoatings.com,hlecoatings.com,"painting company, painting service",,2,"[""apollo""]",,,2025-10-22T04:57:39.928Z,2025-10-22T04:58:32.808Z,,,,Xenia,Ohio,,,,,https://app.apollo.io/#/organizations/66d45cabe042a300011c6706?overrideScoreId=score,,
599,Xclusive Painting Company,http://www.xclusivepaintingcompany.com,xclusivepaintingcompany.com,"painting company, painting service",,2,"[""apollo""]",,,2025-10-22T04:57:39.928Z,2025-10-22T04:58:32.808Z,,,,Peninsula,Ohio,,,,,https://app.apollo.io/#/organizations/640724840cab770001d8eaab?overrideScoreId=score,,
600,Masterpiece Painting Company Inc.,http://www.masterpiecepaintingcompany.com,masterpiecepaintingcompany.com,"painting company, painting service",,3,"[""apollo""]",,,2025-10-22T04:57:39.928Z,2025-10-22T04:58:32.808Z,,,,Warren,Ohio,,,,,https://app.apollo.io/#/organizations/67345c17ab0b1100010866b9?overrideScoreId=score,,
601,Salvato Painting Company,http://www.salvatopainting.com,salvatopainting.com,"painting company, painting service",,5,"[""apollo""]",,,2025-10-22T04:57:39.928Z,2025-10-22T04:58:32.809Z,,,,Powell,Ohio,,,,,https://app.apollo.io/#/organizations/556d498e736964125809cf00?overrideScoreId=score,,
602,"NORTH STAR PAINTING COMPANY, INC.",http://www.northstarpaintingco.com,northstarpaintingco.com,"painting company, painting service",,9,"[""apollo""]",,,2025-10-22T04:57:39.929Z,2025-10-22T04:58:32.809Z,,,,Youngstown,Ohio,,,,,https://app.apollo.io/#/organizations/670a09d50d75880001ce0378?overrideScoreId=score,,
603,Nelson Painting Service,http://www.nelsonpaintingservice.com,nelsonpaintingservice.com,"painting company, painting service",,1,"[""apollo""]",,,2025-10-22T04:57:39.929Z,2025-10-22T04:58:32.809Z,,,,Loveland,Ohio,,,,,https://app.apollo.io/#/organizations/66727733114c9a096a18cddf?overrideScoreId=score,,
604,Americoat Painting Company,http://www.americoatpainting.com,americoatpainting.com,"painting company, painting service",,1,"[""apollo""]",,,2025-10-22T04:57:39.929Z,2025-10-22T04:58:32.809Z,,,,Campbell,Ohio,,,,,https://app.apollo.io/#/organizations/57c49cfaa6da983258996e9d?overrideScoreId=score,,
605,Sanner Painting Company,http://www.sannerpainting.com,sannerpainting.com,"painting company, painting service",,4,"[""apollo""]",,,2025-10-22T04:57:39.929Z,2025-10-22T04:58:32.809Z,,,,West Carrollton,Ohio,,,,,https://app.apollo.io/#/organizations/67435ac9975d6e00016b6d8d?overrideScoreId=score,,
606,Bristlewood Painting Company,http://www.bristlewoodpaintingco.com,bristlewoodpaintingco.com,"painting company, painting service",,,"[""apollo""]",,,2025-10-22T04:57:39.929Z,2025-10-22T04:58:32.809Z,,,,Columbus,Ohio,,,,,https://app.apollo.io/#/organizations/672df4940a14590001ecc028?overrideScoreId=score,,
607,FC SKINNER PAINTING SERVICE INC,http://www.skinnerpainting.com,skinnerpainting.com,"painting company, painting service",,1,"[""apollo""]",,,2025-10-22T04:57:39.930Z,2025-10-22T04:58:32.809Z,,,,Piqua,Ohio,,,,,https://app.apollo.io/#/organizations/6710b04a215d2d00018d199c?overrideScoreId=score,,
608,Haas Painting Company,http://www.haaspaintingcompany.com,haaspaintingcompany.com,"painting company, painting service",,2,"[""apollo""]",,,2025-10-22T04:57:39.930Z,2025-10-22T04:58:32.809Z,,,,Dublin,Ohio,,,,,https://app.apollo.io/#/organizations/67443e092694ce000180cec8?overrideScoreId=score,,
609,Louden Painting Company,http://www.loudenpainting.com,loudenpainting.com,"painting company, painting service",,,"[""apollo""]",,,2025-10-22T04:57:39.930Z,2025-10-22T04:58:32.809Z,,,,Westerville,Ohio,,,,,https://app.apollo.io/#/organizations/672dbf06a99869000194bb7c?overrideScoreId=score,,
610,Emg Painting Company,http://www.emgpaintingcompany.com,emgpaintingcompany.com,"painting company, painting service",,,"[""apollo""]",,,2025-10-22T04:57:39.930Z,2025-10-22T04:58:32.809Z,,,,Lakewood,Ohio,,,,,https://app.apollo.io/#/organizations/672fd5e09c24470001d78431?overrideScoreId=score,,
611,Scott's Painting Company,http://www.scottspaintingcompany.com,scottspaintingcompany.com,"painting company, painting service",,,"[""apollo""]",,,2025-10-22T04:57:39.931Z,2025-10-22T04:58:32.809Z,,,,Twinsburg,Ohio,,,,,https://app.apollo.io/#/organizations/63934d12a856b000016ba950?overrideScoreId=score,,
612,Alex’s Pro Painting Service,http://www.alexspropaintingservice.com,alexspropaintingservice.com,"painting company, painting service",,3,"[""apollo""]",,,2025-10-22T04:57:39.931Z,2025-10-22T04:58:32.809Z,,,,Brunswick,Ohio,,,,,https://app.apollo.io/#/organizations/672d9f10c96c8200017bb36d?overrideScoreId=score,,
613,B&W Painting Service,http://www.bwpaintingserviceoh.com,bwpaintingserviceoh.com,"painting company, painting service",,,"[""apollo""]",,,2025-10-22T04:57:39.931Z,2025-10-22T04:58:32.810Z,,,,Marietta,Ohio,,,,,https://app.apollo.io/#/organizations/66e5ffe4e67a0300017a7dbb?overrideScoreId=score,,
614,"LOST ART PAINTING COMPANY, LLC",http://www.lostartpainting.com,lostartpainting.com,"painting company, painting service",,,"[""apollo""]",,,2025-10-22T04:57:39.931Z,2025-10-22T04:58:32.810Z,,,,Strongsville,Ohio,,,,,https://app.apollo.io/#/organizations/6710ee1a911dee0001841725?overrideScoreId=score,,
615,The Powell Painting Company & Handyman Service,http://www.powellpainting.com,powellpainting.com,"painting company, painting service",,3,"[""apollo""]",,,2025-10-22T04:57:39.932Z,2025-10-22T04:58:32.810Z,,,,Powell,Ohio,,,,,https://app.apollo.io/#/organizations/673ebee9f135030001103e8a?overrideScoreId=score,,
616,Performance Painting Company,http://www.performancepainting.co,performancepainting.co,"painting company, painting service",,10,"[""apollo""]",,,2025-10-22T04:57:42.895Z,2025-10-22T04:58:32.810Z,,,,Oklahoma City,Oklahoma,,,,,https://app.apollo.io/#/organizations/5d3455d680f93e3a27062ce1?overrideScoreId=score,,
617,Eds Painting Service,,,"painting company, painting service",,6,"[""apollo""]",,,2025-10-22T04:57:42.896Z,2025-10-22T04:58:32.810Z,,,,Yukon,Oklahoma,,,,,https://app.apollo.io/#/organizations/55920e4073696419121b4100?overrideScoreId=score,,
618,Edmond Painting Company,http://www.edmondpaintingco.com,edmondpaintingco.com,"painting company, painting service",,1,"[""apollo""]",,,2025-10-22T04:57:42.896Z,2025-10-22T04:58:32.810Z,,,,Edmond,Oklahoma,,,,,https://app.apollo.io/#/organizations/6732dbb448bc8400019b950e?overrideScoreId=score,,
619,G&R Painting Company,http://www.gnrpainting.co,gnrpainting.co,"painting company, painting service",,12,"[""apollo""]",,,2025-10-22T04:57:45.836Z,2025-10-22T04:58:32.810Z,,,,Hillsboro,Oregon,,,,,https://app.apollo.io/#/organizations/5ed35283f2ab0d000110b7d9?overrideScoreId=score,,
620,"Oregon, Deschutes Painting LLC.",http://www.oregondeschutespainting.com,oregondeschutespainting.com,"painting company, painting service",,1,"[""apollo""]",,,2025-10-22T04:57:45.837Z,2025-10-22T04:58:32.810Z,,,,Oregon,Deschutes Painting LLC.,,,,,https://app.apollo.io/#/organizations/64aab147ec20f80001de563b?overrideScoreId=score,,
621,Veenhuizen Painting Inc,,,"painting company, painting service",,2,"[""apollo""]",,,2025-10-22T04:57:45.837Z,2025-10-22T04:58:32.810Z,,,,Portland,Oregon,,,,,https://app.apollo.io/#/organizations/5592220773696419d8358800?overrideScoreId=score,,
622,"ESP Painting, Inc",http://www.esppainting.com,esppainting.com,"painting company, painting service",,10,"[""apollo""]",,,2025-10-22T04:57:45.837Z,2025-10-22T04:58:32.810Z,,,,ESP Painting,Inc,,,,,https://app.apollo.io/#/organizations/54a134a869702d3a9cd04e00?overrideScoreId=score,,
623,Corey Robbins Painting Company,http://www.coreyrobbins.com,coreyrobbins.com,"painting company, painting service",,4,"[""apollo""]",,,2025-10-22T04:57:45.838Z,2025-10-22T04:58:32.810Z,,,,Medford,Oregon,,,,,https://app.apollo.io/#/organizations/54a1a1307468695860fe4503?overrideScoreId=score,,
624,The Oregon Painting Company LLC,http://www.theoregonpaintingcompany.com,theoregonpaintingcompany.com,"painting company, painting service",,3,"[""apollo""]",,,2025-10-22T04:57:45.838Z,2025-10-22T04:58:32.811Z,,,,Grants Pass,Oregon,,,,,https://app.apollo.io/#/organizations/5f4aae29a6e73b000175816a?overrideScoreId=score,,
625,WRIGHT PAINTING COMPANY LLC,,,"painting company, painting service",,6,"[""apollo""]",,,2025-10-22T04:57:45.838Z,2025-10-22T04:58:32.811Z,,,,Salem,Oregon,,,,,https://app.apollo.io/#/organizations/66e28dd0a7929e00019e378f?overrideScoreId=score,,
626,A.H. Portland Painting Company,http://www.ahportlandpaintingcompany.com,ahportlandpaintingcompany.com,"painting company, painting service",,,"[""apollo""]",,,2025-10-22T04:57:45.838Z,2025-10-22T04:58:32.811Z,,,,Portland,Oregon,,,,,https://app.apollo.io/#/organizations/659234d737f10b0001f7978b?overrideScoreId=score,,
627,"Maller Painting Company - Beaverton, OR",http://www.mallerpainting.com,mallerpainting.com,"painting company, painting service",,1,"[""apollo""]",,,2025-10-22T04:57:45.846Z,2025-10-22T04:58:32.811Z,,,,Beaverton,Oregon,,,,,https://app.apollo.io/#/organizations/670e4a830aa69d0001c79694?overrideScoreId=score,,
628,Zenith Painting Company,http://www.zenithpaintingcompany.co,zenithpaintingcompany.co,"painting company, painting service",,1,"[""apollo""]",,,2025-10-22T04:57:45.847Z,2025-10-22T04:58:32.811Z,,,,Central Point,Oregon,,,,,https://app.apollo.io/#/organizations/67285410ed6bc20001925a2b?overrideScoreId=score,,
629,"BENTLEYS PAINTING COMPANY, LLC",http://www.bentleyspainting.com,bentleyspainting.com,"painting company, painting service",,,"[""apollo""]",,,2025-10-22T04:57:45.847Z,2025-10-22T04:58:32.811Z,,,,Portland,Oregon,,,,,https://app.apollo.io/#/organizations/66efb177f5259400012ddb08?overrideScoreId=score,,
630,Artisan Painting llc,http://www.artisanpaintingllc.com,artisanpaintingllc.com,"painting company, painting service",,13,"[""apollo""]",,,2025-10-22T04:57:50.678Z,2025-10-22T04:58:32.811Z,,,,Media,Pennsylvania,,,,,https://app.apollo.io/#/organizations/6458d68d18675c00dc79713d?overrideScoreId=score,,
631,Final Touch Painting Company,,,"painting company, painting service",,2,"[""apollo""]",,,2025-10-22T04:57:50.679Z,2025-10-22T04:58:32.811Z,,,,Wexford,Pennsylvania,,,,,https://app.apollo.io/#/organizations/55f5b75df3e5bb07680013a1?overrideScoreId=score,,
632,Burge Painting Company,http://www.burgepainting.com,burgepainting.com,"painting company, painting service",,5,"[""apollo""]",,,2025-10-22T04:57:50.680Z,2025-10-22T04:58:32.811Z,,,,Lansdale,Pennsylvania,,,,,https://app.apollo.io/#/organizations/5b84c3ddf874f74a1abe68ea?overrideScoreId=score,,
633,Dino Painting,http://www.dinopainting.com,dinopainting.com,"painting company, painting service",,2,"[""apollo""]",,,2025-10-22T04:57:50.680Z,2025-10-22T04:58:32.811Z,,,,Pittsburgh,Pennsylvania,,,,,https://app.apollo.io/#/organizations/668aa0e37ebc9f00013795e6?overrideScoreId=score,,
634,Painting Service Of Pittsburgh,http://www.paintingservicepittsburgh.com,paintingservicepittsburgh.com,"painting company, painting service",,2,"[""apollo""]",,,2025-10-22T04:57:50.681Z,2025-10-22T04:58:32.811Z,,,,Pittsburgh,Pennsylvania,,,,,https://app.apollo.io/#/organizations/615eb8faf8fc9b000145e9a4?overrideScoreId=score,,
635,"Ruby's Painting & Contracting Services, LLC",http://www.rubyspaintingcontracting.com,rubyspaintingcontracting.com,"painting company, painting service",,4,"[""apollo""]",,,2025-10-22T04:57:50.681Z,2025-10-22T04:58:32.811Z,,,,East McKeesport,Pennsylvania,,,,,https://app.apollo.io/#/organizations/5da2930c9ab26b0001499fd6?overrideScoreId=score,,
636,Arena Painting & Contracting,http://www.arenapaintingpgh.com,arenapaintingpgh.com,"painting company, painting service",,,"[""apollo""]",,,2025-10-22T04:57:50.681Z,2025-10-22T04:58:32.812Z,,,,Coraopolis,Pennsylvania,,,,,https://app.apollo.io/#/organizations/66e16e7bd0208a00018684ea?overrideScoreId=score,,
637,Steve's Painting Service LLC,http://www.stevespaintingbiz.com,stevespaintingbiz.com,"painting company, painting service",,20,"[""apollo""]",,,2025-10-22T04:57:50.681Z,2025-10-22T04:58:32.812Z,,,,Allentown,Pennsylvania,,,,,https://app.apollo.io/#/organizations/5500c5c973696460805c5100?overrideScoreId=score,,
638,Uhrig's Professional Painting & Paper Hanging,http://www.uhrig.com,uhrig.com,"painting company, painting service",,3,"[""apollo""]",,,2025-10-22T04:57:50.682Z,2025-10-22T04:58:32.812Z,,,,Reading,Pennsylvania,,,,,https://app.apollo.io/#/organizations/5a9ec732a6da98d97e7e9c51?overrideScoreId=score,,
639,Four Pillars Paint LLC,http://www.fourpillarspaint.com,fourpillarspaint.com,"painting company, painting service",,3,"[""apollo""]",,,2025-10-22T04:57:50.682Z,2025-10-22T04:58:32.812Z,,,,Pittsburgh,Pennsylvania,,,,,https://app.apollo.io/#/organizations/61ed62b07cba130001131301?overrideScoreId=score,,
640,Sarandis Painting Company Inc,http://www.sarandispainting.com,sarandispainting.com,"painting company, painting service",,2,"[""apollo""]",,,2025-10-22T04:57:50.682Z,2025-10-22T04:58:32.812Z,,,,Monroeville,Pennsylvania,,,,,https://app.apollo.io/#/organizations/55f7699df3e5bb16d8001f3a?overrideScoreId=score,,
641,Mojo Painting Company,http://www.mojopaintingco.com,mojopaintingco.com,"painting company, painting service",,2,"[""apollo""]",,,2025-10-22T04:57:50.682Z,2025-10-22T04:58:32.812Z,,,,Phoenixville,Pennsylvania,,,,,https://app.apollo.io/#/organizations/67a9a570b6a23b0021b02d5a?overrideScoreId=score,,
642,AWG Painting Company,http://www.awgpainting.com,awgpainting.com,"painting company, painting service",,3,"[""apollo""]",,,2025-10-22T04:57:50.682Z,2025-10-22T04:58:32.812Z,,,,Bala Cynwyd,Pennsylvania,,,,,https://app.apollo.io/#/organizations/674bf03a1114fc000151f76f?overrideScoreId=score,,
643,Yinzer Painting Company,http://www.yinzerpainting.com,yinzerpainting.com,"painting company, painting service",,,"[""apollo""]",,,2025-10-22T04:57:50.683Z,2025-10-22T04:58:32.812Z,,,,Homestead,Pennsylvania,,,,,https://app.apollo.io/#/organizations/641c1dfe728e9500017941e2?overrideScoreId=score,,
644,HERCULES PAINTING COMPANY INC,http://www.herculespainting.com,herculespainting.com,"painting company, painting service",,4,"[""apollo""]",,,2025-10-22T04:57:50.683Z,2025-10-22T04:58:32.812Z,,,,New Castle,Pennsylvania,,,,,https://app.apollo.io/#/organizations/670a9a10132fcc0001fe59c8?overrideScoreId=score,,
645,POSTUPAK PAINTING COMPANY INC,http://www.postupakpainting.com,postupakpainting.com,"painting company, painting service",,2,"[""apollo""]",,,2025-10-22T04:57:50.683Z,2025-10-22T04:58:32.812Z,,,,Wilkes-Barre,Pennsylvania,,,,,https://app.apollo.io/#/organizations/6703adbd87d46200017dbd5e?overrideScoreId=score,,
646,Guldin Painting Company,http://www.guldinpainting.com,guldinpainting.com,"painting company, painting service",,,"[""apollo""]",,,2025-10-22T04:57:50.684Z,2025-10-22T04:58:32.812Z,,,,Lansdale,Pennsylvania,,,,,https://app.apollo.io/#/organizations/6393487aa856b000016ba5d0?overrideScoreId=score,,
647,Jwd Painting Service,http://www.jwdpainting.com,jwdpainting.com,"painting company, painting service",,3,"[""apollo""]",,,2025-10-22T04:57:50.684Z,2025-10-22T04:58:32.812Z,,,,Hazleton,Pennsylvania,,,,,https://app.apollo.io/#/organizations/55f8eb4cf3e5bb56bf0011f4?overrideScoreId=score,,
648,Sullivan’s Painting Service,http://www.sullivanspaintingservice.com,sullivanspaintingservice.com,"painting company, painting service",,2,"[""apollo""]",,,2025-10-22T04:57:50.685Z,2025-10-22T04:58:32.812Z,,,,Croydon,Pennsylvania,,,,,https://app.apollo.io/#/organizations/66de89a9fc0a380001e6bca5?overrideScoreId=score,,
649,UMAR Painting Company,http://www.affordablephillypainters.com,affordablephillypainters.com,"painting company, painting service",,,"[""apollo""]",,,2025-10-22T04:57:50.685Z,2025-10-22T04:58:32.812Z,,,,Philadelphia,Pennsylvania,,,,,https://app.apollo.io/#/organizations/673d92fe45acbe0001ca86e9?overrideScoreId=score,,
650,Mulberry Painting Company,http://www.mulberrypaintingcompany.com,mulberrypaintingcompany.com,"painting company, painting service",,1,"[""apollo""]",,,2025-10-22T04:57:50.686Z,2025-10-22T04:58:32.812Z,,,,Waynesburg,Pennsylvania,,,,,https://app.apollo.io/#/organizations/671340d0c2b2c900019bd228?overrideScoreId=score,,
651,Landis Painting Service,http://www.paintingservicesstoystown.com,paintingservicesstoystown.com,"painting company, painting service",,,"[""apollo""]",,,2025-10-22T04:57:50.686Z,2025-10-22T04:58:32.812Z,,,,Stoystown,Pennsylvania,,,,,https://app.apollo.io/#/organizations/66dc3410024eca0001047636?overrideScoreId=score,,
652,Jrs Painting Company,http://www.jrs-painting.com,jrs-painting.com,"painting company, painting service",,,"[""apollo""]",,,2025-10-22T04:57:50.686Z,2025-10-22T04:58:32.812Z,,,,Wayne,Pennsylvania,,,,,https://app.apollo.io/#/organizations/5fd19eb1838cc00001407489?overrideScoreId=score,,
653,Craftsmanship Painting Company,http://www.philadelphiapaintingservice.com,philadelphiapaintingservice.com,"painting company, painting service",,,"[""apollo""]",,,2025-10-22T04:57:50.686Z,2025-10-22T04:58:32.812Z,,,,Philadelphia,Pennsylvania,,,,,https://app.apollo.io/#/organizations/66f91787155a830001eff16b?overrideScoreId=score,,
654,KOZLOWSKI PAINTING COMPANY,http://www.kozlowskipaintingcompany.com,kozlowskipaintingcompany.com,"painting company, painting service",,1,"[""apollo""]",,,2025-10-22T04:57:50.686Z,2025-10-22T04:58:32.812Z,,,,Pittsburgh,Pennsylvania,,,,,https://app.apollo.io/#/organizations/6725da5a2228b900017018a7?overrideScoreId=score,,
655,Georgetti Painting Company,http://www.georgettipaintingco.com,georgettipaintingco.com,"painting company, painting service",,2,"[""apollo""]",,,2025-10-22T04:57:50.687Z,2025-10-22T04:58:32.813Z,,,,Plains,Pennsylvania,,,,,https://app.apollo.io/#/organizations/672b269d00eba50001c89833?overrideScoreId=score,,
656,"Franky's Painting Service, LLC",http://www.frankyspaintingservice.com,frankyspaintingservice.com,"painting company, painting service",,,"[""apollo""]",,,2025-10-22T04:57:50.687Z,2025-10-22T04:58:32.813Z,,,,Allentown,Pennsylvania,,,,,https://app.apollo.io/#/organizations/68add19fed3e1e00151cf8df?overrideScoreId=score,,
657,Arnold Painting Service LLC,http://www.arnoldpaintingservice.com,arnoldpaintingservice.com,"painting company, painting service",,,"[""apollo""]",,,2025-10-22T04:57:50.687Z,2025-10-22T04:58:32.813Z,,,,West Chester,Pennsylvania,,,,,https://app.apollo.io/#/organizations/670b82515058820001b50212?overrideScoreId=score,,
658,Wildblood-Crawford Painting Company,http://www.wildbloodcrawfordpainting.com,wildbloodcrawfordpainting.com,"painting company, painting service",,,"[""apollo""]",,,2025-10-22T04:57:50.687Z,2025-10-22T04:58:32.813Z,,,,Pittsburgh,Pennsylvania,,,,,https://app.apollo.io/#/organizations/674234b92ddc50000116ab59?overrideScoreId=score,,
659,F&M Painting Company,http://www.fandmpainting.com,fandmpainting.com,"painting company, painting service",,5,"[""apollo""]",,,2025-10-22T04:57:50.688Z,2025-10-22T04:58:32.813Z,,,,Leacock-Leola-Bareville,Pennsylvania,,,,,https://app.apollo.io/#/organizations/66ffb338f2cbde00013bfe3c?overrideScoreId=score,,
660,O’Pake Line Painting Service & More,http://www.opakelinepainting.com,opakelinepainting.com,"painting company, painting service",,,"[""apollo""]",,,2025-10-22T04:57:50.688Z,2025-10-22T04:58:32.813Z,,,,Womelsdorf,Pennsylvania,,,,,https://app.apollo.io/#/organizations/66f9a67f279806000112c36d?overrideScoreId=score,,
661,"S.P.C.I. (SUPERIOR PAINTING COMPANY, INC.)",http://www.superiorpaintingcompany.com,superiorpaintingcompany.com,"painting company, painting service",,,"[""apollo""]",,,2025-10-22T04:57:50.688Z,2025-10-22T04:58:32.813Z,,,,Pittsburgh,Pennsylvania,,,,,https://app.apollo.io/#/organizations/66f91dab1d108600014424dd?overrideScoreId=score,,
662,Pawtucket Family YMCA,http://www.goymca.com,goymca.com,"painting company, painting service",,26,"[""apollo""]",,,2025-10-22T04:57:53.624Z,2025-10-22T04:58:32.813Z,,,,Health,Wellness & Fitness,,,,,https://app.apollo.io/#/organizations/5d0a30da80f93e0ee5b7563a?overrideScoreId=score,,
663,"Levine Painting Company, Inc.",http://www.levinepainting.com,levinepainting.com,"painting company, painting service",,5,"[""apollo""]",,,2025-10-22T04:57:53.625Z,2025-10-22T04:58:32.813Z,,,,Levine Painting Company,Inc.,,,,,https://app.apollo.io/#/organizations/5db1282f0dd2c00001411374?overrideScoreId=score,,
664,The Right Brush Co.,http://www.therightbrushinc.com,therightbrushinc.com,"painting company, painting service",,,"[""apollo""]",,,2025-10-22T04:57:53.626Z,2025-10-22T04:58:32.813Z,,,,Warren,Rhode Island,,,,,https://app.apollo.io/#/organizations/54a1294c69702da220158801?overrideScoreId=score,,
665,Smyth Painting Company,http://www.smythpainting.com,smythpainting.com,"painting company, painting service",,6,"[""apollo""]",,,2025-10-22T04:57:53.626Z,2025-10-22T04:58:32.813Z,,,,Middletown,Rhode Island,,,,,https://app.apollo.io/#/organizations/66e58e6f74f84e0001cf11fb?overrideScoreId=score,,
666,Rumford Painting Company,http://www.titanpaintingcompany.com,titanpaintingcompany.com,"painting company, painting service",,,"[""apollo""]",,,2025-10-22T04:57:53.626Z,2025-10-22T04:58:32.813Z,,,,East Providence,Rhode Island,,,,,https://app.apollo.io/#/organizations/66dd9bd4671a860001ff0ab7?overrideScoreId=score,,
667,Paint Rx,http://www.paint-rx.com,paint-rx.com,"painting company, painting service",,3,"[""apollo""]",,,2025-10-22T04:57:56.547Z,2025-10-22T04:58:32.813Z,,,,Myrtle Beach,South Carolina,,,,,https://app.apollo.io/#/organizations/63bb98268da6c40001305e51?overrideScoreId=score,,
668,Taylor's Painting Company,http://www.taylorspaintingcompanysc.com,taylorspaintingcompanysc.com,"painting company, painting service",,6,"[""apollo""]",,,2025-10-22T04:57:56.548Z,2025-10-22T04:58:32.813Z,,,,Lexington,South Carolina,,,,,https://app.apollo.io/#/organizations/673955ebaad7d500011641ad?overrideScoreId=score,,
669,Blue Nile Home Services,http://www.bluenilehomeservices.com,bluenilehomeservices.com,"painting company, painting service",,1,"[""apollo""]",,,2025-10-22T04:57:56.549Z,2025-10-22T04:58:32.813Z,,,,Charleston,South Carolina,,,,,https://app.apollo.io/#/organizations/636251dca4948a00a3092833?overrideScoreId=score,,
670,Skyline Services LLC,http://www.skylineservicessc.com,skylineservicessc.com,"painting company, painting service",,7,"[""apollo""]",,,2025-10-22T04:57:56.549Z,2025-10-22T04:58:32.813Z,,,,Bluffton,South Carolina,,,,,https://app.apollo.io/#/organizations/55ee4f75f3e5bb226c000ac9?overrideScoreId=score,,
671,Diaz Painting Service,http://www.diazpaintingserviceinc.com,diazpaintingserviceinc.com,"painting company, painting service",,1,"[""apollo""]",,,2025-10-22T04:57:56.550Z,2025-10-22T04:58:32.813Z,,,,Seneca,South Carolina,,,,,https://app.apollo.io/#/organizations/6780c549f05bc50001ab43b5?overrideScoreId=score,,
672,Cannon’s Painting Company,http://www.cannonspainting.com,cannonspainting.com,"painting company, painting service",,1,"[""apollo""]",,,2025-10-22T04:57:56.550Z,2025-10-22T04:58:32.813Z,,,,Rock Hill,South Carolina,,,,,https://app.apollo.io/#/organizations/66ef3056758a070001cbda41?overrideScoreId=score,,
673,Rock Hill Painting Company,http://www.rockhillpaintingcompany.com,rockhillpaintingcompany.com,"painting company, painting service",,,"[""apollo""]",,,2025-10-22T04:57:56.550Z,2025-10-22T04:58:32.814Z,,,,Rock Hill,South Carolina,,,,,https://app.apollo.io/#/organizations/66f391d58df4fe0001b0d0f1?overrideScoreId=score,,
674,"Carolinas Premier Painting Company, Llc",http://www.carolinasppc.com,carolinasppc.com,"painting company, painting service",,,"[""apollo""]",,,2025-10-22T04:57:56.550Z,2025-10-22T04:58:32.814Z,,,,Carolinas Premier Painting Company,Llc,,,,,https://app.apollo.io/#/organizations/639234ef005e0800016b815a?overrideScoreId=score,,
675,Canberra Painting Company PTY LTD,http://www.canberrapaintingcompany.com.au,canberrapaintingcompany.com.au,"painting company, painting service",,1,"[""apollo""]",,,2025-10-22T04:57:59.474Z,2025-10-22T04:58:32.814Z,,,,Mitchell,South Dakota,,,,,https://app.apollo.io/#/organizations/670a4f370d75880001d0e09c?overrideScoreId=score,,
676,Croxall Painting and Property Improvement,http://www.croxallpainting.com,croxallpainting.com,"painting company, painting service",,4,"[""apollo""]",,,2025-10-22T04:58:02.414Z,2025-10-22T04:58:32.814Z,,,,Chattanooga,Tennessee,,,,,https://app.apollo.io/#/organizations/62c86bc420372700b32f110d?overrideScoreId=score,,
677,Nash Painting Company of Fairview,http://www.fairviewpaintingcompany.com,fairviewpaintingcompany.com,"painting company, painting service",,,"[""apollo""]",,,2025-10-22T04:58:02.415Z,2025-10-22T04:58:32.814Z,,,,Fairview,Tennessee,,,,,https://app.apollo.io/#/organizations/68020472923dd6000d5a0b12?overrideScoreId=score,,
678,Nolensville Painting Company,http://www.nolensvillepaintingcompany.com,nolensvillepaintingcompany.com,"painting company, painting service",,,"[""apollo""]",,,2025-10-22T04:58:02.415Z,2025-10-22T04:58:32.814Z,,,,Nolensville,Tennessee,,,,,https://app.apollo.io/#/organizations/670f772cf5a38802cf6c8a92?overrideScoreId=score,,
679,"PAINT CORPS of Hendersonville, TN",http://www.torrespaintingco.com,torrespaintingco.com,"painting company, painting service",,5,"[""apollo""]",,,2025-10-22T04:58:02.416Z,2025-10-22T04:58:32.814Z,,,,Hendersonville,Tennessee,,,,,https://app.apollo.io/#/organizations/62f2c6b573b30c00b69b267e?overrideScoreId=score,,
680,The Best Painters - La Vergne Painting Company,http://www.lavergnepaintingcompany.com,lavergnepaintingcompany.com,"painting company, painting service",,,"[""apollo""]",,,2025-10-22T04:58:02.416Z,2025-10-22T04:58:32.814Z,,,,La Vergne,Tennessee,,,,,https://app.apollo.io/#/organizations/67b40fa77541e400016ba55e?overrideScoreId=score,,
681,Hanks Painting Service Inc,http://www.hanksbodyshop.com,hanksbodyshop.com,"painting company, painting service",,3,"[""apollo""]",,,2025-10-22T04:58:02.416Z,2025-10-22T04:58:32.814Z,,,,Rockvale,Tennessee,,,,,https://app.apollo.io/#/organizations/6700efd36a1ca000014e9920?overrideScoreId=score,,
682,Tony V. Taylor Painting Company LLC,http://www.tvtpainting.com,tvtpainting.com,"painting company, painting service",,1,"[""apollo""]",,,2025-10-22T04:58:02.416Z,2025-10-22T04:58:32.814Z,,,,Oakfield,Tennessee,,,,,https://app.apollo.io/#/organizations/673826320c75e70001979023?overrideScoreId=score,,
683,"SUNSET PAINTING SERVICE, INC.",http://www.sunsetpainting.org,sunsetpainting.org,"painting company, painting service",,1,"[""apollo""]",,,2025-10-22T04:58:02.417Z,2025-10-22T04:58:32.814Z,,,,Maryville,Tennessee,,,,,https://app.apollo.io/#/organizations/66d7e176e6e05700018fe5ad?overrideScoreId=score,,
684,The Exquisite Decor Painting Company,http://www.exquisitedecorpainting.com,exquisitedecorpainting.com,"painting company, painting service",,1,"[""apollo""]",,,2025-10-22T04:58:02.417Z,2025-10-22T04:58:32.814Z,,,,Nashville,Tennessee,,,,,https://app.apollo.io/#/organizations/66dddd16950eb400012d1dab?overrideScoreId=score,,
685,Jeffrey's Painting Service,http://www.jeffreyspaintingservice.com,jeffreyspaintingservice.com,"painting company, painting service",,1,"[""apollo""]",,,2025-10-22T04:58:02.417Z,2025-10-22T04:58:32.814Z,,,,Smyrna,Tennessee,,,,,https://app.apollo.io/#/organizations/674bd203c9379b0001683467?overrideScoreId=score,,
686,Restored Painting Company,http://www.restoredpaintingcompany.com,restoredpaintingcompany.com,"painting company, painting service",,,"[""apollo""]",,,2025-10-22T04:58:02.418Z,2025-10-22T04:58:32.814Z,,,,Maryville,Tennessee,,,,,https://app.apollo.io/#/organizations/6703b795606e410001466681?overrideScoreId=score,,
687,"VFL Painting Company, LLC",http://www.vflpainting.com,vflpainting.com,"painting company, painting service",,1,"[""apollo""]",,,2025-10-22T04:58:02.418Z,2025-10-22T04:58:32.814Z,,,,Knoxville,Tennessee,,,,,https://app.apollo.io/#/organizations/66e95f264b0de900013ac73f?overrideScoreId=score,,
688,Williams Painting Company LLC,http://www.williamspaintingcompany.com,williamspaintingcompany.com,"painting company, painting service",,,"[""apollo""]",,,2025-10-22T04:58:02.418Z,2025-10-22T04:58:32.814Z,,,,Chattanooga,Tennessee,,,,,https://app.apollo.io/#/organizations/5fd86e06830508000125ba6a?overrideScoreId=score,,
689,State 28 Painting Company,http://www.state28painting.com,state28painting.com,"painting company, painting service",,3,"[""apollo""]",,,2025-10-22T04:58:09.581Z,2025-10-22T04:58:32.814Z,,,,Grapevine,Texas,,,,,https://app.apollo.io/#/organizations/61600e0cd951c70001a6673a?overrideScoreId=score,,
690,Ready My Property,http://www.readymyproperty.com,readymyproperty.com,"painting company, painting service",,1,"[""apollo""]",,,2025-10-22T04:58:09.583Z,2025-10-22T04:58:32.815Z,,,,Dallas,Texas,,,,,https://app.apollo.io/#/organizations/6440adee45b5ae0001301b7a?overrideScoreId=score,,
691,CHERRY PAINTING COMPANY,,,"painting company, painting service",,12,"[""apollo""]",,,2025-10-22T04:58:09.583Z,2025-10-22T04:58:32.815Z,,,,Carrollton,Texas,,,,,https://app.apollo.io/#/organizations/67275ea062f46c0001c87d3d?overrideScoreId=score,,
692,Slater Painting Company Inc,http://www.slaterpainting.com,slaterpainting.com,"painting company, painting service",,7,"[""apollo""]",,,2025-10-22T04:58:09.584Z,2025-10-22T04:58:32.815Z,,,,Austin,Texas,,,,,https://app.apollo.io/#/organizations/5d0a2b4fa3ae61e1332c21d3?overrideScoreId=score,,
693,Houston Texas Painters,http://www.houstontexaspainters.com,houstontexaspainters.com,"painting company, painting service",,2,"[""apollo""]",,,2025-10-22T04:58:09.585Z,2025-10-22T04:58:32.815Z,,,,Houston,Texas,,,,,https://app.apollo.io/#/organizations/5e570413913acc00010637c9?overrideScoreId=score,,
694,Advanced Painting Service,http://www.advancedpaint.com,advancedpaint.com,"painting company, painting service",,5,"[""apollo""]",,,2025-10-22T04:58:09.585Z,2025-10-22T04:58:32.815Z,,,,North Richland Hills,Texas,,,,,https://app.apollo.io/#/organizations/54a1a91c74686945fa369705?overrideScoreId=score,,
695,LIME Painting of San Antonio,,,"painting company, painting service",,4,"[""apollo""]",,,2025-10-22T04:58:09.586Z,2025-10-22T04:58:32.815Z,,,,San Antonio,Texas,,,,,https://app.apollo.io/#/organizations/64a25cbfc07d60000138284b?overrideScoreId=score,,
696,1+Multi,http://www.1plusmulti.com,1plusmulti.com,"painting company, painting service",,1,"[""apollo""]",,,2025-10-22T04:58:09.586Z,2025-10-22T04:58:32.815Z,,,,Houston,Texas,,,,,https://app.apollo.io/#/organizations/6161b1da28ecc30001beb80a?overrideScoreId=score,,
697,Paper Moon Painting,http://www.papermoonpainting.com,papermoonpainting.com,"painting company, painting service",,11,"[""apollo""]",,,2025-10-22T04:58:09.587Z,2025-10-22T04:58:32.815Z,,,,San Antonio,Texas,,,,,https://app.apollo.io/#/organizations/5fca250562cea0000187b751?overrideScoreId=score,,
698,Texas Painting Company,http://www.repaintingtexas.com,repaintingtexas.com,"painting company, painting service",,14,"[""apollo""]",,,2025-10-22T04:58:09.587Z,2025-10-22T04:58:32.815Z,,,,Austin,Texas,,,,,https://app.apollo.io/#/organizations/54a1354569702d36c962bd00?overrideScoreId=score,,
699,Alexandris Painting,http://www.wepaintdfw.com,wepaintdfw.com,"painting company, painting service",,3,"[""apollo""]",,,2025-10-22T04:58:09.587Z,2025-10-22T04:58:32.815Z,,,,Plano,Texas,,,,,https://app.apollo.io/#/organizations/54a13a1c69702dac84169700?overrideScoreId=score,,
700,Brazos Painting Company,,,"painting company, painting service",,1,"[""apollo""]",,,2025-10-22T04:58:09.588Z,2025-10-22T04:58:32.815Z,,,,Granbury,Texas,,,,,https://app.apollo.io/#/organizations/6450aed2ec04a40001b88649?overrideScoreId=score,,
701,JSL Painting Company,http://www.jslpaintingcompany.com,jslpaintingcompany.com,"painting company, painting service",,4,"[""apollo""]",,,2025-10-22T04:58:09.589Z,2025-10-22T04:58:32.815Z,,,,Houston,Texas,,,,,https://app.apollo.io/#/organizations/640d94bb4da0ed00017ded8e?overrideScoreId=score,,
702,Hendrick Painting,http://www.hendrickpainting.com,hendrickpainting.com,"painting company, painting service",,2,"[""apollo""]",,,2025-10-22T04:58:09.590Z,2025-10-22T04:58:32.815Z,,,,San Antonio,Texas,,,,,https://app.apollo.io/#/organizations/5e5787b29c01df00011f1d74?overrideScoreId=score,,
703,Southern Painting – North Dallas | Plano/Allen/McKinney,,,"painting company, painting service",,6,"[""apollo""]",,,2025-10-22T04:58:09.591Z,2025-10-22T04:58:32.815Z,,,,Plano,Texas,,,,,https://app.apollo.io/#/organizations/56da0666f3e5bb706c0010bb?overrideScoreId=score,,
704,Dallas Pro Paint & Drywall LLC,http://www.dallaspropaint.com,dallaspropaint.com,"painting company, painting service",,6,"[""apollo""]",,,2025-10-22T04:58:09.592Z,2025-10-22T04:58:32.815Z,,,,Carrollton,Texas,,,,,https://app.apollo.io/#/organizations/6139d41af041420001fdf6b1?overrideScoreId=score,,
705,Lopez Painting Company,http://www.jlopezpaintandfinish.com,jlopezpaintandfinish.com,"painting company, painting service",,9,"[""apollo""]",,,2025-10-22T04:58:09.592Z,2025-10-22T04:58:32.815Z,,,,Temple,Texas,,,,,https://app.apollo.io/#/organizations/5500b0ce7369642db6c41200?overrideScoreId=score,,
706,Annie Admin,http://www.annieadmin.com,annieadmin.com,"painting company, painting service",,9,"[""apollo""]",,,2025-10-22T04:58:09.593Z,2025-10-22T04:58:32.816Z,,,,Keller,Texas,,,,,https://app.apollo.io/#/organizations/5e55ab126fcac5000117b33b?overrideScoreId=score,,
707,Ruiz Painting Service,,,"painting company, painting service",,8,"[""apollo""]",,,2025-10-22T04:58:09.593Z,2025-10-22T04:58:32.816Z,,,,Mesquite,Texas,,,,,https://app.apollo.io/#/organizations/5592101b7369641881014800?overrideScoreId=score,,
708,Scott Derr Painting Company,http://www.scottderr.com,scottderr.com,"painting company, painting service",,6,"[""apollo""]",,,2025-10-22T04:58:09.593Z,2025-10-22T04:58:32.816Z,,,,Friendswood,Texas,,,,,https://app.apollo.io/#/organizations/57c49046a6da981605b35619?overrideScoreId=score,,
709,Tri-Mex Commercial Painting Company,http://www.trimexcommercial.com,trimexcommercial.com,"painting company, painting service",,3,"[""apollo""]",,,2025-10-22T04:58:09.593Z,2025-10-22T04:58:32.816Z,,,,Corpus Christi,Texas,,,,,https://app.apollo.io/#/organizations/63d4ca7a9633ed00013ac688?overrideScoreId=score,,
710,Platinum Painting,http://www.platinumpainting.com,platinumpainting.com,"painting company, painting service",,57,"[""apollo""]",,,2025-10-22T04:58:09.594Z,2025-10-22T04:58:32.816Z,,,,Keller,Texas,,,,,https://app.apollo.io/#/organizations/5e57d403108ba90001fa63f7?overrideScoreId=score,,
711,Specialized Painting Service,,,"painting company, painting service",,7,"[""apollo""]",,,2025-10-22T04:58:09.594Z,2025-10-22T04:58:32.816Z,,,,Houston,Texas,,,,,https://app.apollo.io/#/organizations/66de0cf84bbff90001020a90?overrideScoreId=score,,
712,Curly and Daisy,http://www.curlyanddaisy.com,curlyanddaisy.com,"painting company, painting service",,1,"[""apollo""]",,,2025-10-22T04:58:09.594Z,2025-10-22T04:58:32.816Z,,,,Houston,Texas,,,,,https://app.apollo.io/#/organizations/66ee53c2584ea2000148098c?overrideScoreId=score,,
713,'Ohana Painting Company,http://www.ohanaconstruction.com,ohanaconstruction.com,"painting company, painting service",,2,"[""apollo""]",,,2025-10-22T04:58:09.594Z,2025-10-22T04:58:32.816Z,,,,Austin,Texas,,,,,https://app.apollo.io/#/organizations/65b5d003200782000119c3cd?overrideScoreId=score,,
714,Jsr Painting Company,http://www.jsrpainting.com,jsrpainting.com,"painting company, painting service",,1,"[""apollo""]",,,2025-10-22T04:58:09.594Z,2025-10-22T04:58:32.816Z,,,,Fort Worth,Texas,,,,,https://app.apollo.io/#/organizations/688ae869b799070001fcb081?overrideScoreId=score,,
715,Just Paint It! Painting Company,http://www.justpaintitpaintingcompany.com,justpaintitpaintingcompany.com,"painting company, painting service",,,"[""apollo""]",,,2025-10-22T04:58:09.595Z,2025-10-22T04:58:32.816Z,,,,Magnolia,Texas,,,,,https://app.apollo.io/#/organizations/66e67b2a3ce0e4000168e737?overrideScoreId=score,,
716,Bratcher Painting Company,http://www.bratcherpainting.com,bratcherpainting.com,"painting company, painting service",,8,"[""apollo""]",,,2025-10-22T04:58:09.595Z,2025-10-22T04:58:32.816Z,,,,Georgetown,Texas,,,,,https://app.apollo.io/#/organizations/66e6c7b76f45cf0001f355b5?overrideScoreId=score,,
717,Ngansequitur LLC,http://www.ngansequitur.com,ngansequitur.com,"painting company, painting service",,1,"[""apollo""]",,,2025-10-22T04:58:09.595Z,2025-10-22T04:58:32.816Z,,,,Austin,Texas,,,,,https://app.apollo.io/#/organizations/66373da066f42f000148c8d5?overrideScoreId=score,,
718,Southern Painting - San Antonio West,http://www.southernpainting.com,southernpainting.com,"painting company, painting service",,1,"[""apollo""]",,,2025-10-22T04:58:09.596Z,2025-10-22T04:58:32.816Z,,,,Fair Oaks Ranch,Texas,,,,,https://app.apollo.io/#/organizations/670ba055132fcc000109934c?overrideScoreId=score,,
719,Pedro Hernandez Painting Company,http://www.dallaspainteranddrywallrepair.com,dallaspainteranddrywallrepair.com,"painting company, painting service",,3,"[""apollo""]",,,2025-10-22T04:58:09.596Z,2025-10-22T04:58:32.816Z,,,,Dallas,Texas,,,,,https://app.apollo.io/#/organizations/66f66c48592db1000103c7e7?overrideScoreId=score,,
720,Alsobrook Painting Company,http://www.alsobrookpainting.com,alsobrookpainting.com,"painting company, painting service",,4,"[""apollo""]",,,2025-10-22T04:58:09.596Z,2025-10-22T04:58:32.816Z,,,,Dallas,Texas,,,,,https://app.apollo.io/#/organizations/674d7f096eb63a00010606dd?overrideScoreId=score,,
721,"Old World Painting Company, Inc.",http://www.owpainting.com,owpainting.com,"painting company, painting service",,2,"[""apollo""]",,,2025-10-22T04:58:09.596Z,2025-10-22T04:58:32.816Z,,,,Old World Painting Company,Inc.,,,,,https://app.apollo.io/#/organizations/66eee4d512ef530001f4bfa2?overrideScoreId=score,,
722,The Greater Texas Painting Company,http://www.thegtpco.com,thegtpco.com,"painting company, painting service",,1,"[""apollo""]",,,2025-10-22T04:58:09.597Z,2025-10-22T04:58:32.816Z,,,,Houston,Texas,,,,,https://app.apollo.io/#/organizations/67de29ae32bb170001c76d42?overrideScoreId=score,,
723,Tito Perez Painting Company,http://www.titoperezpaintingcompany.com,titoperezpaintingcompany.com,"painting company, painting service",,1,"[""apollo""]",,,2025-10-22T04:58:09.597Z,2025-10-22T04:58:32.816Z,,,,Sugar Land,Texas,,,,,https://app.apollo.io/#/organizations/67346be252ecbc0001475c4b?overrideScoreId=score,,
724,"A BETTER PAINTING SERVICE, INC.",http://www.abetterpaintingservice.com,abetterpaintingservice.com,"painting company, painting service",,1,"[""apollo""]",,,2025-10-22T04:58:09.597Z,2025-10-22T04:58:32.817Z,,,,Houston,Texas,,,,,https://app.apollo.io/#/organizations/6738ee546e4ecf00014873c2?overrideScoreId=score,,
725,Choice Painting Service,http://www.choicepaintingservice.com,choicepaintingservice.com,"painting company, painting service",,,"[""apollo""]",,,2025-10-22T04:58:09.597Z,2025-10-22T04:58:32.817Z,,,,Keller,Texas,,,,,https://app.apollo.io/#/organizations/673d663ece8aa600015291b8?overrideScoreId=score,,
726,Jb-painting service,http://www.jb-paintingservice.net,jb-paintingservice.net,"painting company, painting service",,,"[""apollo""]",,,2025-10-22T04:58:09.597Z,2025-10-22T04:58:32.817Z,,,,Longview,Texas,,,,,https://app.apollo.io/#/organizations/67af0b2c14bbc2001baec68b?overrideScoreId=score,,
727,LYF Painting Service,http://www.lyf-painting-service.com,lyf-painting-service.com,"painting company, painting service",,,"[""apollo""]",,,2025-10-22T04:58:09.597Z,2025-10-22T04:58:32.817Z,,,,Richmond,Texas,,,,,https://app.apollo.io/#/organizations/66e56c813b116900019d09ec?overrideScoreId=score,,
728,Rick’s Painting Service,http://www.rickspaintingservice.com,rickspaintingservice.com,"painting company, painting service",,,"[""apollo""]",,,2025-10-22T04:58:09.598Z,2025-10-22T04:58:32.817Z,,,,Harker Heights,Texas,,,,,https://app.apollo.io/#/organizations/66e6bc1bedcdbd000164ec12?overrideScoreId=score,,
729,Affordable Painting Service,http://www.affordablepaintingsa.com,affordablepaintingsa.com,"painting company, painting service",,,"[""apollo""]",,,2025-10-22T04:58:09.598Z,2025-10-22T04:58:32.817Z,,,,San Antonio,Texas,,,,,https://app.apollo.io/#/organizations/672b34c900f39900019ca797?overrideScoreId=score,,
730,Joice Painting Company,http://www.joicepaintingcompany.com,joicepaintingcompany.com,"painting company, painting service",,,"[""apollo""]",,,2025-10-22T04:58:09.598Z,2025-10-22T04:58:32.817Z,,,,Coldspring,Texas,,,,,https://app.apollo.io/#/organizations/6736cde505c5030001e45de5?overrideScoreId=score,,
731,Dallas Commercial Painting Service,http://www.dallascommercialpaintingservice.com,dallascommercialpaintingservice.com,"painting company, painting service",,,"[""apollo""]",,,2025-10-22T04:58:09.599Z,2025-10-22T04:58:32.817Z,,,,Dallas,Texas,,,,,https://app.apollo.io/#/organizations/674c27dc8439970001d8bc5b?overrideScoreId=score,,
732,"Palmer Painting Company, Inc",http://www.palmerpaintinginc.com,palmerpaintinginc.com,"painting company, painting service",,,"[""apollo""]",,,2025-10-22T04:58:09.599Z,2025-10-22T04:58:32.817Z,,,,Palmer Painting Company,Inc,,,,,https://app.apollo.io/#/organizations/5fd19ca24822630001362b3a?overrideScoreId=score,,
733,Petersen Painting,http://www.petersenpainting.net,petersenpainting.net,"painting company, painting service",,22,"[""apollo""]",,,2025-10-22T04:58:12.610Z,2025-10-22T04:58:32.817Z,,,,Lehi,Utah,,,,,https://app.apollo.io/#/organizations/674bc3f1a7e4e50001a21112?overrideScoreId=score,,
734,LIME Painting of Salt Lake,http://www.limepaintingofsaltlake.com,limepaintingofsaltlake.com,"painting company, painting service",,2,"[""apollo""]",,,2025-10-22T04:58:12.611Z,2025-10-22T04:58:32.817Z,,,,Draper,Utah,,,,,https://app.apollo.io/#/organizations/614d6d7a8e3fae00017e6fb7?overrideScoreId=score,,
735,Fred Marshall Painting,http://www.fredmarshallpainting.com,fredmarshallpainting.com,"painting company, painting service",,2,"[""apollo""]",,,2025-10-22T04:58:12.611Z,2025-10-22T04:58:32.817Z,,,,Park City,Utah,,,,,https://app.apollo.io/#/organizations/54a1289f69702db878300a01?overrideScoreId=score,,
736,VT Painting Company,http://www.vtpaintingcompany.com,vtpaintingcompany.com,"painting company, painting service",,,"[""apollo""]",,,2025-10-22T04:58:15.537Z,2025-10-22T04:58:32.817Z,,,,South Burlington,Vermont,,,,,https://app.apollo.io/#/organizations/6727d5e962f46c0001cd6baa?overrideScoreId=score,,
737,Murray Painting,http://www.murraypaint.net,murraypaint.net,"painting company, painting service",,15,"[""apollo""]",,,2025-10-22T04:58:18.531Z,2025-10-22T04:58:32.817Z,,,,Richmond,Virginia,,,,,https://app.apollo.io/#/organizations/60b2503f7ea2d90001ba6f87?overrideScoreId=score,,
738,D&V Autobody,http://www.dandvautobody.com,dandvautobody.com,"painting company, painting service",,21,"[""apollo""]",,,2025-10-22T04:58:18.532Z,2025-10-22T04:58:32.817Z,,,,Sterling,Virginia,,,,,https://app.apollo.io/#/organizations/56e743dcf3e5bb791a00abe7?overrideScoreId=score,,
739,Moving is Easy,http://www.itiseasy.com,itiseasy.com,"painting company, painting service",,2,"[""apollo""]",,,2025-10-22T04:58:18.534Z,2025-10-22T04:58:32.817Z,,,,Chantilly,Virginia,,,,,https://app.apollo.io/#/organizations/57c48b6ca6da981591908b61?overrideScoreId=score,,
740,Rainbow Painting Service,http://www.rainbowpaintingservices.com,rainbowpaintingservices.com,"painting company, painting service",,10,"[""apollo""]",,,2025-10-22T04:58:18.534Z,2025-10-22T04:58:32.817Z,,,,Fredericksburg,Virginia,,,,,https://app.apollo.io/#/organizations/674d843b3471db000134278c?overrideScoreId=score,,
741,Handy Manny's Painting,http://www.handymannyspainting.com,handymannyspainting.com,"painting company, painting service",,7,"[""apollo""]",,,2025-10-22T04:58:18.534Z,2025-10-22T04:58:32.817Z,,,,Arlington,Virginia,,,,,https://app.apollo.io/#/organizations/63baeb31941ae80001f789b8?overrideScoreId=score,,
742,CG Painting Company LLC,,,"painting company, painting service",,6,"[""apollo""]",,,2025-10-22T04:58:18.534Z,2025-10-22T04:58:32.818Z,,,,Chester,Virginia,,,,,https://app.apollo.io/#/organizations/645c9bf3b0b88900010dc68b?overrideScoreId=score,,
743,CRESCENT PAINTING COMPANY,http://www.crescentpainting.com,crescentpainting.com,"painting company, painting service",,5,"[""apollo""]",,,2025-10-22T04:58:18.535Z,2025-10-22T04:58:32.819Z,,,,Fredericksburg,Virginia,,,,,https://app.apollo.io/#/organizations/5fd1ba714ca858000170db91?overrideScoreId=score,,
744,Johnsons Painting Service,http://www.johnsonpainting.com,johnsonpainting.com,"painting company, painting service",,3,"[""apollo""]",,,2025-10-22T04:58:18.535Z,2025-10-22T04:58:32.819Z,,,,Portsmouth,Virginia,,,,,https://app.apollo.io/#/organizations/66fb7ad19c314d0001316c3a?overrideScoreId=score,,
745,Action Painting Service,http://www.actionpaintingservice.com,actionpaintingservice.com,"painting company, painting service",,1,"[""apollo""]",,,2025-10-22T04:58:18.535Z,2025-10-22T04:58:32.819Z,,,,Newport News,Virginia,,,,,https://app.apollo.io/#/organizations/66e642b090eedb000145c9c1?overrideScoreId=score,,
746,James River Painting Company,,,"painting company, painting service",,9,"[""apollo""]",,,2025-10-22T04:58:18.536Z,2025-10-22T04:58:32.819Z,,,,Richmond,Virginia,,,,,https://app.apollo.io/#/organizations/66dcaf264bbff90001fc0938?overrideScoreId=score,,
747,CD Painting Service,http://www.cdpaintingonline.com,cdpaintingonline.com,"painting company, painting service",,1,"[""apollo""]",,,2025-10-22T04:58:18.536Z,2025-10-22T04:58:32.819Z,,,,Falls Church,Virginia,,,,,https://app.apollo.io/#/organizations/6709fd9c0c9f68000193f515?overrideScoreId=score,,
748,Monolith Painting Company,http://www.bluemontpaintingcontractor.com,bluemontpaintingcontractor.com,"painting company, painting service",,1,"[""apollo""]",,,2025-10-22T04:58:18.536Z,2025-10-22T04:58:32.819Z,,,,Bluemont,Virginia,,,,,https://app.apollo.io/#/organizations/674fd754112bea00013895ef?overrideScoreId=score,,
749,Friendly Painting & Contracting Inc.,http://www.friendly-painting-contracting.com,friendly-painting-contracting.com,"painting company, painting service",,,"[""apollo""]",,,2025-10-22T04:58:18.537Z,2025-10-22T04:58:32.819Z,,,,Annandale,Virginia,,,,,https://app.apollo.io/#/organizations/66ea2e657a108d01b2aad83c?overrideScoreId=score,,
750,"Rochester Painting Company, LLC.",http://www.rochesterpaintingco.com,rochesterpaintingco.com,"painting company, painting service",,,"[""apollo""]",,,2025-10-22T04:58:18.537Z,2025-10-22T04:58:32.819Z,,,,Broadway,Virginia,,,,,https://app.apollo.io/#/organizations/67ee577356a013000d133d75?overrideScoreId=score,,
751,M & M Drywall And Painting Company,http://www.mandmdrywallandpaintingco.com,mandmdrywallandpaintingco.com,"painting company, painting service",,3,"[""apollo""]",,,2025-10-22T04:58:18.537Z,2025-10-22T04:58:32.819Z,,,,Lynchburg,Virginia,,,,,https://app.apollo.io/#/organizations/6708cb94a60fce0001db9c78?overrideScoreId=score,,
752,Total Painting Service,http://www.totalpaintingservice.com,totalpaintingservice.com,"painting company, painting service",,1,"[""apollo""]",,,2025-10-22T04:58:18.538Z,2025-10-22T04:58:32.819Z,,,,Fairfax,Virginia,,,,,https://app.apollo.io/#/organizations/55eb96c0f3e5bb237900060b?overrideScoreId=score,,
753,Superior Pressure Washing & Painting Company,http://www.superiorpnp.com,superiorpnp.com,"painting company, painting service",,1,"[""apollo""]",,,2025-10-22T04:58:18.538Z,2025-10-22T04:58:32.819Z,,,,Virginia Beach,Virginia,,,,,https://app.apollo.io/#/organizations/6700c531906fe40001be0baa?overrideScoreId=score,,
754,Edwin Painting Company,http://www.edwinpainting.com,edwinpainting.com,"painting company, painting service",,,"[""apollo""]",,,2025-10-22T04:58:18.538Z,2025-10-22T04:58:32.819Z,,,,South Riding,Virginia,,,,,https://app.apollo.io/#/organizations/6715ce353721b20001d5bb40?overrideScoreId=score,,
755,Rtr Painting & Service Inc,http://www.rtrpainting.com,rtrpainting.com,"painting company, painting service",,1,"[""apollo""]",,,2025-10-22T04:58:18.539Z,2025-10-22T04:58:32.819Z,,,,Virginia Beach,Virginia,,,,,https://app.apollo.io/#/organizations/67d8e721219d1600015bf656?overrideScoreId=score,,
756,T.R. YOUNG PAINTING COMPANY,http://www.tryoungservices.com,tryoungservices.com,"painting company, painting service",,,"[""apollo""]",,,2025-10-22T04:58:18.539Z,2025-10-22T04:58:32.819Z,,,,Fairfax,Virginia,,,,,https://app.apollo.io/#/organizations/6714b19de73ec000013d12c4?overrideScoreId=score,,
757,Wade Bros Painting Company,http://www.wadebrospainting.com,wadebrospainting.com,"painting company, painting service",,,"[""apollo""]",,,2025-10-22T04:58:18.541Z,2025-10-22T04:58:32.819Z,,,,Virginia Beach,Virginia,,,,,https://app.apollo.io/#/organizations/66de9b5f154ebe00017a5430?overrideScoreId=score,,
758,Broad Run Painting Company LLC,http://www.brpcs.com,brpcs.com,"painting company, painting service",,,"[""apollo""]",,,2025-10-22T04:58:18.545Z,2025-10-22T04:58:32.819Z,,,,Sterling,Virginia,,,,,https://app.apollo.io/#/organizations/66e77afecdedb40001045ce5?overrideScoreId=score,,
759,Tacoma House Painters,http://www.tacomahousepainter.com,tacomahousepainter.com,"painting company, painting service",,,"[""apollo""]",,,2025-10-22T04:58:23.510Z,2025-10-22T04:58:32.820Z,,,,Tacoma,Washington,,,,,https://app.apollo.io/#/organizations/64172457e4fdbb0001daa276?overrideScoreId=score,,
760,Arclight Painting,http://www.arclightpainting.com,arclightpainting.com,"painting company, painting service",,6,"[""apollo""]",,,2025-10-22T04:58:23.512Z,2025-10-22T04:58:32.820Z,,,,Bothell,Washington,,,,,https://app.apollo.io/#/organizations/63b6b8dde0b7a10001280461?overrideScoreId=score,,
761,All Pro Painting,http://www.allpropainting.com,allpropainting.com,"painting company, painting service",,94,"[""apollo""]",,,2025-10-22T04:58:23.513Z,2025-10-22T04:58:32.820Z,,,,Seattle,Washington,,,,,https://app.apollo.io/#/organizations/54a12aa869702db648c02302?overrideScoreId=score,,
762,"JT Painting Company, LLC",http://www.jtpaintingcompany.com,jtpaintingcompany.com,"painting company, painting service",,8,"[""apollo""]",,,2025-10-22T04:58:23.513Z,2025-10-22T04:58:32.820Z,,,,Tumwater,Washington,,,,,https://app.apollo.io/#/organizations/5e583f5dc2f6da0001412716?overrideScoreId=score,,
763,Olympia Painting Company,http://www.olympiapaintingco.com,olympiapaintingco.com,"painting company, painting service",,6,"[""apollo""]",,,2025-10-22T04:58:23.514Z,2025-10-22T04:58:32.820Z,,,,Olympia,Washington,,,,,https://app.apollo.io/#/organizations/556ce2f173696412580d4300?overrideScoreId=score,,
764,FITZ PAINTING,http://www.fitzpainting.net,fitzpainting.net,"painting company, painting service",,3,"[""apollo""]",,,2025-10-22T04:58:23.514Z,2025-10-22T04:58:32.820Z,,,,Kent,Washington,,,,,https://app.apollo.io/#/organizations/6452372559851d000129772d?overrideScoreId=score,,
765,Tinney's Painting,http://www.tinneyspainting.com,tinneyspainting.com,"painting company, painting service",,3,"[""apollo""]",,,2025-10-22T04:58:23.514Z,2025-10-22T04:58:32.820Z,,,,Puyallup,Washington,,,,,https://app.apollo.io/#/organizations/615bfaec6820570001919630?overrideScoreId=score,,
766,"Pro Paints, LLC | Painting Company",http://www.propaintsnw.com,propaintsnw.com,"painting company, painting service",,2,"[""apollo""]",,,2025-10-22T04:58:23.515Z,2025-10-22T04:58:32.820Z,,,,Spokane,Washington,,,,,https://app.apollo.io/#/organizations/6509191eb300a600017c7061?overrideScoreId=score,,
767,Vanhousing Painters LLC,http://www.vanhousingpainters.com,vanhousingpainters.com,"painting company, painting service",,,"[""apollo""]",,,2025-10-22T04:58:23.515Z,2025-10-22T04:58:32.820Z,,,,Covington,Washington,,,,,https://app.apollo.io/#/organizations/67df7de01db03600206acb3a?overrideScoreId=score,,
768,Capitol Painting Company,http://www.capitolpaintingcompany.com,capitolpaintingcompany.com,"painting company, painting service",,7,"[""apollo""]",,,2025-10-22T04:58:23.516Z,2025-10-22T04:58:32.820Z,,,,Tumwater,Washington,,,,,https://app.apollo.io/#/organizations/5ed17f1dbeff4a0001cf5b30?overrideScoreId=score,,
769,"D.W. Hutchinson, Builders        and Kiss of Kolor Painting",http://www.kissofkolorpainting.com,kissofkolorpainting.com,"painting company, painting service",,,"[""apollo""]",,,2025-10-22T04:58:23.517Z,2025-10-22T04:58:32.820Z,,,,Renton,Washington,,,,,https://app.apollo.io/#/organizations/64f70955dff1750001164af9?overrideScoreId=score,,
770,Johns Painting Service,http://www.johnspaintingservice.com,johnspaintingservice.com,"painting company, painting service",,6,"[""apollo""]",,,2025-10-22T04:58:23.517Z,2025-10-22T04:58:32.820Z,,,,Marysville,Washington,,,,,https://app.apollo.io/#/organizations/663f780ca07d2600016edc26?overrideScoreId=score,,
771,Pacific Painting Company,http://www.pacpaint.com,pacpaint.com,"painting company, painting service",,11,"[""apollo""]",,,2025-10-22T04:58:23.517Z,2025-10-22T04:58:32.821Z,,,,Issaquah,Washington,,,,,https://app.apollo.io/#/organizations/674b107fc0db0800013e8018?overrideScoreId=score,,
772,CLEFT PAINTING COMPANY LLC,http://www.cleftpaintingcompany.com,cleftpaintingcompany.com,"painting company, painting service",,1,"[""apollo""]",,,2025-10-22T04:58:23.518Z,2025-10-22T04:58:32.821Z,,,,Seattle,Washington,,,,,https://app.apollo.io/#/organizations/6714fedfe73ec000014058db?overrideScoreId=score,,
773,Valley Painting Service,http://www.allvalleypainting.net,allvalleypainting.net,"painting company, painting service",,4,"[""apollo""]",,,2025-10-22T04:58:23.518Z,2025-10-22T04:58:32.821Z,,,,Wenatchee,Washington,,,,,https://app.apollo.io/#/organizations/55f7b5a1f3e5bb6a5700008d?overrideScoreId=score,,
774,Morgan Painting Company,http://www.morganpainting.com,morganpainting.com,"painting company, painting service",,4,"[""apollo""]",,,2025-10-22T04:58:23.519Z,2025-10-22T04:58:32.821Z,,,,Renton,Washington,,,,,https://app.apollo.io/#/organizations/55e81dd5f3e5bb7430000921?overrideScoreId=score,,
775,Sullivan Painting Service Inc,http://www.sullivanpaintingservice.com,sullivanpaintingservice.com,"painting company, painting service",,4,"[""apollo""]",,,2025-10-22T04:58:23.519Z,2025-10-22T04:58:32.821Z,,,,Tacoma,Washington,,,,,https://app.apollo.io/#/organizations/5500cb04736964609d136c00?overrideScoreId=score,,
776,Hess Painting Company,,,"painting company, painting service",,8,"[""apollo""]",,,2025-10-22T04:58:23.520Z,2025-10-22T04:58:32.821Z,,,,Puyallup,Washington,,,,,https://app.apollo.io/#/organizations/673148b58c7edd0001c5f406?overrideScoreId=score,,
777,CeCe's Contracting - Spokane Painting Company,http://www.cecescontracting.com,cecescontracting.com,"painting company, painting service",,1,"[""apollo""]",,,2025-10-22T04:58:23.520Z,2025-10-22T04:58:32.821Z,,,,Spokane,Washington,,,,,https://app.apollo.io/#/organizations/688af943010e780001a29e96?overrideScoreId=score,,
778,Emily's Painting Company LLC,http://www.emilyspaintcompany.com,emilyspaintcompany.com,"painting company, painting service",,,"[""apollo""]",,,2025-10-22T04:58:23.521Z,2025-10-22T04:58:32.821Z,,,,Mill Creek,Washington,,,,,https://app.apollo.io/#/organizations/6678f5bbd877460001400792?overrideScoreId=score,,
779,FiveStars Painting Company,http://www.fivestarspainting.com,fivestarspainting.com,"painting company, painting service",,2,"[""apollo""]",,,2025-10-22T04:58:23.521Z,2025-10-22T04:58:32.821Z,,,,Tukwila,Washington,,,,,https://app.apollo.io/#/organizations/66ef420ae9b82400014fe306?overrideScoreId=score,,
780,TNR Painting Company,http://www.tnrpainting.com,tnrpainting.com,"painting company, painting service",,1,"[""apollo""]",,,2025-10-22T04:58:23.521Z,2025-10-22T04:58:32.821Z,,,,Ocean Shores,Washington,,,,,https://app.apollo.io/#/organizations/6703590d00a5820001b82ea6?overrideScoreId=score,,
781,Yakima Painting Company,http://www.yakimapaintingcompany.com,yakimapaintingcompany.com,"painting company, painting service",,1,"[""apollo""]",,,2025-10-22T04:58:23.522Z,2025-10-22T04:58:32.821Z,,,,Yakima,Washington,,,,,https://app.apollo.io/#/organizations/66f656027a29d50001959312?overrideScoreId=score,,
782,Reynolds Painting Company,http://www.reynoldspaintingco.com,reynoldspaintingco.com,"painting company, painting service",,,"[""apollo""]",,,2025-10-22T04:58:23.522Z,2025-10-22T04:58:32.821Z,,,,Vancouver,Washington,,,,,https://app.apollo.io/#/organizations/67fe3bd32c3f08000150f25e?overrideScoreId=score,,
783,JRV Painting Company,http://www.jrvpainting.com,jrvpainting.com,"painting company, painting service",,,"[""apollo""]",,,2025-10-22T04:58:23.522Z,2025-10-22T04:58:32.821Z,,,,Edgewood,Washington,,,,,https://app.apollo.io/#/organizations/6709045224a5050001e190d9?overrideScoreId=score,,
784,Enumclaw Painting Company,http://www.enumclawpainting.com,enumclawpainting.com,"painting company, painting service",,,"[""apollo""]",,,2025-10-22T04:58:23.523Z,2025-10-22T04:58:32.821Z,,,,Enumclaw,Washington,,,,,https://app.apollo.io/#/organizations/670203d1c369df000169f923?overrideScoreId=score,,
785,Fairlane Painting Company,http://www.fairlanepainting.com,fairlanepainting.com,"painting company, painting service",,,"[""apollo""]",,,2025-10-22T04:58:23.523Z,2025-10-22T04:58:32.821Z,,,,Tacoma,Washington,,,,,https://app.apollo.io/#/organizations/674cade6a3c1bb00010d1ec3?overrideScoreId=score,,
786,Enumclaw Painting Company,http://www.chinookll.org,chinookll.org,"painting company, painting service",,,"[""apollo""]",,,2025-10-22T04:58:23.523Z,2025-10-22T04:58:32.821Z,,,,Enumclaw,Washington,,,,,https://app.apollo.io/#/organizations/5fd1b14c275ffa0001bc2ebb?overrideScoreId=score,,
787,Moon Painting Service & Finishes,http://www.moonpaintingsvc.com,moonpaintingsvc.com,"painting company, painting service",,,"[""apollo""]",,,2025-10-22T04:58:23.523Z,2025-10-22T04:58:32.821Z,,,,West Richland,Washington,,,,,https://app.apollo.io/#/organizations/66e944b1c688060001011c4b?overrideScoreId=score,,
788,"HATTON PAINTING COMPANY, L.L.C.",http://www.hattonpainting.com,hattonpainting.com,"painting company, painting service",,,"[""apollo""]",,,2025-10-22T04:58:23.523Z,2025-10-22T04:58:32.822Z,,,,Bellingham,Washington,,,,,https://app.apollo.io/#/organizations/670a7074020ff30001315c10?overrideScoreId=score,,
789,BIBBY PAINTING COMPANY INC,http://www.housepaintertacomawa.com,housepaintertacomawa.com,"painting company, painting service",,1,"[""apollo""]",,,2025-10-22T04:58:23.524Z,2025-10-22T04:58:32.822Z,,,,University Place,Washington,,,,,https://app.apollo.io/#/organizations/6727079b0b702b00014fd412?overrideScoreId=score,,
790,North Sound Painting Company,http://www.northsoundpainting.com,northsoundpainting.com,"painting company, painting service",,,"[""apollo""]",,,2025-10-22T04:58:23.525Z,2025-10-22T04:58:32.822Z,,,,Brier,Washington,,,,,https://app.apollo.io/#/organizations/674b06712d0fc7000186e9ac?overrideScoreId=score,,
791,The Paint Machine Painting Company,http://www.thepaintmachine.com,thepaintmachine.com,"painting company, painting service",,,"[""apollo""]",,,2025-10-22T04:58:23.525Z,2025-10-22T04:58:32.822Z,,,,Shelton,Washington,,,,,https://app.apollo.io/#/organizations/68950dd0de3f340001af125e?overrideScoreId=score,,
792,Pro Painter USA-North Shore,,,"painting company, painting service",,,"[""apollo""]",,,2025-10-22T04:58:29.741Z,2025-10-22T04:58:32.822Z,,,,Wauwatosa,Wisconsin,,,,,https://app.apollo.io/#/organizations/67d8f250985ee000012f5abb?overrideScoreId=score,,
793,Ambrick Painting Company Inc.,http://www.ambrickpaintingcompany.com,ambrickpaintingcompany.com,"painting company, painting service",,3,"[""apollo""]",,,2025-10-22T04:58:29.747Z,2025-10-22T04:58:32.822Z,,,,Greenfield,Wisconsin,,,,,https://app.apollo.io/#/organizations/54a11ec169702d77c2a8a501?overrideScoreId=score,,
794,New Life Painting WI,http://www.newlifepaintingwi.com,newlifepaintingwi.com,"painting company, painting service",,1,"[""apollo""]",,,2025-10-22T04:58:29.749Z,2025-10-22T04:58:32.822Z,,,,Madison,Wisconsin,,,,,https://app.apollo.io/#/organizations/62a62d5028951700f75baa55?overrideScoreId=score,,
795,STATE PAINTING COMPANY,http://www.st8ptg.com,st8ptg.com,"painting company, painting service",,12,"[""apollo""]",,,2025-10-22T04:58:29.751Z,2025-10-22T04:58:32.822Z,,,,West Allis,Wisconsin,,,,,https://app.apollo.io/#/organizations/66e90c9eba65b70001413cb8?overrideScoreId=score,,
796,Carls Painting Service,http://www.carls-painting.com,carls-painting.com,"painting company, painting service",,11,"[""apollo""]",,,2025-10-22T04:58:29.752Z,2025-10-22T04:58:32.822Z,,,,Hubertus,Wisconsin,,,,,https://app.apollo.io/#/organizations/670156942fa6a60001441819?overrideScoreId=score,,
797,Bills Painting Service,http://www.billspaintingllc.com,billspaintingllc.com,"painting company, painting service",,4,"[""apollo""]",,,2025-10-22T04:58:29.752Z,2025-10-22T04:58:32.822Z,,,,Eagle River,Wisconsin,,,,,https://app.apollo.io/#/organizations/68c51d2d268e4700016bdbdb?overrideScoreId=score,,
798,Atlas Painting Company,http://www.atlas-painting.com,atlas-painting.com,"painting company, painting service",,6,"[""apollo""]",,,2025-10-22T04:58:29.753Z,2025-10-22T04:58:32.822Z,,,,Madison,Wisconsin,,,,,https://app.apollo.io/#/organizations/5d0a3f33a3ae61089773edc7?overrideScoreId=score,,
799,Best Painting Service LLC,,,"painting company, painting service",,7,"[""apollo""]",,,2025-10-22T04:58:29.753Z,2025-10-22T04:58:32.822Z,,,,Madison,Wisconsin,,,,,https://app.apollo.io/#/organizations/66ebaf660c42ba0001177d47?overrideScoreId=score,,
800,SDS PAINTING COMPANY - COMMERCIAL CONTRACTOR,http://www.sdspaintingcompany.com,sdspaintingcompany.com,"painting company, painting service",,,"[""apollo""]",,,2025-10-22T04:58:29.754Z,2025-10-22T04:58:32.822Z,,,,Stevens Point,Wisconsin,,,,,https://app.apollo.io/#/organizations/67159979ad0eb40001abe048?overrideScoreId=score,,
801,T J’s Painting Service,http://www.tjspaintingservice.com,tjspaintingservice.com,"painting company, painting service",,,"[""apollo""]",,,2025-10-22T04:58:29.754Z,2025-10-22T04:58:32.822Z,,,,Lyndon Station,Wisconsin,,,,,https://app.apollo.io/#/organizations/67390c2aaad7d5000114aaa3?overrideScoreId=score,,
802,Signature Painting Service LLC,http://www.signaturepainting.biz,signaturepainting.biz,"painting company, painting service",,,"[""apollo""]",,,2025-10-22T04:58:29.755Z,2025-10-22T04:58:32.822Z,,,,Green Bay,Wisconsin,,,,,https://app.apollo.io/#/organizations/672afa52e9b38b0001fe708c?overrideScoreId=score,,
803,"Eagle Painting Company, Llc",http://www.osbornmaine.org,osbornmaine.org,"painting company, painting service",,,"[""apollo""]",,,2025-10-22T04:58:29.755Z,2025-10-22T04:58:32.822Z,,,,Eagle Painting Company,Llc,,,,,https://app.apollo.io/#/organizations/5fd1af1f4f331d0001fecf12?overrideScoreId=score,,
804,Superior Werk Painting Company,http://www.superiorwerkpainting.com,superiorwerkpainting.com,"painting company, painting service",,1,"[""apollo""]",,,2025-10-22T04:58:29.756Z,2025-10-22T04:58:32.822Z,,,,Deerfield,Wisconsin,,,,,https://app.apollo.io/#/organizations/672484256dfe63000126fe50?overrideScoreId=score,,
805,Pavement Markings LLC,http://www.sheridanpavementmarkings.com,sheridanpavementmarkings.com,"painting company, painting service",,64,"[""apollo""]",,,2025-10-22T04:58:32.736Z,2025-10-22T04:58:32.822Z,,,,Sheridan,Wyoming,,,,,https://app.apollo.io/#/organizations/5da3ee217e5db600018e0b45?overrideScoreId=score,,
806,Western View Painting LLC,http://www.westernviewpainting.com,westernviewpainting.com,"painting company, painting service",,3,"[""apollo""]",,,2025-10-22T04:58:32.738Z,2025-10-22T04:58:32.823Z,,,,Laramie,Wyoming,,,,,https://app.apollo.io/#/organizations/62a5d7f2f095a700a325ffe1?overrideScoreId=score,,