Name,Website,Phone,Address,City,State,PostalCode,Rating,Reviews,Categories,Email,Source,Query,Apollo,Revenue,Employees,Keywords,LinkedIn,Facebook,Twitter,Hours,Description,SocialProfiles
HOLT CAT,http://www.holtcat.com,,,San Antonio,Texas,,,,,,apollo,"painting company, painting services - Texas",https://app.apollo.io/#/organizations/54a11b3e69702da753222900?overrideScoreId=score,,,,http://www.linkedin.com/company/holt-cat,https://www.facebook.com/HOLTCAT/,https://twitter.com/HOLT_CAT,,,
Ritchie Bros.,http://www.ritchiebros.com,,,Westchester,Illinois,,,,,,apollo,"painting company, painting services - Illinois",https://app.apollo.io/#/organizations/54a23b947468693fda2e3218?overrideScoreId=score,,,auctions+141,http://www.linkedin.com/company/ritchie-bros,,,,,
Standard Drywall Inc.,http://www.standarddrywall.com,,,Corona,California,,,,,,apollo,"painting company, painting services - California",https://app.apollo.io/#/organizations/54a19e1474686945faba4302?overrideScoreId=score,,,acoustical+123,http://www.linkedin.com/company/standard-drywall-inc.,https://facebook.com/standard-drywall-inc-2224929251061835,,,,
College Works Painting,http://www.collegeworks.com,,,Irvine,California,,,,,,apollo,"painting company, painting services - California",https://app.apollo.io/#/organizations/54a1341b69702d2db4495e00?overrideScoreId=score,9.5M,580,paintingleading+62,http://www.linkedin.com/company/college-works-painting,https://facebook.com/collegeworks,https://twitter.com/College_Works,,,
Vivax Pros,http://www.vivaxpros.com,,,Denver,Colorado,,,,,,apollo,"painting company, painting services - Colorado",https://app.apollo.io/#/organizations/5da448f510ef7e00014d4a1a?overrideScoreId=score,25M,350,painting company+33,http://www.linkedin.com/company/vivax-pro-painting,https://facebook.com/vivaxpros,https://twitter.com/Vivax_Pros,,,
J & J Construction,http://www.jandjconst.net,,,Westminster,Maryland,,,,,,apollo,"painting company, painting services - Maryland",https://app.apollo.io/#/organizations/5d345b27f65125ec423670ab?overrideScoreId=score,,300,construction+59,http://www.linkedin.com/company/j-j-construction,https://www.facebook.com/JJ2000Inc,,,,
Stucco Repair Phoenix,http://www.stuccorepairphoenix.com,,,Phoenix,Arizona,,,,,,apollo,"painting company, painting services - Arizona",https://app.apollo.io/#/organizations/645e10f1fa1d730001e4008b?overrideScoreId=score,,200,,http://www.linkedin.com/company/stucco-repair-phoenix,,,,,
Creek Valley Construction,http://www.creekvalleyconstruction.com,,,Franklin,Tennessee,,,,,,apollo,"painting company, painting services - Tennessee",https://app.apollo.io/#/organizations/637b79bbd30deb00b9d1d207?overrideScoreId=score,,200,carpentry+66,http://www.linkedin.com/company/creekvalleyconstruction,,,,,
painting contractor,http://www.wellspaintservice.com,,,Kiowa,Kansas,,,,,,apollo,"painting company, painting services - Kansas",https://app.apollo.io/#/organizations/56d978fff3e5bb731d002ade?overrideScoreId=score,,200,painting contractor,http://www.linkedin.com/company/painting-contractor,,,,,
Painter Bros,http://www.painterbros.com,,,American Fork,Utah,,,,,,apollo,"painting company, painting services - Utah",https://app.apollo.io/#/organizations/60f648f7c0fda10001b16b6f?overrideScoreId=score,,190,interior painting+59,http://www.linkedin.com/company/painter-bros-franchising,,,,,
Reynolds Construction Company,http://www.reynoldsconstructioncompany.com,,,Pine Bluff,Arkansas,,,,,,apollo,"painting company, painting services - Arkansas",https://app.apollo.io/#/organizations/5ed179d1d694a4000192322b?overrideScoreId=score,,180,commercial roofing+53,http://www.linkedin.com/company/reynolds-construction-company,https://www.facebook.com/ReynoldsConstructionAndCommercialRoofing/,https://twitter.com/reynoldsconstr2,,,
Professional Painting,http://www.professionalpainting.com,,,Redding,California,,,,,,apollo,"painting company, painting services - California",https://app.apollo.io/#/organizations/5c260a2aa3ae6149eb9264d9?overrideScoreId=score,,160,exterior painting+47,http://www.linkedin.com/company/professional-paintingredding,https://www.facebook.com/professionalpaintingredding/,https://twitter.com/propaintredding,,,
Painting Contractor USA,http://www.paintingcontractorusa.com,,,Fort Wayne,Indiana,,,,,,apollo,"painting company, painting services - Indiana",https://app.apollo.io/#/organizations/54a1bb977468695475b1090c?overrideScoreId=score,48.8M,160,agricultural painting+58,http://www.linkedin.com/company/painting-contractor-usa,https://facebook.com/PaintingContractorUSA,https://twitter.com/PContractorUSA,,,
Chaparral Company,http://www.chaparralco.com,,,Waco,Texas,,,,,,apollo,"painting company, painting services - Texas",https://app.apollo.io/#/organizations/5f9966c75503ee008c51b0cf?overrideScoreId=score,33.4M,150,piping insulation+49,http://www.linkedin.com/company/chaparral-company,,https://twitter.com/chaparral_is_ps,,,
Pete King Construction,http://www.petekingaz.com,,,Phoenix,Arizona,,,,,,apollo,"painting company, painting services - Arizona",https://app.apollo.io/#/organizations/5d09707080f93e32feb7662e?overrideScoreId=score,25.6M,150,drywall+65,http://www.linkedin.com/company/pete-king-construction,https://www.facebook.com/petekingconstruction/,,,,
Maguire,http://www.maguirewater.com,,,Sioux Falls,South Dakota,,,,,,apollo,"painting company, painting services - South Dakota",https://app.apollo.io/#/organizations/64585912762c7200012ed2df?overrideScoreId=score,,140,water tower experts+54,http://www.linkedin.com/company/maguire-inc,,,,,
HandyPro,http://www.handypro.com,,,Farmington,Michigan,,,,,,apollo,"painting company, painting services - Michigan",https://app.apollo.io/#/organizations/6065d9a26d288200e2af8a36?overrideScoreId=score,2M,140,fully licensed+76,http://www.linkedin.com/company/handypro,https://www.facebook.com/HandyProFans,https://twitter.com/HandyPro,,,
Armstrong Construction,http://www.jarmstrongconstruction.com,,,Covina,California,,,,,,apollo,"painting company, painting services - California",https://app.apollo.io/#/organizations/54a138a569702d2851ff0000?overrideScoreId=score,26.4M,140,,http://www.linkedin.com/company/armstrong-construction,,,,,
Axis Industries,http://www.axisindustries.com,,,La Porte,Texas,,,,,,apollo,"painting company, painting services - Texas",https://app.apollo.io/#/organizations/6217060000442b0001b15498?overrideScoreId=score,,130,scaffolding+63,http://www.linkedin.com/company/axis-industries,,,,,
PCM Services,http://www.pcmservices.com,,,Beltsville,Maryland,,,,,,apollo,"painting company, painting services - Maryland",https://app.apollo.io/#/organizations/54a12a8669702d9b8be42702?overrideScoreId=score,1.9M,130,asphaltconcrete+62,http://www.linkedin.com/company/pcm-services,https://facebook.com/ExceedingClientExpectations,https://twitter.com/PCMServices92,,,
MC Painting,http://www.mc-painting.com,,,Oceanside,California,,,,,,apollo,"painting company, painting services - California",https://app.apollo.io/#/organizations/54a11be469702d8aa1205d00?overrideScoreId=score,,130,painting+52,http://www.linkedin.com/company/mc-painting,,,,,
Stewart Richey Contracting Group,http://www.stewartrichey.com,,,Bowling Green,Kentucky,,,,,,apollo,"painting company, painting services - Kentucky",https://app.apollo.io/#/organizations/54a19b1e74686954753d2901?overrideScoreId=score,4.9M,120,concretepainting+66,http://www.linkedin.com/company/stewart-richey-construction-inc-,https://facebook.com/StewartRichey,https://twitter.com/StewartRichey,,,
Long Painting Company,http://www.longpainting.com,,,Kent,Washington,,,,,,apollo,"painting company, painting services - Washington",https://app.apollo.io/#/organizations/54a1206969702d8aa13d4102?overrideScoreId=score,4.4M,120,commercial painting+52,http://www.linkedin.com/company/long-painting-company,https://facebook.com/longpaintingcompany,https://twitter.com/LongPaintingCo,,,
A&K Painting Company,http://www.akpainting.com,,,Charlotte,North Carolina,,,,,,apollo,"painting company, painting services - North Carolina",https://app.apollo.io/#/organizations/54a11eb469702d77c29b9b01?overrideScoreId=score,4.1M,120,,http://www.linkedin.com/company/a&k-painting,https://facebook.com/pages/AK-Painting-Company/257140764912,https://twitter.com/AKPaint,,,
"Omni Glass & Paint, LLC",http://www.omnigp.com,,,Oshkosh,Wisconsin,,,,,,apollo,"painting company, painting services - Wisconsin",https://app.apollo.io/#/organizations/55f00f51f3e5bb0e5c003d20?overrideScoreId=score,1.3M,110,commercial glass+59,http://www.linkedin.com/company/omni-glass-&-paint-inc-,http://facebook.com/omnigp,https://twitter.com/omniglasspaint,,,
Fisher Tank Company,http://www.fishertank.com,,,Chester,Pennsylvania,,,,,,apollo,"painting company, painting services - Pennsylvania",https://app.apollo.io/#/organizations/54a1afab746869401293ff07?overrideScoreId=score,24.3M,110,api 650api 653+65,http://www.linkedin.com/company/fisher-tank-company,http://www.facebook.com/FisherTankCompany/,https://twitter.com/fishertankco/,,,
"Swanson & Youngdale, Inc.",http://www.swansonyoungdale.com,,,Swanson & Youngdale,Inc.,,,,,,apollo,"painting company, painting services - Inc.",https://app.apollo.io/#/organizations/54a19e137468694012a44002?overrideScoreId=score,11.6M,110,commercial painting+46,http://www.linkedin.com/company/swanson-&-youngdale-inc.,https://www.facebook.com/Swanson-Youngdale-Inc-249764911736118/,https://twitter.com/SY_SYINC,,,
"Graydaze Contracting, Inc.",http://www.graydaze.com,,,Graydaze Contracting,Inc.,,,,,,apollo,"painting company, painting services - Inc.",https://app.apollo.io/#/organizations/54a1297a69702db6481a9701?overrideScoreId=score,100M,110,painting+57,http://www.linkedin.com/company/graydaze,https://www.facebook.com/GraydazeContracting,,,,
Stancil Services,http://www.stancilservices.com,,,Concord,North Carolina,,,,,,apollo,"painting company, painting services - North Carolina",https://app.apollo.io/#/organizations/54a1281369702d8eeb913201?overrideScoreId=score,35.1M,110,inc 5000+50,http://www.linkedin.com/company/stancil-services,,,,,
Pro Painters,http://www.mypropainters.com,,,Houston,Texas,,,,,,apollo,"painting company, painting services - Texas",https://app.apollo.io/#/organizations/55ed8641f3e5bb227b0016f5?overrideScoreId=score,,96,interior painting+62,http://www.linkedin.com/company/pro-painters,https://www.facebook.com/mypropainters,,,,
Superior Contracting & Maintenance,http://www.superior-maintenance.com,,,Marietta,Georgia,,,,,,apollo,"painting company, painting services - Georgia",https://app.apollo.io/#/organizations/5da3c1da3e9e680001c76474?overrideScoreId=score,,88,plumbingelectrical+83,http://www.linkedin.com/company/superior-contracting-maintenance,,,,,
Matrix Construction Services,http://www.matrixsvc.com,,,El Paso,Texas,,,,,,apollo,"painting company, painting services - Texas",https://app.apollo.io/#/organizations/556d5d05736964126193f200?overrideScoreId=score,,86,,http://www.linkedin.com/company/matrix-construction-services,https://www.facebook.com/MatrixConstructionServicesMCS/,https://twitter.com/matrixsvctexas,,,
Precision Painting Plus,http://www.precisionpaintingplus.net,,,Westbury,New York,,,,,,apollo,"painting company, painting services - New York",https://app.apollo.io/#/organizations/559215e473696418f65a5c00?overrideScoreId=score,12.3M,85,painting interior+75,http://www.linkedin.com/company/precision-painting-plus,https://facebook.com/precisionpaintingplus/,https://twitter.com/precisionpp,,,
Nolan Painting,http://www.nolanpainting.com,,,Havertown,Pennsylvania,,,,,,apollo,"painting company, painting services - Pennsylvania",https://app.apollo.io/#/organizations/54a1b02574686958600c5508?overrideScoreId=score,13.4M,84,,http://www.linkedin.com/company/nolan-painting,https://www.facebook.com/NolanPaintingContractor,https://twitter.com/nolan_painting,,,
"Ascher Brothers Co., Inc.",http://www.ascherbrothers.com,,,Chicago,Illinois,,,,,,apollo,"painting company, painting services - Illinois",https://app.apollo.io/#/organizations/61ec33991e83ed0001ec33ef?overrideScoreId=score,31.8M,80,,http://www.linkedin.com/company/ascherbrothers,https://facebook.com/AscherBrothersCoInc,,,,
IOC Construction,http://www.iocconstruction.com,,,Batavia,Illinois,,,,,,apollo,"painting company, painting services - Illinois",https://app.apollo.io/#/organizations/54a135fe69702d46f0c7ea00?overrideScoreId=score,,79,interior+69,http://www.linkedin.com/company/inside-out-company,,,,,
"Arch Painting, Inc.",http://www.archpainting.com,,,Arch Painting,Inc.,,,,,,apollo,"painting company, painting services - Inc.",https://app.apollo.io/#/accounts/68f0199cc13bac00210d6d46?overrideScoreId=score,9.1M,78,corporateretail+81,http://www.linkedin.com/company/arch-painting-inc-,https://facebook.com/archpainting,https://twitter.com/archpainting,,,
Commercial Painting Inc.,http://www.commercialpainting-inc.com,,,San Jose,California,,,,,,apollo,"painting company, painting services - California",https://app.apollo.io/#/organizations/631598ce2403c500a3c231bb?overrideScoreId=score,,78,exterior painting+43,http://www.linkedin.com/company/commercial-painting-inc,https://www.facebook.com/Commercial-Painting-113912531294661/,,,,
PRESTIGE PAINTING,http://www.prestigepainting1.com,,,Venetia,Pennsylvania,,,,,,apollo,"painting company, painting services - Pennsylvania",https://app.apollo.io/#/organizations/54a1bfab7468694f8fa8cb0d?overrideScoreId=score,,74,interior painting+49,http://www.linkedin.com/company/prestige-painting,,,,,
Johnson Contracting Company,http://www.jccinc.com,,,East Moline,Illinois,,,,,,apollo,"painting company, painting services - Illinois",https://app.apollo.io/#/organizations/54a1a0b674686945fa261b03?overrideScoreId=score,27.4M,74,plumbingheating+63,http://www.linkedin.com/company/johnson-contracting-co--inc,,,,,
International Decorators Inc.,http://www.4idi.com,,,Barrington,Illinois,,,,,,apollo,"painting company, painting services - Illinois",https://app.apollo.io/#/organizations/54a199577468695860099f00?overrideScoreId=score,64.0M,74,,http://www.linkedin.com/company/international-decorators-inc-,https://www.facebook.com/internationaldecorators/,,,,
"FCP Services, Inc - Serving Great Customers Nationwide Since 1990",http://www.fcpservices.com,,,Eagan,Minnesota,,,,,,apollo,"painting company, painting services - Minnesota",https://app.apollo.io/#/organizations/55920f557369641865b84500?overrideScoreId=score,,73,facilities management+77,http://www.linkedin.com/company/fcpservices-inc,https://www.facebook.com/fcpservicespaint,https://twitter.com/fcpservices,,,
JC Painting Co,http://www.jcpaintingusa.com,,,Austin,Texas,,,,,,apollo,"painting company, painting services - Texas",https://app.apollo.io/#/organizations/55f9bb3ef3e5bb7c48001dd3?overrideScoreId=score,,72,,http://www.linkedin.com/company/jc-painting-co,,,,,
A&R Construction,http://www.arconstructionrc.com,,,Ridgecrest,California,,,,,,apollo,"painting company, painting services - California",https://app.apollo.io/#/organizations/62eb3ab258e64e00018f6fb6?overrideScoreId=score,,70,project management+58,http://www.linkedin.com/company/arconstructionrc,,,,,
"Jamestown Painting, Inc",http://www.jamestownpainting.com,,,Jamestown Painting,Inc,,,,,,apollo,"painting company, painting services - Inc",https://app.apollo.io/#/organizations/5ed4b0ede82ab60001a50ed9?overrideScoreId=score,32.8M,70,joint expansions+76,http://www.linkedin.com/company/jamestown-painting,https://facebook.com/jamestownpaintinginc,https://twitter.com/jamestownpaint,,,
VPI,http://www.vpi.net,,,Sacramento,California,,,,,,apollo,"painting company, painting services - California",https://app.apollo.io/#/organizations/5e297c6d9577ad00e05e9c9c?overrideScoreId=score,,70,project management+50,http://www.linkedin.com/company/vpipro,https://www.facebook.com/VPIpro/,,,,
General Coatings Corporation,http://www.gencoat.com,,,San Diego,California,,,,,,apollo,"painting company, painting services - California",https://app.apollo.io/#/organizations/673e4e5271ff6a01b0b0f13d?overrideScoreId=score,6.5M,68,waterproof coatings+47,http://www.linkedin.com/company/general-coatings-corporation,https://facebook.com/GenCoat,https://twitter.com/gencoat,,,
My Handyman,http://www.myhandymancolumbus.com,,,Westerville,Ohio,,,,,,apollo,"painting company, painting services - Ohio",https://app.apollo.io/#/organizations/55f1c537f3e5bb15d6003ae2?overrideScoreId=score,,68,exterior repairs+81,http://www.linkedin.com/company/my-handyman-columbus,https://www.facebook.com/HandymanColumbus,https://twitter.com/MyHandyman_Cbus,,,
American Exteriors,http://www.americanexteriors.com,,,Lorton,Virginia,,,,,,apollo,"painting company, painting services - Virginia",https://app.apollo.io/#/organizations/5592139d7369641865a05400?overrideScoreId=score,,68,timely completion+88,http://www.linkedin.com/company/american-exteriors,,,,,
Williams Professional Painting,http://www.williamsprofessionalpainting.com,,,Alexandria,Virginia,,,,,,apollo,"painting company, painting services - Virginia",https://app.apollo.io/#/organizations/54a1b7047468695c822f320a?overrideScoreId=score,30.1M,67,,http://www.linkedin.com/company/williams-professional-painting,https://www.facebook.com/williamsprofessionalpainting/,https://twitter.com/WilliamsPaint,,,
Painting Plus,http://www.paintingplus.com,,,Marietta,Georgia,,,,,,apollo,"painting company, painting services - Georgia",https://app.apollo.io/#/organizations/54a127d369702db878558b00?overrideScoreId=score,5.1M,67,siding contractor+98,http://www.linkedin.com/company/paintingplus,https://www.facebook.com/PaintingPlusGa/,,,,
SpecSys Inc.,http://www.specsys.com,,,Montevideo,Minnesota,,,,,,apollo,"painting company, painting services - Minnesota",https://app.apollo.io/#/organizations/5c2539a1f65125e24633ca2e?overrideScoreId=score,,66,contract manufacturing+61,http://www.linkedin.com/company/specsys-inc,https://www.facebook.com/specsys/,https://twitter.com/specsys_inc,,,
New Life Painting,http://www.new-life-painting.com,,,San Marcos,California,,,,,,apollo,"painting company, painting services - California",https://app.apollo.io/#/organizations/54a13c9069702d231f533702?overrideScoreId=score,,66,stucco repair+47,http://www.linkedin.com/company/new-life-painting,https://www.facebook.com/NewLifePaint/,https://twitter.com/newlifepainting,,,
Davis Painting,http://www.davispaintingco.com,,,Deer Park,Washington,,,,,,apollo,"painting company, painting services - Washington",https://app.apollo.io/#/organizations/645684109fd4b400a36471b9?overrideScoreId=score,,65,residential painting+91,http://www.linkedin.com/company/davis-painting,https://www.facebook.com/Davis-Painting-104383998949913,,,,
"TMI Coatings, LLC",http://www.tmicoatings.com,,,Saint Paul,Minnesota,,,,,,apollo,"painting company, painting services - Minnesota",https://app.apollo.io/#/organizations/54a19d6a74686945fad10202?overrideScoreId=score,5.8M,65,,http://www.linkedin.com/company/tmi-coatings-llc,https://facebook.com/TMICoatings,https://twitter.com/TMICoatings,,,
Pavement Markings LLC,http://www.sheridanpavementmarkings.com,,,Sheridan,Wyoming,,,,,,apollo,"painting company, painting services - Wyoming",https://app.apollo.io/#/organizations/5da3ee217e5db600018e0b45?overrideScoreId=score,,64,pavement striping+42,http://www.linkedin.com/company/pavement-markings-llc,https://www.facebook.com/Pavementmarkingsllc/,,,,
Service Painting Corporation,http://www.servicepainting.com,,,Tampa,Florida,,,,,,apollo,"painting company, painting services - Florida",https://app.apollo.io/#/organizations/55923d947369642393579100?overrideScoreId=score,5.8M,63,commercial painting+54,http://www.linkedin.com/company/service-painting-corporation,,,,,
"Metro Construction, Inc",http://www.mymetroconstruction.com,,,Metro Construction,Inc,,,,,,apollo,"painting company, painting services - Inc",https://app.apollo.io/#/organizations/54a12b1f69702decc5f50000?overrideScoreId=score,7.2M,63,general contracting+56,http://www.linkedin.com/company/metro-construction-inc,https://facebook.com/MetroConstruction,https://twitter.com/MyMetroCon,,,
Optiline Enterprises,http://www.optiline.com,,,Nashua,New Hampshire,,,,,,apollo,"painting company, painting services - New Hampshire",https://app.apollo.io/#/organizations/5b8631f3f874f72e47be89d6?overrideScoreId=score,,62,,http://www.linkedin.com/company/optiline-enterprises,,https://twitter.com/OptilineEnt,,,
Excel Roofing,http://www.excelroofing.com,,,Englewood,Colorado,,,,,,apollo,"painting company, painting services - Colorado",https://app.apollo.io/#/organizations/5a9e0d79a6da98d935698f66?overrideScoreId=score,26.9M,62,roofingwindows+87,http://www.linkedin.com/company/excel-roofing,https://www.facebook.com/ExcelRoofingInc,https://twitter.com/excelroofinginc,,,
"Mark Beamish Waterproofing, Inc.",http://www.markbeamish.com,,,Mark Beamish Waterproofing,Inc.,,,,,,apollo,"painting company, painting services - Inc.",https://app.apollo.io/#/organizations/54a25e7574686935beeba21d?overrideScoreId=score,13.0M,62,,http://www.linkedin.com/company/mark-beamish-waterproofing,https://facebook.com/markbeamishwaterproofing,https://twitter.com/mbw_1981,,,
"NJR CONSTRUCTION, LLC",http://www.njr-construction.com,,,Gastonia,North Carolina,,,,,,apollo,"painting company, painting services - North Carolina",https://app.apollo.io/#/organizations/5da470cce3ed0a00019a8047?overrideScoreId=score,,60,metal framing+59,http://www.linkedin.com/company/njr-construction-llc,https://www.facebook.com/profile.php,,,,
Dl Construction,http://www.dl-constructiongroup.com,,,Warren,Ohio,,,,,,apollo,"painting company, painting services - Ohio",https://app.apollo.io/#/organizations/65fbca7bcac7f800073a8655?overrideScoreId=score,,59,,http://www.linkedin.com/company/dl-construction,,,,,
Painter Ready Group,http://www.painter-ready.com,,,Nashville,Tennessee,,,,,,apollo,"painting company, painting services - Tennessee",https://app.apollo.io/#/organizations/54a1b75f746869401240a20a?overrideScoreId=score,,59,retail painting+50,http://www.linkedin.com/company/painter-ready-group,https://facebook.com/PainterReadyChattanooga,,,,
Brush Masters,http://www.brushmasters.com,,,Maple Grove,Minnesota,,,,,,apollo,"painting company, painting services - Minnesota",https://app.apollo.io/#/organizations/54a138d569702d2185990a00?overrideScoreId=score,3.4M,59,paintingdrywall+54,http://www.linkedin.com/company/brush-masters,https://www.facebook.com/BrushMasters,https://twitter.com/brushmasters,,,
Cobra Electric,http://www.cobraelectric.com,,,Baton Rouge,Louisiana,,,,,,apollo,"painting company, painting services - Louisiana",https://app.apollo.io/#/organizations/55ee7e31f3e5bb22c8001d09?overrideScoreId=score,12.4M,58,traffic sensors+46,http://www.linkedin.com/company/cobra-electric,,,,,
"Common Links Construction, LLC",http://www.clcbuild.com,,,Brookfield,Wisconsin,,,,,,apollo,"painting company, painting services - Wisconsin",https://app.apollo.io/#/organizations/54a1273f69702dc841641500?overrideScoreId=score,31.5M,58,,http://www.linkedin.com/company/common-links-construction-llc,,,,,
Platinum Painting,http://www.platinumpainting.com,,,Keller,Texas,,,,,,apollo,"painting company, painting services - Texas",https://app.apollo.io/#/organizations/5e57d403108ba90001fa63f7?overrideScoreId=score,33.6M,57,,http://www.linkedin.com/company/platinum-painting-dfw,https://www.facebook.com/Platinum-Painting-494890083984252/,,,,
"Advanced Exteriors, Inc.",http://www.advancedexteriors.com,,,Advanced Exteriors,Inc.,,,,,,apollo,"painting company, painting services - Inc.",https://app.apollo.io/#/organizations/54fca55f73696401764f2e00?overrideScoreId=score,7.9M,57,roofingsiding+63,http://www.linkedin.com/company/advanced-exteriors-inc-,https://www.facebook.com/AdvancedExteriors/,,,,
Prime Painting,http://www.primepaintingphoenix.com,,,Tempe,Arizona,,,,,,apollo,"painting company, painting services - Arizona",https://app.apollo.io/#/organizations/60f2f03f6cb0ad000199aabc?overrideScoreId=score,,55,exterior painting+73,http://www.linkedin.com/company/myprimepainting,https://www.facebook.com/myprimepainting,https://twitter.com/myprimepainting,,,
The Painting Company,http://www.gopaintingcompany.com,,,Bellevue,Nebraska,,,,,,apollo,"painting company, painting services - Nebraska",https://app.apollo.io/#/organizations/5e56b2f652e7ad0001f55c3b?overrideScoreId=score,,55,surface repair+103,http://www.linkedin.com/company/the-painting-company-omaha,https://www.facebook.com/gopaintingcompany,https://twitter.com/gopaintingco,,,
DeSimone Construction,http://www.desimoneconstruct.com,,,Sayreville,New Jersey,,,,,,apollo,"painting company, painting services - New Jersey",https://app.apollo.io/#/organizations/5e56af251f91be00015678e1?overrideScoreId=score,,55,quality workmanship+56,http://www.linkedin.com/company/desimoneconstruction,,,,,
Empire Painting,http://www.empirepaintingwi.com,,,Delafield,Wisconsin,,,,,,apollo,"painting company, painting services - Wisconsin",https://app.apollo.io/#/organizations/5b143c17a6da98dce2ea2c21?overrideScoreId=score,2.4M,55,interior painting+71,http://www.linkedin.com/company/empirepaintingwi,https://facebook.com/EmpirePaintingWI,https://twitter.com/EPaintingWI,,,
"YellowHammer, LLC",http://www.yellowhammerconstruction.com,,,Hoover,Alabama,,,,,,apollo,"painting company, painting services - Alabama",https://app.apollo.io/#/organizations/5fc965c502961e0001509f1e?overrideScoreId=score,,54,custom home building+65,http://www.linkedin.com/company/yellowhammer-llc,https://www.facebook.com/yellowhammerconstruction/,https://twitter.com/yellowhammerllc,,,
Zack Painting Company,http://www.zackpainting.com,,,Woodbridge Township,New Jersey,,,,,,apollo,"painting company, painting services - New Jersey",https://app.apollo.io/#/organizations/5500c3da73696460fc534900?overrideScoreId=score,10M,54,painting+66,http://www.linkedin.com/company/zack-painting-company,,,,,
Heggem-Lundquist,http://www.heggem-lundquist.com,,,Denver,Colorado,,,,,,apollo,"painting company, painting services - Colorado",https://app.apollo.io/#/organizations/54a11c4569702d77c24aa200?overrideScoreId=score,29.2M,54,quality work+34,http://www.linkedin.com/company/heggem-lundquist,https://facebook.com/HeggemLundquist,,,,
Prestige Painting,http://www.prestigepaintingpa.com,,,Kinzers,Pennsylvania,,,,,,apollo,"painting company, painting services - Pennsylvania",https://app.apollo.io/#/organizations/61342dea6442b20001691644?overrideScoreId=score,,53,dri-one flame retardant+51,http://www.linkedin.com/company/prestige-painting-pa,https://www.facebook.com/prestigepaintingpa/,,,,
Elite Painting Services,http://www.elitepaintingservices.net,,,Cherry Hill,New Jersey,,,,,,apollo,"painting company, painting services - New Jersey",https://app.apollo.io/#/organizations/5da3f5b97e5db600018e364e?overrideScoreId=score,,53,project management+49,http://www.linkedin.com/company/elite-painting-services-l-l-c,https://www.facebook.com/Elite-Painting-Services-336806490501375,,,,
Gonzalez Painting,http://www.edgonzalezpainting.com,,,Twin Falls,Idaho,,,,,,apollo,"painting company, painting services - Idaho",https://app.apollo.io/#/organizations/55e81e6ff3e5bb15ff0008a0?overrideScoreId=score,,53,,http://www.linkedin.com/company/gonzalez-painting,,,,,
Final Touch Painting Services,http://www.ftpaint.com,,,Delaware,Ohio,,,,,,apollo,"painting company, painting services - Ohio",https://app.apollo.io/#/organizations/556d268b73696411b63fa100?overrideScoreId=score,,53,fences & siding+52,http://www.linkedin.com/company/final-touch-painting-services,https://www.facebook.com/FinalTouchPaintingServices,,,,
Masterpiece Painting CO,http://www.masterpiecepainting.com,,,Fort Collins,Colorado,,,,,,apollo,"painting company, painting services - Colorado",https://app.apollo.io/#/organizations/55f84cfaf3e5bb7643004c05?overrideScoreId=score,,52,residential repainting+44,http://www.linkedin.com/company/masterpiece-painting-co,,,,,
Handy Man Repairs,http://www.fixsl.com,,,Saint Louis,Missouri,,,,,,apollo,"painting company, painting services - Missouri",https://app.apollo.io/#/organizations/5592053573696418bc312000?overrideScoreId=score,,52,window installation+124,http://www.linkedin.com/company/handy-man-repairs,,,,,
Phillips Home Improvements,http://www.phillipshomeimprovements.com,,,Allen,Texas,,,,,,apollo,"painting company, painting services - Texas",https://app.apollo.io/#/organizations/5b84bc61324d44720b138047?overrideScoreId=score,,51,roofinggutters+59,http://www.linkedin.com/company/phillips-home-improvements,https://facebook.com/phillipshomeimprovements,https://twitter.com/phillipspaint,,,
Handy Helper,http://www.homefronthandymantc.com,,,Traverse City,Michigan,,,,,,apollo,"painting company, painting services - Michigan",https://app.apollo.io/#/organizations/55e8d29df3e5bb5cf40001f9?overrideScoreId=score,,51,wiring+54,http://www.linkedin.com/company/handy-helper,,,,,
Painters Plus,http://www.paintersplus.us,,,Encinitas,California,,,,,,apollo,"painting company, painting services - California",https://app.apollo.io/#/organizations/673d8a51d2ed6201b024c4c5?overrideScoreId=score,,50,business painting+53,http://www.linkedin.com/company/painters-plus-wny,,,,,
SKY EDIFICE,http://www.skyedifice.com,,,Cerritos,California,,,,,,apollo,"painting company, painting services - California",https://app.apollo.io/#/organizations/61616eed8bfbd30001b43792?overrideScoreId=score,,50,construction company+18,http://www.linkedin.com/company/sky-edifice,,,,,
LA Contractors and Builders,http://www.lacontractorsbuilders.com,,,Los Angeles,California,,,,,,apollo,"painting company, painting services - California",https://app.apollo.io/#/organizations/604a7663a1a8d700018dc6a4?overrideScoreId=score,,50,plumbingstucco+73,http://www.linkedin.com/company/lacontractors-andbuilders,https://www.facebook.com/lacontractorsandbuilders/,https://twitter.com/la_builders,,,
PRO Painting LLC,http://www.dfwpropainting.com,,,Plano,Texas,,,,,,apollo,"painting company, painting services - Texas",https://app.apollo.io/#/organizations/5da378e1da23c000012ae3b3?overrideScoreId=score,,50,residential+77,http://www.linkedin.com/company/propaintingllc,https://www.facebook.com/dfwpropainting/,https://twitter.com/DFWPROPAINTING,,,
"R.L. James, Inc. General Contractor",http://www.rljames.com,,,R.L. James,Inc. General Contractor,,,,,,apollo,"painting company, painting services - Inc. General Contractor",https://app.apollo.io/#/organizations/56dcad48f3e5bb548a0000e5?overrideScoreId=score,10.1M,50,general contractor+56,http://www.linkedin.com/company/r-l--james-inc--general-contractor,https://www.facebook.com/RLJAMESINC,,,,
PERFECT TOUCH PAINTING COMPANY LLC,http://www.perfecttouchp.com,,,Washington,District of Columbia,,,,,,apollo,"painting company, painting services - District of Columbia",https://app.apollo.io/#/organizations/672664e63ca5f70001953294?overrideScoreId=score,,49,,http://www.linkedin.com/company/perfect-touch-painting-company-llc,https://www.facebook.com/perfecttouchllc,,,,
Rainbow Painting Company,http://www.rainbowpaintingcompany.com,,,O'Fallon,Missouri,,,,,,apollo,"painting company, painting services - Missouri",https://app.apollo.io/#/organizations/5e5972b114af6900013741a9?overrideScoreId=score,,49,paintingstaining+47,http://www.linkedin.com/company/rainbow-painting-company,,,,,
DK Painting,http://www.dkpaintinghawaii.com,,,Austin,Texas,,,,,,apollo,"painting company, painting services - Texas",https://app.apollo.io/#/organizations/55f0b7cff3e5bb16c5000bcc?overrideScoreId=score,,49,water repellents+48,http://www.linkedin.com/company/dk-painting,,,,,
Tradewinds Construction,http://www.tradewindsconstruction.com,,,Las Vegas,Nevada,,,,,,apollo,"painting company, painting services - Nevada",https://app.apollo.io/#/organizations/55f061e1f3e5bb4b09002d6f?overrideScoreId=score,15.8M,49,construction safety+33,http://www.linkedin.com/company/tradewinds-construction-inc,https://facebook.com/tradewinds-construction-790380831089317,https://twitter.com/tradewindscons1,,,
Brooks Painting Inc.,http://www.brookspainting.com,,,Davis,California,,,,,,apollo,"painting company, painting services - California",https://app.apollo.io/#/organizations/54a12b1469702d95481e5a02?overrideScoreId=score,22.0M,49,painting+60,http://www.linkedin.com/company/brooks-painting-inc.,https://facebook.com/brookspainting,,,,
Reliable Painting,http://www.reliablepainting.com,,,San Diego,California,,,,,,apollo,"painting company, painting services - California",https://app.apollo.io/#/organizations/54a135b469702d4494c7c300?overrideScoreId=score,,48,induastrial coatings+81,http://www.linkedin.com/company/reliable-painting,https://www.facebook.com/RELIABLEPAINTINGSD/,,,,
Ancon Construction,http://www.anconconstruction.com,,,Goshen,Indiana,,,,,,apollo,"painting company, painting services - Indiana",https://app.apollo.io/#/organizations/54a1288469702d8cfc235501?overrideScoreId=score,10.7M,48,design build+50,http://www.linkedin.com/company/ancon-construction-company,https://facebook.com/pages/Ancon-Construction-Inc/144013052880,https://twitter.com/anconconst,,,
"DC Painting, Inc.",http://www.dcpaint.com,,,DC Painting,Inc.,,,,,,apollo,"painting company, painting services - Inc.",https://app.apollo.io/#/organizations/54a209e67468693fda8d4507?overrideScoreId=score,,47,property management+29,http://www.linkedin.com/company/dc-painting-inc-,,,,,
Performance Insulation Contractors,http://www.pic-inc.com,,,La Porte,Texas,,,,,,apollo,"painting company, painting services - Texas",https://app.apollo.io/#/organizations/54a1ce5174686945faa04012?overrideScoreId=score,,47,insulation+57,http://www.linkedin.com/company/performance-insulation-contractors,,,,,
Southwest Exteriors,http://www.southwestexteriors.com,,,San Antonio,Texas,,,,,,apollo,"painting company, painting services - Texas",https://app.apollo.io/#/organizations/54a12ae669702d8eebd6a202?overrideScoreId=score,29M,46,,http://www.linkedin.com/company/southwest-exteriors,https://facebook.com/southwestexteriors,https://twitter.com/TeamSWEx,,,
Penington Painting Company,http://www.teamppc.com,,,Chandler,Arizona,,,,,,apollo,"painting company, painting services - Arizona",https://app.apollo.io/#/organizations/66e5e8f4d82df900011d66ba?overrideScoreId=score,13.1M,45,,http://www.linkedin.com/company/penington-painting-company,https://facebook.com/peningtonpainting,,,,
Gonzalez Construction,http://www.gonzalez-kc.com,,,Kansas City,Missouri,,,,,,apollo,"painting company, painting services - Missouri",https://app.apollo.io/#/organizations/5e58ce17ff35de000111fe89?overrideScoreId=score,,45,,http://www.linkedin.com/company/gonzalezconstructionkc,,,,,
"Restore Construction Group, Inc.",http://www.rcg-us.com,,,Restore Construction Group,Inc.,,,,,,apollo,"painting company, painting services - Inc.",https://app.apollo.io/#/organizations/5e582e7b9c01df0001b04344?overrideScoreId=score,43.8M,45,concrete restoration+51,http://www.linkedin.com/company/restore-construction-group-inc-2006,https://facebook.com/RestoreConstructionGroup/,https://twitter.com/restorecgi,,,
Highmark Companies,http://www.highmarkcos.com,,,Savage,Minnesota,,,,,,apollo,"painting company, painting services - Minnesota",https://app.apollo.io/#/organizations/5e567cffed06f70001d61e9e?overrideScoreId=score,,45,custom home building+63,http://www.linkedin.com/company/highmarkcos,https://www.facebook.com/HighmarkCompanies,,,,
Premium Painting,http://www.premiumpainting-msp.com,,,Minneapolis,Minnesota,,,,,,apollo,"painting company, painting services - Minnesota",https://app.apollo.io/#/organizations/54a129de69702db64841c901?overrideScoreId=score,,45,wallpaper removal+62,http://www.linkedin.com/company/premium-painting,,,,,
Paint EZ,http://www.paintez.com,,,Provo,Utah,,,,,,apollo,"painting company, painting services - Utah",https://app.apollo.io/#/organizations/614ed9a60d18890001f7dfb5?overrideScoreId=score,15.1M,44,interior painting+5,http://www.linkedin.com/company/paintez,https://facebook.com/pages/About-The-House-Painting-and-Repair/712556578780965,,,,
"Unforgettable Coatings, Inc.",http://www.unforgettablecoatings.com,,,Unforgettable Coatings,Inc.,,,,,,apollo,"painting company, painting services - Inc.",https://app.apollo.io/#/organizations/556d263f7369641261faa200?overrideScoreId=score,,44,,http://www.linkedin.com/company/unforgettable-coatings-inc-,,,,,
Ktn Construction,http://www.ktnbuilders.com,,,North Port,Florida,,,,,,apollo,"painting company, painting services - Florida",https://app.apollo.io/#/organizations/556969007369642541d61f00?overrideScoreId=score,,44,site management+113,http://www.linkedin.com/company/ktn-construction,,,,,
PPD Painting,http://www.ppdpainting.com,,,Bellwood,Illinois,,,,,,apollo,"painting company, painting services - Illinois",https://app.apollo.io/#/organizations/54a1b93d7468694f8fbf6e0b?overrideScoreId=score,2.6M,44,,http://www.linkedin.com/company/precision-painting-&-decorating-llc-,https://www.facebook.com/PrecisionPaintingDecorating,https://twitter.com/PPDPainting1,,,
Universal Industrial Painting,http://www.universalpainting.com,,,Lakeland,Florida,,,,,,apollo,"painting company, painting services - Florida",https://app.apollo.io/#/organizations/54a1343969702d38bb671e00?overrideScoreId=score,6.2M,44,paintingcoatings+59,http://www.linkedin.com/company/universal-painting-corporation,https://facebook.com/UIPCL/info,https://twitter.com/universalpaint,,,
Evolve Construction & Restoration,http://www.evolveconstruction.com,,,Naples,Florida,,,,,,apollo,"painting company, painting services - Florida",https://app.apollo.io/#/organizations/63e0d95cffd9c301485ac108?overrideScoreId=score,,43,roofing+51,http://www.linkedin.com/company/evolveconstruction,https://www.facebook.com/evolveconstructioncompany,https://twitter.com/evolveBuild,,,
Duggan and Associates,http://www.dugganla.com,,,Los Angeles,California,,,,,,apollo,"painting company, painting services - California",https://app.apollo.io/#/organizations/5d33f360f651253558fc210e?overrideScoreId=score,3.9M,43,commercial painting+99,http://www.linkedin.com/company/dugganla,https://facebook.com/DugganAndAssoc,https://twitter.com/DugganGLA,,,
Mike's Quality Painting,http://www.mikesqualitypainting.com,,,Albuquerque,New Mexico,,,,,,apollo,"painting company, painting services - New Mexico",https://app.apollo.io/#/organizations/5500afb27369642da1440600?overrideScoreId=score,3.2M,43,interior painting+51,http://www.linkedin.com/company/mike's-quality-painting,https://www.facebook.com/MikesQualityPainting/,https://twitter.com/MQPABQ,,,
"United Painting Services, Inc",http://www.unitedpaintingservices.com,,,United Painting Services,Inc,,,,,,apollo,"painting company, painting services - Inc",https://app.apollo.io/#/organizations/54a12b1769702d93136b8302?overrideScoreId=score,4.0M,43,abrasive blasting+55,http://www.linkedin.com/company/united-painting-services-inc,https://facebook.com/pages/United-Painting-Services-Inc/132995103435468,https://twitter.com/UPainting,,,
Apex Painting,http://www.apexpainting.biz,,,Owatonna,Minnesota,,,,,,apollo,"painting company, painting services - Minnesota",https://app.apollo.io/#/organizations/5e58392ad5bd4a00015bd99d?overrideScoreId=score,,42,maintenance painting+45,http://www.linkedin.com/company/apexpainting,,,,,
Absolute Painting,http://www.absolutehousepainters.com,,,Lawrence,Kansas,,,,,,apollo,"painting company, painting services - Kansas",https://app.apollo.io/#/organizations/5e5768e4f5f6f300017589bf?overrideScoreId=score,1.8M,42,historic exterior+113,http://www.linkedin.com/company/absolute-painting,https://facebook.com/pages/Absolute-Painting-LLC/247124858761131,https://twitter.com/painterabsolute,,,
Cor-Ray Painting Co.,http://www.corraypainting.com,,,Santa Fe Springs,California,,,,,,apollo,"painting company, painting services - California",https://app.apollo.io/#/organizations/5e5594e646ce93000115c84f?overrideScoreId=score,15.7M,42,corrosion control+51,http://www.linkedin.com/company/cor-ray-painting-co,,,,,
Pennsylvania Tool Sales and Service,http://www.penntoolsalesandservice.com,,,Youngstown,Ohio,,,,,,apollo,"painting company, painting services - Ohio",https://app.apollo.io/#/organizations/54a1a3327468694f8fc1d203?overrideScoreId=score,,42,construction supplies+53,http://www.linkedin.com/company/pennsylvania-tool-sales-and-service,https://facebook.com/pennsylvania-tool-sales-service-126311624089807,,,,
Protective Coatings Inc,http://www.pci-corp.biz,,,Dayton,Ohio,,,,,,apollo,"painting company, painting services - Ohio",https://app.apollo.io/#/organizations/5f47dc911a2d9600011133c2?overrideScoreId=score,,41,,http://www.linkedin.com/company/protective-coatings-inc,,,,,
Affordable Renovations,http://www.affordablerenovationssa.com,,,New York,New York,,,,,,apollo,"painting company, painting services - New York",https://app.apollo.io/#/organizations/5d0a86acf65125d0ed8157bf?overrideScoreId=score,,41,remodeling services+38,http://www.linkedin.com/company/affordable-renovations,,,,,
Base Construction,http://www.baseconstructionca.com,,,Buena Park,California,,,,,,apollo,"painting company, painting services - California",https://app.apollo.io/#/organizations/54a20dd17468693cdd819a08?overrideScoreId=score,,41,process piping+56,http://www.linkedin.com/company/base-construction,,https://twitter.com/base_coninc,,,
"Campbell Painting, Inc.",http://www.campbellpaintinginc.com,,,Campbell Painting,Inc.,,,,,,apollo,"painting company, painting services - Inc.",https://app.apollo.io/#/organizations/54a1d02b746869547526d412?overrideScoreId=score,,41,,http://www.linkedin.com/company/campbell-painting-inc.,,,,,
Three Stone,http://www.threestone.com,,,Franklin,Tennessee,,,,,,apollo,"painting company, painting services - Tennessee",https://app.apollo.io/#/organizations/65a9081852f7bd0001b1a31c?overrideScoreId=score,,40,roofingwindows+49,http://www.linkedin.com/company/threestoneexteriors,,,,,
Coast to Coast General Contractors,http://www.coasttocoastgc.com,,,Hollywood,Florida,,,,,,apollo,"painting company, painting services - Florida",https://app.apollo.io/#/organizations/5e55c2248a71b100016edc25?overrideScoreId=score,5.6M,40,structural restoration+58,http://www.linkedin.com/company/ctcgc,http://www.facebook.com/coasttocoastgc,http://www.twitter.com/coasttocoastgc,,,
Superior Painting Company,http://www.superiorpainters.com,,,Red Oak,Texas,,,,,,apollo,"painting company, painting services - Texas",https://app.apollo.io/#/organizations/55f9384ff3e5bb22820024bb?overrideScoreId=score,,40,residential painters+52,http://www.linkedin.com/company/superior-painting-company,https://www.facebook.com/superiorpaintingcompany,https://twitter.com/gregpelt,,,
Webfoot Home Improvements,http://www.webfoothome.com,,,Bend,Oregon,,,,,,apollo,"painting company, painting services - Oregon",https://app.apollo.io/#/organizations/54a11bbe69702d918c705600?overrideScoreId=score,9.4M,40,carpentry+62,http://www.linkedin.com/company/webfoot-bend,https://www.facebook.com/webfoothomeimprovements,https://twitter.com/WebfootPainting,,,
RAL Construction,http://www.ral-construction.com,,,Ardmore,Alabama,,,,,,apollo,"painting company, painting services - Alabama",https://app.apollo.io/#/organizations/5569cc0e7369642541189700?overrideScoreId=score,,26,home improvement+46,http://www.linkedin.com/company/ral-construction,,,,,
"Sundeleaf Painting, Inc.",http://www.sundeleafpainting.com,,,Sundeleaf Painting,Inc.,,,,,,apollo,"painting company, painting services - Inc.",https://app.apollo.io/#/organizations/54a1349069702d48e2621d00?overrideScoreId=score,10.5M,17,,http://www.linkedin.com/company/sundeleaf-painting-inc-,https://facebook.com/pages/Sundeleaf-Painting/110848662270932,,,,
Jmy Construction Inc,http://www.jmyconstruction.com,,,Harvest,Alabama,,,,,,apollo,"painting company, painting services - Alabama",https://app.apollo.io/#/organizations/55920b73736964185f413700?overrideScoreId=score,,12,electrical work+34,http://www.linkedin.com/company/jmy-construction-inc,,,,,
"Teague Construction Systems, Inc. - TCSI",http://www.teaguecsi.com,,,Teague Construction Systems,Inc. - TCSI,,,,,,apollo,"painting company, painting services - Inc. - TCSI",https://app.apollo.io/#/organizations/6138582d54ec1e00a4ae117f?overrideScoreId=score,,11,modified roofing+63,http://www.linkedin.com/company/teaguecsi,,,,,
"Stanley Smith Drywall, Inc.",http://www.stanleysmithdrywall.com,,,Stanley Smith Drywall,Inc.,,,,,,apollo,"painting company, painting services - Inc.",https://app.apollo.io/#/organizations/5ed93744bc12b60001f28408?overrideScoreId=score,,11,regional construction+47,http://www.linkedin.com/company/stanley-smith-drywall-inc.,,,,,
Home Repair Service,http://www.hrsbham.com,,,Pelham,Alabama,,,,,,apollo,"painting company, painting services - Alabama",https://app.apollo.io/#/organizations/663332c1dc445707f5f4d9fb?overrideScoreId=score,,10,basement finishing+66,http://www.linkedin.com/company/hrsbham,https://www.facebook.com/hrsbham/,,,,
Martin Painting Services,,,,Dothan,Alabama,,,,,,apollo,"painting company, painting services - Alabama",https://app.apollo.io/#/organizations/55923f6a736964191240f300?overrideScoreId=score,,7,,http://www.linkedin.com/company/martin-painting-services,,,,,
Chavez Painting Services,http://www.chavezpaintingrva.com,,,Huntsville,Alabama,,,,,,apollo,"painting company, painting services - Alabama",https://app.apollo.io/#/organizations/5592065f736964191e632500?overrideScoreId=score,,5,,http://www.linkedin.com/company/chavez-painting-services,,,,,
Select Drywall Systems Inc.,http://www.selectdrywallsystem.com,,,Helena,Alabama,,,,,,apollo,"painting company, painting services - Alabama",https://app.apollo.io/#/organizations/641920798dbcf60001e24186?overrideScoreId=score,,4,acoustical contractor+98,http://www.linkedin.com/company/select-drywalll-systems-inc,,,,,
Fox Painting Services,http://www.foxpaintingservices.com,,,Birmingham,Alabama,,,,,,apollo,"painting company, painting services - Alabama",https://app.apollo.io/#/organizations/5a9cb7d9a6da98d9852829fe?overrideScoreId=score,,3,commercialexterior+2,http://www.linkedin.com/company/fox-painting-services,,,,,
Tidal Touch,http://www.tidaltouchpaint.com,,,Daphne,Alabama,,,,,,apollo,"painting company, painting services - Alabama",https://app.apollo.io/#/organizations/683ad516b0aa290001a445d1?overrideScoreId=score,,2,deck staining+61,http://www.linkedin.com/company/tidal-touch-painting,,,,,
RPS | Riley Painting Services,,,,Huntsville,Alabama,,,,,,apollo,"painting company, painting services - Alabama",https://app.apollo.io/#/organizations/67162881a616240001456238?overrideScoreId=score,,2,,http://www.linkedin.com/company/riley-painting-services,,,,,
"MNM Painting and Roofing, LLC",http://www.mnmpaintandroof.com,,,Tuscaloosa,Alabama,,,,,,apollo,"painting company, painting services - Alabama",https://app.apollo.io/#/organizations/6654438a669fc10001f8cead?overrideScoreId=score,,1,roofing materials+48,http://www.linkedin.com/company/mnm-painting-and-roofing-llc,https://www.facebook.com/people/MNM-Painting-Roofing-LLC,,,,
Alaska Painting Services,http://www.alaskapaintingonline.com,,,Anchorage,Alaska,,,,,,apollo,"painting company, painting services - Alaska",https://app.apollo.io/#/organizations/57c4f10fa6da986a87fbf581?overrideScoreId=score,,5,home servicespainters,http://www.linkedin.com/company/alaska-painting-services,https://www.facebook.com/miamipaintingcontractors,https://twitter.com/alaskapainting,,,
Patronas Home Repair LLC,http://www.patronashomerepair.com,,,Anchorage,Alaska,,,,,,apollo,"painting company, painting services - Alaska",https://app.apollo.io/#/organizations/6100ed658b43e2000183b555?overrideScoreId=score,,2,home maintenance+50,http://www.linkedin.com/company/patronas-home-repair,,,,,
Paint Kings,http://www.paintkings.com,,,Tucson,Arizona,,,,,,apollo,"painting company, painting services - Arizona",https://app.apollo.io/#/organizations/54a1b6c07468694f8f0c810a?overrideScoreId=score,18.9M,38,painting contractor+45,http://www.linkedin.com/company/paint-kings,https://facebook.com/pages/The-Paint-Kings-Inc/233721226781289,https://twitter.com/paintkings,,,
Roadrunner Drywall & Paint Corp,http://www.roadrunnerdrywall.com,,,Scottsdale,Arizona,,,,,,apollo,"painting company, painting services - Arizona",https://app.apollo.io/#/organizations/54a1ba1d74686942d3149c0b?overrideScoreId=score,,35,customer service+88,http://www.linkedin.com/company/roadrunner-drywall-corp,,,,,
"Extreme Drywall Concepts, LLC",http://www.extremedrywallconcepts.com,,,Phoenix,Arizona,,,,,,apollo,"painting company, painting services - Arizona",https://app.apollo.io/#/organizations/5da53c2e91250a0001da6a0d?overrideScoreId=score,,32,metal stud framing+57,http://www.linkedin.com/company/extremedrywallconcepts,https://www.facebook.com/extremedrywallconcepts,,,,
"Design Drywall West, Inc.",http://www.designdrywallwest.com,,,Design Drywall West,Inc.,,,,,,apollo,"painting company, painting services - Inc.",https://app.apollo.io/#/organizations/5d095460f65125d6974a0101?overrideScoreId=score,17.5M,24,construction+40,http://www.linkedin.com/company/design-drywall-west-inc,https://www.facebook.com/designdrywallwest,,,,
"JOHANSEN INTERIORS, LLC",http://www.johanseninteriors.net,,,Chandler,Arizona,,,,,,apollo,"painting company, painting services - Arizona",https://app.apollo.io/#/organizations/5b14a9b5a6da98712ec048a6?overrideScoreId=score,,24,retail construction+91,http://www.linkedin.com/company/johansen-interiors-llc,https://www.facebook.com/Johanseninteriors/,,,,
"Indigo Contracting, LLC dba Indigo Paint & Contracting",http://www.indigocontracting.com,,,Phoenix,Arizona,,,,,,apollo,"painting company, painting services - Arizona",https://app.apollo.io/#/organizations/5569ee6d736964255da0b300?overrideScoreId=score,30.2M,23,repaintingretail+64,http://www.linkedin.com/company/indigo-paint-&-contracting,https://facebook.com/IndigoContracting,,,,
LUXOR PAINTING INC.,http://www.luxorpaintinginc.com,,,Tempe,Arizona,,,,,,apollo,"painting company, painting services - Arizona",https://app.apollo.io/#/organizations/54fca42b7369647e12331d00?overrideScoreId=score,197K,19,house painting+69,http://www.linkedin.com/company/luxor-painting-inc-,https://www.facebook.com/LuxorPaintingInc,https://twitter.com/painting_luxor,,,
Coyles Painting,http://www.coylespainting.com,,,Mesa,Arizona,,,,,,apollo,"painting company, painting services - Arizona",https://app.apollo.io/#/organizations/5592306f736964191ec1bd00?overrideScoreId=score,,18,,http://www.linkedin.com/company/coyles-painting,,,,,
"CDS Framing, Inc.",http://www.cdsframing.com,,,CDS Framing,Inc.,,,,,,apollo,"painting company, painting services - Inc.",https://app.apollo.io/#/organizations/54a12a4b69702db6487cfb01?overrideScoreId=score,9.5M,18,drywall+54,http://www.linkedin.com/company/cds-framing-inc.,,,,,
Evolution Construction Services,,,,Phoenix,Arizona,,,,,,apollo,"painting company, painting services - Arizona",https://app.apollo.io/#/organizations/624f0905b46ac300a59b9b6a?overrideScoreId=score,,17,property maintenance+23,http://www.linkedin.com/company/evolutionarizona,,,,,
"Nelson J. Greer Painting Contractors, Inc",http://www.nelsongreerpainting.com,,,Nelson J. Greer Painting Contractors,Inc,,,,,,apollo,"painting company, painting services - Inc",https://app.apollo.io/#/organizations/54a1aecf74686949e702a807?overrideScoreId=score,11.1M,17,commercial buildings+76,http://www.linkedin.com/company/nelson-j-greer-painting-contr,https://facebook.com/nelson-j-greer-painting-111711240607701,,,,
Wall Assemblies,http://www.wallassemblies.com,,,Phoenix,Arizona,,,,,,apollo,"painting company, painting services - Arizona",https://app.apollo.io/#/organizations/5e55a3768184b40001fd8fbc?overrideScoreId=score,,16,drywall+50,http://www.linkedin.com/company/wallassemblies,,,,,
AO Services LLC,http://www.aoservicesco.com,,,Tempe,Arizona,,,,,,apollo,"painting company, painting services - Arizona",https://app.apollo.io/#/organizations/5fcab031b6fa100001d6d101?overrideScoreId=score,,13,mold remediation+67,http://www.linkedin.com/company/aoservicesllc,,,,,
Fine Point Finishes,http://www.finepointfinishes.com,,,Phoenix,Arizona,,,,,,apollo,"painting company, painting services - Arizona",https://app.apollo.io/#/organizations/5e55a1002361de000119e0ff?overrideScoreId=score,,13,remodeling+67,http://www.linkedin.com/company/fine-point-finishes-az,https://facebook.com/finepointfinishes,,,,
"Skyline Builders & Restoration, Inc.",http://www.azsbr.com,,,Skyline Builders & Restoration,Inc.,,,,,,apollo,"painting company, painting services - Inc.",https://app.apollo.io/#/organizations/65c9f9125095f70001b97aa2?overrideScoreId=score,22.1M,12,client relationships+52,http://www.linkedin.com/company/skyline-builders-&-restoration-inc.,,,,,
AKP SERVICES,http://www.akpservices.com,,,Tempe,Arizona,,,,,,apollo,"painting company, painting services - Arizona",https://app.apollo.io/#/organizations/5e55d162f453b00001843a6c?overrideScoreId=score,,12,painting+65,http://www.linkedin.com/company/akpservices,https://www.facebook.com/AKPServicesUSA/,https://twitter.com/AkpServices,,,
Danny White Painting Inc.,http://www.dannywhitepainting.com,,,Phoenix,Arizona,,,,,,apollo,"painting company, painting services - Arizona",https://app.apollo.io/#/organizations/55f73256f3e5bb190e023f43?overrideScoreId=score,14.2M,12,quality workmanship+34,http://www.linkedin.com/company/danny-white-painting-inc-,,,,,
Alder Home Craft,http://www.alderhomecraft.com,,,Gilbert,Arizona,,,,,,apollo,"painting company, painting services - Arizona",https://app.apollo.io/#/organizations/665687234cebd8034a8f473a?overrideScoreId=score,,10,home improvement+63,http://www.linkedin.com/company/alderhomecraft,,,,,
Painting Solutions Inc.,http://www.paintingsolutionsaz.com,,,Phoenix,Arizona,,,,,,apollo,"painting company, painting services - Arizona",https://app.apollo.io/#/organizations/614d81da3a98da000123ce57?overrideScoreId=score,,10,epoxy coatings+82,http://www.linkedin.com/company/painting-solutions-inc,https://www.facebook.com/PaintingSolutionsAZ/,,,,
Gilbert's Arizona Painting Contractors,http://www.gilbertspainting.com,,,Gilbert,Arizona,,,,,,apollo,"painting company, painting services - Arizona",https://app.apollo.io/#/organizations/5e55a3217013e9000129585a?overrideScoreId=score,,10,industrial facilities+74,http://www.linkedin.com/company/gilberts-arizona-painting-contractors,https://facebook.com/GilbertsPainting,https://twitter.com/GilbertPainting,,,
Country Boys Painting,http://www.countryboyspainting.com,,,Phoenix,Arizona,,,,,,apollo,"painting company, painting services - Arizona",https://app.apollo.io/#/organizations/56e6ea80f3e5bb3a24013090?overrideScoreId=score,,10,maintenance painting+37,http://www.linkedin.com/company/country-boys-painting,,,,,
Arizona Professional Painting,http://www.azpropaint.com,,,Phoenix,Arizona,,,,,,apollo,"painting company, painting services - Arizona",https://app.apollo.io/#/organizations/54a11c2969702d84c5458200?,14.5M,10,,http://www.linkedin.com/company/arizona-professional-painting,https://www.facebook.com/AZProPaint/,,,,
"ALLSTAR PRO PAINTING, LLC",http://www.allstarpropainting.com,,,Gilbert,Arizona,,,,,,apollo,"painting company, painting services - Arizona",https://app.apollo.io/#/organizations/60aec6571c8ffa000192b6d0?,,8,,http://www.linkedin.com/company/allstarpropainting,,,,,
PINON PAINTING,http://www.pinonpainting.com,,,Prescott,Arizona,,,,,,apollo,"painting company, painting services - Arizona",https://app.apollo.io/#/organizations/55eaadc9f3e5bb5ef400206c?,16.6M,8,commercial+94,http://www.linkedin.com/company/pinon-painting,https://facebook.com/pages/Pinon-Painting/154851881221682,,,,
Metzger's Painting Professionals,http://www.metzgerspainting.com,,,Phoenix,Arizona,,,,,,apollo,"painting company, painting services - Arizona",https://app.apollo.io/#/organizations/63b6b09e9e5f6900a3595530?,,7,commerical painting+74,http://www.linkedin.com/company/metzgerspainting,https://facebook.com/metzgerspainting/,https://twitter.com/MetzgersPaint,,,
Albrecht And Son LLC,http://www.albrechtandson.com,,,Youngtown,Arizona,,,,,,apollo,"painting company, painting services - Arizona",https://app.apollo.io/#/organizations/54a1a36c7468695475e9be03?,34.2M,7,project consulation+68,http://www.linkedin.com/company/albrecht-and-son,https://www.facebook.com/albrecht&sonllc,https://twitter.com/albrechtandson,,,
"Leach Painting, Inc.",http://www.leachpainting.com,,,Leach Painting,Inc.,,,,,,apollo,"painting company, painting services - Inc.",https://app.apollo.io/#/organizations/54a1347869702d2f9f097900?,6.5M,7,residential painting+31,http://www.linkedin.com/company/leach-painting-inc.,https://facebook.com/pages/Leach-Painting-Inc/186871581343157,https://twitter.com/LeachPaint,,,
"Daisy Mountain Painting Services, LLC",http://www.daisymountainpainting.com,,,Phoenix,Arizona,,,,,,apollo,"painting company, painting services - Arizona",https://app.apollo.io/#/organizations/674cd6c0abc19b0001bac0cc?,,6,,http://www.linkedin.com/company/daisy-mountain-painting-services-llc,,,,,
"1 BY 1 ROOF, SOLAR, & PAINT",http://www.1by1roof.com,,,Tucson,Arizona,,,,,,apollo,"painting company, painting services - Arizona",https://app.apollo.io/#/organizations/6396b9be0f44bd00a34467b0?,,6,residential roofing+104,http://www.linkedin.com/company/1-by-1-roof,https://www.facebook.com/1by1Roof,,,,
"Miko, LLC",http://www.mikollc.com,,,Phoenix,Arizona,,,,,,apollo,"painting company, painting services - Arizona",https://app.apollo.io/#/organizations/6360f461a7c99700b4939e7f?,,6,remodels+74,http://www.linkedin.com/company/miko-llc,https://www.facebook.com/mikollc/,,,,
"Ganado Painting and Wallcovering, Inc.",http://www.ganadopainting.com,,,Ganado Painting and Wallcovering,Inc.,,,,,,apollo,"painting company, painting services - Inc.",https://app.apollo.io/#/organizations/54a128db69702d979c5c5f01?,18M,6,,http://www.linkedin.com/company/ganado-painting-and-wallcovering-inc-,https://facebook.com/pages/Ganado-Painting-and-Wallcovering-Inc/147125292059484,,,,
Infinity Paving,http://www.infinitypavingaz.com,,,Phoenix,Arizona,,,,,,apollo,"painting company, painting services - Arizona",https://app.apollo.io/#/organizations/619e086cc590b500daf18c68?,,5,,http://www.linkedin.com/company/infinitypaving,,,,,
Repair Masters,http://www.repairmastersarizona.com,,,Gilbert,Arizona,,,,,,apollo,"painting company, painting services - Arizona",https://app.apollo.io/#/organizations/65c92ddebf5dbb00017cfad2?,,4,property flips+37,http://www.linkedin.com/company/repair-masters-az,,,,,
COe-Renovation,http://www.coerenovation.com,,,Phoenix,Arizona,,,,,,apollo,"painting company, painting services - Arizona",https://app.apollo.io/#/organizations/5b86fd59f874f708f3d78269?,,3,hotel conversion+70,http://www.linkedin.com/company/coe-renovation,https://www.facebook.com/1845791319069098,,,,
Dougherty Painting Company,http://www.dohertypainting.com,,,Phoenix,Arizona,,,,,,apollo,"painting company, painting services - Arizona",https://app.apollo.io/#/organizations/556d8fb77369641226d03a01?,,3,,http://www.linkedin.com/company/dougherty-painting-company,,,,,
WILDCAT PAINTING COMPANY L.L.C.,http://www.wildcatpaintingcompany.com,,,Tucson,Arizona,,,,,,apollo,"painting company, painting services - Arizona",https://app.apollo.io/#/organizations/66f52b695a44f10001b41200?,,2,,http://www.linkedin.com/company/wildcat-painting-company-l.l.c.,,,,,
Adix Painting - Dedicated to Raising the Standard for Residential Interior and Exterior Painting,http://www.adixpainting.com,,,Phoenix,Arizona,,,,,,apollo,"painting company, painting services - Arizona",https://app.apollo.io/#/organizations/5b13331da6da98dcb5c7d637?,,2,coaching+14,http://www.linkedin.com/company/adix-painting-phoenix-az,,,,,
K&M Painting and Decorating,http://www.kandm-painting.com,,,Scottsdale,Arizona,,,,,,apollo,"painting company, painting services - Arizona",https://app.apollo.io/#/organizations/556d3719736964123814c000?,22.1M,2,acoustical ceilings+27,http://www.linkedin.com/company/k&m-painting-and-decorating,https://facebook.com/kmpainting,,,,
"LIFE IN COLOR PAINTING SERVICES, LLC",http://www.lifeincolorpainting.com,,,San Tan Valley,Arizona,,,,,,apollo,"painting company, painting services - Arizona",https://app.apollo.io/#/organizations/6731955424c32c0001d29e1b?,18.7M,1,,http://www.linkedin.com/company/life-in-color-painting-services-llc,https://facebook.com/lifeincolorpainting,,,,
Elizarraraz Painting,http://www.elizarrarazpainting.com,,,Mesa,Arizona,,,,,,apollo,"painting company, painting services - Arizona",https://app.apollo.io/#/organizations/65eaf7f91f08d10007f60591?,,1,,http://www.linkedin.com/company/elizarraraz-painting,,,,,
"The Experts Service Systems, LLC",http://www.expertsservicesystems.com,,,Peoria,Arizona,,,,,,apollo,"painting company, painting services - Arizona",https://app.apollo.io/#/organizations/5ed26bdd2fba0d0001e28def?,,1,renovations+6,http://www.linkedin.com/company/the-experts-service-systems-llc,,,,,
ECO-LIFE CLEANING & PAINTING,http://www.eco-lifecleaningandpainting.com,,,Scottsdale,Arizona,,,,,,apollo,"painting company, painting services - Arizona",https://app.apollo.io/#/organizations/55eb98c9f3e5bb237900119a?,,1,,http://www.linkedin.com/company/eco-life-cleaning,,,,,
EVO Construction Services,http://www.evogc.com,,,Phoenix,Arizona,,,,,,apollo,"painting company, painting services - Arizona",https://app.apollo.io/#/organizations/68d1051d0a145d0015061103?,,2,construction+57,http://www.linkedin.com/company/evo-construction-services,,,,,
CAPITAL PAINTING COMPANY LLC,http://www.capitalpaintingcompany.com,,,Gilbert,Arizona,,,,,,apollo,"painting company, painting services - Arizona",https://app.apollo.io/#/organizations/66f8d0bde0d5a00001b4789d?,,,,http://www.linkedin.com/company/capital-painting-company-llc,https://www.facebook.com/CapitalPaintingCompany,,,,
MCCORMICK PAINTING COMPANY,http://www.mccormickequipmentrentals.com,,,Little Rock,Arkansas,,,,,,apollo,"painting company, painting services - Arkansas",https://app.apollo.io/#/organizations/672dd53ba379130001a6aeb9?overrideScoreId=score,4.0M,15,,http://www.linkedin.com/company/mccormick-painting-company,https://facebook.com/pages/Maven/219081551481695,https://twitter.com/mavensf,,,
Turpin Painting Company Inc,,,,Little Rock,Arkansas,,,,,,apollo,"painting company, painting services - Arkansas",https://app.apollo.io/#/organizations/55921aff73696418f64c6f00?overrideScoreId=score,,7,,http://www.linkedin.com/company/turpin-painting-company-inc,,,,,
Quality Painting Company,http://www.adamroepaint.com,,,Camden,Arkansas,,,,,,apollo,"painting company, painting services - Arkansas",https://app.apollo.io/#/organizations/674810bf3e0e4200017de341?overrideScoreId=score,,6,,http://www.linkedin.com/company/quality-painting-company,,,,,
Hartley Commercial,http://www.hartleycommercial.com,,,Lowell,Arkansas,,,,,,apollo,"painting company, painting services - Arkansas",https://app.apollo.io/#/organizations/650abbe2fb10f8000195867d?overrideScoreId=score,,3,wallcoverings+28,http://www.linkedin.com/company/hartley-commercial,,,,,
PS2 Inc,http://www.ps2-inc.com,,,Gardena,California,,,,,,apollo,"painting company, painting services - California",https://app.apollo.io/#/organizations/55eb491cf3e5bb781e0034a2?overrideScoreId=score,14.5M,38,,http://www.linkedin.com/company/ps2-inc,,,,,
TR Construction,http://www.tr-construction.com,,,San Diego,California,,,,,,apollo,"painting company, painting services - California",https://app.apollo.io/#/organizations/54a11cd669702d918cb1c500?overrideScoreId=score,6.0M,37,roofing+64,http://www.linkedin.com/company/tr-construction,https://facebook.com/pages/San-Diego-CA/TR-Construction/108017392596046,https://twitter.com/tr_construction,,,
Whitestone Industries,http://www.wsindustries.com,,,Pasadena,California,,,,,,apollo,"painting company, painting services - California",https://app.apollo.io/#/organizations/5f28786074e70000bebc0fe3?overrideScoreId=score,,36,deep clean+65,http://www.linkedin.com/company/wsindustries,https://www.facebook.com/WSindustries/,,,,
Crown Painting Inc,http://www.crownpaintinginc.com,,,Modesto,California,,,,,,apollo,"painting company, painting services - California",https://app.apollo.io/#/organizations/5e56abdf6e001c00015bca1e?overrideScoreId=score,27.3M,35,epoxy floors+49,http://www.linkedin.com/company/crown-painting,https://facebook.com/CrownPaintingInc,,,,
"George E. Masker, Inc.",http://www.maskerpainting.com,,,George E. Masker,Inc.,,,,,,apollo,"painting company, painting services - Inc.",https://app.apollo.io/#/organizations/54a1df3e7468695475ab5e15?overrideScoreId=score,23.3M,35,painting services+38,http://www.linkedin.com/company/george-e-masker-inc,,,,,
Lancaster Painting,http://www.lancasterpainting.com,,,Denair,California,,,,,,apollo,"painting company, painting services - California",https://app.apollo.io/#/organizations/54a1c84874686949e7fbae10?overrideScoreId=score,18.8M,34,inteiror+32,http://www.linkedin.com/company/lancaster-painting,https://facebook.com/LancasterPainting,https://twitter.com/lancasterpaint,,,
Pro-Tech Painting,http://www.pro-techpainting.com,,,San Diego,California,,,,,,apollo,"painting company, painting services - California",https://app.apollo.io/#/organizations/54a11c5369702d8ccce59700?overrideScoreId=score,15.7M,34,interior+63,http://www.linkedin.com/company/pro-tech-painting,https://www.facebook.com/protechpaintcompany/,https://twitter.com/protechpaintco,,,
MC Contracting,http://www.mc-contracting.com,,,Oceanside,California,,,,,,apollo,"painting company, painting services - California",https://app.apollo.io/#/organizations/5b84c54d324d44716a2001c4?overrideScoreId=score,,33,,http://www.linkedin.com/company/mc-contracting,,,,,
Acoustical Drywall Services,http://www.spray1.com,,,Pleasanton,California,,,,,,apollo,"painting company, painting services - California",https://app.apollo.io/#/organizations/54a1356b69702d4494de9800?overrideScoreId=score,6.9M,32,,http://www.linkedin.com/company/acoustical-drywall-services,https://facebook.com/acousticaldrywall,,,,
Legacy Painting Contractors,http://www.legacypaintingcontractorsca.com,,,Pleasanton,California,,,,,,apollo,"painting company, painting services - California",https://app.apollo.io/#/organizations/5500b2d97369642daa6a2a00?overrideScoreId=score,8.9M,31,painting contractors+5,http://www.linkedin.com/company/legacy-painting-contractors,https://facebook.com/LegacyPaintingContractors,https://twitter.com/legacypainting,,,
Pacific Western Painting and Construction,http://www.pacwestpainting.com,,,San Marcos,California,,,,,,apollo,"painting company, painting services - California",https://app.apollo.io/#/organizations/54a1295d69702dcef98e9301?overrideScoreId=score,5.9M,30,painting+65,http://www.linkedin.com/company/pacific-western-commercial-and-residential-painting,https://www.facebook.com/pacwestpaintingandconstruction/,https://twitter.com/pacwestpaint,,,
"Magic Maintenance, Inc.",http://www.magicmaintenanceinc.com,,,Magic Maintenance,Inc.,,,,,,apollo,"painting company, painting services - Inc.",https://app.apollo.io/#/organizations/67a252109b81e902d0f766a2?overrideScoreId=score,,27,restoration services+53,http://www.linkedin.com/company/magicmaintenanceinc,,,,,
Urban Painting,http://www.urbanpainting.com,,,San Rafael,California,,,,,,apollo,"painting company, painting services - California",https://app.apollo.io/#/organizations/5ed25c0aeeff5c00012dc210?overrideScoreId=score,44.5M,27,metal coatings+56,http://www.linkedin.com/company/urbanpainting,,,,,
Mcr Construction,http://www.mcrdreambuilders.com,,,Moorpark,California,,,,,,apollo,"painting company, painting services - California",https://app.apollo.io/#/organizations/57c505daa6da986a1b288fdf?overrideScoreId=score,,27,new construction+59,http://www.linkedin.com/company/mcr-construction,,,,,
Varsity Painting,http://www.varsitypainting.com,,,Walnut Creek,California,,,,,,apollo,"painting company, painting services - California",https://app.apollo.io/#/organizations/54a137f869702d9b89351100?overrideScoreId=score,3.4M,27,,http://www.linkedin.com/company/varsity-painting,https://facebook.com/pages/Varsity-Painting/194959223877669,https://twitter.com/rolandthoms,,,
Steves Painting,http://www.stevespaintinginc.com,,,Ontario,California,,,,,,apollo,"painting company, painting services - California",https://app.apollo.io/#/organizations/55ec9b1bf3e5bb12cd0049e6?overrideScoreId=score,,26,wood restoration+53,http://www.linkedin.com/company/steves-painting,,,,,
ATS Construction Inc.,http://www.atsconstructioninc.net,,,Los Angeles,California,,,,,,apollo,"painting company, painting services - California",https://app.apollo.io/#/organizations/5b15c28fa6da98711266965c?overrideScoreId=score,,25,remodeling+67,http://www.linkedin.com/company/ats-linkedin,https://www.facebook.com/profile.php,,,,
PSR West Coast Builders,http://www.psrgc.com,,,Lafayette,California,,,,,,apollo,"painting company, painting services - California",https://app.apollo.io/#/organizations/6346eba7e4661900e4513f35?overrideScoreId=score,,24,,http://www.linkedin.com/company/psr-west-coast-builders,,,,,
ALP CONSTRUCTION & PAINTING INC,http://www.alpconstructionca.com,,,Pleasant Hill,California,,,,,,apollo,"painting company, painting services - California",https://app.apollo.io/#/organizations/5e5694241a459300015c93bc?overrideScoreId=score,,24,fencing & sound walls+63,http://www.linkedin.com/company/alp-construction-&-painting-inc,https://www.facebook.com/Alpconstructionandpainting/,https://twitter.com/ALP_Constructs,,,
Pacific Drywall,http://www.pacificdrywall.com,,,San Jose,California,,,,,,apollo,"painting company, painting services - California",https://app.apollo.io/#/organizations/5d0a82dba3ae613a6ca6c575?overrideScoreId=score,19M,24,wallpaper removal+37,http://www.linkedin.com/company/pacific-drywall,,,,,
Affinity Painting Company Inc.,http://www.affinity-painting.com,,,Covina,California,,,,,,apollo,"painting company, painting services - California",https://app.apollo.io/#/organizations/5da7015581f1650001b1c11f?overrideScoreId=score,2.2M,22,commercial+78,http://www.linkedin.com/company/affinity-painting-company-inc.,https://facebook.com/affinitypainting,https://twitter.com/AffinityPaints,,,
"Painting Unlimited, Inc.",http://www.paintingunlimited-inc.com,,,Painting Unlimited,Inc.,,,,,,apollo,"painting company, painting services - Inc.",https://app.apollo.io/#/organizations/5e57addca4128d0001c84836?overrideScoreId=score,,21,paint coatings+62,http://www.linkedin.com/company/painting-unlimited-inc.,,,,,
Rogall + Co.,http://www.rogall.com,,,Morro Bay,California,,,,,,apollo,"painting company, painting services - California",https://app.apollo.io/#/organizations/56d5ffd0f3e5bb35e50009d7?overrideScoreId=score,,21,residential+64,http://www.linkedin.com/company/rogall-painting-inc-,https://www.facebook.com/RogallCo,https://twitter.com/RogallCo,,,
"Vertex Coatings, Inc.",http://www.vertexcoatings.com,,,Vertex Coatings,Inc.,,,,,,apollo,"painting company, painting services - Inc.",https://app.apollo.io/#/organizations/55f7bb76f3e5bb4c880001f9?overrideScoreId=score,21.1M,20,painting+42,http://www.linkedin.com/company/vertex-coatings-inc-,,,,,
R&K TRADESMEN PLUMBING ELECTRICAL H.V.A.C. GENERAL CONRACTORS,http://www.rktradesmen.com,,,Los Angeles,California,,,,,,apollo,"painting company, painting services - California",https://app.apollo.io/#/organizations/54fca4d27369640180612f00?overrideScoreId=score,,20,,http://www.linkedin.com/company/r&k-tradesmen-plumbing-electrical-h-v-a-c-general-conractors,,,,,
Rayco Painting,http://www.raycopainting.com,,,Oakland,California,,,,,,apollo,"painting company, painting services - California",https://app.apollo.io/#/organizations/54a1287d69702dc84157e600?overrideScoreId=score,,20,hoa industry+46,http://www.linkedin.com/company/rayco-painting,,,,,
Troy's Painting,http://www.troyspainting.com,,,Santa Ana,California,,,,,,apollo,"painting company, painting services - California",https://app.apollo.io/#/organizations/54a1f9247468693fda340d02?overrideScoreId=score,26.7M,19,painting+50,http://www.linkedin.com/company/troy's-painting,,,,,
C2SI,http://www.c2si.com,,,Carlsbad,California,,,,,,apollo,"painting company, painting services - California",https://app.apollo.io/#/organizations/54a11ec369702da10f9e9a01?overrideScoreId=score,,19,,http://www.linkedin.com/company/consolidated-construction-services-inc.,,,,,
Urban Painting,http://www.urbanco.com,,,San Rafael,California,,,,,,apollo,"painting company, painting services - California",https://app.apollo.io/#/organizations/5f4a2969768ca90001ea10f2?overrideScoreId=score,,18,high rise buildings+27,http://www.linkedin.com/company/urban-waterproofing-inc.,,,,,
"National Renovation, Inc.",http://www.nationalrenovation.com,,,National Renovation,Inc.,,,,,,apollo,"painting company, painting services - Inc.",https://app.apollo.io/#/organizations/5f49ee92d5572a0001a4e410?overrideScoreId=score,,18,glass intallation+76,http://www.linkedin.com/company/national-renovation-inc,,,,,
Shafran Construction,http://www.shafranconstruction.com,,,Agoura Hills,California,,,,,,apollo,"painting company, painting services - California",https://app.apollo.io/#/organizations/54fca62873696401a7a53200?overrideScoreId=score,,17,painting services+51,http://www.linkedin.com/company/shafran-construction,https://facebook.com/teamshafran,https://twitter.com/shafrancon,,,
Elite Home Services SB,http://www.elite-homeservices.com,,,Santa Barbara,California,,,,,,apollo,"painting company, painting services - California",https://app.apollo.io/#/organizations/6412212086b27d00a3951ffd?overrideScoreId=score,,16,kitchen remodeling+57,http://www.linkedin.com/company/elite-home-services-sb,,,,,
R&L Quality Painting,http://www.rlqualitypainting.com,,,Brea,California,,,,,,apollo,"painting company, painting services - California",https://app.apollo.io/#/organizations/5ed211f9abf8dd0001a39465?overrideScoreId=score,,16,painting contractor+54,http://www.linkedin.com/company/r-l-quality-painting,https://www.facebook.com/rlqualitypainting/,,,,
"Perryman Painting & Remodeling, Inc.",http://www.perrymanpainting.com,,,Perryman Painting & Remodeling,Inc.,,,,,,apollo,"painting company, painting services - Inc.",https://app.apollo.io/#/organizations/5da52c87313a320001957a27?overrideScoreId=score,8.5M,16,,http://www.linkedin.com/company/perryman-painting-remodeling-inc,https://www.facebook.com/PerrymanPainting,https://twitter.com/perrymanpaintin,,,
River City Reconstruction & Painting,http://www.rcityrestoration.com,,,Sacramento,California,,,,,,apollo,"painting company, painting services - California",https://app.apollo.io/#/organizations/5569f8c973696434798a0100?overrideScoreId=score,,16,exterior painting+54,http://www.linkedin.com/company/river-city-reconstruction,https://www.facebook.com/rcityrestoration/,,,,
Armstrong Installation Service,http://www.armstrong1234.com,,,Emeryville,California,,,,,,apollo,"painting company, painting services - California",https://app.apollo.io/#/organizations/5da4609fd7e66f00017c2784?overrideScoreId=score,20.1M,15,foam roofing+58,http://www.linkedin.com/company/armstrong-installation-service,,,,,
"ALC Construction, LLC",http://www.alcconstructioninc.com,,,Los Angeles,California,,,,,,apollo,"painting company, painting services - California",https://app.apollo.io/#/organizations/556db209736964126c4f7401?overrideScoreId=score,,15,general contractor+50,http://www.linkedin.com/company/alc-construction-llc-,,,,,
Larson Bros. Painting,http://www.larsonbrospainting.com,,,Napa,California,,,,,,apollo,"painting company, painting services - California",https://app.apollo.io/#/organizations/54fca5e573696401aac03100?overrideScoreId=score,,15,carpentry repair+92,http://www.linkedin.com/company/larson-bros-painting,https://www.facebook.com/larsonbrospainting/,https://twitter.com/larsonbrospaint,,,
CalPro Construction & Painting,http://www.thinkcalpro.com,,,Roseville,California,,,,,,apollo,"painting company, painting services - California",https://app.apollo.io/#/organizations/54a1bb2174686942d34e040c?overrideScoreId=score,10.8M,15,,http://www.linkedin.com/company/calpro-painting,https://facebook.com/CalProPainting,,,,
"Roussos Construction, Inc.",http://www.roussosconstruction.com,,,Roussos Construction,Inc.,,,,,,apollo,"painting company, painting services - Inc.",https://app.apollo.io/#/organizations/54a13a2d69702db45dc7a800?overrideScoreId=score,,15,multifamily+83,http://www.linkedin.com/company/roussos-construction-services,https://facebook.com/roussosconstruction,,,,
"Landmark Painting, Inc.",http://www.landmarkpaintinginc.com,,,Landmark Painting,Inc.,,,,,,apollo,"painting company, painting services - Inc.",https://app.apollo.io/#/organizations/5da3684b0f892d00019d6579?overrideScoreId=score,,14,,http://www.linkedin.com/company/landmark-painting-inc.,,,,,
Around The House Handyman,http://www.hernandezhandymanservices.net,,,Fresno,California,,,,,,apollo,"painting company, painting services - California",https://app.apollo.io/#/organizations/57c505cfa6da986a673dacc5?overrideScoreId=score,,14,consumer services+50,http://www.linkedin.com/company/around-the-house-handyman,,,,,
McCarthy Painting Inc.,http://www.mccarthypainting.com,,,San Rafael,California,,,,,,apollo,"painting company, painting services - California",https://app.apollo.io/#/organizations/54a1c25974686949e7c0960e?overrideScoreId=score,,14,interior painting+50,http://www.linkedin.com/company/mccarthypainting,https://www.facebook.com/McCarthyPaintingCompany,,,,
Paintrite Pros,http://www.paintritepros.com,,,Elk Grove,California,,,,,,apollo,"painting company, painting services - California",https://app.apollo.io/#/organizations/5fde3c5d70fc52008c774811?overrideScoreId=score,,13,house painting+43,http://www.linkedin.com/company/paintrite-pros,,https://twitter.com/Paintritepros,,,
Pro Painting Co.LLC,http://www.propaintingcollc.com,,,Los Angeles,California,,,,,,apollo,"painting company, painting services - California",https://app.apollo.io/#/organizations/5ed13e090c370f000191bad5?overrideScoreId=score,,13,painter+35,http://www.linkedin.com/company/propaintingco,,,,,
"Abayla Contracting Services, Inc.",http://www.abayla.com,,,Abayla Contracting Services,Inc.,,,,,,apollo,"painting company, painting services - Inc.",https://app.apollo.io/#/organizations/5e55fa1f8ee16e00019c9555?overrideScoreId=score,17.4M,13,,http://www.linkedin.com/company/abayla-contracting-services-inc,,,,,
A-T.E.A.M. Contractors Inc.,http://www.ateam777.com,,,Oceanside,California,,,,,,apollo,"painting company, painting services - California",https://app.apollo.io/#/organizations/5d095652a3ae61145bc40398?overrideScoreId=score,,13,painting+67,http://www.linkedin.com/company/a-team-contractors-inc.,,,,,
QUIROZ CONSTRUCTION,http://www.quirozconstructioninc.com,,,Corcoran,California,,,,,,apollo,"painting company, painting services - California",https://app.apollo.io/#/organizations/55f95c30f3e5bb6c41005272?overrideScoreId=score,,13,general contractor+42,http://www.linkedin.com/company/quiroz-construction,,,,,
"Roy Miller Painting, Inc.",http://www.roymillerpainting.com,,,Roy Miller Painting,Inc.,,,,,,apollo,"painting company, painting services - Inc.",https://app.apollo.io/#/organizations/54a1225269702d84c5effb02?overrideScoreId=score,22.4M,13,new construction+58,http://www.linkedin.com/company/roy-miller-painting-inc-,https://facebook.com/Roymillerpainting,,,,
All Bay Paint Inc.,http://www.allbaypaint.com,,,Santa Clara,California,,,,,,apollo,"painting company, painting services - California",https://app.apollo.io/#/organizations/5f3fee0c1f48df0001a31abe?overrideScoreId=score,,12,commercial painting+56,http://www.linkedin.com/company/all-bay,,,,,
Lawrence B. Bonas Company,http://www.bonasco.com,,,Costa Mesa,California,,,,,,apollo,"painting company, painting services - California",https://app.apollo.io/#/organizations/5e500b291a794800f29d1e52?overrideScoreId=score,,12,licensed contractor+46,http://www.linkedin.com/company/bonasco,,,,,
Winv Painting & Coatings,http://www.winv.com,,,Corona,California,,,,,,apollo,"painting company, painting services - California",https://app.apollo.io/#/organizations/5b872300324d4412a18c1475?overrideScoreId=score,,12,water proofing+42,http://www.linkedin.com/company/winv-painting-coatings,https://www.facebook.com/winvpainting/,,,,
Yancey Company,http://www.yanceycompany.com,,,Sacramento,California,,,,,,apollo,"painting company, painting services - California",https://app.apollo.io/#/organizations/54a208f47468693cdd1fea06?overrideScoreId=score,7M,12,kitchen remodeling+73,http://www.linkedin.com/company/yancey-company,https://www.facebook.com/pages/Yancey-Company/188557437828608,https://twitter.com/@YanceyCo,,,
Patal and Partners Construction,http://www.patalconstruction.com,,,Pasadena,California,,,,,,apollo,"painting company, painting services - California",https://app.apollo.io/#/organizations/61620d9753a9c40001fca40e?overrideScoreId=score,,11,construction+78,http://www.linkedin.com/company/patal-and-partners-construction,https://www.facebook.com/patalconstructionllc/,,,,
Nugent Painting Inc.,http://www.nugentpainting.com,,,Huntington Beach,California,,,,,,apollo,"painting company, painting services - California",https://app.apollo.io/#/organizations/61616b68d15be40001229e92?overrideScoreId=score,3.7M,11,industrialpainting+65,http://www.linkedin.com/company/nugent-paintinginc,https://facebook.com/nugentpainting,https://twitter.com/nugentpainting,,,
Rossi Painting & Construction,http://www.rossipainting.com,,,San Carlos,California,,,,,,apollo,"painting company, painting services - California",https://app.apollo.io/#/organizations/604a9bd9a8096d0001c3d87a?overrideScoreId=score,,11,painting+54,http://www.linkedin.com/company/rossipainting,,,,,
Tollner Painting Inc,http://www.tollnerpainting.com,,,Campbell,California,,,,,,apollo,"painting company, painting services - California",https://app.apollo.io/#/organizations/55921e94736964186f1e7e00?overrideScoreId=score,19M,11,commercial painting+49,http://www.linkedin.com/company/tollner-painting-inc,,,,,
J.W. Peterson Painting Inc.,http://www.jwpetersonpainting.com,,,Livermore,California,,,,,,apollo,"painting company, painting services - California",https://app.apollo.io/#/organizations/556ceec47369641226a04f00?overrideScoreId=score,,11,commercial painting+52,http://www.linkedin.com/company/j-w-peterson-painting-inc-,,,,,
Kolorama Coatings,http://www.koloramacoatings.com,,,Oxnard,California,,,,,,apollo,"painting company, painting services - California",https://app.apollo.io/#/organizations/63db851206446500daac7640?overrideScoreId=score,,10,painting services+9,http://www.linkedin.com/company/kolorama-coatings,https://www.facebook.com/p/Kolorama-Coatings-100086328588054/,,,,
Stark Remodeling Los Angeles,http://www.starkremodelingservices.com,,,Los Angeles,California,,,,,,apollo,"painting company, painting services - California",https://app.apollo.io/#/organizations/6311dddd9a5618008b2f9053?overrideScoreId=score,,10,bathroom remodeling+50,http://www.linkedin.com/company/stark-remodeling-los-angeles,,,,,
Moorhouse,http://www.moorhousecoating.com,,,Palm Desert,California,,,,,,apollo,"painting company, painting services - California",https://app.apollo.io/#/organizations/60d70bae21ec6f008ca9977d?overrideScoreId=score,,10,,http://www.linkedin.com/company/moorhouse-coating,,,,,
"ADL PAINTING AND WALL COVERING, INC",http://www.adlpainting.com,,,Corona,California,,,,,,apollo,"painting company, painting services - California",https://app.apollo.io/#/organizations/5ed1a167fc64a30001a31fc7?overrideScoreId=score,,10,acoustic panels+51,http://www.linkedin.com/company/adl-painting-and-wall-covering-inc,,,,,
"Brad Stoner Painting, Inc.",http://www.bradstonerpainting.com,,,Brad Stoner Painting,Inc.,,,,,,apollo,"painting company, painting services - Inc.",https://app.apollo.io/#/organizations/54a1a2bf7468695860febc03?overrideScoreId=score,25.5M,10,interior painting+47,http://www.linkedin.com/company/brad-stoner-painting,https://facebook.com/BradStonerPainting,,,,
New Life Bath & Kitchen,http://www.newlifehi.com,,,Santa Maria,California,,,,,,apollo,"painting company, painting services - California",https://app.apollo.io/#/organizations/54a135b369702d2f9fb62d01?overrideScoreId=score,,10,customer satisfaction+54,,https://www.facebook.com/newlifehi,,,,
Partnership Painting,http://www.partnershippainting.com,,,Pasadena,California,,,,,,apollo,"painting company, painting services - California",https://app.apollo.io/#/organizations/54a12ad969702d9313675f02?overrideScoreId=score,21.7M,10,interior paint+76,http://www.linkedin.com/company/partnership-painting,https://facebook.com/pages/Partnership-Painting-Inc/342152141803,https://twitter.com/partnerspaint,,,
Best Value Home Improvements,http://www.bestvaluehomeimprovements.com,,,Oakland,California,,,,,,apollo,"painting company, painting services - California",https://app.apollo.io/#/organizations/54a1271969702d9313607000?overrideScoreId=score,34.6M,10,termite repair+43,http://www.linkedin.com/company/best-value-home-improvements,,,,,
Creative Design & Build,http://www.creativedesignandbuildinc.com,,,San Diego,California,,,,,,apollo,"painting company, painting services - California",https://app.apollo.io/#/organizations/6569b1b325cf190001db957f?overrideScoreId=score,,9,hardscape installation+95,http://www.linkedin.com/company/creative-design-build1,,,,,
"Canin Coatings, Inc.",http://www.canincoatings.com,,,Canin Coatings,Inc.,,,,,,apollo,"painting company, painting services - Inc.",https://app.apollo.io/#/organizations/61ad3296d1633a0001d9c58e?overrideScoreId=score,,9,elastomericcoating+53,http://www.linkedin.com/company/canin-coatings-inc.,https://facebook.com/canincoatings,,,,
San Diego Paint Pros,http://www.sandiegopaintpros.com,,,San Diego,California,,,,,,apollo,"painting company, painting services - California",https://app.apollo.io/#/organizations/614ef70f6c4e6b0001853625?overrideScoreId=score,,9,painting+47,http://www.linkedin.com/company/san-diego-paint-pros,,,,,
"QCP, Inc.",http://www.qcpconstruction.com,,,Ventura,California,,,,,,apollo,"painting company, painting services - California",https://app.apollo.io/#/organizations/56e11e64f3e5bb3f5d00016b?overrideScoreId=score,,9,construction+54,http://www.linkedin.com/company/qcp-inc-,https://www.facebook.com/QCPConstruction/,,,,
"Select Painting & Construction, Inc.",http://www.select-painting.com,,,Select Painting & Construction,Inc.,,,,,,apollo,"painting company, painting services - Inc.",https://app.apollo.io/#/organizations/56d388b6f3e5bb15f7002cdb?overrideScoreId=score,19.3M,9,paintinghoa+73,http://www.linkedin.com/company/select-painting-&-construction,https://www.facebook.com/1751039315002139,,,,
"D AND B PAINTING COMPANY, INC.",http://www.dbpaint.com,,,Oakland,California,,,,,,apollo,"painting company, painting services - California",https://app.apollo.io/#/organizations/55ef63dff3e5bb49b10005c7?overrideScoreId=score,,9,,http://www.linkedin.com/company/d-and-b-painting-company-inc-,,,,,
Joaquin Painting,http://www.joaquinpainting.com,,,Modesto,California,,,,,,apollo,"painting company, painting services - California",https://app.apollo.io/#/organizations/5592355e73696419d880cd00?overrideScoreId=score,,9,commercial painting+53,http://www.linkedin.com/company/joaquin-painting,https://www.facebook.com/JoaquinPainting,,,,
Foxtrot Construction,http://www.foxtco.com,,,Ontario,California,,,,,,apollo,"painting company, painting services - California",https://app.apollo.io/#/organizations/67c88e0acb8fcb000d2731ee?overrideScoreId=score,,8,project management+53,http://www.linkedin.com/company/foxtco,,,,,
Brady Construction Group,http://www.bradyconstruction.com,,,Ontario,California,,,,,,apollo,"painting company, painting services - California",https://app.apollo.io/#/organizations/64ae12f640d97501d561f5a2?overrideScoreId=score,,8,design build+50,http://www.linkedin.com/company/brady-construction-group,https://www.facebook.com/people/Brady-Construction-Group/100094619803843/,,,,
JLM Painting Inc,http://www.jlmpaintinginc.com,,,Petaluma,California,,,,,,apollo,"painting company, painting services - California",https://app.apollo.io/#/organizations/63b3df5342ae1c00fcbc5443?overrideScoreId=score,,8,dry rot repair+55,http://www.linkedin.com/company/jlm-painting-inc,,,,,
"Majestic Life General Contracting, Inc. / Majestic Life Painting",http://www.majesticlifecontracting.com,,,Rancho Cordova,California,,,,,,apollo,"painting company, painting services - California",https://app.apollo.io/#/organizations/5ed5827645fca50001eae84c?overrideScoreId=score,,8,exterior prep+37,http://www.linkedin.com/company/majestic-life-contracting-inc,,,,,
Fenn Construction Services,http://www.fenncsi.com,,,Anaheim,California,,,,,,apollo,"painting company, painting services - California",https://app.apollo.io/#/organizations/5a9cf300a6da98d98529692c?overrideScoreId=score,,8,,http://www.linkedin.com/company/fenn-construction-services-inc,https://www.facebook.com/FennConstructionServicesInc,,,,
Kelley Painting Services,,,,Murrieta,California,,,,,,apollo,"painting company, painting services - California",https://app.apollo.io/#/organizations/57c4cfbaa6da986a7fc94aa0?overrideScoreId=score,,8,,http://www.linkedin.com/company/kelley-painting-services-inc,,,,,
MIGALE PAINTING COMPANY,http://www.migalepainting.com,,,Novato,California,,,,,,apollo,"painting company, painting services - California",https://app.apollo.io/#/organizations/66f1070d3a3bc5000178f9bf?overrideScoreId=score,,7,,http://www.linkedin.com/company/migale-painting-company,,,,,
RA PAINTING & SERVICES INC,http://www.rapaint.com,,,El Cajon,California,,,,,,apollo,"painting company, painting services - California",https://app.apollo.io/#/organizations/66d4870696c434000160abf5?overrideScoreId=score,,7,,http://www.linkedin.com/company/ra-painting-&-services-inc,,,,,
Basile Interiors Ltd,http://www.basileinteriors.com,,,Windsor,California,,,,,,apollo,"painting company, painting services - California",https://app.apollo.io/#/organizations/6368e2c410bbcf000132e8dc?overrideScoreId=score,,7,painting+29,http://www.linkedin.com/company/basile-interiors-ltd,,,,,
MPG Painting,http://www.mpgpainting.net,,,Sacramento,California,,,,,,apollo,"painting company, painting services - California",https://app.apollo.io/#/organizations/60b1e99bd26791000182aa36?overrideScoreId=score,,7,,http://www.linkedin.com/company/mpg-painting,,,,,
City Wide Restoration and Construction,http://www.citywiderestorationandconstruction.com,,,Sacramento,California,,,,,,apollo,"painting company, painting services - California",https://app.apollo.io/#/organizations/5fc88aa851b0ec0001da20f2?overrideScoreId=score,,7,,http://www.linkedin.com/company/city-wide-restoration-and-construction,,,,,
ProCom Painting Inc.,http://www.procompainting.com,,,Ontario,California,,,,,,apollo,"painting company, painting services - California",https://app.apollo.io/#/organizations/5e55c811c1df75000167ce90?overrideScoreId=score,,7,floor coatings+45,http://www.linkedin.com/company/procom-painting-inc.,https://www.facebook.com/ProComPaintingInc/,,,,
Construction Concern Inc,http://www.constructionconcern.com,,,Santa Clarita,California,,,,,,apollo,"painting company, painting services - California",https://app.apollo.io/#/organizations/55ea5c62f3e5bb5940005f5a?overrideScoreId=score,,7,,http://www.linkedin.com/company/construction-concern-inc,https://www.facebook.com/constructionconcern,,,,
Kunst Painting,http://www.kunstpainting.com,,,San Rafael,California,,,,,,apollo,"painting company, painting services - California",https://app.apollo.io/#/organizations/5569f15c73696425db1ab900?overrideScoreId=score,11.3M,7,painting+65,http://www.linkedin.com/company/kunst-painting-inc,https://facebook.com/BobKunstPainting,https://twitter.com/KunstPainting,,,
A.J.T. Construction Company,http://www.ajtconstruction.com,,,Mission Hills,California,,,,,,apollo,"painting company, painting services - California",https://app.apollo.io/#/organizations/54a1357969702d333da6d500?overrideScoreId=score,27.5M,7,mold remediation+58,http://www.linkedin.com/company/a.j.t.-construction-company,,,,,
CH Painting Company,http://www.chinohillspainting.com,,,Chino Hills,California,,,,,,apollo,"painting company, painting services - California",https://app.apollo.io/#/organizations/674b22abc0db0800013ee8f3?overrideScoreId=score,,6,,http://www.linkedin.com/company/ch-painting-company,,,,,
Ryan Painting Services,http://www.ryanpaintingservices.com,,,South Pasadena,California,,,,,,apollo,"painting company, painting services - California",https://app.apollo.io/#/organizations/673329b24503e30001ffc349?overrideScoreId=score,,6,,http://www.linkedin.com/company/ryan-painting-services,,,,,
Marin Painting Company,http://www.marinpainting.com,,,Novato,California,,,,,,apollo,"painting company, painting services - California",https://app.apollo.io/#/organizations/66fd0fffcfaef40001d842a6?overrideScoreId=score,,6,,http://www.linkedin.com/company/marin-painting-company,,,,,
Flores Painting and Drywall,http://www.florespd.com,,,San Jose,California,,,,,,apollo,"painting company, painting services - California",https://app.apollo.io/#/organizations/664f5a3ab99e63075f31c5f4?overrideScoreId=score,,6,b2choa solutions+47,http://www.linkedin.com/company/flores-painting-and-drywall,,,,,
Browder Painting Company,http://www.browderpainting.com,,,San Luis Obispo,California,,,,,,apollo,"painting company, painting services - California",https://app.apollo.io/#/organizations/664965a3f22ed9000176daa0?overrideScoreId=score,6.0M,6,power washing+11,http://www.linkedin.com/company/browder-painting,https://facebook.com/browderpainting,https://twitter.com/BrowderPainting,,,
Promodeling Inc,http://www.promodelinginc.com,,,El Cerrito,California,,,,,,apollo,"painting company, painting services - California",https://app.apollo.io/#/organizations/61174145844fdf0001bd91d5?overrideScoreId=score,,6,home improvement+65,http://www.linkedin.com/company/promodeling-inc,,,,,
Sunwest Painting,http://www.sunwestpainting.net,,,San Jose,California,,,,,,apollo,"painting company, painting services - California",https://app.apollo.io/#/organizations/5f3e76ad0615e7008c8f1f4b?overrideScoreId=score,,6,commercial painting+67,http://www.linkedin.com/company/sunwestpainting,,,,,
Prestige Paint & Decorative,http://www.prestigepaintdeco.com,,,Corona,California,,,,,,apollo,"painting company, painting services - California",https://app.apollo.io/#/organizations/5e579f8a54c3e10001a3bfd9?overrideScoreId=score,,6,hilow rise+62,http://www.linkedin.com/company/prestige-paint-decorative,https://www.facebook.com/prestigepaintdeco,https://twitter.com/PrestigePaint08,,,
JK Painting Services,http://www.jkpaintingservices.com,,,Alpine,California,,,,,,apollo,"painting company, painting services - California",https://app.apollo.io/#/organizations/66e523ebf07a5600019d7b14?overrideScoreId=score,,5,,http://www.linkedin.com/company/jk-painting-services,,,,,
CertaPro Painters of Orange County,http://www.cppainters-orangecounty.com,,,Orange,California,,,,,,apollo,"painting company, painting services - California",https://app.apollo.io/#/organizations/6547289ecb6ad7000174d389?overrideScoreId=score,,5,,http://www.linkedin.com/company/certapro-painters-of-orange-county,,,,,
Generation Homes and Commercial,http://www.generation-homes.com,,,Clovis,California,,,,,,apollo,"painting company, painting services - California",https://app.apollo.io/#/organizations/641d535cd3f1890001efecd7?overrideScoreId=score,22.7M,5,,http://www.linkedin.com/company/generation-commercial,https://facebook.com/pages/Generation-Homes/210356869008904,,,,
Basurto Painting,http://www.basurtopainting.com,,,San Jose,California,,,,,,apollo,"painting company, painting services - California",https://app.apollo.io/#/organizations/64167ecbc35c1f0001f915ab?overrideScoreId=score,,5,paint protection+36,http://www.linkedin.com/company/basurto-painting,,,,,
RSL Construction Group Inc.,http://www.rslconstructiongroup.com,,,Costa Mesa,California,,,,,,apollo,"painting company, painting services - California",https://app.apollo.io/#/organizations/6162150f98d72b00012ef0f7?overrideScoreId=score,,5,polish concrete+2,http://www.linkedin.com/company/rsl-construction-group,,,,,
CCP PAINTING INC.,http://www.ccp-painting.com,,,Concord,California,,,,,,apollo,"painting company, painting services - California",https://app.apollo.io/#/organizations/6089d28214e34800e28a134d?overrideScoreId=score,,5,fence restoration+58,http://www.linkedin.com/company/ccp-painting-inc,,,,,
"HiTech Painting, Inc.",http://www.hitechpaint.com,,,HiTech Painting,Inc.,,,,,,apollo,"painting company, painting services - Inc.",https://app.apollo.io/#/organizations/5e56e9f93233cb00017c5416?overrideScoreId=score,,5,vapor blasting+63,http://www.linkedin.com/company/hitechpaintinginc,https://www.facebook.com/hitechpaintsandiego,,,,
Pinnacle Painting and Decorating,http://www.paintwithpinnacle.com,,,,,,,,,,apollo,"painting company, painting services",https://app.apollo.io/#/organizations/5da6bb4146748d0001956f42?overrideScoreId=score,,5,floor coatings+59,http://www.linkedin.com/company/paintwithpinnacle,https://www.facebook.com/paintwithpinnacle,,,,
Trico Painting,http://www.tricopainting.com,,,Roseville,California,,,,,,apollo,"painting company, painting services - California",https://app.apollo.io/#/organizations/55e83dd9f3e5bb092b000462?overrideScoreId=score,,5,,http://www.linkedin.com/company/tricopainting,https://facebook.com/tricopainting,https://twitter.com/tricopainting,,,
LIME Painting,http://www.limepainting.com,,,Greenwood Village,Colorado,,,,,,apollo,"painting company, painting services - Colorado",https://app.apollo.io/#/organizations/5ed1e7983b3bf900017b9fe2?overrideScoreId=score,,33,,http://www.linkedin.com/company/limepainting,https://facebook.com/getlimed,https://twitter.com/lime_painting,,,
Kind Home Solutions,http://www.kindhomesolutions.com,,,Englewood,Colorado,,,,,,apollo,"painting company, painting services - Colorado",https://app.apollo.io/#/organizations/5b863654f874f71549f118d4?overrideScoreId=score,,28,exterior painting+52,http://www.linkedin.com/company/kindhomesolutions,https://www.facebook.com/KindHomeSolutions/,,,,
Lewis Custom Painting,http://www.lewiscustompainting.com,,,Castle Rock,Colorado,,,,,,apollo,"painting company, painting services - Colorado",https://app.apollo.io/#/organizations/61ec350d8cd8fc0001ddfb42?overrideScoreId=score,,25,project management+26,http://www.linkedin.com/company/lewis-custom-painting,https://www.facebook.com/lewiscustompainting,,,,
"AMC Painting, LLC",http://www.amcpainting.com,,,Colorado Springs,Colorado,,,,,,apollo,"painting company, painting services - Colorado",https://app.apollo.io/#/organizations/54a25de07468693825bf831d?overrideScoreId=score,22.7M,25,dental offices+49,http://www.linkedin.com/company/amc-painting,https://www.facebook.com/search/top,,,,
Stellar Painting and Remodeling,http://www.stellarpaintingandremodeling.com,,,Englewood,Colorado,,,,,,apollo,"painting company, painting services - Colorado",https://app.apollo.io/#/organizations/664a407ed2de5e0001695058?overrideScoreId=score,12.9M,24,carpentrystucco+55,http://www.linkedin.com/company/stellar-painting-and-remodeling,https://www.facebook.com/stellarpaintandremodel/,https://twitter.com/stellarpainters,,,
TECC Commercial Painting,http://www.teccpainting.com,,,Colorado Springs,Colorado,,,,,,apollo,"painting company, painting services - Colorado",https://app.apollo.io/#/organizations/5ed33ad7492a01000138a85b?overrideScoreId=score,1.5M,22,residential painting+47,http://www.linkedin.com/company/tecc-painting-company,,,,,
Shamrock Painting/ Bell SPI,http://www.shamrockpaintinginc.com,,,Denver,Colorado,,,,,,apollo,"painting company, painting services - Colorado",https://app.apollo.io/#/organizations/55fa621bf3e5bb019a000e60?overrideScoreId=score,9.7M,22,,http://www.linkedin.com/company/shamrock-painting-inc-,https://www.facebook.com/shamrockpaintinginc/,,,,
Walls by Design Inc.,http://www.wallsbydesign.com,,,Denver,Colorado,,,,,,apollo,"painting company, painting services - Colorado",https://app.apollo.io/#/organizations/55920a347369641865233300?overrideScoreId=score,18.3M,21,drywall textures+50,http://www.linkedin.com/company/walls-by-design-inc-,,,,,
"Preferred Painting, Inc",http://www.preferredpainting.com,,,Preferred Painting,Inc,,,,,,apollo,"painting company, painting services - Inc",https://app.apollo.io/#/organizations/5d0949a2f6512589e239bfe3?overrideScoreId=score,18.5M,20,custom logos+78,http://www.linkedin.com/company/preferredpainting-denverco,,,,,
Pride Roofing & Construction,http://www.prideroofingandsolar.com,,,Loveland,Colorado,,,,,,apollo,"painting company, painting services - Colorado",https://app.apollo.io/#/organizations/5f46388994798d00016d66a8?overrideScoreId=score,,19,exterior painting+60,http://www.linkedin.com/company/prideroofingandsolar,,,,,
Shaker Painting Inc,http://www.shakerpainting.com,,,Denver,Colorado,,,,,,apollo,"painting company, painting services - Colorado",https://app.apollo.io/#/organizations/556d4ab773696411c788d500?overrideScoreId=score,,19,new construction+41,http://www.linkedin.com/company/shaker-painting,https://www.facebook.com/shakerpainting,https://twitter.com/shakerpainting,,,
Foothills Painting LLC,http://www.foothillspainting.co,,,Fort Collins,Colorado,,,,,,apollo,"painting company, painting services - Colorado",https://app.apollo.io/#/organizations/5d0a85b5f65125346a4e42ef?overrideScoreId=score,,18,interior painting+53,http://www.linkedin.com/company/foothills-painting-llc,https://facebook.com/tr,https://twitter.com/fcpainters,,,
CLASSIC PAINTING AND DECORATING,http://www.classicpaintingusa.com,,,Golden,Colorado,,,,,,apollo,"painting company, painting services - Colorado",https://app.apollo.io/#/organizations/670c3d8c4c558600016c5851?overrideScoreId=score,,17,siding replacement+28,http://www.linkedin.com/company/classic-painting-and-decorating,,,,,
Majestic Painting Company Inc.,http://www.majesticpainting.net,,,Aurora,Colorado,,,,,,apollo,"painting company, painting services - Colorado",https://app.apollo.io/#/organizations/5da27da4a2de8e0001a7038c?overrideScoreId=score,,16,exterior painting+46,http://www.linkedin.com/company/majestic-painting-company-inc,https://www.facebook.com/majesticpaintingcompany,,,,
Accent Painting,http://www.denversbestpainters.com,,,Centennial,Colorado,,,,,,apollo,"painting company, painting services - Colorado",https://app.apollo.io/#/organizations/640525a51d4352000146f009?overrideScoreId=score,,14,,http://www.linkedin.com/company/accentpainting,,,,,
Elk Horn Painting,http://www.elkhornpainting.com,,,Castle Rock,Colorado,,,,,,apollo,"painting company, painting services - Colorado",https://app.apollo.io/#/organizations/5e5696bb34bf3400011688b2?overrideScoreId=score,,10,painting+58,http://www.linkedin.com/company/elk-horn-painting,https://www.facebook.com/Elk-Horn-Painting-LLC-523380701184142/,,,,
Colorado Homes & Design,http://www.cohomedesign.com,,,Denver,Colorado,,,,,,apollo,"painting company, painting services - Colorado",https://app.apollo.io/#/organizations/556d9ccd7369641284444a01?overrideScoreId=score,,10,renovationflooring+55,http://www.linkedin.com/company/colorado-homes-&-design,,,,,
"Proline West, Inc.",http://www.prolinewest.com,,,Proline West,Inc.,,,,,,apollo,"painting company, painting services - Inc.",https://app.apollo.io/#/organizations/5fcb4261650b7b0001158468?overrideScoreId=score,,9,airfield safety+56,http://www.linkedin.com/company/proline-west-inc,,,,,
M&E Painting,http://www.mandepainting.com,,,Loveland,Colorado,,,,,,apollo,"painting company, painting services - Colorado",https://app.apollo.io/#/organizations/5fcb04612836cf00010443a7?overrideScoreId=score,1.1M,9,paintingstaining+49,http://www.linkedin.com/company/m-e-painting,https://www.facebook.com/mandepaintingandroofing,https://twitter.com/mandepainting,,,
LIME Painting Franchise,http://www.limepaintingfranchise.com,,,Greenwood Village,Colorado,,,,,,apollo,"painting company, painting services - Colorado",https://app.apollo.io/#/organizations/5f437ee70f7c5b000151cf25?overrideScoreId=score,,9,franchise opportunity+45,http://www.linkedin.com/company/lime-painting-franchise,,,,,
Western Maintenance & Construction,http://www.westernmc.com,,,Englewood,Colorado,,,,,,apollo,"painting company, painting services - Colorado",https://app.apollo.io/#/organizations/5d0a764aa3ae6147afc95bbf?overrideScoreId=score,10M,8,property maintenance+54,http://www.linkedin.com/company/western-maintenance-&-construction,https://facebook.com/pages/Western-Maintenance-and-Construction/120070051425046,,,,
Helix Painting,http://www.helixpainting.com,,,Littleton,Colorado,,,,,,apollo,"painting company, painting services - Colorado",https://app.apollo.io/#/organizations/5b12f185a6da98dcf76043c1?overrideScoreId=score,,8,,http://www.linkedin.com/company/helix-home-services-llc,,,,,
Pappas Painting & Repair,http://www.pappaspainting.com,,,Lakewood,Colorado,,,,,,apollo,"painting company, painting services - Colorado",https://app.apollo.io/#/organizations/556ce45773696411cc6d4700?overrideScoreId=score,,8,professional painters+50,http://www.linkedin.com/company/pappas-painting,https://facebook.com/pappaspaintingcolorado,,,,
"Innovative Painting Systems, Inc",http://www.innovativepaintingco.com,,,Innovative Painting Systems,Inc,,,,,,apollo,"painting company, painting services - Inc",https://app.apollo.io/#/organizations/54a19fbb74686942d3e4c802?overrideScoreId=score,33.1M,8,quality+55,http://www.linkedin.com/company/innovative-painting-systems-inc,https://facebook.com/pages/Innovative-Painting-Systems-Inc/327277933982630,,,,
"Prep-Rite Coatings & Contracting, LLC®️",http://www.prepritecoatings.com,,,Golden,Colorado,,,,,,apollo,"painting company, painting services - Colorado",https://app.apollo.io/#/organizations/5ed4876be82ab60001a48143?overrideScoreId=score,,7,powerwashing+66,http://www.linkedin.com/company/prep-rite-coatings-contracting-llc,,,,,
Empire Roofing and Restoration,,,,Colorado Springs,Colorado,,,,,,apollo,"painting company, painting services - Colorado",https://app.apollo.io/#/organizations/5e56a7b984f34a00017668a6?overrideScoreId=score,,7,residential roofing+93,http://www.linkedin.com/company/empire-roofing-and-restoration,https://www.facebook.com/empireroofingandrestorationCO/,https://twitter.com/EmpireRoofingCS,,,
O'Shea's Construction,http://www.osheasconstruction.com,,,Colorado Springs,Colorado,,,,,,apollo,"painting company, painting services - Colorado",https://app.apollo.io/#/organizations/5d3714a8f651257f6345dc97?overrideScoreId=score,30.3M,7,outdoor living+56,http://www.linkedin.com/company/o'shea's-construction,https://facebook.com/AffordableColoradoSpringsHomes,,,,
All Starr Roofing,http://www.allstarrgc.com,,,Aurora,Colorado,,,,,,apollo,"painting company, painting services - Colorado",https://app.apollo.io/#/organizations/5a9d8456a6da98d98c6b501b?overrideScoreId=score,,7,residential roofing+50,http://www.linkedin.com/company/all-starr-roofing,https://www.facebook.com/allstarrgc/,,,,
LIME Painting® of Northern Colorado,http://www.limepaintingofnortherncolorado.com,,,Boulder,Colorado,,,,,,apollo,"painting company, painting services - Colorado",https://app.apollo.io/#/organizations/5e5833db2895460001e00815?overrideScoreId=score,,6,,http://www.linkedin.com/company/limenortherncolorado,,,,,
A Quality Paint Job,http://www.aqualitypaintjob.com,,,Colorado Springs,Colorado,,,,,,apollo,"painting company, painting services - Colorado",https://app.apollo.io/#/organizations/54a23b327468693cddf82818?overrideScoreId=score,,6,interior painting+61,http://www.linkedin.com/company/a-quality-paint-job,,,,,
Mountain West Painting LLC,http://www.mountainwestpainting.com,,,Littleton,Colorado,,,,,,apollo,"painting company, painting services - Colorado",https://app.apollo.io/#/organizations/61ec3519a531560001b433e8?overrideScoreId=score,,5,,http://www.linkedin.com/company/mountain-west-painting-llc,,,,,
Advanced Concepts,http://www.advancedconceptsco.com,,,Littleton,Colorado,,,,,,apollo,"painting company, painting services - Colorado",https://app.apollo.io/#/organizations/614ec5da19077e0001316f13?overrideScoreId=score,,5,interior painting+61,http://www.linkedin.com/company/advancedconcepts1,,,,,
Painting NoCo,http://www.paintingnoco.com,,,Loveland,Colorado,,,,,,apollo,"painting company, painting services - Colorado",https://app.apollo.io/#/organizations/5e55f0efc786930001b7dcae?overrideScoreId=score,,5,wallpaper removal+53,http://www.linkedin.com/company/painting-noco,,,,,
"Highland Painting Company, LLC",http://www.highlandpaintingpros.com,,,Denver,Colorado,,,,,,apollo,"painting company, painting services - Colorado",https://app.apollo.io/#/organizations/672659c06919ee000128f3bc?overrideScoreId=score,,4,,http://www.linkedin.com/company/highland-painting-company-llc,,,,,
C&C Roofing and Construction,http://www.ccroofingcompany.com,,,Northglenn,Colorado,,,,,,apollo,"painting company, painting services - Colorado",https://app.apollo.io/#/organizations/665cbd487251990001683561?overrideScoreId=score,,4,roofing contractors+67,http://www.linkedin.com/company/c-c-roofing-and-construction,https://facebook.com/profile.php,,,,
"Color2Color Painting, Co.",http://www.color2color.com,,,Color2Color Painting,Co.,,,,,,apollo,"painting company, painting services - Co.",https://app.apollo.io/#/organizations/64ba44cf61189a00baecf837?overrideScoreId=score,,4,exterior painting+49,http://www.linkedin.com/company/color2color-painting-co,https://www.facebook.com/color2color,,,,
"RW Professional Painting, LLC",http://www.rwpropainting.com,,,Littleton,Colorado,,,,,,apollo,"painting company, painting services - Colorado",https://app.apollo.io/#/organizations/5ed5f1072419f6000110140d?overrideScoreId=score,,4,deck & fence staining+49,http://www.linkedin.com/company/rw-professional-painting-llc,https://www.facebook.com/RWProfessionalPainting/,,,,
Ace Hardware Painting Services,http://www.acehardwarepainting.com,,,Lakewood,Colorado,,,,,,apollo,"painting company, painting services - Colorado",https://app.apollo.io/#/organizations/5a9e21daa6da98d97e7a880b?overrideScoreId=score,,4,decksfences+3,http://www.linkedin.com/company/ace-hardware-painting-services,,,,,
Arte and Design LLC.,http://www.arteanddesign.com,,,Denver,Colorado,,,,,,apollo,"painting company, painting services - Colorado",https://app.apollo.io/#/organizations/57c50627a6da986a8f42db8a?overrideScoreId=score,,4,landscaping design+36,http://www.linkedin.com/company/arte-and-desing,,,,,
Swedish Painting Company,http://www.swedishpaintingco.com,,,Aspen,Colorado,,,,,,apollo,"painting company, painting services - Colorado",https://app.apollo.io/#/organizations/556d5023736964121f01e300?overrideScoreId=score,8M,4,,http://www.linkedin.com/company/swedish-painting-company,https://facebook.com/SwedishPaintingCompany/,,,,
Stan Painting Services,http://www.stanpainting.com.au,,,Thornton,Colorado,,,,,,apollo,"painting company, painting services - Colorado",https://app.apollo.io/#/organizations/66e406f17cadb70001618435?overrideScoreId=score,,3,,http://www.linkedin.com/company/stan-painting-services,,,,,
Tecc Painting Company,,,,Colorado Springs,Colorado,,,,,,apollo,"painting company, painting services - Colorado",https://app.apollo.io/#/organizations/664b056cf8dd710001b6df82?overrideScoreId=score,,3,commercial painting+15,http://www.linkedin.com/company/tecc-painting,,,,,
Imperial Painters LLC,http://www.imperialpaintersco.com,,,Arvada,Colorado,,,,,,apollo,"painting company, painting services - Colorado",https://app.apollo.io/#/organizations/5fc9ad157f0def0001a1aa67?overrideScoreId=score,,3,residential+46,http://www.linkedin.com/company/imperial-painters-llc,https://facebook.com/imperialpaintersco,https://twitter.com/copainters,,,
LIME Painting of Castle Rock,,,,Castle Rock,Colorado,,,,,,apollo,"painting company, painting services - Colorado",https://app.apollo.io/#/organizations/5e56ad704169b30001c5fad4?overrideScoreId=score,,3,construction company+13,http://www.linkedin.com/company/limepaintingofcastlerock,,,,,
Exemplary Painting,http://www.exemplarypainting.com,,,Littleton,Colorado,,,,,,apollo,"painting company, painting services - Colorado",https://app.apollo.io/#/organizations/5b83324e324d446b0607b4bd?overrideScoreId=score,,3,house painting+45,http://www.linkedin.com/company/exemplary-painting,https://www.facebook.com/ExemplaryPainting/,,,,
Singletrack Painting,http://www.singletrackpainting.com,,,Denver,Colorado,,,,,,apollo,"painting company, painting services - Colorado",https://app.apollo.io/#/organizations/5500cefc73696460fcb87e00?overrideScoreId=score,22.9M,3,,http://www.linkedin.com/company/singletrack-painting,https://facebook.com/pages/Singletrack-Painting-LLC/1485392178345640,,,,
Empire Roofing and Restoration of Colorado Springs,http://www.empireroofingandrestoration.com,,,Colorado Springs,Colorado,,,,,,apollo,"painting company, painting services - Colorado",https://app.apollo.io/#/organizations/54a1ab9374686949e7247106?overrideScoreId=score,,3,roof replacements+87,http://www.linkedin.com/company/empire-roofing-of-colorado-springs,,,,,
"Tall Pines Painting, Inc",http://www.tallpinespainting.com,,,Tall Pines Painting,Inc,,,,,,apollo,"painting company, painting services - Inc",https://app.apollo.io/#/organizations/54a1363069702d46f0aa0201?overrideScoreId=score,14.4M,3,exterior painting+54,http://www.linkedin.com/company/tall-pines-painting-inc,https://facebook.com/pages/Tall-Pines-Painting-Inc/126561187377480,https://twitter.com/tallpinespaint,,,
"B Sharp Painting, LLC",http://www.bsharppainting.com,,,Peyton,Colorado,,,,,,apollo,"painting company, painting services - Colorado",https://app.apollo.io/#/organizations/67d901a82d35f20001caff32?overrideScoreId=score,,2,building construction+48,http://www.linkedin.com/company/b-sharp-painting-llc,,,,,
Pure Choice Construction,http://www.purechoiceconstruction.com,,,Aurora,Colorado,,,,,,apollo,"painting company, painting services - Colorado",https://app.apollo.io/#/organizations/663308f095d9990007f87dc3?overrideScoreId=score,7.3M,2,interior & exterior paint+58,http://www.linkedin.com/company/pure-choice-construction,https://facebook.com/pages/Pure-Choice-Construction/1374907412784575,,,,
Crone Roofing,http://www.croneroofing.com,,,Englewood,Colorado,,,,,,apollo,"painting company, painting services - Colorado",https://app.apollo.io/#/organizations/6620afb8e28e550007e0389f?overrideScoreId=score,,2,roofing contractors+45,http://www.linkedin.com/company/crone-roofing,,,,,
Colorado Straight Edge Painting,http://www.csepainting.com,,,Aurora,Colorado,,,,,,apollo,"painting company, painting services - Colorado",https://app.apollo.io/#/organizations/64ebb6937cd70200a3b6c80c?overrideScoreId=score,,2,interior painting+35,http://www.linkedin.com/company/colorado-straight-edge-painting,,,,,
Gardiner Painting,http://www.gardinerpaint.com,,,Colorado Springs,Colorado,,,,,,apollo,"painting company, painting services - Colorado",https://app.apollo.io/#/organizations/649a9a9e99b5e400efca4443?overrideScoreId=score,,2,residential painting+49,http://www.linkedin.com/company/gardiner-painting,,,,,
Paint Baum,http://www.paintbaum.com,,,Boulder,Colorado,,,,,,apollo,"painting company, painting services - Colorado",https://app.apollo.io/#/organizations/6448993224ed930001d1a664?overrideScoreId=score,,2,epoxy floors+87,http://www.linkedin.com/company/paint-baum,,,,,
Constructors LLC,http://www.constructors-llc.com,,,Greeley,Colorado,,,,,,apollo,"painting company, painting services - Colorado",https://app.apollo.io/#/organizations/61eb959cc8aecf00010ab43c?overrideScoreId=score,,2,home renovations+67,http://www.linkedin.com/company/constructors-llc,,,,,
"Front Range Property Solutions, Inc",http://www.frontrangepropertysolutions.com,,,Front Range Property Solutions,Inc,,,,,,apollo,"painting company, painting services - Inc",https://app.apollo.io/#/organizations/60f2e882c744ce0001d1e486?overrideScoreId=score,,2,roofing services+50,http://www.linkedin.com/company/front-range-property-solutions-inc,,,,,
"Vivid Color Painting Company, LLC",http://www.vividcolorpaintingco.com,,,Durango,Colorado,,,,,,apollo,"painting company, painting services - Colorado",https://app.apollo.io/#/organizations/5da6ecda46748d00012abc55?overrideScoreId=score,,2,,http://www.linkedin.com/company/vivid-color-painting-company-llc,,,,,
Prime Time Roofing LLC,http://www.primetimeroofing.com,,,Parker,Colorado,,,,,,apollo,"painting company, painting services - Colorado",https://app.apollo.io/#/organizations/5b853c86f874f7642fa7fa70?overrideScoreId=score,,2,residential roofing+60,http://www.linkedin.com/company/prime-time-roofing-llc,https://facebook.com/primetimeroofingCO/,https://twitter.com/PrimeTimeRoof,,,
"""Vigil's Handyman Services""",http://www.vigilhandymanservices.com,,,Denver,Colorado,,,,,,apollo,"painting company, painting services - Colorado",https://app.apollo.io/#/organizations/54a13c7369702d0486abeb01?overrideScoreId=score,,2,electrical repair+12,http://www.linkedin.com/company/vigil's-handyman-services,,,,,
Matt's Remodel and Painting Services LLC,http://www.mattsremodel.com,,,Thornton,Colorado,,,,,,apollo,"painting company, painting services - Colorado",https://app.apollo.io/#/organizations/674fe1f2ae8a090001f08a10?overrideScoreId=score,,1,,http://www.linkedin.com/company/matt's-remodel-and-painting-services-llc,,,,,
Ripcord Painting,http://www.ripcordpainting.com,,,Brighton,Colorado,,,,,,apollo,"painting company, painting services - Colorado",https://app.apollo.io/#/organizations/6420d121361ead0001b498a2?overrideScoreId=score,,1,,http://www.linkedin.com/company/ripcord-painting,,,,,
4-Nine Painting LLC,http://www.thecoloradopaintingcompany.com,,,Denver,Colorado,,,,,,apollo,"painting company, painting services - Colorado",https://app.apollo.io/#/organizations/640980c0f34ee90001516071?overrideScoreId=score,,1,interior painting+46,http://www.linkedin.com/company/4-nine-painting-llc,,,,,
Improovy Painters Denver,,,,Denver,Colorado,,,,,,apollo,"painting company, painting services - Colorado",https://app.apollo.io/#/organizations/63f637d1b3f24b00da4ffebd?overrideScoreId=score,,,cabinet painting+12,http://www.linkedin.com/company/improovy-painters-denver,,,,,
"Owner at Colorado Creations, LLC",http://www.theccllc.com,,,Littleton,Colorado,,,,,,apollo,"painting company, painting services - Colorado",https://app.apollo.io/#/organizations/54a1b81a7468694f8f2aff0a?overrideScoreId=score,,,,http://www.linkedin.com/company/owner-at-colorado-creations-llc,,,,,
SCHOLAR PAINTING LLC,http://www.ctpaintingcontractors.com,,,Seymour,Connecticut,,,,,,apollo,"painting company, painting services - Connecticut",https://app.apollo.io/#/organizations/5f441fc149e00000013ad6e5?overrideScoreId=score,,15,epoxy flooring+62,http://www.linkedin.com/company/scholar-painting-llc,,,,,
"Roberge Painting Company, Inc.",http://www.robergepainting.com,,,Roberge Painting Company,Inc.,,,,,,apollo,"painting company, painting services - Inc.",https://app.apollo.io/#/organizations/5e56af21e8dafc0001895986?overrideScoreId=score,40.0M,15,,http://www.linkedin.com/company/roberge-painting-company-inc.,https://facebook.com/robergepainting,,,,
MacKenzie Painting Company,http://www.mackenziepaintingco.com,,,Stratford,Connecticut,,,,,,apollo,"painting company, painting services - Connecticut",https://app.apollo.io/#/organizations/5fca04f7be1c6100014ef215?overrideScoreId=score,,14,painting+19,http://www.linkedin.com/company/mackenziepaintingco,,,,,
Franklin Painting LLC,http://www.franklinpainting.com,,,Farmington,Connecticut,,,,,,apollo,"painting company, painting services - Connecticut",https://app.apollo.io/#/organizations/56d7fa7bf3e5bb58a6002206?overrideScoreId=score,5.8M,12,,http://www.linkedin.com/company/franklin-painting-llc,https://facebook.com/FranklinPainting,https://twitter.com/CTPainters,,,
Renaissance - A Painting Company,http://www.ren-painting.com,,,Glastonbury,Connecticut,,,,,,apollo,"painting company, painting services - Connecticut",https://app.apollo.io/#/organizations/54a1358369702d48e2bc9c00?overrideScoreId=score,,12,,http://www.linkedin.com/company/renaissance---a-painting-company,,,,,
SMS Painting,http://www.smspaintingllc.com,,,Bridgeport,Connecticut,,,,,,apollo,"painting company, painting services - Connecticut",https://app.apollo.io/#/organizations/559222cb7369641908728b00?overrideScoreId=score,,9,,http://www.linkedin.com/company/sms-painting,,,,,
K. Morgan Commercial Painting,http://www.kmorganassociates.com,,,North Haven,Connecticut,,,,,,apollo,"painting company, painting services - Connecticut",https://app.apollo.io/#/organizations/5e56652e4e4bc20001011b91?overrideScoreId=score,8.4M,8,,http://www.linkedin.com/company/k-morgan,,,,,
Contract Painting Services Llc,http://www.snowspainting.com,,,Hartford,Connecticut,,,,,,apollo,"painting company, painting services - Connecticut",https://app.apollo.io/#/organizations/54fca1107369647e76830000?overrideScoreId=score,13M,8,home servicespainters,http://www.linkedin.com/company/contract-painting-services-llc,https://facebook.com/pages/Snows-Painting-Service-LLC/135781013151908,,,,
MARTINEZ PAINTING COMPANY LLC,http://www.martinezpainting.com,,,Essex,Connecticut,,,,,,apollo,"painting company, painting services - Connecticut",https://app.apollo.io/#/organizations/6739831fc2e9160001ae5ec8?overrideScoreId=score,,7,,http://www.linkedin.com/company/martinez-painting-company-llc,,,,,
JC PRO PAINTING SERVICES,,,,Bridgeport,Connecticut,,,,,,apollo,"painting company, painting services - Connecticut",https://app.apollo.io/#/organizations/64523e0b59851d000129820c?overrideScoreId=score,,7,,http://www.linkedin.com/company/jc-pro-painting-services,,,,,
"Zeiss Construction Group, LLC",http://www.zeissconstruction.com,,,Stratford,Connecticut,,,,,,apollo,"painting company, painting services - Connecticut",https://app.apollo.io/#/organizations/6783fc81a8beae0001e3a637?overrideScoreId=score,,5,,http://www.linkedin.com/company/zeiss-construction-group-llc,,,,,
ROBERGE PAINTING COMPANY INC,http://www.epoxyflooringservices.com,,,Bristol,Connecticut,,,,,,apollo,"painting company, painting services - Connecticut",https://app.apollo.io/#/organizations/673c45a17e4999000131e067?overrideScoreId=score,,5,,http://www.linkedin.com/company/roberge-painting-company-inc,,,,,
Pro House Painters LLC,http://www.prohousepainters.net,,,Putnam,Connecticut,,,,,,apollo,"painting company, painting services - Connecticut",https://app.apollo.io/#/organizations/674d85c2997361000143ee63?overrideScoreId=score,,3,painting services+44,http://www.linkedin.com/company/prohousepainters,,,,,
"Painters In CT - Interior, Exterior, Commercial, & Residential Painting",http://www.newhavenpaintersllc.com,,,Southington,Connecticut,,,,,,apollo,"painting company, painting services - Connecticut",https://app.apollo.io/#/organizations/5da540b5cef49f000192bfb2?overrideScoreId=score,,3,painting+73,http://www.linkedin.com/company/paintersinct,,,,,
"Turner Painting Service, Inc.",http://www.turnerpaintingservice.com,,,Turner Painting Service,Inc.,,,,,,apollo,"painting company, painting services - Inc.",https://app.apollo.io/#/organizations/5d449e26576fbc09d5056d5c?overrideScoreId=score,,3,homescommercial+89,http://www.linkedin.com/company/turnerpaintingservice,,,,,
Glendening Painting Services,http://www.glendeningpainting.com.au,,,Newington,Connecticut,,,,,,apollo,"painting company, painting services - Connecticut",https://app.apollo.io/#/organizations/56d3de0df3e5bb3a7a00172b?overrideScoreId=score,70.4M,3,,http://www.linkedin.com/company/glendening-painting-services,,,,,
"DiNardo Painting, LLC.",http://www.dinardopainting.com,,,New London,Connecticut,,,,,,apollo,"painting company, painting services - Connecticut",https://app.apollo.io/#/organizations/5da30c3be3362e00014e1caa?overrideScoreId=score,,2,surface sealing+45,http://www.linkedin.com/company/dinardo-painting-llc,,,,,
Provision Painting and Design LLC,http://www.provisionpaintinganddesign.com,,,Fairfield,Connecticut,,,,,,apollo,"painting company, painting services - Connecticut",https://app.apollo.io/#/organizations/56d95f54f3e5bb731d001fac?overrideScoreId=score,,2,,http://www.linkedin.com/company/provision-painting-and-design-llc,,,,,
E D Painting,http://www.edpaintingonline.com,,,West Hartford,Connecticut,,,,,,apollo,"painting company, painting services - Connecticut",https://app.apollo.io/#/organizations/54a1284769702dc12826ca00?overrideScoreId=score,,2,deck staining+12,http://www.linkedin.com/company/e-d-painting,https://www.facebook.com/edpainting/,,,,
Fairfield Painting Company,http://www.fairfieldpainting.com,,,Fairfield,Connecticut,,,,,,apollo,"painting company, painting services - Connecticut",https://app.apollo.io/#/organizations/672742feed6bc2000186939f?overrideScoreId=score,18.2M,1,,http://www.linkedin.com/company/fairfield-painting-company,,,,,
Joe Tamborra Painting Company,http://www.norwichpaintingcontractor.com,,,Norwich,Connecticut,,,,,,apollo,"painting company, painting services - Connecticut",https://app.apollo.io/#/organizations/6701758390d84b000118e425?overrideScoreId=score,,1,,http://www.linkedin.com/company/joe-tamborra-painting-company,,,,,
Camilo Painting Services LLC,http://www.camilopaintingservices.com,,,Stamford,Connecticut,,,,,,apollo,"painting company, painting services - Connecticut",https://app.apollo.io/#/organizations/66ea8df5d928ee000109ebab?overrideScoreId=score,,1,construction+2,http://www.linkedin.com/company/camilo-painting-services-llc,,,,,
KD Home Improvement,http://www.kdhomeimprovement.com,,,West Hartford,Connecticut,,,,,,apollo,"painting company, painting services - Connecticut",https://app.apollo.io/#/organizations/5500b9567369641718071300?overrideScoreId=score,10.9M,1,,http://www.linkedin.com/company/kd-home-improvement,https://facebook.com/KDHomeImprovement,,,,
Pat Derby Painting Company,http://www.patderbypainting.com,,,East Windsor,Connecticut,,,,,,apollo,"painting company, painting services - Connecticut",https://app.apollo.io/#/organizations/674284fe490a1000014e6771?overrideScoreId=score,,,,http://www.linkedin.com/company/pat-derby-painting-company,,,,,
Connecticut Best Painting Company LLC,http://www.connecticutbestpainting.com,,,New Haven,Connecticut,,,,,,apollo,"painting company, painting services - Connecticut",https://app.apollo.io/#/organizations/67271e4f6893d600010c71d4?overrideScoreId=score,,,,http://www.linkedin.com/company/connecticut-best-painting-company-llc,,,,,
A G Vars Painting Services,http://www.agvarspaintingservices.com,,,Norwich,Connecticut,,,,,,apollo,"painting company, painting services - Connecticut",https://app.apollo.io/#/organizations/6714d2783c01600001176104?overrideScoreId=score,7.3M,,,http://www.linkedin.com/company/a-g-vars-painting-services,https://facebook.com/agvarspaintingservices,,,,
M&K Renovations,http://www.mk-renovations.com,,,Wilmington,Delaware,,,,,,apollo,"painting company, painting services - Delaware",https://app.apollo.io/#/organizations/5ee0c3b2f01fc90001f1005c?overrideScoreId=score,,7,custom cabinetry+49,http://www.linkedin.com/company/m-k-renovations-llc,,,,,
Burke painting Company LLC,http://www.burkepaintingandcoatings.com,,,Wilmington,Delaware,,,,,,apollo,"painting company, painting services - Delaware",https://app.apollo.io/#/organizations/56dd2052f3e5bb1ae900184a?overrideScoreId=score,,3,,http://www.linkedin.com/company/burke-painting-company-llc,,,,,
KD Drywall N Paint LLC,http://www.kddrywallnpaint.com,,,Millsboro,Delaware,,,,,,apollo,"painting company, painting services - Delaware",https://app.apollo.io/#/organizations/64739df7e2145c0001650b80?overrideScoreId=score,,2,home improvement+22,http://www.linkedin.com/company/kddrywallnpaintllc,,,,,
HHI Painting Services,http://www.hhipaint.com,,,Claymont,Delaware,,,,,,apollo,"painting company, painting services - Delaware",https://app.apollo.io/#/organizations/6438b991d2ab3000a340be16?overrideScoreId=score,,2,stucco painting+7,http://www.linkedin.com/company/hhi-painting-services,,,,,
Intex Coatings,http://www.intexcoatings.com,,,Lake Buena Vista,Florida,,,,,,apollo,"painting company, painting services - Florida",https://app.apollo.io/#/organizations/664adae746381e0001571dc4?overrideScoreId=score,,35,commercial painting+42,http://www.linkedin.com/company/intex-coatings,,,,,
Commercial Construction Services,http://www.ccsjacksonville.com,,,Jacksonville,Florida,,,,,,apollo,"painting company, painting services - Florida",https://app.apollo.io/#/organizations/5da4b36eda033b00018a114d?overrideScoreId=score,18.4M,35,,http://www.linkedin.com/company/commercialconstructionservices,https://www.facebook.com/commercialconstructionservicesinc/,,,,
"Performance Painting Contractors, Inc",http://www.performance-painting.com,,,Performance Painting Contractors,Inc,,,,,,apollo,"painting company, painting services - Inc",https://app.apollo.io/#/organizations/54a1af7374686945faa4d807?overrideScoreId=score,,33,commercial painting+64,http://www.linkedin.com/company/performance-painting-contractors-inc,https://facebook.com/paintersjacksonvillefl,https://twitter.com/JaxPainting,,,
Precise Painting,http://www.1precisepainting.com,,,North Port,Florida,,,,,,apollo,"painting company, painting services - Florida",https://app.apollo.io/#/organizations/5b859d97f874f72649fd73be?overrideScoreId=score,,31,,http://www.linkedin.com/company/precise-painting-1,https://www.facebook.com/PrecisePainting1/,,,,
"Competitive Edge Partners & Consulting, LLC",http://www.compedgellc.com,,,Altamonte Springs,Florida,,,,,,apollo,"painting company, painting services - Florida",https://app.apollo.io/#/organizations/5da46e512750710001941745?overrideScoreId=score,,30,,http://www.linkedin.com/company/competitive-edge-partners-consulting-llc,https://facebook.com/compedgellc,,,,
Reynolds Painting Group FL,http://www.reynoldspaintinggroupflorida.com,,,Tampa,Florida,,,,,,apollo,"painting company, painting services - Florida",https://app.apollo.io/#/organizations/54a1b5767468695c82a7b809?overrideScoreId=score,,29,commercial painting+36,http://www.linkedin.com/company/reynolds-painting-group-fl,https://www.facebook.com/RPGFL/,,,,
Croom Construction Company,http://www.croomconstruction.com,,,Vero Beach,Florida,,,,,,apollo,"painting company, painting services - Florida",https://app.apollo.io/#/organizations/54a1afe774686945fa710308?overrideScoreId=score,30.0M,29,luxury home builder+55,http://www.linkedin.com/company/croom-construction-company,https://facebook.com/pages/Croom-Construction-Company/252470794795843,,,,
PAINT CORPS - National Commercial Painting,http://www.paintcorps.com,,,Tampa,Florida,,,,,,apollo,"painting company, painting services - Florida",https://app.apollo.io/#/organizations/62d9f51e5a859300a3511a89?overrideScoreId=score,,27,,http://www.linkedin.com/company/paint-corps-franchise,,,,,
New Touch of Color,http://www.newtouchofcolorcorp.com,,,Pompano Beach,Florida,,,,,,apollo,"painting company, painting services - Florida",https://app.apollo.io/#/organizations/61ec476faf85a60001b6a01b?overrideScoreId=score,,25,pressure cleaning+32,http://www.linkedin.com/company/newtouchofcolor,https://www.facebook.com/newtouchofcolor/,,,,
Proietto Companies,http://www.proietto.com,,,Fort Lauderdale,Florida,,,,,,apollo,"painting company, painting services - Florida",https://app.apollo.io/#/organizations/5d0a1229a3ae612dddd48c15?overrideScoreId=score,25.9M,25,restoration+60,http://www.linkedin.com/company/proietto-painting-inc.,,,,,
Phoenix Painting Company,http://www.phoenixpaintingco.com,,,Fort Lauderdale,Florida,,,,,,apollo,"painting company, painting services - Florida",https://app.apollo.io/#/organizations/55920bd1736964185f563800?overrideScoreId=score,31.7M,25,specialty coatings+5,http://www.linkedin.com/company/phoenix-painting-company,,,,,
"Paramount Painting & Services, Inc.",http://www.pps-i.com,,,Paramount Painting & Services,Inc.,,,,,,apollo,"painting company, painting services - Inc.",https://app.apollo.io/#/organizations/604a7c2175bf160001b3b1d1?overrideScoreId=score,,23,coatings+71,http://www.linkedin.com/company/paramount-painting-&-services-inc.,,,,,
AVCS CONTRACTORS SERVICES,http://www.avcontractorsservices.com,,,Longwood,Florida,,,,,,apollo,"painting company, painting services - Florida",https://app.apollo.io/#/organizations/610913a831073f00a41f7271?overrideScoreId=score,,22,industrial painting+56,http://www.linkedin.com/company/avcscontractorsservices,https://www.facebook.com/avcscontractorsservices,,,,
Watson Construction Group,http://www.watsonconstructiongroup.com,,,Jacksonville,Florida,,,,,,apollo,"painting company, painting services - Florida",https://app.apollo.io/#/organizations/5fcb4d0da6ae030001844639?overrideScoreId=score,,22,hvac+67,http://www.linkedin.com/company/watson-construction-group,https://www.facebook.com/WatsonConstructionGroup/,,,,
C&S PAINT,http://www.cspaint.net,,,Hialeah,Florida,,,,,,apollo,"painting company, painting services - Florida",https://app.apollo.io/#/organizations/5e57a281bd15ea0001529564?overrideScoreId=score,,22,deck waterproofing+71,http://www.linkedin.com/company/c&s-paint-&-wallpaper-inc,https://facebook.com/cspaintandwallpaper/,,,,
820 Group,http://www.820group.com,,,Jacksonville,Florida,,,,,,apollo,"painting company, painting services - Florida",https://app.apollo.io/#/organizations/61ec8898be8691000193aa82?overrideScoreId=score,,21,construction+50,http://www.linkedin.com/company/820-property-solutions,,,,,
"JB Painting and Waterproofing, Inc.",,,,JB Painting and Waterproofing,Inc.,,,,,,apollo,"painting company, painting services - Inc.",https://app.apollo.io/#/organizations/663f9c248cce8d0001032499?overrideScoreId=score,36.5M,19,metal coatings+39,http://www.linkedin.com/company/jb-painting-and-waterproofing-inc.,https://www.facebook.com/JB-Painting-Waterproofing-Inc-132363020813196/,,,,
The Plummer Painting Company,http://www.plummerinc.com,,,Winter Park,Florida,,,,,,apollo,"painting company, painting services - Florida",https://app.apollo.io/#/organizations/6545f8889e2fb20001d2456e?overrideScoreId=score,11.2M,19,repaint+70,http://www.linkedin.com/company/the-plummer-painting-company,,,,,
Walker Painting,http://www.walkerpainting.com,,,Longwood,Florida,,,,,,apollo,"painting company, painting services - Florida",https://app.apollo.io/#/organizations/6662a58d72fef500012c9979?overrideScoreId=score,,18,,http://www.linkedin.com/company/walker-painting,https://facebook.com/WalkerExpertPaintingLlc,,,,
"Mid South Painting, Inc.",http://www.midsouthpaintinginc.com,,,Mid South Painting,Inc.,,,,,,apollo,"painting company, painting services - Inc.",https://app.apollo.io/#/organizations/61ec11b554407500016c794f?overrideScoreId=score,,18,commercial painting+52,http://www.linkedin.com/company/midsouthpainting,,,,,
Atlas Construction Services,http://www.atlascsgroup.com,,,West Palm Beach,Florida,,,,,,apollo,"painting company, painting services - Florida",https://app.apollo.io/#/organizations/64617e240305dd0001a09751?overrideScoreId=score,,17,rollouts+87,http://www.linkedin.com/company/atlas-construction-services-group-llc,,,,,
Gem Industries Incorporated,http://www.gemindustriesincorporated.com,,,Cocoa,Florida,,,,,,apollo,"painting company, painting services - Florida",https://app.apollo.io/#/organizations/5fc9e052e66113000176a64b?overrideScoreId=score,,17,metal work+96,http://www.linkedin.com/company/gem-industries-incorporated,https://www.facebook.com/GemIndustriesIncorporated/,https://twitter.com/GemIncorporated,,,
Affordable Quality Painting,http://www.aqpaintingco.com,,,Windermere,Florida,,,,,,apollo,"painting company, painting services - Florida",https://app.apollo.io/#/organizations/559238e3736964186fabdc00?overrideScoreId=score,,17,fencing+52,http://www.linkedin.com/company/affordable-quality-painting,https://business.facebook.com/aqpaintingco,,,,
"STRAIGHT LINE PAINTING, INC.",http://www.straightlinepaintinginc.com,,,Tampa,Florida,,,,,,apollo,"painting company, painting services - Florida",https://app.apollo.io/#/organizations/64bdbdbdd614f10001250f84?overrideScoreId=score,,16,commercial painting+63,http://www.linkedin.com/company/straight-line-painting-inc.,https://www.facebook.com/pg/floridaprofessionalpainting,,,,
Prachel Painting,http://www.prachel.com,,,Boca Raton,Florida,,,,,,apollo,"painting company, painting services - Florida",https://app.apollo.io/#/organizations/5f48122cea46460001458c09?overrideScoreId=score,,14,electrostatic+61,http://www.linkedin.com/company/prachel-painting,,,,,
"North Florida Field Services, Inc",http://www.reconstructionteam.com,,,North Florida Field Services,Inc,,,,,,apollo,"painting company, painting services - Inc",https://app.apollo.io/#/organizations/5ed35bbfa05d160001286f3a?overrideScoreId=score,,15,real estate services+46,http://www.linkedin.com/company/north-florida-field-services-inc,,,,,
MTD Painting & Construction,http://www.mtdcgc.com,,,Coral Springs,Florida,,,,,,apollo,"painting company, painting services - Florida",https://app.apollo.io/#/organizations/5e570021eb7a290001cb701c?overrideScoreId=score,,15,construction+43,http://www.linkedin.com/company/mtd-panting-and-construction,https://www.facebook.com/MTDpaint/,,,,
"Ryan Hammond, Inc.",http://www.ryanhammondinc.com,,,Ryan Hammond,Inc.,,,,,,apollo,"painting company, painting services - Inc.",https://app.apollo.io/#/organizations/55eb88a8f3e5bb137900014b?overrideScoreId=score,,15,decorative painting+40,http://www.linkedin.com/company/ryan-hammond-inc-,https://facebook.com/RyanHammondInc,,,,
Talbot Companies,http://www.talbotcompanies.com,,,Jupiter,Florida,,,,,,apollo,"painting company, painting services - Florida",https://app.apollo.io/#/organizations/55ea52a4f3e5bb5987001c57?overrideScoreId=score,,15,painting+48,http://www.linkedin.com/company/talbot-companies,https://www.facebook.com/profile.php,,,,
Prime Painting Incorperated,http://www.primepaintinginc.com,,,Loxahatchee,Florida,,,,,,apollo,"painting company, painting services - Florida",https://app.apollo.io/#/organizations/54a12a2a69702d979c360402?overrideScoreId=score,,15,exterior+38,http://www.linkedin.com/company/prime-painting,,,,,
Smart Finishes FL Corp,http://www.smartfinishesflcorp.com,,,Winter Garden,Florida,,,,,,apollo,"painting company, painting services - Florida",https://app.apollo.io/#/organizations/65c8706d321cf20001ed171e?overrideScoreId=score,,14,,http://www.linkedin.com/company/smart-finishes-fl-corp-orlando,,,,,
JMK Contractor,http://www.jmkcontractor.com,,,Miami Beach,Florida,,,,,,apollo,"painting company, painting services - Florida",https://app.apollo.io/#/organizations/646b3130ce35440001f99074?overrideScoreId=score,,14,multi-family housing+60,http://www.linkedin.com/company/jmk-contractor,,,,,
"Supermarket Solutions, Inc",http://www.supermarketsolutionsinc.com,,,Supermarket Solutions,Inc,,,,,,apollo,"painting company, painting services - Inc",https://app.apollo.io/#/organizations/6263ef943c41d30001c96c81?overrideScoreId=score,,14,store lighting upgrades+45,http://www.linkedin.com/company/supermarket-solutions-llc,,,,,
THE CAPTAINS Painters & General Contractors,http://www.thecaptainpainter.com,,,Fort Lauderdale,Florida,,,,,,apollo,"painting company, painting services - Florida",https://app.apollo.io/#/organizations/604a38293d75b2000153f924?overrideScoreId=score,,14,painting+38,http://www.linkedin.com/company/the-captain-painter,,,,,
Benchmark Painting & Carpentry,http://www.benchmarkpainting.com,,,Boynton Beach,Florida,,,,,,apollo,"painting company, painting services - Florida",https://app.apollo.io/#/organizations/54a1a08574686945fad20903?overrideScoreId=score,12.8M,14,interior painting+62,http://www.linkedin.com/company/benchmark-painting-and-carpentry,https://facebook.com/BenchmarkPaintingKensington,https://twitter.com/benchmarkpaint,,,
"LASA CONSTRUCTION, INC.",http://www.lasa-usa.com,,,Jacksonville,Florida,,,,,,apollo,"painting company, painting services - Florida",https://app.apollo.io/#/organizations/670c2c3c4c558600016b8581?overrideScoreId=score,38.3M,13,,http://www.linkedin.com/company/lasa-construction-inc.,https://facebook.com/lasaconstruction,,,,
Keen on Klean Solutions,http://www.keenonklean.com,,,Jacksonville,Florida,,,,,,apollo,"painting company, painting services - Florida",https://app.apollo.io/#/organizations/62acae18d381e800a3065946?overrideScoreId=score,,13,commercial cleaning+49,http://www.linkedin.com/company/keen-on-klean-solutions,https://www.facebook.com/keenonklean,,,,
3G Home Exteriors,http://www.3ghomeexteriors.com,,,Fort Myers,Florida,,,,,,apollo,"painting company, painting services - Florida",https://app.apollo.io/#/organizations/5e55a6d66fcac500011796ae?overrideScoreId=score,,12,contractor+79,,,,,,
Silva's Painting,http://www.silvas-painting.com,,,Orlando,Florida,,,,,,apollo,"painting company, painting services - Florida",https://app.apollo.io/#/organizations/55f74ab4f3e5bb16ea000ccd?overrideScoreId=score,,12,sandblasting+68,http://www.linkedin.com/company/silva's-general-services,,,,,
"Certified Boom Repair Service, Inc.",http://www.certifiedboomrepair.com,,,Certified Boom Repair Service,Inc.,,,,,,apollo,"painting company, painting services - Inc.",https://app.apollo.io/#/organizations/5500b74973696417347c0500?overrideScoreId=score,,12,annual inspections+48,http://www.linkedin.com/company/certified-boom-repair-service-inc-,,,,,
Natural Elements Painting and Repair,http://www.naturalelementspainting.com,,,Gainesville,Florida,,,,,,apollo,"painting company, painting services - Florida",https://app.apollo.io/#/organizations/54a1a53a74686945fae86704?overrideScoreId=score,,12,wood repair+64,http://www.linkedin.com/company/naturalelementspainting,,https://twitter.com/NEPaint,,,
"Universal Construction, LLC.",http://www.universalgrc.com,,,Deerfield Beach,Florida,,,,,,apollo,"painting company, painting services - Florida",https://app.apollo.io/#/organizations/5e57c145d2bd68000120c04e?overrideScoreId=score,,11,waterproof coatings+50,http://www.linkedin.com/company/universal-construction-llc,,,,,
JC Contractors Group,http://www.jccontractorsgroup.com,,,Miami,Florida,,,,,,apollo,"painting company, painting services - Florida",https://app.apollo.io/#/organizations/64ba4d28e0838c0001c3eae6?overrideScoreId=score,,10,,http://www.linkedin.com/company/jccontactrosgroup,https://www.facebook.com/jcpaintingmiami,,,,
Paint Pros USA,http://www.paintprosusa.net,,,Miami,Florida,,,,,,apollo,"painting company, painting services - Florida",https://app.apollo.io/#/organizations/615fefe357a7500001b81eb6?overrideScoreId=score,,10,drywall repairs+53,http://www.linkedin.com/company/paint-prosusa,https://www.facebook.com/paintprosusaflorida,,,,
FLS Painting Contractors,http://www.flspainting.com,,,Boca Raton,Florida,,,,,,apollo,"painting company, painting services - Florida",https://app.apollo.io/#/organizations/5ed74742ca3d130001e85e99?overrideScoreId=score,,10,house painting+53,http://www.linkedin.com/company/fls-painting-corp.,https://www.facebook.com/FLSPainting/,,,,
"AGE OF EMPIRE, INC.",http://www.ageofempireinc.com,,,Miami,Florida,,,,,,apollo,"painting company, painting services - Florida",https://app.apollo.io/#/organizations/5da1537a4614520001aaf708?overrideScoreId=score,,10,,http://www.linkedin.com/company/age-of-empire-inc1,,,,,
Regal Custom Painting Inc,http://www.regalcustompainting.com,,,Palm Bay,Florida,,,,,,apollo,"painting company, painting services - Florida",https://app.apollo.io/#/organizations/556de42773696412269aba01?overrideScoreId=score,,10,interior painting+44,http://www.linkedin.com/company/regal-custom-painting-inc,,,,,
Five Seasons Painting,http://www.fiveseasonspainting.com,,,Sanford,Florida,,,,,,apollo,"painting company, painting services - Florida",https://app.apollo.io/#/organizations/668b23648fa28d00012e56ea?overrideScoreId=score,,9,house painting+63,http://www.linkedin.com/company/five-seasons-painting,,,,,
"SPR SERVICES, INC.",http://www.sprservices.com,,,Orlando,Florida,,,,,,apollo,"painting company, painting services - Florida",https://app.apollo.io/#/organizations/5e56b4a800577700017c5602?overrideScoreId=score,,9,painting contractor+41,http://www.linkedin.com/company/spr-services-inc.,https://www.facebook.com/people/SPR-Services-INC/100063591581509/,,,,
Vic's Painting and Reconstruction,http://www.vicspainting.com,,,Fort Myers,Florida,,,,,,apollo,"painting company, painting services - Florida",https://app.apollo.io/#/organizations/5da68c0634d39000016f2c04?overrideScoreId=score,10.3M,9,reconstruction+82,http://www.linkedin.com/company/vic-s-painting-and-reconstruction,https://facebook.com/vics-painting-and-reconstruction-110154350612134,https://twitter.com/painting_vic,,,
Titan Painting and Maintenance,http://www.titanpainting.com,,,Navarre,Florida,,,,,,apollo,"painting company, painting services - Florida",https://app.apollo.io/#/organizations/5da4dfa3551bd600014f899a?overrideScoreId=score,,9,,http://www.linkedin.com/company/titan-painting-and-maintenance,https://www.facebook.com/titanpainting34/,,,,
"Tru Colors Contracting, Inc",http://www.trucolorscontracting.com,,,Tru Colors Contracting,Inc,,,,,,apollo,"painting company, painting services - Inc",https://app.apollo.io/#/organizations/5b8357ebf874f71e9455e29b?overrideScoreId=score,,9,,http://www.linkedin.com/company/trucolorscontracting,https://facebook.com/trucolorscontractingfl,,,,
GC Contractor Services,http://www.gccontractorservices.com,,,Daytona Beach,Florida,,,,,,apollo,"painting company, painting services - Florida",https://app.apollo.io/#/organizations/56d9d8d2f3e5bb633d000655?overrideScoreId=score,,9,,http://www.linkedin.com/company/gc-contractor-services,https://www.facebook.com/people/GC-Contractor-Service-LLC/61573580500344/,,,,
RCI PAINTING,http://www.rcipainting.com,,,Boynton Beach,Florida,,,,,,apollo,"painting company, painting services - Florida",https://app.apollo.io/#/organizations/55ef96f9f3e5bb7b190007de?overrideScoreId=score,11.8M,9,customer satisfaction+54,http://www.linkedin.com/company/rci-painting,,,,,
"Hutton Enterprises, Inc.",http://www.huttonenterprisesinc.com,,,Hutton Enterprises,Inc.,,,,,,apollo,"painting company, painting services - Inc.",https://app.apollo.io/#/organizations/55ee7085f3e5bb2274001843?overrideScoreId=score,,9,interior improvements+76,http://www.linkedin.com/company/hutton-enterprises-inc-,http://www.facebook.com/wix,http://www.twitter.com/wix,,,
Premium Painters,http://www.premiumpainters.com,,,Hobe Sound,Florida,,,,,,apollo,"painting company, painting services - Florida",https://app.apollo.io/#/organizations/55ea54a7f3e5bb59a6002962?overrideScoreId=score,21.9M,9,interior+55,http://www.linkedin.com/company/premiumpainters,https://www.facebook.com/PremiumPainters.FL,https://twitter.com/apremiumpainter,,,
Al Brothers,http://www.albrothers.com,,,Cape Coral,Florida,,,,,,apollo,"painting company, painting services - Florida",https://app.apollo.io/#/organizations/54a242da7468693fda8cd41a?overrideScoreId=score,,9,metal framing+48,http://www.linkedin.com/company/al-brothers,,,,,
"Southern Painting & Blasting, LLC",http://www.southern-paint.com,,,Casselberry,Florida,,,,,,apollo,"painting company, painting services - Florida",https://app.apollo.io/#/organizations/6375be591651fa000179a818?overrideScoreId=score,39.4M,8,project management+41,http://www.linkedin.com/company/southernpaintingandblasting,https://www.facebook.com/SouthernPaintingandBlasting,,,,
Eco Restoration & Construction,http://www.ecofla.com,,,Deerfield Beach,Florida,,,,,,apollo,"painting company, painting services - Florida",https://app.apollo.io/#/organizations/614470c6524d2100018e64e7?overrideScoreId=score,,8,mold remediation+48,http://www.linkedin.com/company/eco-restoration-construction,,,,,
Coastal Painting Contractors Inc,http://www.coastalpaintingcontractors.com,,,Naples,Florida,,,,,,apollo,"painting company, painting services - Florida",https://app.apollo.io/#/organizations/612a41b09ce6c5000187ee54?overrideScoreId=score,,8,,http://www.linkedin.com/company/coastal-painting-contractors-inc,https://www.facebook.com/coastalpaintingcontractorsinc,,,,
Apex Painting Group,http://www.paintwithapex.com,,,Bonita Springs,Florida,,,,,,apollo,"painting company, painting services - Florida",https://app.apollo.io/#/organizations/5e5608be840a2400014cbfcd?overrideScoreId=score,,8,painting+48,http://www.linkedin.com/company/apex-painting-group-paintersfortmyers,,,,,
Trinity Painting and Wall Covering,http://www.trinityenterprisespaint.com,,,Miami,Florida,,,,,,apollo,"painting company, painting services - Florida",https://app.apollo.io/#/organizations/55f5b77ff3e5bb07680013bc?overrideScoreId=score,,8,pressure washing+45,http://www.linkedin.com/company/trinity-painting-and-wall-covering,,,,,
Perkins Roofing Corp.,http://www.perkinsroofing.net,,,Miami,Florida,,,,,,apollo,"painting company, painting services - Florida",https://app.apollo.io/#/organizations/55ea542bf3e5bb596c0026f1?overrideScoreId=score,,8,roofing+63,http://www.linkedin.com/company/perkins-roofing-corp,,,,,
"Ira Walden & Sons, Inc.",http://www.irawalden.com,,,Ira Walden & Sons,Inc.,,,,,,apollo,"painting company, painting services - Inc.",https://app.apollo.io/#/organizations/5500bbfd7369641775732200?overrideScoreId=score,,8,,http://www.linkedin.com/company/ira-walden-&-sons-inc-,,,,,
GM Painting & Construction,http://www.gmpainting.com,,,Deerfield Beach,Florida,,,,,,apollo,"painting company, painting services - Florida",https://app.apollo.io/#/organizations/66d32df2a93f39000119095e?overrideScoreId=score,,7,,http://www.linkedin.com/company/gm-painting-construction,,,,,
JPV Construction,http://www.jpvconstruction.com,,,Kissimmee,Florida,,,,,,apollo,"painting company, painting services - Florida",https://app.apollo.io/#/organizations/63b185829b8d3c0001dc1ead?overrideScoreId=score,,7,remodeling+84,http://www.linkedin.com/company/jpvconstruction,https://www.facebook.com/jpvconstruction,,,,
DPT Construction Inc,http://www.dptconstructioninc.com,,,Orlando,Florida,,,,,,apollo,"painting company, painting services - Florida",https://app.apollo.io/#/organizations/604a81bd3767360001f62580?overrideScoreId=score,,7,fdot coatings+52,http://www.linkedin.com/company/dpt-construction-inc,,,,,
Precision Painting & Waterproofing,http://www.precisionpaw.com,,,Fort Lauderdale,Florida,,,,,,apollo,"painting company, painting services - Florida",https://app.apollo.io/#/organizations/60486e9de4868100014e440b?overrideScoreId=score,,7,painting+50,http://www.linkedin.com/company/precision-painting-waterproofing,,,,,
FLORIDA PAINTING COMPANY,http://www.floridapaintingmiami.com,,,Miami,Florida,,,,,,apollo,"painting company, painting services - Florida",https://app.apollo.io/#/organizations/5da3d61c2fc5830001758fa8?overrideScoreId=score,,7,painting+55,http://www.linkedin.com/company/florida-painting-company,https://www.facebook.com/FLORIDAPAINTINGCOMPANY/,,,,
JCB INTERNATIONAL INC,http://www.jcb-inc.com,,,Palm Harbor,Florida,,,,,,apollo,"painting company, painting services - Florida",https://app.apollo.io/#/organizations/55f6a264f3e5bb18db014417?overrideScoreId=score,,7,bathroom remodeling+51,http://www.linkedin.com/company/jcb-international-inc,,,,,
CTI General Contractors Inc.,http://www.ctigc.net,,,Miami,Florida,,,,,,apollo,"painting company, painting services - Florida",https://app.apollo.io/#/organizations/67d902fa25e9e60001876a6d?overrideScoreId=score,,6,,http://www.linkedin.com/company/cti-general-contractors-inc,,,,,
Markone Contractors,http://www.markonecontractors.com,,,West Palm Beach,Florida,,,,,,apollo,"painting company, painting services - Florida",https://app.apollo.io/#/organizations/6605f33cc6177a0300275db9?overrideScoreId=score,,6,roof repair+61,http://www.linkedin.com/company/markone-contractors-fl,,,,,
Ganster and Company Inc.,http://www.gansterpaint.com,,,Tampa,Florida,,,,,,apollo,"painting company, painting services - Florida",https://app.apollo.io/#/organizations/60b26c6b622d450001dd829a?overrideScoreId=score,,6,commercial projects+40,http://www.linkedin.com/company/ganster-and-company,,,,,
APD Construction LLC,http://www.apdconstruction.com,,,Orlando,Florida,,,,,,apollo,"painting company, painting services - Florida",https://app.apollo.io/#/organizations/5f4e9060d8c3cc00c993587b?overrideScoreId=score,,6,commercial building+67,http://www.linkedin.com/company/apd-construction-llc,https://www.facebook.com/apdconstruction,,,,
"Extreme Painting & Contracting, Inc.",http://www.extremepaintingfl.com,,,Extreme Painting & Contracting,Inc.,,,,,,apollo,"painting company, painting services - Inc.",https://app.apollo.io/#/organizations/5f3ee8d62588bb000163c2d1?overrideScoreId=score,,6,commercial painting+50,http://www.linkedin.com/company/extreme-painting-contracting-inc,https://www.facebook.com/ExtremePaintingContracting/,,,,
BHI Services Inc,http://www.bhiservicesinc.com,,,Auburndale,Florida,,,,,,apollo,"painting company, painting services - Florida",https://app.apollo.io/#/organizations/5b835011f874f71d835391e2?overrideScoreId=score,,6,property maintenance+86,http://www.linkedin.com/company/bhi-services-inc,,,,,
"Dulakis Painting, Inc.",http://www.dulakispainting.com,,,Dulakis Painting,Inc.,,,,,,apollo,"painting company, painting services - Inc.",https://app.apollo.io/#/organizations/55921f787369643bddc22300?overrideScoreId=score,,6,commercial painting+63,http://www.linkedin.com/company/dulakis-painting-inc-,https://www.facebook.com/dulakispaintinginc,,,,
Precision Painting & Waterproofing,http://www.precisionpaintingwaterproofing.com,,,Vero Beach,Florida,,,,,,apollo,"painting company, painting services - Florida",https://app.apollo.io/#/organizations/5569948d73696425db8b5b00?overrideScoreId=score,14.4M,6,sealants+71,http://www.linkedin.com/company/precision-painting-&-waterproofing,https://facebook.com/pages/Croom-Construction-Company/252470794795843,,,,
Smith Plastering Inc,http://www.smithplastering.com,,,Naples,Florida,,,,,,apollo,"painting company, painting services - Florida",https://app.apollo.io/#/organizations/54a1adf07468695475bb3307?overrideScoreId=score,9.2M,6,stucco+73,http://www.linkedin.com/company/smith-plastering-inc,,,,,
Smart Coat Painting & Construction,http://www.smartcoatpaintingfl.com,,,Deerfield Beach,Florida,,,,,,apollo,"painting company, painting services - Florida",https://app.apollo.io/#/organizations/678c82df320fdb0001fddd2b?overrideScoreId=score,,5,painting+64,http://www.linkedin.com/company/smart-coat-painting,,,,,
"CARLOS PROFESSIONAL PAINTING SERVICES, INC.",http://www.cpspainting.com,,,Pompano Beach,Florida,,,,,,apollo,"painting company, painting services - Florida",https://app.apollo.io/#/organizations/674990c30cda9e00019b2578?overrideScoreId=score,,5,,http://www.linkedin.com/company/carlos-professional-painting-services-inc.,,,,,
EZ Painting Services,http://www.ezpaintingservices.com,,,Port Charlotte,Florida,,,,,,apollo,"painting company, painting services - Florida",https://app.apollo.io/#/organizations/67312d60cfd91b00011db109?overrideScoreId=score,,5,,http://www.linkedin.com/company/ez-painting-services,,,,,
Excell General Service Group,http://www.excellservicegroup.com,,,Bonita Springs,Florida,,,,,,apollo,"painting company, painting services - Florida",https://app.apollo.io/#/organizations/671633060180600001262320?overrideScoreId=score,,5,carpetry+82,http://www.linkedin.com/company/excell-general-service-group,,,,,
COLORS PAINTING SERVICES LLC.,http://www.colorspaintingservices.com,,,Saint Cloud,Florida,,,,,,apollo,"painting company, painting services - Florida",https://app.apollo.io/#/organizations/6710a13f0feb7500011e63ca?overrideScoreId=score,,5,,http://www.linkedin.com/company/colors-painting-services-llc.,,,,,
World Construction Design,http://www.wcdgn.com,,,Orlando,Florida,,,,,,apollo,"painting company, painting services - Florida",https://app.apollo.io/#/organizations/66f4dcb1d9c32700014a4f47?overrideScoreId=score,,5,trusses sistem+111,http://www.linkedin.com/company/worldconstructiondesign,,,,,
Lady Painters at Work,http://www.ladypaintersatwork.com,,,Homestead,Florida,,,,,,apollo,"painting company, painting services - Florida",https://app.apollo.io/#/organizations/61ec93756941fd000117b71f?overrideScoreId=score,,5,exterior painting+24,http://www.linkedin.com/company/ladypaintersatworkllc,https://facebook.com/ladypaintersatwork,,,,
"A Step Above Painting, LLC.",http://www.asapsrq.com,,,Sarasota,Florida,,,,,,apollo,"painting company, painting services - Florida",https://app.apollo.io/#/organizations/5ed33ab4a137530001916c83?overrideScoreId=score,,5,,http://www.linkedin.com/company/asapsrq,https://www.facebook.com/asapsrq,,,,
Biscayne Painting Corp,http://www.biscaynepaintingcorp.com,,,Hollywood,Florida,,,,,,apollo,"painting company, painting services - Florida",https://app.apollo.io/#/organizations/55f18a9ff3e5bb6152002794?overrideScoreId=score,30.8M,5,painting services+46,http://www.linkedin.com/company/biscayne-painting-corp,https://www.facebook.com/WixStudio,,,,
Bright Side Painting of Jax,http://www.brightsidepaintingjax.com,,,Atlantic Beach,Florida,,,,,,apollo,"painting company, painting services - Florida",https://app.apollo.io/#/organizations/674b39fe15f724000185d5e7?overrideScoreId=score,,4,cabinet refinishing+54,http://www.linkedin.com/company/bright-side-painting-of-jax,https://www.facebook.com/BSPofJAX,,,,
Bright Side Painting Of Jax Inc.,,,,Jacksonville Beach,Florida,,,,,,apollo,"painting company, painting services - Florida",https://app.apollo.io/#/organizations/666516bdaba2b000018e4255?overrideScoreId=score,,4,paintcoating+55,http://www.linkedin.com/company/bright-side-painting-of-jax-inc,https://www.facebook.com/BSPofJAX,,,,
Bamm Renovation Group,http://www.bammgroupllc.com,,,Orlando,Florida,,,,,,apollo,"painting company, painting services - Florida",https://app.apollo.io/#/organizations/65ece5187e48f70007264a9e?overrideScoreId=score,,4,flooring installation+52,http://www.linkedin.com/company/bamm-renovation-group,,,,,
"Miami Construction Brokers, INC",http://www.miamiconstructionbrokers.com,,,Medley,Florida,,,,,,apollo,"painting company, painting services - Florida",https://app.apollo.io/#/organizations/640dee982f41de0001ccbefb?overrideScoreId=score,,4,flooring installation+51,http://www.linkedin.com/company/miami-construction-brokers-inc,,,,,
Professional Painting and More,http://www.professionalpaintingandmore.com,,,Jacksonville,Florida,,,,,,apollo,"painting company, painting services - Florida",https://app.apollo.io/#/organizations/6146deb2d7c3fb0001f3173e?overrideScoreId=score,,4,cabinets refinishing+67,http://www.linkedin.com/company/paintingservices,,,,,
"Seal Pro Painting, Inc.",http://www.sealpropainting.com,,,Seal Pro Painting,Inc.,,,,,,apollo,"painting company, painting services - Inc.",https://app.apollo.io/#/organizations/5ed581446a693c0001c2ea0c?overrideScoreId=score,,4,surface cleaning+49,http://www.linkedin.com/company/sealpropainting,https://www.facebook.com/sealpropaintingcfl,,,,
Epic Painting Services,http://www.epicpaintingservices.com,,,Longwood,Florida,,,,,,apollo,"painting company, painting services - Florida",https://app.apollo.io/#/organizations/5e55b8a0e90db10001ebd137?overrideScoreId=score,,4,,http://www.linkedin.com/company/epic-home-services-inc-,,,,,
"Nu Look Painting & Services, Corp.",http://www.nulookpainting.com,,,Nu Look Painting & Services,Corp.,,,,,,apollo,"painting company, painting services - Corp.",https://app.apollo.io/#/organizations/5569ba4573696425d7fc8200?overrideScoreId=score,,4,,http://www.linkedin.com/company/nu-look-painting-&-services-corp.,,,,,
Jonsson Construction,http://www.jonssonconstruction.com,,,Jacksonville,Florida,,,,,,apollo,"painting company, painting services - Florida",https://app.apollo.io/#/organizations/54a13b6969702d231f37b001?overrideScoreId=score,,4,kitchen remodeling+77,http://www.linkedin.com/company/jonsson-construction,,,,,
York Services LLC (Painting Contractor),http://www.naplesfloridapainters.com,,,Fort Myers,Florida,,,,,,apollo,"painting company, painting services - Florida",https://app.apollo.io/#/organizations/54a13adc69702dac84991b01?overrideScoreId=score,,4,,http://www.linkedin.com/company/york-services-llc,,,,,
"Peacock Painting Services, Inc.",http://www.peacockpainting.com,,,Peacock Painting Services,Inc.,,,,,,apollo,"painting company, painting services - Inc.",https://app.apollo.io/#/organizations/54a1284a69702d8cfc373701?overrideScoreId=score,10.9M,4,,http://www.linkedin.com/company/peacock-painting-services,https://www.facebook.com/peacockpainting,,,,
I.A.C. PAINTING COMPANY INC.,http://www.iacpainting.com,,,Tampa,Florida,,,,,,apollo,"painting company, painting services - Florida",https://app.apollo.io/#/organizations/6730c2080af9f60001e2e517?overrideScoreId=score,,3,,http://www.linkedin.com/company/i.a.c.-painting-company-inc.,,,,,
AMV Renovations,http://www.amvrenovations.com,,,Orlando,Florida,,,,,,apollo,"painting company, painting services - Florida",https://app.apollo.io/#/organizations/669e056482d6a502d2a1005c?overrideScoreId=score,,3,bathroom conversions+67,http://www.linkedin.com/company/amvrenovations,,,,,
R&B Home Service,,,,Orlando,Florida,,,,,,apollo,"painting company, painting services - Florida",https://app.apollo.io/#/organizations/661e2f3edba7290007c181d7?overrideScoreId=score,,3,curb appeal+49,http://www.linkedin.com/company/r-b-home-service,,,,,
Hones-T Painting LLC,http://www.hones-tpainting.com,,,Sarasota,Florida,,,,,,apollo,"painting company, painting services - Florida",https://app.apollo.io/#/organizations/65be7061a94694000112f2f6?overrideScoreId=score,,3,paint longevity+48,http://www.linkedin.com/company/hones-t-painting-llc,,,,,
Coastal Painting of South Florida,,,,Fort Lauderdale,Florida,,,,,,apollo,"painting company, painting services - Florida",https://app.apollo.io/#/organizations/64b3349ca27b120001d95078?overrideScoreId=score,,3,,http://www.linkedin.com/company/coastal-painting-of-south-florida,https://www.facebook.com/profile.php,,,,
Fine Line Construction Contractors Inc.,http://www.finelineconstructioninc.com,,,Lake Park,Florida,,,,,,apollo,"painting company, painting services - Florida",https://app.apollo.io/#/organizations/64a7d8aa2be4240001752cd0?overrideScoreId=score,,3,,http://www.linkedin.com/company/flcc-inc,,,,,
Fresh Coating,http://www.freshcoatingllc.com,,,Fort Walton Beach,Florida,,,,,,apollo,"painting company, painting services - Florida",https://app.apollo.io/#/organizations/64a6667023b5ff0001281872?overrideScoreId=score,,3,exterior painting+55,http://www.linkedin.com/company/fresh-coating-llc,https://www.facebook.com/freshcoatingllc,,,,
The Cabinet Painting Company,http://www.cabinetpaintingco.com,,,Lithia,Florida,,,,,,apollo,"painting company, painting services - Florida",https://app.apollo.io/#/organizations/63c2ea9b5c1fde0001e1b472?overrideScoreId=score,,3,,http://www.linkedin.com/company/cabinetpaintingco,https://www.facebook.com/cabinetpaintingco/,,,,
Blu Baboon Painting,http://www.blubaboon.com,,,Cocoa,Florida,,,,,,apollo,"painting company, painting services - Florida",https://app.apollo.io/#/organizations/6384b6b5a0238900a31b5c73?overrideScoreId=score,,3,exterior painting+50,http://www.linkedin.com/company/blu-baboon,,,,,
SENCU Construction Inc.,http://www.sencuconstruction.com,,,Orlando,Florida,,,,,,apollo,"painting company, painting services - Florida",https://app.apollo.io/#/organizations/61ec0e79600a26000183760e?overrideScoreId=score,,3,construction+44,http://www.linkedin.com/company/sencu-construction,https://www.facebook.com/sencuconstruction,,,,
Sante Custom Painting & Designs,http://www.santecustompainting.com,,,Orlando,Florida,,,,,,apollo,"painting company, painting services - Florida",https://app.apollo.io/#/organizations/614ead27ccf149000195a26a?overrideScoreId=score,,3,home improvement+30,http://www.linkedin.com/company/sante-custom-painting-&-designs,https://www.facebook.com/santecustompainting,,,,
SUPERMIXERS LLC,http://www.supermixers.us,,,Orlando,Florida,,,,,,apollo,"painting company, painting services - Florida",https://app.apollo.io/#/organizations/5e58166761258d00012a2e99?overrideScoreId=score,,3,truck dealer+45,http://www.linkedin.com/company/supermixers,https://www.facebook.com/1895154717197969,,,,
Tampa Bay Painting Company,http://www.tbpaintingco.com,,,Saint Petersburg,Florida,,,,,,apollo,"painting company, painting services - Florida",https://app.apollo.io/#/organizations/55ef78c5f3e5bb3550000dea?overrideScoreId=score,,3,,http://www.linkedin.com/company/tampa-bay-painting-company,https://www.facebook.com/TampaBayPaintingCompany,,,,
"GPS Painting Group, LLC (561-247-2468)",http://www.gpspaintingfl.com,,,Royal Palm Beach,Florida,,,,,,apollo,"painting company, painting services - Florida",https://app.apollo.io/#/organizations/5500b76a736964606b480600?overrideScoreId=score,,3,pressure wash+60,http://www.linkedin.com/company/g-p-s-painting-group-llc,,https://twitter.com/GPSPainting,,,
Hall Painting Services,http://www.hallpaintingservices.com,,,Clearwater,Florida,,,,,,apollo,"painting company, painting services - Florida",https://app.apollo.io/#/organizations/54a1342669702d3170353400?overrideScoreId=score,,3,,http://www.linkedin.com/company/hall-painting-services,,,,,
"DT Painter, LLC.",http://www.dtpainter.com,,,Coral Springs,Florida,,,,,,apollo,"painting company, painting services - Florida",https://app.apollo.io/#/organizations/54a128e069702d90a2337401?overrideScoreId=score,,3,pressure cleaning+55,http://www.linkedin.com/company/dt-painter-llc-,,,,,
Triple S Painting and Cleaning Services,http://www.triplespaintingandcleaningservices.com,,,Spring Hill,Florida,,,,,,apollo,"painting company, painting services - Florida",https://app.apollo.io/#/organizations/674cc9ccb453520001e69923?overrideScoreId=score,,2,consultation+36,http://www.linkedin.com/company/triple-s-painting-and-cleaning-services,,,,,
Munyan Painting Services,http://www.munyanpaintingservices.com,,,Bradenton,Florida,,,,,,apollo,"painting company, painting services - Florida",https://app.apollo.io/#/organizations/6727e14d0b702b000158d621?overrideScoreId=score,20.2M,2,,http://www.linkedin.com/company/munyan-painting-services,https://facebook.com/MunyanPaintingServices,,,,
American Standard Painting & Drywall,http://www.americanstandardpaint.com,,,Seminole,Florida,,,,,,apollo,"painting company, painting services - Florida",https://app.apollo.io/#/organizations/67269d523ca5f70001974ef4?overrideScoreId=score,,2,painting services+43,http://www.linkedin.com/company/american-standard-painting-drywall,,,,,
"XTREME PAINTING SERVICES, INC.",http://www.xtremepaintingservices.com,,,Tampa,Florida,,,,,,apollo,"painting company, painting services - Florida",https://app.apollo.io/#/organizations/6714314733a88400017eab81?overrideScoreId=score,,2,,http://www.linkedin.com/company/xtreme-painting-services-inc.,,,,,
FINITE REIMAGING LLC,http://www.finite-reimaging.com,,,Duluth,Georgia,,,,,,apollo,"painting company, painting services - Georgia",https://app.apollo.io/#/organizations/5b83a378324d440933f1f7d4?overrideScoreId=score,,31,hospitality renovations+30,http://www.linkedin.com/company/finite-reimaging-llc,,,,,
Horizon Painting & Renovations,http://www.horizonpaintingcorp.com,,,Atlanta,Georgia,,,,,,apollo,"painting company, painting services - Georgia",https://app.apollo.io/#/organizations/5fcb462da98bf70001590368?overrideScoreId=score,34.1M,28,exterior painting+56,http://www.linkedin.com/company/horizon-painting-renovations-llc,https://facebook.com/pages/Horizon-Painting-Renovations/289436254442830,,,,
All American Renovations,http://www.myaareno.com,,,Hampton,Georgia,,,,,,apollo,"painting company, painting services - Georgia",https://app.apollo.io/#/organizations/54a127e969702dc128119000?overrideScoreId=score,,28,landscape lighting+71,http://www.linkedin.com/company/all-american-exteriors,,,,,
Av Painting,http://www.avpainting.com,,,Acworth,Georgia,,,,,,apollo,"painting company, painting services - Georgia",https://app.apollo.io/#/organizations/54fca12d7369647dd7230000?overrideScoreId=score,,27,waterproofing paint+68,http://www.linkedin.com/company/av-painting,,,,,
SuperiorPRO,http://www.superiorpro.com,,,Kennesaw,Georgia,,,,,,apollo,"painting company, painting services - Georgia",https://app.apollo.io/#/organizations/5500c50c73696416c0444f00?overrideScoreId=score,,26,sidingwindows+54,http://www.linkedin.com/company/superiorpro,https://www.facebook.com/Superiorpro/,https://twitter.com/@superiorproatl,,,
Rosing Painting & Wallcovering,http://www.rosingpaint.com,,,Atlanta,Georgia,,,,,,apollo,"painting company, painting services - Georgia",https://app.apollo.io/#/organizations/54a11bcc69702da7538e6e00?overrideScoreId=score,25.5M,25,commercial painting+29,http://www.linkedin.com/company/rosing-painting-&-wallcovering,,,,,
"D & D DECORATORS, INC.",http://www.dndcompany.com,,,Brunswick,Georgia,,,,,,apollo,"painting company, painting services - Georgia",https://app.apollo.io/#/organizations/5a9e23efa6da98d9356a3493?overrideScoreId=score,,23,exterior painting+53,http://www.linkedin.com/company/dnddecorators,https://www.facebook.com/DNDecoratorsInc/,,,,
Castle Painting LLC,http://www.castlega.com,,,Atlanta,Georgia,,,,,,apollo,"painting company, painting services - Georgia",https://app.apollo.io/#/organizations/55ec9255f3e5bb12b2001119?overrideScoreId=score,4.2M,20,interiorexterior paint+43,http://www.linkedin.com/company/castle-painting-llc,https://facebook.com/castlepaintingGA,https://twitter.com/castlepaintinga,,,
"American Painting & Renovations, Inc.",http://www.amerapaint.com,,,American Painting & Renovations,Inc.,,,,,,apollo,"painting company, painting services - Inc.",https://app.apollo.io/#/organizations/5d0a442ff65125ad9e0e35b7?overrideScoreId=score,24.8M,18,painting+49,http://www.linkedin.com/company/american-painting-renovations-inc,https://facebook.com/amerapaint,https://twitter.com/amerapaint,,,
"Dixon Painting, Inc",http://www.choosedixon.com,,,Dixon Painting,Inc,,,,,,apollo,"painting company, painting services - Inc",https://app.apollo.io/#/organizations/54a1272769702d979c345800?overrideScoreId=score,8.7M,18,interior+80,http://www.linkedin.com/company/dixon-painting,https://www.facebook.com/dixonpaintinginc,https://twitter.com/dixonpainting,,,
"All About Painting Contractors, Inc.",http://www.allaboutpainting.biz,,,All About Painting Contractors,Inc.,,,,,,apollo,"painting company, painting services - Inc.",https://app.apollo.io/#/organizations/54a13a8169702d231f811301?overrideScoreId=score,,15,,http://www.linkedin.com/company/all-about-painting-contractors-inc.,,https://twitter.com/allaboutpaint,,,
One Man and A Brush,http://www.onemanandabrush.com,,,Woodstock,Georgia,,,,,,apollo,"painting company, painting services - Georgia",https://app.apollo.io/#/organizations/55ea6adef3e5bb594b00bf5b?overrideScoreId=score,4.9M,13,handyman services+64,http://www.linkedin.com/company/one-man-and-a-brush-llc,https://facebook.com/OneManandABrushHousePainting,https://twitter.com/OneManandABrush,,,
M&M Home Exteriors,http://www.sidingatlanta.com,,,Marietta,Georgia,,,,,,apollo,"painting company, painting services - Georgia",https://app.apollo.io/#/organizations/615fc09bd7240a000137561c?overrideScoreId=score,,12,siding+71,http://www.linkedin.com/company/sidingatlanta,https://www.facebook.com/sidingatlanta/,,,,
Brush Strokes,http://www.brushstrokesga.com,,,Augusta,Georgia,,,,,,apollo,"painting company, painting services - Georgia",https://app.apollo.io/#/organizations/663687ada1ab460001ff84d0?overrideScoreId=score,,11,,http://www.linkedin.com/company/brush-strokes-ga,https://www.facebook.com/BrushStrokesCSRA,,,,
"Reliable Property Solutions, LLC",http://www.callrps.com,,,Stockbridge,Georgia,,,,,,apollo,"painting company, painting services - Georgia",https://app.apollo.io/#/organizations/5ed647acf529de0001f355e2?overrideScoreId=score,,10,,http://www.linkedin.com/company/reliable-property-solutions-llc,,,,,
Construction Clean Partners,http://www.constructioncleanpartners.com,,,Atlanta,Georgia,,,,,,apollo,"painting company, painting services - Georgia",https://app.apollo.io/#/organizations/54a11e4269702d9a8b596301?overrideScoreId=score,,10,construction bidding+48,http://www.linkedin.com/company/construction-clean-partners,,http://twitter.com/ccpfinalclean,,,
"Brownlow and Sons Co., Inc.",http://www.brownlowandsons.com,,,Marietta,Georgia,,,,,,apollo,"painting company, painting services - Georgia",https://app.apollo.io/#/organizations/54a11d6869702d84c5fb0001?overrideScoreId=score,14.8M,10,painting & repair+43,http://www.linkedin.com/company/brownlow-and-sons-co.-inc.,https://facebook.com/brownlowandsons,https://twitter.com/renovateatlanta,,,
Full Coverage Painting and Flooring,http://www.fullcoveragepaintingflooring.com,,,Atlanta,Georgia,,,,,,apollo,"painting company, painting services - Georgia",https://app.apollo.io/#/organizations/6363369fd451460001c6e163?overrideScoreId=score,,9,lvp installation+64,http://www.linkedin.com/company/full-coverage-painting-and-flooring,,,,,
F&F General Construction LLLP,http://www.ffgeneralconstruction.com,,,Snellville,Georgia,,,,,,apollo,"painting company, painting services - Georgia",https://app.apollo.io/#/organizations/61ec79684ffbd90001c578c2?overrideScoreId=score,,9,,http://www.linkedin.com/company/f-f-general-construction-lllp,,,,,
A&P Painting and Flooring,http://www.appaintingandflooring.com,,,Woodstock,Georgia,,,,,,apollo,"painting company, painting services - Georgia",https://app.apollo.io/#/organizations/61ace15512e8090001452f06?overrideScoreId=score,,9,paintingflooring+52,http://www.linkedin.com/company/appaintingandflooring,https://www.facebook.com/ap.paintingandflooring/,,,,
Ram Pro Construction,http://www.therampro.com,,,Atlanta,Georgia,,,,,,apollo,"painting company, painting services - Georgia",https://app.apollo.io/#/organizations/614f0d3b4206510001f38824?overrideScoreId=score,,9,drywalldemolition+55,http://www.linkedin.com/company/ram-pro-construction,,,,,
Bobby Taylor Painting,http://www.bobbytaylorpainting.com,,,Acworth,Georgia,,,,,,apollo,"painting company, painting services - Georgia",https://app.apollo.io/#/organizations/604a90ae057d3e000156148b?overrideScoreId=score,,9,commercial painting+69,http://www.linkedin.com/company/bobby-taylor-painting,https://www.facebook.com/bobbytaylorpainting,,,,
Pro Painting & Remodeling,http://www.mypropainting.com,,,Roswell,Georgia,,,,,,apollo,"painting company, painting services - Georgia",https://app.apollo.io/#/organizations/5da4da480b5a620001eee359?overrideScoreId=score,,7,home addition+51,http://www.linkedin.com/company/pro-painting-&-remodeling,https://www.facebook.com/139447806106511,,,,
Freeland Painting,http://www.freelandpainting.com,,,Suwanee,Georgia,,,,,,apollo,"painting company, painting services - Georgia",https://app.apollo.io/#/organizations/54a12a8769702d8b19f1a302?overrideScoreId=score,,7,paintingsiding+97,http://www.linkedin.com/company/freeland-painting-&-construction,https://www.facebook.com/freelandPaintingSuwanee/,https://twitter.com/paintgwinnett,,,
"SUNLIGHT PAINTING COMPANY, INC.",http://www.sunlightpainting.com,,,Atlanta,Georgia,,,,,,apollo,"painting company, painting services - Georgia",https://app.apollo.io/#/organizations/67146736e1abc900012a044b?overrideScoreId=score,,6,,http://www.linkedin.com/company/sunlight-painting-company-inc.,,,,,
"House Painting Plus,LLC",http://www.housepaintingplus.com,,,Lawrenceville,Georgia,,,,,,apollo,"painting company, painting services - Georgia",https://app.apollo.io/#/organizations/6416b9e9e4fdbb0001d9c9fa?overrideScoreId=score,,6,exterior painting+41,http://www.linkedin.com/company/master-stroke-painting,,,,,
"Mark Allan Contracting, Inc",http://www.markallancontracting.com,,,Mark Allan Contracting,Inc,,,,,,apollo,"painting company, painting services - Inc",https://app.apollo.io/#/organizations/5f9e733ca6a4fb00be3260a6?overrideScoreId=score,,6,project management+32,http://www.linkedin.com/company/markallancontractinginc,,,,,
Eco Coatings,http://www.ecocoatings.net,,,McDonough,Georgia,,,,,,apollo,"painting company, painting services - Georgia",https://app.apollo.io/#/organizations/57c4c64aa6da9836aac074ff?overrideScoreId=score,12.5M,6,,http://www.linkedin.com/company/eco-coatings,,,,,
Pace Drywall LLC,http://www.pacedrywall.net,,,Canton,Georgia,,,,,,apollo,"painting company, painting services - Georgia",https://app.apollo.io/#/organizations/5591fb1b736964188ab10d00?overrideScoreId=score,,6,special texture finishes+51,http://www.linkedin.com/company/pace-drywall-llc,,,,,
High Level Construction LLC,http://www.highlevelllc.com,,,Austell,Georgia,,,,,,apollo,"painting company, painting services - Georgia",https://app.apollo.io/#/organizations/65b37f7bef6b3501c6d72608?overrideScoreId=score,,5,interior painting+51,http://www.linkedin.com/company/high-level-construction-llc,,,,,
Peach Paint Co.,http://www.peachpaint.com,,,Woodstock,Georgia,,,,,,apollo,"painting company, painting services - Georgia",https://app.apollo.io/#/organizations/640709ae1d67e50001161355?overrideScoreId=score,,5,paintingcoatings+51,http://www.linkedin.com/company/peach-paint-co,https://www.facebook.com/peachpaintco,,,,
RC Painting & Services,http://www.rcpaints.com,,,Lawrenceville,Georgia,,,,,,apollo,"painting company, painting services - Georgia",https://app.apollo.io/#/organizations/63636ee9fd12d200014c5df1?overrideScoreId=score,,5,carpentrytrim work+13,http://www.linkedin.com/company/rc-painting-services,,,,,
Mastermind Design Build & Remodel,http://www.masterminddbr.com,,,Roswell,Georgia,,,,,,apollo,"painting company, painting services - Georgia",https://app.apollo.io/#/organizations/5ed85f149ed1430001f6617f?overrideScoreId=score,,5,custom solutions+47,http://www.linkedin.com/company/mastermind-design-build-remodels,,,,,
Scs Paint Contracting,http://www.scspaint.com,,,Marietta,Georgia,,,,,,apollo,"painting company, painting services - Georgia",https://app.apollo.io/#/organizations/54a11dd969702d7fe64d4e01?overrideScoreId=score,21.3M,5,insured and bonded+40,http://www.linkedin.com/company/scs-paint-contracting,,,,,
Committed Contracting,http://www.werecommittedga.com,,,Lawrenceville,Georgia,,,,,,apollo,"painting company, painting services - Georgia",https://app.apollo.io/#/organizations/66c34fce44661802d0927dbe?overrideScoreId=score,,4,remodeling services+14,http://www.linkedin.com/company/committed-contracting-georgia,,,,,
Monarca Renovations,http://www.monarcareno.com,,,Loganville,Georgia,,,,,,apollo,"painting company, painting services - Georgia",https://app.apollo.io/#/organizations/65db3f11df2e0e06c8f025bd?overrideScoreId=score,,4,retail construction+40,http://www.linkedin.com/company/monarca-renovations,https://www.facebook.com/637706709431812,,,,
"Oakcliff Painting, Inc.",http://www.oakcliffpainting.com,,,Oakcliff Painting,Inc.,,,,,,apollo,"painting company, painting services - Inc.",https://app.apollo.io/#/organizations/6569b0e965125200018d2b43?overrideScoreId=score,2.8M,4,commercial painting+56,http://www.linkedin.com/company/oakcliffpainting,https://facebook.com/pages/Oakcliff-Painting/280928348682182,https://twitter.com/OakcliffPaint,,,
Avid Contractors,http://www.avidcontractors.com,,,Roswell,Georgia,,,,,,apollo,"painting company, painting services - Georgia",https://app.apollo.io/#/organizations/63d5b44345a3b0000112929b?overrideScoreId=score,,4,,http://www.linkedin.com/company/avid-contractors,,,,,
LIME Painting of Atlanta,http://www.limepaintingofatlanta.com,,,Buford,Georgia,,,,,,apollo,"painting company, painting services - Georgia",https://app.apollo.io/#/organizations/6364a4948850dc0001fa17e0?overrideScoreId=score,,4,,http://www.linkedin.com/company/lime-painting-of-atlanta,,,,,
360 Painting of North Atlanta,http://www.360paintingnorthatlanta.com,,,Brookhaven,Georgia,,,,,,apollo,"painting company, painting services - Georgia",https://app.apollo.io/#/organizations/6677fa5839deab00010e2a47?overrideScoreId=score,,3,,http://www.linkedin.com/company/360-painting-of-north-atlanta,,,,,
Georgia Painting Company LLC,http://www.georgiapainting.co,,,Atlanta,Georgia,,,,,,apollo,"painting company, painting services - Georgia",https://app.apollo.io/#/organizations/66517e2d2bfa520001fd4353?overrideScoreId=score,,3,exterior painting+3,http://www.linkedin.com/company/georgiapaintingcompany,,,,,
J&Z Painting and Remodeling,http://www.jzpaintingremodeling.com,,,Atlanta,Georgia,,,,,,apollo,"painting company, painting services - Georgia",https://app.apollo.io/#/organizations/6416c44ad1200100a392971a?overrideScoreId=score,,3,residential painting+83,http://www.linkedin.com/company/j-z-painting-and-remodeling,,,,,
Paint Boss Ga,http://www.paintbossga.com,,,Warner Robins,Georgia,,,,,,apollo,"painting company, painting services - Georgia",https://app.apollo.io/#/organizations/63cb70680d833b00014c23ff?overrideScoreId=score,,3,commercial painting+27,http://www.linkedin.com/company/paint-boss-ga,https://www.facebook.com/paintbossga,,,,
DayPaint LLC,http://www.daypaintpro.com,,,Atlanta,Georgia,,,,,,apollo,"painting company, painting services - Georgia",https://app.apollo.io/#/organizations/60b0a69b630c7300012a78c9?overrideScoreId=score,,3,custom murals+26,http://www.linkedin.com/company/daypaint,,,,,
"Sloan Painting & Designs, Inc",http://www.sloanpaintingdesigns.com,,,Sloan Painting & Designs,Inc,,,,,,apollo,"painting company, painting services - Inc",https://app.apollo.io/#/organizations/5fcadddb78db3d0001886248?overrideScoreId=score,3.2M,3,painting+45,http://www.linkedin.com/company/sloan-painting-designs-inc,https://www.facebook.com/sloanpaintingdesigns/,https://twitter.com/sloanpainting,,,
"Grateful Painting, LLC",http://www.gratefulpainting.net,,,Rydal,Georgia,,,,,,apollo,"painting company, painting services - Georgia",https://app.apollo.io/#/organizations/5e57e049a4128d0001c97035?overrideScoreId=score,,3,painting+30,http://www.linkedin.com/company/grateful-painting-inc,,,,,
Go Painting of North Georgia,,,,Atlanta,Georgia,,,,,,apollo,"painting company, painting services - Georgia",https://app.apollo.io/#/organizations/673a5c4b22b3930001cf5f07?overrideScoreId=score,,2,,http://www.linkedin.com/company/go-painting-of-north-georgia,,,,,
Duluth Friendly Painting Services,http://www.duluthfriendly.com,,,Duluth,Georgia,,,,,,apollo,"painting company, painting services - Georgia",https://app.apollo.io/#/organizations/67050cbffec45e0001dc9550?overrideScoreId=score,,2,,http://www.linkedin.com/company/duluth-friendly-painting-services,,,,,
"Archway Construction, LLC",http://www.archwayconstruction.co,,,Hinesville,Georgia,,,,,,apollo,"painting company, painting services - Georgia",https://app.apollo.io/#/organizations/6603eb2bf6c0d502fea45786?overrideScoreId=score,,2,home improvement+67,http://www.linkedin.com/company/archway-construction-llc,,,,,
Roof and Solar Xperts,http://www.rsxperts.com,,,Kennesaw,Georgia,,,,,,apollo,"painting company, painting services - Georgia",https://app.apollo.io/#/organizations/63f59a84be157c0001712018?overrideScoreId=score,,2,roofinggutters+39,http://www.linkedin.com/company/rsxperts,,,,,
Davis Turnkey Total Renovation,,,,Atlanta,Georgia,,,,,,apollo,"painting company, painting services - Georgia",https://app.apollo.io/#/organizations/61ec98b795bd570001209fda?overrideScoreId=score,,2,home improvement+4,http://www.linkedin.com/company/davis-turnkey-total-renovation,,,,,
Paint EZ of North Georgia,,,,Woodstock,Georgia,,,,,,apollo,"painting company, painting services - Georgia",https://app.apollo.io/#/organizations/68fafb27054d6300014feaa8?overrideScoreId=score,,1,interior painting+54,http://www.linkedin.com/company/paint-ez-of-north-georgia,https://www.facebook.com/paintezcorporate,https://twitter.com/paint_ez,,,
RCF Construction,http://www.rcfroof.com,,,Monroe,Georgia,,,,,,apollo,"painting company, painting services - Georgia",https://app.apollo.io/#/organizations/67774f8b3802cb01b02a733c?overrideScoreId=score,,1,roofinggutter+55,http://www.linkedin.com/company/rcfconstruction,,,,,
Ericks Painting Company,http://www.erickpaintinginc.com,,,Doraville,Georgia,,,,,,apollo,"painting company, painting services - Georgia",https://app.apollo.io/#/organizations/66dd82e9b4f99b00016e0f25?overrideScoreId=score,,1,,http://www.linkedin.com/company/ericks-painting-company,,,,,
"April Painting Company, Inc.",http://www.aprilpainting.com,,,April Painting Company,Inc.,,,,,,apollo,"painting company, painting services - Inc.",https://app.apollo.io/#/organizations/54a1a03d74686949e788e802?overrideScoreId=score,,1,,http://www.linkedin.com/company/april-painting-company-inc.,,,,,
Blue Ridge Painting Services,http://www.blueridgepaintingservices.com,,,Hiawassee,Georgia,,,,,,apollo,"painting company, painting services - Georgia",https://app.apollo.io/#/organizations/672599bde9ac4f00010178a8?overrideScoreId=score,,,,http://www.linkedin.com/company/blue-ridge-painting-services,,,,,
PEACHTREE PAINTING COMPANY LLC,http://www.peachtreepaintingco.com,,,Stockbridge,Georgia,,,,,,apollo,"painting company, painting services - Georgia",https://app.apollo.io/#/organizations/66e67593be217e00016b3d49?overrideScoreId=score,,,,http://www.linkedin.com/company/peachtree-painting-company-llc,,,,,
Atlanta Painting Company,http://www.atlanta-painter.com,,,Cumming,Georgia,,,,,,apollo,"painting company, painting services - Georgia",https://app.apollo.io/#/organizations/66dfc8a193c1ac000115d792?overrideScoreId=score,,,,http://www.linkedin.com/company/atlanta-painting-company,,,,,
"Kapili Roofing & Painting dba Kapili Construction, LLC.",http://www.kapiliroof.com,,,Waipahu,Hawaii,,,,,,apollo,"painting company, painting services - Hawaii",https://app.apollo.io/#/organizations/59bb9e98a6da982412f5d9c3?overrideScoreId=score,13.4M,18,roof maintenance+61,http://www.linkedin.com/company/kapili-roofing-painting-dba-kapili-construction-llc,https://facebook.com/KapiliConstructionLLC,,,,
KAWIKAS PAINTING & WATERPROOFING INC,http://www.kawikaspainting.com,,,Honolulu,Hawaii,,,,,,apollo,"painting company, painting services - Hawaii",https://app.apollo.io/#/organizations/55f192f9f3e5bb069c003676?overrideScoreId=score,12.9M,13,spall repair+51,http://www.linkedin.com/company/kawikas-painting-&-waterproofing-inc,https://facebook.com/kawikas.painting,,,,
Bernardo's Painting,http://www.bernardospainting.com,,,Mililani,Hawaii,,,,,,apollo,"painting company, painting services - Hawaii",https://app.apollo.io/#/organizations/62a5fb4a4757e800a3fe007c?overrideScoreId=score,,8,exteriors+56,http://www.linkedin.com/company/bernardo-s-painting,https://www.facebook.com/bernardospainting,,,,
"M. SHIROMA PAINTING COMPANY, INC",,,,Waipahu,Hawaii,,,,,,apollo,"painting company, painting services - Hawaii",https://app.apollo.io/#/organizations/67304cc493cdbb0001db7f40?overrideScoreId=score,,7,,http://www.linkedin.com/company/m.-shiroma-painting-company-inc,,,,,
"Adam Roe Painting, Inc.",http://www.arppainting.com,,,Adam Roe Painting,Inc.,,,,,,apollo,"painting company, painting services - Inc.",https://app.apollo.io/#/organizations/5da542a2959a9000016e251e?overrideScoreId=score,4.2M,20,government+32,http://www.linkedin.com/company/adam-roe-painting-inc,https://www.facebook.com/adamroepaint,https://twitter.com/adamroepainting,,,
Coeur d'Alene Painting Company,http://www.coeurdalenepainter.com,,,Coeur d'Alene,Idaho,,,,,,apollo,"painting company, painting services - Idaho",https://app.apollo.io/#/organizations/6547d31911b8240001ee5c45?overrideScoreId=score,,5,painting company,http://www.linkedin.com/company/coeur-d-alene-painting-company,https://facebook.com/Coeur-dAlene-Painting-Company-101088255659137,,,,
Ander Ford Construction,http://www.anderfordconstruction.com,,,Boise,Idaho,,,,,,apollo,"painting company, painting services - Idaho",https://app.apollo.io/#/organizations/63839416d29caf000188c34b?overrideScoreId=score,,2,,http://www.linkedin.com/company/ander-ford-construction,https://www.facebook.com/101284982435122,,,,
LIME Painting of Boise,,,,Boise,Idaho,,,,,,apollo,"painting company, painting services - Idaho",https://app.apollo.io/#/organizations/5ed8ef87f8afbf0001c0e959?overrideScoreId=score,,2,,http://www.linkedin.com/company/lime-painting-of-boise,,,,,
Hester Painting & Decorating,http://www.hesterdecorating.com,,,Skokie,Illinois,,,,,,apollo,"painting company, painting services - Illinois",https://app.apollo.io/#/organizations/54a1f6f47468693318e04201?overrideScoreId=score,14.4M,34,residential painting+46,http://www.linkedin.com/company/hester-painting-&-decorating,https://facebook.com/hesterpainting,,,,
Pinto Construction Group,http://www.pintoconstruction.com,,,Palos Hills,Illinois,,,,,,apollo,"painting company, painting services - Illinois",https://app.apollo.io/#/organizations/54a1aa167468695c822eca05?overrideScoreId=score,27.2M,27,polycarbonate panels+49,http://www.linkedin.com/company/pinto-construction-group,,,,,
"Continental Painting and Decorating, Inc.",http://www.continentalpainting.com,,,Continental Painting and Decorating,Inc.,,,,,,apollo,"painting company, painting services - Inc.",https://app.apollo.io/#/organizations/54a129eb69702d9ebcafb901?overrideScoreId=score,6.7M,27,painting+63,http://www.linkedin.com/company/continental-painting-&-decorating-inc-,,,,,
R&J Painting LLC,http://www.randjpainting.com,,,Crystal Lake,Illinois,,,,,,apollo,"painting company, painting services - Illinois",https://app.apollo.io/#/organizations/5da643255607c80001b8c401?overrideScoreId=score,,24,carpentry+72,http://www.linkedin.com/company/rjpaintingllc,,,,,
KSN Construction,http://www.ksnconstruction.com,,,Rolling Meadows,Illinois,,,,,,apollo,"painting company, painting services - Illinois",https://app.apollo.io/#/organizations/556da1aa7369641258085401?overrideScoreId=score,3.6M,21,general construction+80,http://www.linkedin.com/company/ksn-construction,https://facebook.com/pages/KSN-Construction/266809518784,https://twitter.com/ksnc13,,,
Cathodic Protection Management,http://www.cpm-cpm.com,,,Elburn,Illinois,,,,,,apollo,"painting company, painting services - Illinois",https://app.apollo.io/#/organizations/5500af2e7369642dd1b30000?overrideScoreId=score,34.2M,21,cathodic protection+58,http://www.linkedin.com/company/cathodic-protection-management,https://www.facebook.com/Cathodic.Protection.Management,https://twitter.com/CorrosionSpec,,,
Integrity Painting & Decorating,http://www.integritypainting-decorating.com,,,Downers Grove,Illinois,,,,,,apollo,"painting company, painting services - Illinois",https://app.apollo.io/#/organizations/54a129df69702d9548b5c601?overrideScoreId=score,,21,,http://www.linkedin.com/company/integrity-painting-and-decorating,,,,,
"In & Out Painting, Inc.",http://www.inandoutpaintingcorp.com,,,In & Out Painting,Inc.,,,,,,apollo,"painting company, painting services - Inc.",https://app.apollo.io/#/organizations/636fb6f1581070000181d0a4?overrideScoreId=score,,18,,http://www.linkedin.com/company/in-out-painting-inc,,,,,
"S&H Remodeling, Inc.",http://www.shremodeling.com,,,S&H Remodeling,Inc.,,,,,,apollo,"painting company, painting services - Inc.",https://app.apollo.io/#/organizations/5e57cea2d2bd680001210b1f?overrideScoreId=score,,17,flooringcarpentry+86,http://www.linkedin.com/company/shremodeling,https://www.facebook.com/repairsbyshremodeling,https://twitter.com/SHRemodeling,,,
Painters Inc,http://www.paintersinc.net,,,Lombard,Illinois,,,,,,apollo,"painting company, painting services - Illinois",https://app.apollo.io/#/organizations/5e570688b649b400019ab1d6?overrideScoreId=score,,16,interior painting+48,http://www.linkedin.com/company/paintersinc,,,,,
Independence Painting Co.,http://www.independencepaintingco.com,,,Des Plaines,Illinois,,,,,,apollo,"painting company, painting services - Illinois",https://app.apollo.io/#/organizations/5569bf9e736964259ca68800?overrideScoreId=score,,16,long-term durability+47,http://www.linkedin.com/company/independence-painting-co,,,,,
"Eagle Tubular Products, Inc.",http://www.eagletubular.com,,,Eagle Tubular Products,Inc.,,,,,,apollo,"painting company, painting services - Inc.",https://app.apollo.io/#/organizations/54a1359869702d4b2e63a500?overrideScoreId=score,11.5M,16,,http://www.linkedin.com/company/eagle-tubular-products-inc-,https://facebook.com/eagletubularproducts,,,,
New Leaf Remodeling,http://www.newleafremodeling.com,,,Rockford,Illinois,,,,,,apollo,"painting company, painting services - Illinois",https://app.apollo.io/#/organizations/54a11eab69702d77c2089801?overrideScoreId=score,,15,additions+61,http://www.linkedin.com/company/new-leaf-remodeling,https://facebook.com/newleafremodeling,https://twitter.com/NewLeafRemodel,,,
GIVSCO Construction Company,http://www.givsco.com,,,Pekin,Illinois,,,,,,apollo,"painting company, painting services - Illinois",https://app.apollo.io/#/organizations/5e57e7add5bd4a000176adc1?overrideScoreId=score,,14,general contracting+34,http://www.linkedin.com/company/givsco-construction-company,,,,,
"Professional Decorating & Painting, Inc",http://www.professionaldec.com,,,Professional Decorating & Painting,Inc,,,,,,apollo,"painting company, painting services - Inc",https://app.apollo.io/#/organizations/5500cdc57369641700c47900?overrideScoreId=score,,14,home improvement+40,http://www.linkedin.com/company/professional-decorating-&-painting-inc,,,,,
Executive Painting Inc,http://www.executivepaintinginc.com,,,Rockford,Illinois,,,,,,apollo,"painting company, painting services - Illinois",https://app.apollo.io/#/organizations/54a1a6c574686949e728e304?overrideScoreId=score,10.7M,13,historical renovations+40,http://www.linkedin.com/company/executive-painting-inc,https://facebook.com/pages/Executive-Painting-Inc/148404805218,,,,
World Painting Company,http://www.worldpaintingcompany.com,,,Bloomington,Illinois,,,,,,apollo,"painting company, painting services - Illinois",https://app.apollo.io/#/organizations/54a1352169702d42556b7300?overrideScoreId=score,3.7M,13,multifamily units+13,http://www.linkedin.com/company/world-painting-company,https://facebook.com/WorldPaintingCompany,https://twitter.com/world_painting,,,
"Affordable Painting Services, Inc.",http://www.affordpaint.com,,,Affordable Painting Services,Inc.,,,,,,apollo,"painting company, painting services - Inc.",https://app.apollo.io/#/organizations/54a11db369702d86b6d21501?overrideScoreId=score,13.8M,13,interior+8,http://www.linkedin.com/company/affordable-painting-services-inc-,https://facebook.com/AffordablePaintingServicesInc,,,,
JLDC Construction Inc.,http://www.jldcconstruction.com,,,Crestwood,Illinois,,,,,,apollo,"painting company, painting services - Illinois",https://app.apollo.io/#/organizations/64a2801c4fea0e00018c17d1?overrideScoreId=score,,12,,http://www.linkedin.com/company/jldc-construction-inc,,,,,
Hammerbrush Painting & Construction,http://www.hammerbrush.com,,,Aurora,Illinois,,,,,,apollo,"painting company, painting services - Illinois",https://app.apollo.io/#/organizations/5a9d34b7a6da98d94d8ae427?overrideScoreId=score,,12,painting+69,http://www.linkedin.com/company/hammerbrush-painting-&-construction,,,,,
The Matan Group,http://www.matangroup.com,,,Buffalo Grove,Illinois,,,,,,apollo,"painting company, painting services - Illinois",https://app.apollo.io/#/organizations/5a9cf848a6da98d99a3a0a5c?overrideScoreId=score,,12,painting+53,http://www.linkedin.com/company/matangroup,,,,,
"ASPEN COMMERCIAL PAINTING, INC",http://www.aspencpi.com,,,Burr Ridge,Illinois,,,,,,apollo,"painting company, painting services - Illinois",https://app.apollo.io/#/organizations/64b31310674a12000102f847?overrideScoreId=score,,11,,http://www.linkedin.com/company/aspen-commercial-painting-inc,,,,,
McCahill Painting Company,http://www.mccahillpainting.com,,,Romeoville,Illinois,,,,,,apollo,"painting company, painting services - Illinois",https://app.apollo.io/#/organizations/54a1399169702d231fbb8000?overrideScoreId=score,5.5M,10,industrial painting+64,http://www.linkedin.com/company/mccahill-painting-company,https://www.facebook.com/McCahillPaintingCompany,,,,
"Stewart Painting, Inc.",http://www.stewartpaintinginc.com,,,Stewart Painting,Inc.,,,,,,apollo,"painting company, painting services - Inc.",https://app.apollo.io/#/organizations/54a11e5669702d88c4a25001?overrideScoreId=score,,10,interior wall+56,http://www.linkedin.com/company/stewart-painting-inc-,,,,,
D-Wing Construction,http://www.dwingconstruction.com,,,Batavia,Illinois,,,,,,apollo,"painting company, painting services - Illinois",https://app.apollo.io/#/organizations/60aea39ac6778f0001de0498?overrideScoreId=score,,9,roofingsiding+51,http://www.linkedin.com/company/dwing-construction,https://www.facebook.com/dwingconstruction,https://twitter.com/dwingconstruct1,,,
Piech Decorating Inc.,http://www.piechdecorating.com,,,Downers Grove,Illinois,,,,,,apollo,"painting company, painting services - Illinois",https://app.apollo.io/#/organizations/54a1bbca7468694f8fd86b0c?overrideScoreId=score,,8,commercial painting+52,http://www.linkedin.com/company/piech-decorating-inc.,,,,,
PAC Leaders®️,http://www.pacleaders.construction,,,Chicago,Illinois,,,,,,apollo,"painting company, painting services - Illinois",https://app.apollo.io/#/organizations/61eae783b7083a00de8cdde5?overrideScoreId=score,,7,,http://www.linkedin.com/company/pacleaderschicago,https://www.facebook.com/pacleaders/,,,,
Improovy,http://www.improovy.com,,,Chicago,Illinois,,,,,,apollo,"painting company, painting services - Illinois",https://app.apollo.io/#/organizations/5dc95e39b817a90098704681?overrideScoreId=score,3.2M,7,augmented reality+69,http://www.linkedin.com/company/improovy,https://www.facebook.com/improovy/,https://twitter.com/improovy,,,
"Quincy Industrial Painting Company, Inc.",http://www.quincyindustrial.com,,,Quincy Industrial Painting Company,Inc.,,,,,,apollo,"painting company, painting services - Inc.",https://app.apollo.io/#/organizations/559218d573696423937e0c00?overrideScoreId=score,,7,industrial painting+49,http://www.linkedin.com/company/quincyindustrial,,,,,
Steadfast Painting Solutions Corp,http://www.steadfastpainting.com,,,Elmhurst,Illinois,,,,,,apollo,"painting company, painting services - Illinois",https://app.apollo.io/#/organizations/54fca59c7369640186842f00?overrideScoreId=score,,7,voc-free paints+82,http://www.linkedin.com/company/steadfast-painting-solutions-corp,,,,,
Trend Painting & Decorating,http://www.trendpainting.com,,,Schaumburg,Illinois,,,,,,apollo,"painting company, painting services - Illinois",https://app.apollo.io/#/organizations/54a1a2627468695860f0a703?overrideScoreId=score,10.4M,7,,http://www.linkedin.com/company/trend-painting-&-decorating,https://facebook.com/pages/Trend-Painting-decorating-Inc/131093903630814,,,,
GreenSpeed Painting,http://www.greenspeedpainting.com,,,Chicago,Illinois,,,,,,apollo,"painting company, painting services - Illinois",https://app.apollo.io/#/organizations/5e5790085e3c260001347d6e?overrideScoreId=score,,6,interior painting+29,http://www.linkedin.com/company/greenspeedpainting-llc,https://www.facebook.com/greenspeedpainting/,,,,
Hydra Flooring & Tile,http://www.hydraflooring.com,,,Wauconda,Illinois,,,,,,apollo,"painting company, painting services - Illinois",https://app.apollo.io/#/organizations/66e875ddc4967a03f1fe3ae3?overrideScoreId=score,,5,,http://www.linkedin.com/company/hydra-flooring-tile,,,,,
Infinity Painters,http://www.infinitypainters.com,,,Naperville,Illinois,,,,,,apollo,"painting company, painting services - Illinois",https://app.apollo.io/#/organizations/655d8233dafe2b0001015a2b?overrideScoreId=score,,5,wallpaper+56,http://www.linkedin.com/company/infinity-painters,,,,,
Metanoia Construction Inc.,http://www.metanoiaconstruction.com,,,Elburn,Illinois,,,,,,apollo,"painting company, painting services - Illinois",https://app.apollo.io/#/organizations/6403d4d1a9039d0001ee6d07?overrideScoreId=score,,5,caulkingcarpentry+35,http://www.linkedin.com/company/metanoia-construction-inc,https://www.facebook.com/metanoiaconstructioninc/,,,,
CMS Fencing,http://www.contractormanagementservices.com,,,Schaumburg,Illinois,,,,,,apollo,"painting company, painting services - Illinois",https://app.apollo.io/#/organizations/60b2130396b83f0001ffc9ab?overrideScoreId=score,,5,marketingsales+62,http://www.linkedin.com/company/contractor-management-services-il,,,,,
"Heffernan Painting Services, Ltd.",http://www.heffernanpainting.com,,,Heffernan Painting Services,Ltd.,,,,,,apollo,"painting company, painting services - Ltd.",https://app.apollo.io/#/organizations/5fc8b0ea8f6f8300016f027b?overrideScoreId=score,15.4M,5,,http://www.linkedin.com/company/heffernan-painting-services-ltd,,,,,
"J & J Decorating and Painting Services, Inc.",http://www.jjdecorating.com,,,J & J Decorating and Painting Services,Inc.,,,,,,apollo,"painting company, painting services - Inc.",https://app.apollo.io/#/organizations/54a134b169702d333dfa6d00?overrideScoreId=score,,5,marbelizing+3,http://www.linkedin.com/company/j-&-j-decorating-and-painting-services-inc.,,,,,
"Painting in Partnership, Inc.",http://www.paintpartner.com,,,Painting in Partnership,Inc.,,,,,,apollo,"painting company, painting services - Inc.",https://app.apollo.io/#/organizations/54a1276f69702d8eeb1dd300?overrideScoreId=score,6.4M,5,interior painting+43,http://www.linkedin.com/company/painting-in-partnership-inc.,https://facebook.com/PaintPartner,https://twitter.com/PaintPartner,,,
IKG Property Maintenance,http://www.ikgmaintenance.com,,,Oak Lawn,Illinois,,,,,,apollo,"painting company, painting services - Illinois",https://app.apollo.io/#/organizations/5e5697ef440ea500017b9e2f?overrideScoreId=score,,4,mold remediation+53,http://www.linkedin.com/company/ikg-property-maintenance,https://www.facebook.com/ikgmaintenance/,,,,
Procaccio Painting Company,http://www.procacciopainting.com,,,Saint Charles,Illinois,,,,,,apollo,"painting company, painting services - Illinois",https://app.apollo.io/#/organizations/55ee320df3e5bb2675000570?overrideScoreId=score,12.4M,4,,http://www.linkedin.com/company/procaccio-painting-company,,,,,
"Accurate Painting Service, L.L.C.",,,,Chicago,Illinois,,,,,,apollo,"painting company, painting services - Illinois",https://app.apollo.io/#/organizations/54a129c869702dc841388201?overrideScoreId=score,,4,residential & industrial+6,http://www.linkedin.com/company/accurate-painting-service-l-l-c-,,,,,
HX Home Solutions,http://www.hxhome.solutions,,,Libertyville,Illinois,,,,,,apollo,"painting company, painting services - Illinois",https://app.apollo.io/#/organizations/5a9eb7fda6da98d977fcb142?overrideScoreId=score,,3,,http://www.linkedin.com/company/hxhomesolutions,https://www.facebook.com/hxhomesolutions/,https://twitter.com/HXHomeSolutions,,,
Emily Rise - Interior Design & Construction Company in Chicago,http://www.emilyrise.com,,,Chicago,Illinois,,,,,,apollo,"painting company, painting services - Illinois",https://app.apollo.io/#/organizations/5a9e362aa6da98d9977a8f05?overrideScoreId=score,,3,interior design+66,http://www.linkedin.com/company/emily-rise,https://www.facebook.com/emilyriseinc,,,,
Len Roofing & Remodeling,http://www.lenroofing.com,,,Northbrook,Illinois,,,,,,apollo,"painting company, painting services - Illinois",https://app.apollo.io/#/organizations/57c4e5e1a6da986a37a25915?overrideScoreId=score,,3,painting+58,http://www.linkedin.com/company/len-roofing-remodeling,https://www.facebook.com/LenRoofing/,,,,
"Powers Painting & Decorating, LLC",http://www.powerspaintingdecorating.com,,,Plainfield,Illinois,,,,,,apollo,"painting company, painting services - Illinois",https://app.apollo.io/#/organizations/675be3777412f501b0016369?overrideScoreId=score,,2,interior painting walls+62,http://www.linkedin.com/company/powers-painting-decorating-llc,https://www.facebook.com/Powers.Painting.Decorating/,,,,
CHJ Painting & Remodeling Inc.,http://www.chjpainting.com,,,Chicago,Illinois,,,,,,apollo,"painting company, painting services - Illinois",https://app.apollo.io/#/organizations/623fc702fcfc620001555680?overrideScoreId=score,,2,pressure washing+49,http://www.linkedin.com/company/chj-painting-remodeling-inc,,,,,
LIME Painting of Chicago,,,,Chicago,Illinois,,,,,,apollo,"painting company, painting services - Illinois",https://app.apollo.io/#/organizations/6136dbb3be7d2e000132b4d2?overrideScoreId=score,,2,drywall installation+17,http://www.linkedin.com/company/lime-painting-of-chicago,,,,,
"Duggan Painting, Inc.",http://www.dugganpainting.com,,,Duggan Painting,Inc.,,,,,,apollo,"painting company, painting services - Inc.",https://app.apollo.io/#/organizations/5f42933e7c0c85000173cd78?overrideScoreId=score,,2,residential painting+9,http://www.linkedin.com/company/dugganpainting,https://www.facebook.com/dugganpaintinginc/,,,,
BuildBoard App,http://www.buildboard.com,,,Lake in the Hills,Illinois,,,,,,apollo,"painting company, painting services - Illinois",https://app.apollo.io/#/organizations/5f1ae0b6638e7900dcc7aad5?overrideScoreId=score,,2,windows replacement+45,http://www.linkedin.com/company/buildboardinc,,,,,
Paintrix Painting Company,http://www.paintrixpainting.com,,,Huntley,Illinois,,,,,,apollo,"painting company, painting services - Illinois",https://app.apollo.io/#/organizations/5f0d8be37548c4008ce031b0?overrideScoreId=score,,2,,http://www.linkedin.com/company/paintrixpainting,,,,,
Bob Jung Painting,http://www.jungfamilypainting.com,,,Naperville,Illinois,,,,,,apollo,"painting company, painting services - Illinois",https://app.apollo.io/#/organizations/54a221ee74686930c225730f?overrideScoreId=score,11.9M,2,,http://www.linkedin.com/company/bob-jung-painting,https://facebook.com/BobJungPaintingAndDecorating,https://twitter.com/bobjungpainting,,,
NorthCraft Painting Contractor,http://www.northcraft-painting-contractor.com,,,Streamwood,Illinois,,,,,,apollo,"painting company, painting services - Illinois",https://app.apollo.io/#/organizations/54a12ab669702dc128ebf801?overrideScoreId=score,,2,wallpaper removal+6,http://www.linkedin.com/company/northcraft-painting-contractor,https://www.facebook.com/northcraft.epoxy.floor.coating,,,,
Riverstone Renovations,http://www.riverstonerenovations.com,,,Medinah,Illinois,,,,,,apollo,"painting company, painting services - Illinois",https://app.apollo.io/#/organizations/68708a9e160268000d64bd8c?overrideScoreId=score,,1,,http://www.linkedin.com/company/riverstone-renovations,,,,,
USA Painting Services,http://www.usapaintingservicesinc.com,,,Chicago,Illinois,,,,,,apollo,"painting company, painting services - Illinois",https://app.apollo.io/#/organizations/672fc30924c32c0001c54143?overrideScoreId=score,,1,,http://www.linkedin.com/company/usa-painting-services,,,,,
Sauer Painting Company,http://www.housepaintingstcharles.com,,,Saint Charles,Illinois,,,,,,apollo,"painting company, painting services - Illinois",https://app.apollo.io/#/organizations/6714cb36e5fc67000115d3bd?overrideScoreId=score,,1,,http://www.linkedin.com/company/sauer-painting-company,,,,,
Mancini Painting LLC,http://www.mancinicustompainting.com,,,Belleville,Illinois,,,,,,apollo,"painting company, painting services - Illinois",https://app.apollo.io/#/organizations/6713724ccf89c20001837d63?overrideScoreId=score,,1,deckspainting+79,http://www.linkedin.com/company/mancini-painting,,,,,
RED FEATHER PAINTING COMPANY,http://www.redfeathergroupinc.com,,,Glenview,Illinois,,,,,,apollo,"painting company, painting services - Illinois",https://app.apollo.io/#/organizations/6392aae7d6bac70001f49d3c?overrideScoreId=score,,1,,http://www.linkedin.com/company/red-feather-painting-company,,,,,
Ultra Lux Restoration,http://www.ultraluxrestoration.com,,,Skokie,Illinois,,,,,,apollo,"painting company, painting services - Illinois",https://app.apollo.io/#/organizations/61ec4f27a70ffc0001c4f81e?overrideScoreId=score,,1,remodeling services+13,http://www.linkedin.com/company/ultra-lux-restoration,,,,,
Improovy Painters Chicago,,,,Chicago,Illinois,,,,,,apollo,"painting company, painting services - Illinois",https://app.apollo.io/#/organizations/60b20f322657620001b6d895?overrideScoreId=score,,1,painters in chicago+15,http://www.linkedin.com/company/improovy-painters-chicago,,,,,
"Details Painter, inc.",http://www.detailspainter.net,,,Aurora,Illinois,,,,,,apollo,"painting company, painting services - Illinois",https://app.apollo.io/#/organizations/556992a57369642589906100?overrideScoreId=score,170K,1,,http://www.linkedin.com/company/details-painter-inc-,https://facebook.com/pages/Details-Painter/561077833915522,https://twitter.com/detailspainter,,,
"Peoria Drywall and Painting, LLC",http://www.peoriadrywallandpainting.com,,,Peoria,Illinois,,,,,,apollo,"painting company, painting services - Illinois",https://app.apollo.io/#/organizations/54a12a3369702d9548a4ee01?overrideScoreId=score,,1,commercial drywall+53,http://www.linkedin.com/company/peoria-drywall-and-painting,,,,,
AKR Painting Services,http://www.akrpainting.com.au,,,Woodridge,Illinois,,,,,,apollo,"painting company, painting services - Illinois",https://app.apollo.io/#/organizations/6741f21056a50f0001bec4f0?overrideScoreId=score,,,,http://www.linkedin.com/company/akr-painting-services,,,,,
Inside Outside Painting Company,http://www.insideoutsidepainting.com,,,Evanston,Illinois,,,,,,apollo,"painting company, painting services - Illinois",https://app.apollo.io/#/organizations/670b31e39dc7fa000114c468?overrideScoreId=score,,,,http://www.linkedin.com/company/inside-outside-painting-company,,,,,
"M & M PAINTING SERVICES, INC.",http://www.bestchicagopainters.com,,,Villa Park,Illinois,,,,,,apollo,"painting company, painting services - Illinois",https://app.apollo.io/#/organizations/670b20539dc7fa0001140935?overrideScoreId=score,,,,http://www.linkedin.com/company/m-&-m-painting-services-inc.,https://facebook.com/MmPaintingServicesInc,,,,
Town Square Painting Company,http://www.townsquarepainting.com,,,Naperville,Illinois,,,,,,apollo,"painting company, painting services - Illinois",https://app.apollo.io/#/organizations/66f9e7d327980600012f97d3?overrideScoreId=score,8.3M,,,http://www.linkedin.com/company/town-square-painting-company,,,,,
NWS Restoration - Roofing Contractor and Painting Company of Grayslake,http://www.nwstormrestoration.com,,,Grayslake,Illinois,,,,,,apollo,"painting company, painting services - Illinois",https://app.apollo.io/#/organizations/648a5abf3c21f700a381f0c0?overrideScoreId=score,,,,http://www.linkedin.com/company/nws-restoration-roofing-contractor-and-painting-company-of-grayslake,,https://twitter.com/NWS_Restoration,,,
LIME Painting of Naperville,http://www.limepaintingofnaperville.com,,,Naperville,Illinois,,,,,,apollo,"painting company, painting services - Illinois",https://app.apollo.io/#/organizations/6473445f08ecdd0001a6a5b7?overrideScoreId=score,,,,http://www.linkedin.com/company/lime-painting-of-naperville,,,,,
All-IN Painting,http://www.goallinpainting.com,,,Greenwood,Indiana,,,,,,apollo,"painting company, painting services - Indiana",https://app.apollo.io/#/organizations/5b14495ba6da98dcc677772c?overrideScoreId=score,,34,painting+64,http://www.linkedin.com/company/goallinpainting,https://www.facebook.com/goallinpainting/,,,,
JP Painting Services,,,,Fort Wayne,Indiana,,,,,,apollo,"painting company, painting services - Indiana",https://app.apollo.io/#/organizations/5b811e61324d4443c423b316?overrideScoreId=score,,28,,http://www.linkedin.com/company/jp-painting-services,,,,,
Holt Construction Group,http://www.holtconstruction.com,,,Indianapolis,Indiana,,,,,,apollo,"painting company, painting services - Indiana",https://app.apollo.io/#/organizations/55e7c0c9f3e5bb04a0000112?overrideScoreId=score,10M,28,,http://www.linkedin.com/company/holt-construction-group-indy,https://facebook.com/HoltConstructionIndy/,https://twitter.com/just_call_holt,,,
Cox Roofing,http://www.coxroofingsystems.com,,,Zionsville,Indiana,,,,,,apollo,"painting company, painting services - Indiana",https://app.apollo.io/#/organizations/556983ef73696425db354600?overrideScoreId=score,2.6M,27,roof replacement+59,http://www.linkedin.com/company/cox-residential-llc,,,,,
Painter Pro,http://www.painterpro.com,,,Martinsville,Indiana,,,,,,apollo,"painting company, painting services - Indiana",https://app.apollo.io/#/organizations/5e56d32b070b7c00010374f1?overrideScoreId=score,,26,free touch-up+42,http://www.linkedin.com/company/painter-pro-martinsville,,,,,
Red Diamond General Contracting,http://www.rdgci.com,,,Tipton,Indiana,,,,,,apollo,"painting company, painting services - Indiana",https://app.apollo.io/#/organizations/637a8c5ba5c00d000195ea64?overrideScoreId=score,,22,general contractor+60,http://www.linkedin.com/company/red-diamond-general-contracting,https://www.facebook.com/profile.php,,,,
Heritage Painting,http://www.heritagepainting.info,,,Tipton,Indiana,,,,,,apollo,"painting company, painting services - Indiana",https://app.apollo.io/#/organizations/5e584413226ed000015bc066?overrideScoreId=score,29.3M,22,painting+64,http://www.linkedin.com/company/heritage-custompainting,https://www.facebook.com/HeritageCustomPainting,https://twitter.com/heritagecp,,,
"Cornerstone Painting and Drywall, LLC",http://www.cornerstone-pd.com,,,Fishers,Indiana,,,,,,apollo,"painting company, painting services - Indiana",https://app.apollo.io/#/organizations/54a25edd7468693a7ec1c61d?overrideScoreId=score,,21,signature finish+50,http://www.linkedin.com/company/cornerstone-painting-and-drywall-llc,,,,,
Custom Designers Inc,http://www.customdesignersinc.com,,,Portage,Indiana,,,,,,apollo,"painting company, painting services - Indiana",https://app.apollo.io/#/organizations/60498abfee00ee000197f973?overrideScoreId=score,18.7M,19,interior painting+11,http://www.linkedin.com/company/custom-designers-inc,,,,,
Any Color You Like,http://www.anycoloryoulike.com,,,Brownsburg,Indiana,,,,,,apollo,"painting company, painting services - Indiana",https://app.apollo.io/#/organizations/54a129a869702db878a88401?overrideScoreId=score,,19,home improvement+37,http://www.linkedin.com/company/any-color-you-like,,,,,
RH Contracting,http://www.yourindycontractor.com,,,Indianapolis,Indiana,,,,,,apollo,"painting company, painting services - Indiana",https://app.apollo.io/#/organizations/63d0d915804a6a00013dbf56?overrideScoreId=score,,18,drywall+43,http://www.linkedin.com/company/rh-contracting-llc,,,,,
"Legacy Painting, LLC",http://www.legacypaintingindy.com,,,Martinsville,Indiana,,,,,,apollo,"painting company, painting services - Indiana",https://app.apollo.io/#/organizations/5e55c3c87eadb10001706317?overrideScoreId=score,,16,exterior painting+59,http://www.linkedin.com/company/legacy-painting-llc,,,,,
"Gibson Painting Group, Inc.",http://www.gibson-painting.com,,,Gibson Painting Group,Inc.,,,,,,apollo,"painting company, painting services - Inc.",https://app.apollo.io/#/organizations/5c21a403a3ae61c38fbb3f09?overrideScoreId=score,,16,painting+80,http://www.linkedin.com/company/gibson-painting5,,,,,
"Morningside Group, Inc.",http://www.morningside-group.com,,,Morningside Group,Inc.,,,,,,apollo,"painting company, painting services - Inc.",https://app.apollo.io/#/organizations/5b83476c324d446c157c97a9?overrideScoreId=score,,16,drywallpainting+53,http://www.linkedin.com/company/morningside-group-inc,,,,,
"N.A. Logan, Inc.",http://www.nalogan.com,,,N.A. Logan,Inc.,,,,,,apollo,"painting company, painting services - Inc.",https://app.apollo.io/#/organizations/5fca47ea4fd95f00012e1bae?overrideScoreId=score,,15,,http://www.linkedin.com/company/naloganinc,,,,,
ONiT PAINTING,http://www.onitpainting.com,,,Indianapolis,Indiana,,,,,,apollo,"painting company, painting services - Indiana",https://app.apollo.io/#/organizations/5e559d72ae1521000160750f?overrideScoreId=score,,15,paintingroofing+69,http://www.linkedin.com/company/onitpainting,,https://twitter.com/ONiTIndy,,,
Guy Painting,http://www.guypainting.com,,,Indianapolis,Indiana,,,,,,apollo,"painting company, painting services - Indiana",https://app.apollo.io/#/organizations/5a9e9b43a6da98d977fbfdfe?overrideScoreId=score,13.0M,13,exterior painting+51,http://www.linkedin.com/company/guypainting,https://facebook.com/GuyPainting,,,,
Paintco Painters,http://www.paintcopainters.com,,,Greenwood,Indiana,,,,,,apollo,"painting company, painting services - Indiana",https://app.apollo.io/#/organizations/5a9e3d59a6da98d98c6c8bc7?overrideScoreId=score,,13,commercial painting+71,http://www.linkedin.com/company/paintcopainters,https://facebook.com/1113443792160401,https://twitter.com/paintcopainters,,,
Craftsman Painter,http://www.craftsmanpainter.com,,,Bloomington,Indiana,,,,,,apollo,"painting company, painting services - Indiana",https://app.apollo.io/#/organizations/63cfc1eefbec7b00a3729af2?overrideScoreId=score,,9,color design+50,http://www.linkedin.com/company/craftsman-painter,,,,,
BZW Master Painters LLC,http://www.bzwmasterpainters.com,,,Fort Wayne,Indiana,,,,,,apollo,"painting company, painting services - Indiana",https://app.apollo.io/#/organizations/55f5e0d4f3e5bb7d3a0004a5?overrideScoreId=score,,9,wall coverings+52,http://www.linkedin.com/company/bzw-master-painters-inc,,,,,
"Matthews'​ Painting Company, LLC",http://www.matthewspainting.com,,,Leesburg,Indiana,,,,,,apollo,"painting company, painting services - Indiana",https://app.apollo.io/#/organizations/54a1279069702d979cf79000?overrideScoreId=score,48.2M,8,deck staining+49,http://www.linkedin.com/company/matthews'-painting-company-llc,https://www.facebook.com/matthewspaintingcompany,https://twitter.com/Mathewspainting,,,
"Prism Painting Company, Inc.",http://www.prismpainting.net,,,Prism Painting Company,Inc.,,,,,,apollo,"painting company, painting services - Inc.",https://app.apollo.io/#/organizations/5ed02a1a5a2a6100017e72f8?overrideScoreId=score,,7,wallcovering removal+49,http://www.linkedin.com/company/prism-painting-company-inc,,,,,
Garcia Painting Pro,http://www.garciapaintingpro.com,,,Carmel,Indiana,,,,,,apollo,"painting company, painting services - Indiana",https://app.apollo.io/#/organizations/6607b8722e52c60007d36810?overrideScoreId=score,,5,specialty coatings+76,http://www.linkedin.com/company/garcia-painting-pro,,,,,
Indiana Home Remodel,http://www.indianahomeremodel.com,,,Indianapolis,Indiana,,,,,,apollo,"painting company, painting services - Indiana",https://app.apollo.io/#/organizations/63ce5612f9b3b8000143b2a5?overrideScoreId=score,,5,building materials+30,http://www.linkedin.com/company/indiana-home-remodel,,,,,
"A. Morgan Construction, LLC",http://www.amorganconstructionllc.com,,,Centerville,Indiana,,,,,,apollo,"painting company, painting services - Indiana",https://app.apollo.io/#/organizations/637ef59d597d39000193698f?overrideScoreId=score,,5,,http://www.linkedin.com/company/a-morgan-construction-llc,,,,,
Flora Brothers Painting,http://www.florabrotherspainting.com,,,Indianapolis,Indiana,,,,,,apollo,"painting company, painting services - Indiana",https://app.apollo.io/#/organizations/5ed4e336b6725f00019afe7f?overrideScoreId=score,21.3M,5,custom home painting+52,http://www.linkedin.com/company/flora-brothers-painting,https://facebook.com/pages/Flora-Brothers-Painting/207886422568444,,,,
"Indiana Construction & Consulting Services, LLC",http://www.indianaccs.com,,,Indianapolis,Indiana,,,,,,apollo,"painting company, painting services - Indiana",https://app.apollo.io/#/organizations/5b850057f874f7755e477b8a?overrideScoreId=score,,5,drainage solutions+68,http://www.linkedin.com/company/indiana-construction-consulting-services-llc,https://www.facebook.com/indianaccs/,https://twitter.com/indianaccs,,,
Alpha Pro Painting Company,http://www.alphapropainting.com,,,Indianapolis,Indiana,,,,,,apollo,"painting company, painting services - Indiana",https://app.apollo.io/#/organizations/57c4f8b2a6da986ac74407ec?overrideScoreId=score,,5,exterior painting+7,http://www.linkedin.com/company/alpha-pro-painting,https://www.facebook.com/AlphaProPainting,,,,
Vertex Painting and Coatings,http://www.vertexpaintingandcoatings.biz,,,Indianapolis,Indiana,,,,,,apollo,"painting company, painting services - Indiana",https://app.apollo.io/#/organizations/62aa1ec7a6572000b21817e1?overrideScoreId=score,,3,paintingquality+35,http://www.linkedin.com/company/vertex-painting-and-coatings,,,,,
Innovative Renovations LLC,http://www.innorenovations.com,,,Newburgh,Indiana,,,,,,apollo,"painting company, painting services - Indiana",https://app.apollo.io/#/organizations/66f6b3e7b24a7301b2af1607?overrideScoreId=score,,2,remodeling+63,http://www.linkedin.com/company/innovative-renovations-llc,https://www.facebook.com/profile.php,https://twitter.com/InnoRenovations,,,
The Painting Edge,http://www.thepaintingedge.com,,,Carmel,Indiana,,,,,,apollo,"painting company, painting services - Indiana",https://app.apollo.io/#/organizations/66d0537732e67e06cf98dfa2?overrideScoreId=score,436K,2,interior painting+16,http://www.linkedin.com/company/thepaintingedge,https://facebook.com/pages/The-Painting-Edge/319441311412904,https://twitter.com/thepaintingedge,,,
JRL Custom Colors LLC,http://www.jrlcustomcolors.com,,,South Bend,Indiana,,,,,,apollo,"painting company, painting services - Indiana",https://app.apollo.io/#/organizations/666ad0fa62c1ac00016f1999?overrideScoreId=score,,2,general contractor+46,http://www.linkedin.com/company/jrl-custom-colors-llc,,,,,
"Beeson Construction, Inc.",http://www.beesonconstruction.com,,,Beeson Construction,Inc.,,,,,,apollo,"painting company, painting services - Inc.",https://app.apollo.io/#/organizations/65775b862a24bf021bd89beb?overrideScoreId=score,,2,,http://www.linkedin.com/company/beeson-construction-inc,,,,,
Pro Master Painters,http://www.promasterpaintersin.com,,,Indianapolis,Indiana,,,,,,apollo,"painting company, painting services - Indiana",https://app.apollo.io/#/organizations/6546ae01a168780001fbddad?overrideScoreId=score,,2,,http://www.linkedin.com/company/pro-master-painters,http://www.facebook.com/wix,http://www.twitter.com/wix,,,
Colorbilt Painting LLC,http://www.colorbiltpainting.com,,,Plymouth,Indiana,,,,,,apollo,"painting company, painting services - Indiana",https://app.apollo.io/#/organizations/64169c480364d6000140a103?overrideScoreId=score,,2,,http://www.linkedin.com/company/colorbiltpaintingllc,,,,,
"Remodel and Renovate, LLC",http://www.remodelandrenovate.com,,,Noblesville,Indiana,,,,,,apollo,"painting company, painting services - Indiana",https://app.apollo.io/#/organizations/614eb9c5ae91640001194789?overrideScoreId=score,,2,remodelinggutters+54,http://www.linkedin.com/company/remodelandrenovate,https://www.facebook.com/remodelandrenovate,https://twitter.com/remodelrenovat,,,
Indiana Agricultural Fencing,http://www.indianaagriculturalfencing.com,,,Columbus,Indiana,,,,,,apollo,"painting company, painting services - Indiana",https://app.apollo.io/#/organizations/556d47d273696411bc42cd00?overrideScoreId=score,,2,pasture fencing+45,http://www.linkedin.com/company/indiana-agricultural-fencing,,,,,
SLP Enterprises Group,http://www.slp-enterprises.org,,,Osceola,Indiana,,,,,,apollo,"painting company, painting services - Indiana",https://app.apollo.io/#/organizations/5c1d9ada80f93e5d66e2c720?overrideScoreId=score,,1,modern data analytics+50,http://www.linkedin.com/company/slpenterprisesllc,,,,,
Hoosier Painting Company,http://www.a1hoosierpainting.com,,,Angola,Indiana,,,,,,apollo,"painting company, painting services - Indiana",https://app.apollo.io/#/organizations/55f6a025f3e5bb18db01401d?overrideScoreId=score,5.1M,1,,http://www.linkedin.com/company/hoosier-painting-company,https://facebook.com/a1hoosierpaintingandmore,https://twitter.com/A1hoosierpaint,,,
Brush Painting Services,http://www.brushpaintingservices.com,,,Zionsville,Indiana,,,,,,apollo,"painting company, painting services - Indiana",https://app.apollo.io/#/organizations/6713507a09e71300015e8a6b?overrideScoreId=score,,,,http://www.linkedin.com/company/brush-painting-services,,,,,
"Ikerd Interior, LLC",http://www.ikerdpainting.com,,,Seymour,Indiana,,,,,,apollo,"painting company, painting services - Indiana",https://app.apollo.io/#/organizations/66c5e25b2b09cd03f1fcd7f8?overrideScoreId=score,,,concrete polishing+22,http://www.linkedin.com/company/ikerd-interior-painting-llc,,,,,
Tint Custom Painting LLC,http://www.tintcustompainting.com,,,Westfield,Indiana,,,,,,apollo,"painting company, painting services - Indiana",https://app.apollo.io/#/organizations/6545d53f5e92d50001e48dea?overrideScoreId=score,,,corporate painting+34,http://www.linkedin.com/company/tint-custom-painting-llc,https://www.facebook.com/profile.php,,,,
JC Toland Painting,http://www.jctoland.com,,,Des Moines,Iowa,,,,,,apollo,"painting company, painting services - Iowa",https://app.apollo.io/#/organizations/55f6a77df3e5bb198501460d?overrideScoreId=score,,38,drywall+63,http://www.linkedin.com/company/jctoland-painting,https://www.facebook.com/jctolandpainting/,https://twitter.com/jc_toland,,,
Drywall Specialties,http://www.ryeconstructioniowa.com,,,Mason City,Iowa,,,,,,apollo,"painting company, painting services - Iowa",https://app.apollo.io/#/organizations/66f11da7d706f50001637781?overrideScoreId=score,,27,construction+60,http://www.linkedin.com/company/drywall-specialties,,,,,
CR Painting,http://www.crpaintingdsm.com,,,West Des Moines,Iowa,,,,,,apollo,"painting company, painting services - Iowa",https://app.apollo.io/#/organizations/54a1285569702d9313560401?overrideScoreId=score,1.3M,27,exterior painting+28,http://www.linkedin.com/company/cr-painting,http://www.facebook.com/crpaintingdsm,http://www.twitter.com/crpaintingdsm,,,
Pristine Painting & Decorating Inc,http://www.pristinepaint.ca,,,Waterloo,Iowa,,,,,,apollo,"painting company, painting services - Iowa",https://app.apollo.io/#/organizations/5569c09573696425b2058a00?overrideScoreId=score,,18,new residential+53,http://www.linkedin.com/company/pristine-painting-&-decorating-inc,,,,,
DPI Quality Custom Finishes,http://www.dpifinishes.com,,,Cedar Rapids,Iowa,,,,,,apollo,"painting company, painting services - Iowa",https://app.apollo.io/#/organizations/5500cebf7369646095fe7b00?overrideScoreId=score,34M,12,exterior painting+45,http://www.linkedin.com/company/dpi-quality-custom-finishes,https://www.facebook.com/DPI-Quality-Custom-Finishes-214840369714/,https://twitter.com/DPI_Finishes,,,
Henry's Painting & Contracting,http://www.henryspaintingcontract.com,,,Coralville,Iowa,,,,,,apollo,"painting company, painting services - Iowa",https://app.apollo.io/#/organizations/61ada06ab989900001fe3063?overrideScoreId=score,,11,interior+111,http://www.linkedin.com/company/henryspaintingcontracting,https://www.facebook.com/henryspaintingcontract/,,,,
"Genesis Painting Company, LLC",http://www.paintingbygenesis.com,,,Cedar Rapids,Iowa,,,,,,apollo,"painting company, painting services - Iowa",https://app.apollo.io/#/organizations/5500b1557369642dd3921800?overrideScoreId=score,,8,interior wall painting+13,http://www.linkedin.com/company/genesis-painting-company-llc,,,,,
McCormick Painting Services,http://www.mccormickpaintingservices.com,,,Cedar Rapids,Iowa,,,,,,apollo,"painting company, painting services - Iowa",https://app.apollo.io/#/organizations/65485652aa3888000193a7b9?overrideScoreId=score,,5,deck staining+11,http://www.linkedin.com/company/mccormickstaining,,,,,
G10 Painting Services,http://www.g10paintingservices.com,,,Ottumwa,Iowa,,,,,,apollo,"painting company, painting services - Iowa",https://app.apollo.io/#/organizations/66f3d5b3af2f610001244c2b?overrideScoreId=score,,2,,http://www.linkedin.com/company/g10-painting-services,,,,,
RestorePainting,http://www.restore-painting.com,,,Muscatine,Iowa,,,,,,apollo,"painting company, painting services - Iowa",https://app.apollo.io/#/organizations/672f1842471d660001ae7ac6?overrideScoreId=score,,,powerwash+53,http://www.linkedin.com/company/restorepainting,https://www.facebook.com/profile.php,,,,
River City Painting,http://www.paintwichita.com,,,Wichita,Kansas,,,,,,apollo,"painting company, painting services - Kansas",https://app.apollo.io/#/organizations/605e512808646700a454d6ed?overrideScoreId=score,9.6M,36,interior painting+54,http://www.linkedin.com/company/river-city-painting,https://www.facebook.com/rivercitypaintinginc/,https://twitter.com/rcpwichita,,,
All-Pro Renovations LLC,http://www.all-proserviceskc.com,,,Olathe,Kansas,,,,,,apollo,"painting company, painting services - Kansas",https://app.apollo.io/#/organizations/5da159513227bd000140f980?overrideScoreId=score,,19,general contracting+69,http://www.linkedin.com/company/all-pro-home-services-painting-llc,,,,,
"Gecko Painting,Inc",http://www.geckopainting.com,,,Olathe,Kansas,,,,,,apollo,"painting company, painting services - Kansas",https://app.apollo.io/#/organizations/54a1344f69702d2f9fe76300?overrideScoreId=score,30.5M,12,,http://www.linkedin.com/company/gecko-painting-inc,,,,,
First Impression Painting & Drywall,http://www.firstimpressionkc.com,,,Olathe,Kansas,,,,,,apollo,"painting company, painting services - Kansas",https://app.apollo.io/#/organizations/655055505c3b890001976b3f?overrideScoreId=score,,10,cabinet painting+23,http://www.linkedin.com/company/first-impression-painting-drywall,,,,,
Atlas Coatings & Construction,http://www.atlascoatingsandconstruction.com,,,Lenexa,Kansas,,,,,,apollo,"painting company, painting services - Kansas",https://app.apollo.io/#/organizations/54a1988f74686958604d4f00?overrideScoreId=score,,8,,http://www.linkedin.com/company/atlas-coatings-&-construction,,,,,
DuraCon Construction,http://www.duraconllc.com,,,Wichita,Kansas,,,,,,apollo,"painting company, painting services - Kansas",https://app.apollo.io/#/organizations/60af395502bde700016a27a2?overrideScoreId=score,,7,general contractor+59,http://www.linkedin.com/company/duracon-construction,https://www.facebook.com/DuraconConstruction/,,,,
"Neighborhood Painting, Inc",http://www.kcneighborhoodpainting.com,,,Neighborhood Painting,Inc,,,,,,apollo,"painting company, painting services - Inc",https://app.apollo.io/#/organizations/5500c4a373696460d6744a00?overrideScoreId=score,,6,wood rot repairs+56,http://www.linkedin.com/company/neighborhood-painting-inc,https://facebook.com/kansascitypainters,,,,
Danny Satterfield Drywall Corporation,http://www.dsdrywall.com,,,Wichita,Kansas,,,,,,apollo,"painting company, painting services - Kansas",https://app.apollo.io/#/organizations/54a11d4769702d8aa16be800?overrideScoreId=score,6.0M,5,metal stud framing+42,http://www.linkedin.com/company/danny-satterfield-drywall-corp,https://facebook.com/dsdrywall,,,,
Iconic Home Renovations,http://www.iconichrkc.com,,,Olathe,Kansas,,,,,,apollo,"painting company, painting services - Kansas",https://app.apollo.io/#/organizations/67162c1f3c8cf1000130750d?overrideScoreId=score,,4,gutters+73,http://www.linkedin.com/company/iconic-home-renovations,https://www.facebook.com/iconicHomeRenovations,,,,
ACE HOUSE PAINTING INC.,http://www.acehousepainting.com,,,Olathe,Kansas,,,,,,apollo,"painting company, painting services - Kansas",https://app.apollo.io/#/organizations/647053dca68d26000126fdd9?overrideScoreId=score,,3,painter+47,http://www.linkedin.com/company/ace-house-painting-inc.,https://www.facebook.com/Ace-House-Painting-134483886584868,https://twitter.com/AceHousePainti1,,,
Average Joe Construction LLC,http://www.averagejoeconstruction.com,,,Overland Park,Kansas,,,,,,apollo,"painting company, painting services - Kansas",https://app.apollo.io/#/organizations/6604554b079a8101c6069270?overrideScoreId=score,,2,kitchens+62,http://www.linkedin.com/company/average-joe-construction-llc,https://www.facebook.com/averagejoeconstruction,,,,
Dubai Painting Services,http://www.dubaipaintingservice.ae,,,Coffeyville,Kansas,,,,,,apollo,"painting company, painting services - Kansas",https://app.apollo.io/#/organizations/6729e855b1ac5c0001199184?overrideScoreId=score,,1,,http://www.linkedin.com/company/dubai-painting-services,https://web.facebook.com/dubaipaintingservicee,,,,
JDR PAINTING SERVICES INC.,http://www.jdrpainting.com,,,Hays,Kansas,,,,,,apollo,"painting company, painting services - Kansas",https://app.apollo.io/#/organizations/6548b6bb2f83ff00018044f9?overrideScoreId=score,,1,exterior siding+44,http://www.linkedin.com/company/jdr-painting-services-inc.,http://www.facebook.com/wix,http://www.twitter.com/wix,,,
Painting Services and Contractors Dubai,http://www.painting-services.ae,,,Coffeyville,Kansas,,,,,,apollo,"painting company, painting services - Kansas",https://app.apollo.io/#/organizations/66fcf886d5bb26000182ee78?overrideScoreId=score,,,,http://www.linkedin.com/company/painting-services-and-contractors-dubai,,,,,
"Repair-My-Home, LLC",,,,Overland Park,Kansas,,,,,,apollo,"painting company, painting services - Kansas",https://app.apollo.io/#/organizations/63b9717f1b86ed000188d0fd?overrideScoreId=score,,,siding+3,http://www.linkedin.com/company/repair-my-home-llc,,,,,
Winner's Circle Painting,http://www.winnerscirclepaint.com,,,Nicholasville,Kentucky,,,,,,apollo,"painting company, painting services - Kentucky",https://app.apollo.io/#/organizations/5e57eb0605b1890001ae5f3d?overrideScoreId=score,,13,interior painting+50,http://www.linkedin.com/company/winnerscirclepainting,https://www.facebook.com/WinnersCirclePainting/,,,,
CONCRETE PLUS LLC,http://www.concreteplusllc.com,,,Mount Sterling,Kentucky,,,,,,apollo,"painting company, painting services - Kentucky",https://app.apollo.io/#/organizations/66ebc7effc7cf70001566325?overrideScoreId=score,,10,project management+53,http://www.linkedin.com/company/concrete-plus-llc,,,,,
"Spiff Contracting, LLC",http://www.spiffcontracting.com,,,Taylor Mill,Kentucky,,,,,,apollo,"painting company, painting services - Kentucky",https://app.apollo.io/#/organizations/674c17de8439970001d8767b?overrideScoreId=score,,9,property branding+47,http://www.linkedin.com/company/spiff-contracting-llc,,,,,
M&J Painting LLC,http://www.mandjpaintingohio.com,,,Florence,Kentucky,,,,,,apollo,"painting company, painting services - Kentucky",https://app.apollo.io/#/organizations/65410ee1da046e00a3430ffd?overrideScoreId=score,,9,new construction+56,http://www.linkedin.com/company/m-j-painting-llc,,,,,
"McKinney Painting, Inc.",http://www.mckinneypainting.com,,,McKinney Painting,Inc.,,,,,,apollo,"painting company, painting services - Inc.",https://app.apollo.io/#/organizations/54a1392769702d267a553900?overrideScoreId=score,7.7M,7,paperhanging+55,http://www.linkedin.com/company/mckinney-painting-inc.,,,,,
Redemption Painting Company,http://www.redemptionpainting.com,,,Louisville,Kentucky,,,,,,apollo,"painting company, painting services - Kentucky",https://app.apollo.io/#/organizations/67264cf94acbcd00012de8cb?overrideScoreId=score,2.5M,4,,http://www.linkedin.com/company/redemption-painting-company,https://facebook.com/RedemptionPaintingCompany,https://twitter.com/RedemptionPaint,,,
GLS Painting Services LLC,http://www.glspaintingservicesllc.com,,,Harrodsburg,Kentucky,,,,,,apollo,"painting company, painting services - Kentucky",https://app.apollo.io/#/organizations/672b077c7ed0fe000105b508?overrideScoreId=score,,2,,http://www.linkedin.com/company/gls-painting-services-llc,,,,,
Flipside Painting Services,http://www.flipsidepainting.com,,,Nicholasville,Kentucky,,,,,,apollo,"painting company, painting services - Kentucky",https://app.apollo.io/#/organizations/6729af82c78d650001d71f78?overrideScoreId=score,,2,,http://www.linkedin.com/company/flipside-painting-services,https://www.facebook.com/FlipSidePaintingServices,,,,
"KREED Painting, LLC",http://www.kreedpainting.com,,,Louisville,Kentucky,,,,,,apollo,"painting company, painting services - Kentucky",https://app.apollo.io/#/organizations/641ec838a3d3520001f1659e?overrideScoreId=score,,1,wallcovering+31,http://www.linkedin.com/company/kreed-painting,https://www.facebook.com/profile.php,,,,
Pete & Ruby's Interior Painting LLC,http://www.printeriorpaintinglouisville.com,,,Louisville,Kentucky,,,,,,apollo,"painting company, painting services - Kentucky",https://app.apollo.io/#/organizations/64166b3d3ab3ae0001d6d6ed?overrideScoreId=score,,1,,http://www.linkedin.com/company/pete-ruby-s-interior-painting-llc,,,,,
Brown's Painting & Renovation,http://www.brownspainting.com,,,Monroe,Louisiana,,,,,,apollo,"painting company, painting services - Louisiana",https://app.apollo.io/#/organizations/63dcfbd9053d2100d8a266b7?overrideScoreId=score,,26,paintingdrywall+71,http://www.linkedin.com/company/brownspaintingandrenovation,,,,,
"Lanehart, LLC",http://www.lanehart.net,,,Baton Rouge,Louisiana,,,,,,apollo,"painting company, painting services - Louisiana",https://app.apollo.io/#/organizations/54a1b95974686945fa88360b?overrideScoreId=score,,26,architectural finishes+29,http://www.linkedin.com/company/lanehart-inc-,,,,,
Hart Painting Company,,,,Farmerville,Louisiana,,,,,,apollo,"painting company, painting services - Louisiana",https://app.apollo.io/#/organizations/556d4dd2736964124f8fda00?overrideScoreId=score,,15,,http://www.linkedin.com/company/hart-painting-company,,,,,
FRANTZ-GIBSON PAINTING COMPANY,http://www.frantzgibson.com,,,Baton Rouge,Louisiana,,,,,,apollo,"painting company, painting services - Louisiana",https://app.apollo.io/#/organizations/66e5e544050e580001ffa311?overrideScoreId=score,,5,,http://www.linkedin.com/company/frantz-gibson-painting-company,,,,,
A&A General Construction Inc,http://www.aagenconstruction.com,,,Baton Rouge,Louisiana,,,,,,apollo,"painting company, painting services - Louisiana",https://app.apollo.io/#/organizations/5e564b90d640ab0001082244?overrideScoreId=score,,5,residential+69,http://www.linkedin.com/company/aa-general-construction-inc,https://www.facebook.com/aageneralconstruction/,,,,
Southern Hammer & Nail,http://www.southernhammer.com,,,Covington,Louisiana,,,,,,apollo,"painting company, painting services - Louisiana",https://app.apollo.io/#/organizations/5e581cc1c0fa3000013ee36c?overrideScoreId=score,,4,home renovations+49,http://www.linkedin.com/company/southern-hammer-nail,,,,,
Vinyltech,http://www.vinyltechroofing.com,,,Kenner,Louisiana,,,,,,apollo,"painting company, painting services - Louisiana",https://app.apollo.io/#/organizations/66a85ecffd519100016999c7?overrideScoreId=score,,3,sidingroofing+6,http://www.linkedin.com/company/vinyltech-roofing,,,,,
Wurth Plus,http://www.wurth-plus.com,,,Kenner,Louisiana,,,,,,apollo,"painting company, painting services - Louisiana",https://app.apollo.io/#/organizations/6689aeadec5459000102ed58?overrideScoreId=score,,3,landscaping+65,http://www.linkedin.com/company/wurth-plus,,,,,
TASCH Painting Company,http://www.taschpainting.com,,,Metairie,Louisiana,,,,,,apollo,"painting company, painting services - Louisiana",https://app.apollo.io/#/organizations/56de2fcef3e5bb0130000dd6?overrideScoreId=score,,3,commercial painting+2,http://www.linkedin.com/company/tasch-painting-company,,,,,
Shreveport Painting Company,http://www.shreveportpaintingcompany.com,,,Shreveport,Louisiana,,,,,,apollo,"painting company, painting services - Louisiana",https://app.apollo.io/#/organizations/640c01b8802e120001d5a9ce?overrideScoreId=score,,,exterior house painting+5,http://www.linkedin.com/company/shreveport-painting-company,,,,,
