Name,Website,Phone,Address,City,State,Rating,Reviews,Categories,Email,Source,Query,Apollo,Revenue
Unity Painting Company,http://www.unitypaintingco.com,,,Richardson,Texas,,,,,apollo,"painting service, painting company - Texas",https://app.apollo.io/#/organizations/6749a12aea538400012415fc?overrideScoreId=score,
A&K Painting Company,http://www.akpainting.com,,,Charlotte,North Carolina,,,,,apollo,"painting service, painting company - North Carolina",https://app.apollo.io/#/organizations/54a11eb469702d77c29b9b01?overrideScoreId=score,4.1M
Arizona Painting Company,http://www.arizonapaintingcompany.com,,,Chandler,Arizona,,,,,apollo,"painting service, painting company - Arizona",https://app.apollo.io/#/organizations/55696f187369642529bb2b00?overrideScoreId=score,19.8M
CertaPro Painters,http://www.certapro.com,,,Norristown,Pennsylvania,,,,,apollo,"painting service, painting company - Pennsylvania",https://app.apollo.io/#/organizations/54a1281a69702db87870bb00?overrideScoreId=score,700M
Long Painting Company,http://www.longpainting.com,,,Kent,Washington,,,,,apollo,"painting service, painting company - Washington",https://app.apollo.io/#/organizations/54a1206969702d8aa13d4102?overrideScoreId=score,4.4M
Coyles Painting,http://www.coylespainting.com,,,Mesa,Arizona,,,,,apollo,"painting service, painting company - Arizona",https://app.apollo.io/#/organizations/5592306f736964191ec1bd00?overrideScoreId=score,
Fresh Coat Painters,http://www.freshcoatpainters.com,,,Cincinnati,Ohio,,,,,apollo,"painting service, painting company - Ohio",https://app.apollo.io/#/organizations/5f7619fc0a4884008dd1d059?overrideScoreId=score,120.5M
Vivax Pros,http://www.vivaxpros.com,,,Denver,Colorado,,,,,apollo,"painting service, painting company - Colorado",https://app.apollo.io/#/organizations/5da448f510ef7e00014d4a1a?overrideScoreId=score,25M
Painter Bros,http://www.painterbros.com,,,American Fork,Utah,,,,,apollo,"painting service, painting company - Utah",https://app.apollo.io/#/organizations/60f648f7c0fda10001b16b6f?overrideScoreId=score,
Zack Painting Company,http://www.zackpainting.com,,,Woodbridge Township,New Jersey,,,,,apollo,"painting service, painting company - New Jersey",https://app.apollo.io/#/organizations/5500c3da73696460fc534900?overrideScoreId=score,10M
AG Williams Painting Company,http://www.agwilliamspainting.com,,,,,,,,,apollo,"painting service, painting company",https://app.apollo.io/#/organizations/54a26f6a74686930c279b422?overrideScoreId=score,30.6M
Imprūv Painting & Contracting,http://www.impruvpainting.com,,,Columbus,Ohio,,,,,apollo,"painting service, painting company - Ohio",https://app.apollo.io/#/organizations/63d5725c4b6606000119cffe?overrideScoreId=score,
Penington Painting Company,http://www.teamppc.com,,,Chandler,Arizona,,,,,apollo,"painting service, painting company - Arizona",https://app.apollo.io/#/organizations/66e5e8f4d82df900011d66ba?overrideScoreId=score,13.1M
Meyer Painting Company,http://www.meyerpaintingco.com,,,Eureka,Missouri,,,,,apollo,"painting service, painting company - Missouri",https://app.apollo.io/#/organizations/5d09bd3df651259ad0d8fad5?overrideScoreId=score,
"A Step Above Painting, LLC.",http://www.asapsrq.com,,,Sarasota,Florida,,,,,apollo,"painting service, painting company - Florida",https://app.apollo.io/#/organizations/5ed33ab4a137530001916c83?overrideScoreId=score,
Epic Painting Company,http://www.epicpaintingco.com,,,Fairfax,Virginia,,,,,apollo,"painting service, painting company - Virginia",https://app.apollo.io/#/organizations/6638b731c948a3000163602b?overrideScoreId=score,
The Ohio Painting Company,http://www.ohiopainting.com,,,Miamisburg,Ohio,,,,,apollo,"painting service, painting company - Ohio",https://app.apollo.io/#/organizations/56d522f0f3e5bb43e20013e2?overrideScoreId=score,
CertaPro Painters of Mountainside,,,,Mountainside,New Jersey,,,,,apollo,"painting service, painting company - New Jersey",https://app.apollo.io/#/organizations/63c6e0b9aafff100e550f040?overrideScoreId=score,500M
Kennewick Painting Company,http://www.kennewickpainting.com,,,Kennewick,Washington,,,,,apollo,"painting service, painting company - Washington",https://app.apollo.io/#/organizations/61ad51696629d0000157b61a?overrideScoreId=score,
Coeur d'Alene Painting Company,http://www.coeurdalenepainter.com,,,Coeur d'Alene,Idaho,,,,,apollo,"painting service, painting company - Idaho",https://app.apollo.io/#/organizations/6547d31911b8240001ee5c45?overrideScoreId=score,
Two Dudes Painting Company,http://www.twodudes.com,,,Lancaster,Pennsylvania,,,,,apollo,"painting service, painting company - Pennsylvania",https://app.apollo.io/#/organizations/54a1392669702de5b3a11500?overrideScoreId=score,42.3M
Atlanta Painting Company,http://www.atlantapaintingcompany.com,,,Roswell,Georgia,,,,,apollo,"painting service, painting company - Georgia",https://app.apollo.io/#/organizations/54a1a396746869586099fb03?overrideScoreId=score,221K
Fargo Painting Company,http://www.fargopaintingpros.com,,,Fargo,North Dakota,,,,,apollo,"painting service, painting company - North Dakota",https://app.apollo.io/#/organizations/61ad4ea75370c80001e34fb6?overrideScoreId=score,
Denver Painting Service Company,http://www.denverpaintingservicecompany.com,,,Denver,Colorado,,,,,apollo,"painting service, painting company - Colorado",https://app.apollo.io/#/organizations/64b25e4c41dc870001ac33b6?overrideScoreId=score,
Pasco Painting Company,http://www.pascopaintingcompany.com,,,Pasco,Washington,,,,,apollo,"painting service, painting company - Washington",https://app.apollo.io/#/organizations/64604fcef221c900011b82f8?overrideScoreId=score,
Valley Painting Company,http://www.chagrinvalleypainting.com,,,Chagrin Falls,Ohio,,,,,apollo,"painting service, painting company - Ohio",https://app.apollo.io/#/organizations/54a1295d69702dc8410c4c01?overrideScoreId=score,
McCahill Painting Company,http://www.mccahillpainting.com,,,Romeoville,Illinois,,,,,apollo,"painting service, painting company - Illinois",https://app.apollo.io/#/organizations/54a1399169702d231fbb8000?overrideScoreId=score,5.5M
LIME Painting,http://www.limepainting.com,,,Greenwood Village,Colorado,,,,,apollo,"painting service, painting company - Colorado",https://app.apollo.io/#/organizations/5ed1e7983b3bf900017b9fe2?overrideScoreId=score,
Rapid City Painting Company,http://www.rapidcitypaintingpros.com,,,Rapid City,South Dakota,,,,,apollo,"painting service, painting company - South Dakota",https://app.apollo.io/#/organizations/6550f7c05e86d700010cc48f?overrideScoreId=score,
Bozeman Painting Company,http://www.bozemanhousepainter.com,,,Bozeman,Montana,,,,,apollo,"painting service, painting company - Montana",https://app.apollo.io/#/organizations/667950b3ee458f0001dbeb7e?overrideScoreId=score,
Pound Ridge Painting Company,http://www.poundridgepainting.com,,,Pound Ridge,New York,,,,,apollo,"painting service, painting company - New York",https://app.apollo.io/#/organizations/5fcaf532e342470001a49f5c?overrideScoreId=score,
Affinity Painting Company Inc.,http://www.affinity-painting.com,,,Covina,California,,,,,apollo,"painting service, painting company - California",https://app.apollo.io/#/organizations/5da7015581f1650001b1c11f?overrideScoreId=score,2.2M
Metro-Multi Construction & Remodeling,http://www.metromulticonstruction.com,,,Troy,Michigan,,,,,apollo,"painting service, painting company - Michigan",https://app.apollo.io/#/organizations/65b93cfe5efc3601c6b06c29?overrideScoreId=score,
Missoula Painting Company,http://www.missoulahousepainter.com,,,Missoula,Montana,,,,,apollo,"painting service, painting company - Montana",https://app.apollo.io/#/organizations/666e9c2c468c780001b84fd9?overrideScoreId=score,
Painting Services By Steve,http://www.paintingservicesbysteve.com,,,Katy,Texas,,,,,apollo,"painting service, painting company - Texas",https://app.apollo.io/#/organizations/54a13b1569702de5b3a14601?overrideScoreId=score,1.8M
Ogden Painting Company,http://www.ogdenpaintingpros.com,,,Ogden,Utah,,,,,apollo,"painting service, painting company - Utah",https://app.apollo.io/#/organizations/66f659bcbdb34f0001951a7f?overrideScoreId=score,
"MB Jessee Painting, Inc.",http://www.mbjessee.com,,,MB Jessee Painting,Inc.,,,,,apollo,"painting service, painting company - Inc.",https://app.apollo.io/#/organizations/55f48969f3e5bb3aac000cca?overrideScoreId=score,
Elk Horn Painting,http://www.elkhornpainting.com,,,Castle Rock,Colorado,,,,,apollo,"painting service, painting company - Colorado",https://app.apollo.io/#/organizations/5e5696bb34bf3400011688b2?overrideScoreId=score,
E. Caligari & Son,http://www.ecaligariandson.com,,,Norfolk,Virginia,,,,,apollo,"painting service, painting company - Virginia",https://app.apollo.io/#/organizations/5d32b11af65125072c9d5f01?overrideScoreId=score,18M
Burge Painting Company,http://www.burgepainting.com,,,Lansdale,Pennsylvania,,,,,apollo,"painting service, painting company - Pennsylvania",https://app.apollo.io/#/organizations/5b84c3ddf874f74a1abe68ea?overrideScoreId=score,
The Painting Company San Diego,http://www.sandiegopaintingcompany.com,,,San Diego,California,,,,,apollo,"painting service, painting company - California",https://app.apollo.io/#/organizations/5e582db89303fe00015a92ba?overrideScoreId=score,
The Painting Company,http://www.gopaintingcompany.com,,,Bellevue,Nebraska,,,,,apollo,"painting service, painting company - Nebraska",https://app.apollo.io/#/organizations/5e56b2f652e7ad0001f55c3b?overrideScoreId=score,
Dutch Hill Painting Company,http://www.dutchhillpainting.com,,,Bloomsburg,Pennsylvania,,,,,apollo,"painting service, painting company - Pennsylvania",https://app.apollo.io/#/organizations/61ec2fe5ad92600001819899?overrideScoreId=score,
PPD Painting,http://www.ppdpainting.com,,,Bellwood,Illinois,,,,,apollo,"painting service, painting company - Illinois",https://app.apollo.io/#/organizations/54a1b93d7468694f8fbf6e0b?overrideScoreId=score,2.6M
The Painting Company,http://www.thepaintingcompany.com,,,Plain City,Ohio,,,,,apollo,"painting service, painting company - Ohio",https://app.apollo.io/#/organizations/5e57a7c30c206a00016cdc51?overrideScoreId=score,
Smile-A-Mile Painting,http://www.smileamilepainting.com,,,Kennewick,Washington,,,,,apollo,"painting service, painting company - Washington",https://app.apollo.io/#/organizations/5e57a7be7e83710001e0f38c?overrideScoreId=score,
York Services LLC (Painting Contractor),http://www.naplesfloridapainters.com,,,Fort Myers,Florida,,,,,apollo,"painting service, painting company - Florida",https://app.apollo.io/#/organizations/54a13adc69702dac84991b01?overrideScoreId=score,
"Impressions Painting Company, Inc.",http://www.impressionspaintingcompany.com,,,Impressions Painting Company,Inc.,,,,,apollo,"painting service, painting company - Inc.",https://app.apollo.io/#/organizations/54a1391269702de5b37e0b00?overrideScoreId=score,
Pro Painter USA,http://www.propainterusa.com,,,Milwaukee,Wisconsin,,,,,apollo,"painting service, painting company - Wisconsin",https://app.apollo.io/#/organizations/650a98293ff3c200bc736772?overrideScoreId=score,
Great Falls Painting Company,http://www.greatfallspaintingcompany.com,,,Great Falls,Montana,,,,,apollo,"painting service, painting company - Montana",https://app.apollo.io/#/organizations/667be2af56655c00010b8b09?overrideScoreId=score,
Medford Painting Company,http://www.medfordpaintingpros.com,,,Medford,Oregon,,,,,apollo,"painting service, painting company - Oregon",https://app.apollo.io/#/organizations/674aceea37cb7e00018739c3?overrideScoreId=score,
Majestic Painting Company Inc.,http://www.majesticpainting.net,,,Aurora,Colorado,,,,,apollo,"painting service, painting company - Colorado",https://app.apollo.io/#/organizations/5da27da4a2de8e0001a7038c?overrideScoreId=score,
Gainesville Painting Company,http://www.gainesvillepaintingcompany.com,,,Gainesville,Florida,,,,,apollo,"painting service, painting company - Florida",https://app.apollo.io/#/organizations/68483bd816a86e000d842227?overrideScoreId=score,
MacKenzie Painting Company,http://www.mackenziepaintingco.com,,,Stratford,Connecticut,,,,,apollo,"painting service, painting company - Connecticut",https://app.apollo.io/#/organizations/5fca04f7be1c6100014ef215?overrideScoreId=score,
G & I Painting and Renovations LLC,http://www.gandipainting.com,,,Sterling Heights,Michigan,,,,,apollo,"painting service, painting company - Michigan",https://app.apollo.io/#/organizations/61ec91be0154d10001111c69?overrideScoreId=score,
Alpine Painting,http://www.alpinepaintingcompany.com,,,Ann Arbor,Michigan,,,,,apollo,"painting service, painting company - Michigan",https://app.apollo.io/#/organizations/655abd1c99780d00019ae17c?overrideScoreId=score,
Midway Painting Company,http://www.midwaypaintingcompany.com,,,Midway,Utah,,,,,apollo,"painting service, painting company - Utah",https://app.apollo.io/#/organizations/6437c6510822f100a300cf04?overrideScoreId=score,
Nashville Painting Company,http://www.nashvillepaintingcompany.com,,,Crossville,Tennessee,,,,,apollo,"painting service, painting company - Tennessee",https://app.apollo.io/#/organizations/5fc8d824d510e800017c9d29?overrideScoreId=score,
"J & J Custom Painting Company, LLC - Las Vegas, NV",http://www.j-jcustompainting.com,,,Las Vegas,Nevada,,,,,apollo,"painting service, painting company - Nevada",https://app.apollo.io/#/organizations/656bef002a857200a3f4ca3a?overrideScoreId=score,
Coastal Painting Company,http://www.coastalpaintingcompany.com,,,Coconut Creek,Florida,,,,,apollo,"painting service, painting company - Florida",https://app.apollo.io/#/organizations/5e57bee73f9e640001b633be?overrideScoreId=score,42.1M
Tri Cities Painting Company,http://www.eastgateorthodontics.com,,,Kennewick,Washington,,,,,apollo,"painting service, painting company - Washington",https://app.apollo.io/#/organizations/6375ed9b997fce000197037e?overrideScoreId=score,328K
Ryan Painting Company,http://www.ryanpaintingco.com,,,Boston,Massachusetts,,,,,apollo,"painting service, painting company - Massachusetts",https://app.apollo.io/#/organizations/6048613d7780130001ab8647?overrideScoreId=score,
"Mid South Painting, Inc.",http://www.midsouthpaintinginc.com,,,Mid South Painting,Inc.,,,,,apollo,"painting service, painting company - Inc.",https://app.apollo.io/#/organizations/61ec11b554407500016c794f?overrideScoreId=score,
Nevada Painting Company,http://www.nevadapaintingcompany.com,,,Las Vegas,Nevada,,,,,apollo,"painting service, painting company - Nevada",https://app.apollo.io/#/organizations/5a9dc699a6da98d96640d71d?overrideScoreId=score,14.0M
The Commissioned Art Network,http://www.thecommissionedartnetwork.com,,,Flowery Branch,Georgia,,,,,apollo,"painting service, painting company - Georgia",https://app.apollo.io/#/organizations/5fc99ffa20a63f000163b88e?overrideScoreId=score,
Leach Painting Company,http://www.jleachpainting.com,,,Fenton,Missouri,,,,,apollo,"painting service, painting company - Missouri",https://app.apollo.io/#/organizations/55f4e202f3e5bb16680031cb?overrideScoreId=score,17.2M
Finaltone Painting Company,http://www.finaltonepainting.com,,,Maple Grove,Minnesota,,,,,apollo,"painting service, painting company - Minnesota",https://app.apollo.io/#/organizations/654896fe1dd39700017702db?overrideScoreId=score,
A.L.A. World Foundation,http://www.ssbipoc.org,,,Seattle,Washington,,,,,apollo,"painting service, painting company - Washington",https://app.apollo.io/#/organizations/650520ce2a87c600014c2d1d?overrideScoreId=score,
Foothills Painting LLC,http://www.foothillspainting.co,,,Fort Collins,Colorado,,,,,apollo,"painting service, painting company - Colorado",https://app.apollo.io/#/organizations/5d0a85b5f65125346a4e42ef?overrideScoreId=score,
Adams Painting Company,http://www.adamspaintnc.com,,,Wake Forest,North Carolina,,,,,apollo,"painting service, painting company - North Carolina",https://app.apollo.io/#/organizations/67158268d5282c00018341af?overrideScoreId=score,
"Evergreen Painting Co., Inc.",http://www.evergreenpaintingco.com,,,Eugene,Oregon,,,,,apollo,"painting service, painting company - Oregon",https://app.apollo.io/#/organizations/664d838f0d7dc80001f8c4d9?overrideScoreId=score,
Bond Construction Inc.,http://www.bondconstructionnyc.com,,,New York,New York,,,,,apollo,"painting service, painting company - New York",https://app.apollo.io/#/organizations/54fca4237369647f94742400?overrideScoreId=score,6.4M
"Hursh Painting Co., Inc.",http://www.hurshpainting.com,,,Hanover,Pennsylvania,,,,,apollo,"painting service, painting company - Pennsylvania",https://app.apollo.io/#/organizations/6391f533e83992000107bd37?overrideScoreId=score,20.2M
365 Renovations,http://www.365renovations.com,,,West Chester,Ohio,,,,,apollo,"painting service, painting company - Ohio",https://app.apollo.io/#/organizations/55f7954af3e5bb095d001303?overrideScoreId=score,23.5M
Paintco Painters,http://www.paintcopainters.com,,,Greenwood,Indiana,,,,,apollo,"painting service, painting company - Indiana",https://app.apollo.io/#/organizations/5a9e3d59a6da98d98c6c8bc7?overrideScoreId=score,
SMS Painting,http://www.smspaintingllc.com,,,Bridgeport,Connecticut,,,,,apollo,"painting service, painting company - Connecticut",https://app.apollo.io/#/organizations/559222cb7369641908728b00?overrideScoreId=score,
Superior Painting Company,http://www.superiorpainters.com,,,Red Oak,Texas,,,,,apollo,"painting service, painting company - Texas",https://app.apollo.io/#/organizations/55f9384ff3e5bb22820024bb?overrideScoreId=score,
Mike's Quality Painting,http://www.mikesqualitypainting.com,,,Albuquerque,New Mexico,,,,,apollo,"painting service, painting company - New Mexico",https://app.apollo.io/#/organizations/5500afb27369642da1440600?overrideScoreId=score,3.2M
Flora Brothers Painting,http://www.florabrotherspainting.com,,,Indianapolis,Indiana,,,,,apollo,"painting service, painting company - Indiana",https://app.apollo.io/#/organizations/5ed4e336b6725f00019afe7f?overrideScoreId=score,21.3M
Heiler Painting,http://www.heilerpainting.com,,,Media,Pennsylvania,,,,,apollo,"painting service, painting company - Pennsylvania",https://app.apollo.io/#/organizations/5ef45bdd33527e0184a69242?overrideScoreId=score,
"Matthews'​ Painting Company, LLC",http://www.matthewspainting.com,,,Leesburg,Indiana,,,,,apollo,"painting service, painting company - Indiana",https://app.apollo.io/#/organizations/54a1279069702d979cf79000?overrideScoreId=score,48.2M
"Paintegrity, LLC",http://www.paintegrityllc.com,,,Pflugerville,Texas,,,,,apollo,"painting service, painting company - Texas",https://app.apollo.io/#/organizations/5b1339f0a6da98dcf025de90?overrideScoreId=score,
Kennedy Painting LLC,http://www.stlouishousepainting.com,,,St. Louis,Missouri,,,,,apollo,"painting service, painting company - Missouri",https://app.apollo.io/#/organizations/54a1b4e474686954757caf09?overrideScoreId=score,15.2M
Ransom Digital,http://www.ransomdigital.com,,,Johnson City,Tennessee,,,,,apollo,"painting service, painting company - Tennessee",https://app.apollo.io/#/organizations/61270663d49abd000134e362?overrideScoreId=score,
Terminus Painting Co.,http://www.terminuspainting.com,,,Atlanta,Georgia,,,,,apollo,"painting service, painting company - Georgia",https://app.apollo.io/#/organizations/668fe74ff90e790491b61601?overrideScoreId=score,
"Hays Brothers Painting Service, Inc.",http://www.haysbrotherspainting.com,,,Hays Brothers Painting Service,Inc.,,,,,apollo,"painting service, painting company - Inc.",https://app.apollo.io/#/organizations/5b869a13324d44111a7c7bba?overrideScoreId=score,
"The Painting Company, LLC",,,,San Diego,California,,,,,apollo,"painting service, painting company - California",https://app.apollo.io/#/organizations/63c430ac9ac5ba00014b310a?overrideScoreId=score,
Phoenix Painting Company,http://www.phoenixpaintingco.com,,,Fort Lauderdale,Florida,,,,,apollo,"painting service, painting company - Florida",https://app.apollo.io/#/organizations/55920bd1736964185f563800?overrideScoreId=score,31.7M
painting contractor,http://www.wellspaintservice.com,,,Kiowa,Kansas,,,,,apollo,"painting service, painting company - Kansas",https://app.apollo.io/#/organizations/56d978fff3e5bb731d002ade?overrideScoreId=score,
Northwest Residential & Commercial Painting Company,http://www.nwpaintingcompany.com,,,Seattle,Washington,,,,,apollo,"painting service, painting company - Washington",https://app.apollo.io/#/organizations/54a1b6ef7468695c827f2b0a?overrideScoreId=score,
111 Painting Service,http://www.111paintingservice.com,,,Sacramento,California,,,,,apollo,"painting service, painting company - California",https://app.apollo.io/#/organizations/6718bc6d1bf8da0001170399?overrideScoreId=score,
Murray Painting Company,http://www.murraypainting.net,,,Freeland,Michigan,,,,,apollo,"painting service, painting company - Michigan",https://app.apollo.io/#/organizations/5e568249942f6500014685b1?overrideScoreId=score,
Textbook Painting,http://www.textbookpainting.com,,,Lakewood,Ohio,,,,,apollo,"painting service, painting company - Ohio",https://app.apollo.io/#/organizations/54a12b1c69702dcef9dd7702?overrideScoreId=score,
MPG Painting,http://www.mpgpainting.net,,,Sacramento,California,,,,,apollo,"painting service, painting company - California",https://app.apollo.io/#/organizations/60b1e99bd26791000182aa36?overrideScoreId=score,
The Dependable Painting Company,http://www.dependableptg.com,,,Cleveland,Ohio,,,,,apollo,"painting service, painting company - Ohio",https://app.apollo.io/#/organizations/54a1353f69702d333d15b900?overrideScoreId=score,23.1M
Five Seasons Painting Company,http://www.whiskeycreekfamilyrvpark.com,,,Elroy,Wisconsin,,,,,apollo,"painting service, painting company - Wisconsin",https://app.apollo.io/#/organizations/6048b05035eb5b0001db120a?overrideScoreId=score,
Pritts Painting Company,http://www.prittspainting.com,,,Westerville,Ohio,,,,,apollo,"painting service, painting company - Ohio",https://app.apollo.io/#/organizations/6654748d98df0301eb3ab68d?overrideScoreId=score,
Bates Painting Company,http://www.batespainting.com,,,Kansas City,Missouri,,,,,apollo,"painting service, painting company - Missouri",https://app.apollo.io/#/organizations/64ab15e5b961d30001b37c26?overrideScoreId=score,
"Prism Painting Company, Inc.",http://www.prismpainting.net,,,Prism Painting Company,Inc.,,,,,apollo,"painting service, painting company - Inc.",https://app.apollo.io/#/organizations/5ed02a1a5a2a6100017e72f8?overrideScoreId=score,
"DK Painting Company, Inc.",http://www.dkpainting.com,,,DK Painting Company,Inc.,,,,,apollo,"painting service, painting company - Inc.",https://app.apollo.io/#/organizations/67d2d0ee06a6ef0021a5232a?overrideScoreId=score,
The Painting Company of Birmingham,http://www.birminghampaintingco.com,,,Birmingham,Alabama,,,,,apollo,"painting service, painting company - Alabama",https://app.apollo.io/#/organizations/5c276bd0f6512556a50f9bae?overrideScoreId=score,4.3M
Rossi Painting & Construction,http://www.rossipainting.com,,,San Carlos,California,,,,,apollo,"painting service, painting company - California",https://app.apollo.io/#/organizations/604a9bd9a8096d0001c3d87a?overrideScoreId=score,
"Lakehead Painting Company, Inc.",http://www.lakeheadpainting.com,,,Lakehead Painting Company,Inc.,,,,,apollo,"painting service, painting company - Inc.",https://app.apollo.io/#/organizations/54a1293e69702d979ca19501?overrideScoreId=score,
Paint Kings,http://www.paintkings.com,,,Tucson,Arizona,,,,,apollo,"painting service, painting company - Arizona",https://app.apollo.io/#/organizations/54a1b6c07468694f8f0c810a?overrideScoreId=score,18.9M
Art Noirs,http://www.artnoirs.com,,,Sugar Land,Texas,,,,,apollo,"painting service, painting company - Texas",https://app.apollo.io/#/organizations/556d9fa173696411c12c5a01?overrideScoreId=score,
"MacFarland Painting, Inc.",http://www.macfarlandpainting.com,,,MacFarland Painting,Inc.,,,,,apollo,"painting service, painting company - Inc.",https://app.apollo.io/#/organizations/604a9c8632877500013a26d2?overrideScoreId=score,
"Quincy Industrial Painting Company, Inc.",http://www.quincyindustrial.com,,,Quincy Industrial Painting Company,Inc.,,,,,apollo,"painting service, painting company - Inc.",https://app.apollo.io/#/organizations/559218d573696423937e0c00?overrideScoreId=score,
"Genesis Painting Company, LLC",http://www.paintingbygenesis.com,,,Cedar Rapids,Iowa,,,,,apollo,"painting service, painting company - Iowa",https://app.apollo.io/#/organizations/5500b1557369642dd3921800?overrideScoreId=score,
Swedish Painting Company,http://www.swedishpaintingco.com,,,Aspen,Colorado,,,,,apollo,"painting service, painting company - Colorado",https://app.apollo.io/#/organizations/556d5023736964121f01e300?overrideScoreId=score,8M
Fresh Coat Painters Franchise Opportunities,http://www.freshcoatfranchise.com,,,Cincinnati,Ohio,,,,,apollo,"painting service, painting company - Ohio",https://app.apollo.io/#/organizations/5e5643a0840a240001180635?overrideScoreId=score,
VP Peri Painting Company,http://www.vpperi.com,,,Redmond,Washington,,,,,apollo,"painting service, painting company - Washington",https://app.apollo.io/#/organizations/54a13c8a69702de5b328f101?overrideScoreId=score,
"Emerald Painting, Inc.",http://www.emeraldpaintinginc.com,,,Emerald Painting,Inc.,,,,,apollo,"painting service, painting company - Inc.",https://app.apollo.io/#/organizations/63c34b91ae9ec700013e5fb4?overrideScoreId=score,
Rice Painting Company,http://www.ricepaintingcompany.com,,,Charlotte,North Carolina,,,,,apollo,"painting service, painting company - North Carolina",https://app.apollo.io/#/organizations/615e9513d42fd60001065174?overrideScoreId=score,
World Painting Company,http://www.worldpaintingcompany.com,,,Bloomington,Illinois,,,,,apollo,"painting service, painting company - Illinois",https://app.apollo.io/#/organizations/54a1352169702d42556b7300?overrideScoreId=score,3.7M
Fresh Start Painting Company,,,,Long Branch,New Jersey,,,,,apollo,"painting service, painting company - New Jersey",https://app.apollo.io/#/organizations/65505085c27fa30001ebb34d?overrideScoreId=score,
Cauble Rose Painting Company,http://www.caublerose.com,,,Boerne,Texas,,,,,apollo,"painting service, painting company - Texas",https://app.apollo.io/#/organizations/60aed6ccd4a81f0001ae5326?overrideScoreId=score,
Idea Painting Company,http://www.ideapaintingcompany.com,,,Medfield,Massachusetts,,,,,apollo,"painting service, painting company - Massachusetts",https://app.apollo.io/#/organizations/5e55b2c5e31ebf0001c2cae0?overrideScoreId=score,
Bernardo's Painting,http://www.bernardospainting.com,,,Mililani,Hawaii,,,,,apollo,"painting service, painting company - Hawaii",https://app.apollo.io/#/organizations/62a5fb4a4757e800a3fe007c?overrideScoreId=score,
Haugen Homes Painting,http://www.hhpainters.com,,,Sheboygan,Wisconsin,,,,,apollo,"painting service, painting company - Wisconsin",https://app.apollo.io/#/organizations/60b28784f6c9fa0001354e58?overrideScoreId=score,
"Carolina Painting Company, Inc.",http://www.carolinapainting.com,,,Carolina Painting Company,Inc.,,,,,apollo,"painting service, painting company - Inc.",https://app.apollo.io/#/organizations/5f48b6a18dedc90001db0449?overrideScoreId=score,7.2M
Sharper Impressions Painting,http://www.sharperimpressionspainting.com,,,Plain City,Ohio,,,,,apollo,"painting service, painting company - Ohio",https://app.apollo.io/#/organizations/54a1293c69702db878615201?overrideScoreId=score,4M
NorthCraft Painting Contractor,http://www.northcraft-painting-contractor.com,,,Streamwood,Illinois,,,,,apollo,"painting service, painting company - Illinois",https://app.apollo.io/#/organizations/54a12ab669702dc128ebf801?overrideScoreId=score,
Messery Painting,http://www.messerypaintingswfl.com,,,Fort Myers,Florida,,,,,apollo,"painting service, painting company - Florida",https://app.apollo.io/#/organizations/5500c55f736964176d614f00?overrideScoreId=score,
Color World Painting Charlotte,,,,Concord,North Carolina,,,,,apollo,"painting service, painting company - North Carolina",https://app.apollo.io/#/organizations/668220bba3c902000147bcac?overrideScoreId=score,
"Pro 1 Painters, LLC",http://www.pro1painters.com,,,Mobile,Alabama,,,,,apollo,"painting service, painting company - Alabama",https://app.apollo.io/#/organizations/55eccab2f3e5bb16d7000e3d?overrideScoreId=score,34.8M
Ace Painting Company Inc,,,,Pinson,Alabama,,,,,apollo,"painting service, painting company - Alabama",https://app.apollo.io/#/organizations/55923e2a73696418f671ed00?overrideScoreId=score,
Paradiso Painting Company Inc,http://www.paradisopainting.com,,,Birmingham,Alabama,,,,,apollo,"painting service, painting company - Alabama",https://app.apollo.io/#/organizations/55920398736964199b641a00?overrideScoreId=score,13.6M
Rogers Painting Company,http://www.rogerspaintingcompany.net,,,Montgomery,Alabama,,,,,apollo,"painting service, painting company - Alabama",https://app.apollo.io/#/organizations/55921f0a7369640b18b41400?overrideScoreId=score,
E&S Contractor Painting Company Inc.,http://www.auburneandspainting.com,,,Auburn,Alabama,,,,,apollo,"painting service, painting company - Alabama",https://app.apollo.io/#/organizations/674cc90447ad1e0001ba4c98?overrideScoreId=score,
Tomas Painting Service,http://www.tuscaloosapaintingservices.com,,,Tuscaloosa,Alabama,,,,,apollo,"painting service, painting company - Alabama",https://app.apollo.io/#/organizations/66fb843216ca0300012f73fa?overrideScoreId=score,
ACC Painting Service,http://www.accpaintingservice.com,,,Mobile,Alabama,,,,,apollo,"painting service, painting company - Alabama",https://app.apollo.io/#/organizations/671488688d35110001e89c73?overrideScoreId=score,
MCALLISTER PAINTING COMPANY,http://www.mcallisterpaintingcompany.com,,,Slocomb,Alabama,,,,,apollo,"painting service, painting company - Alabama",https://app.apollo.io/#/organizations/6725a5edcca4980001f104fc?overrideScoreId=score,
Croc Painting Company,,,,Gilbert,Arizona,,,,,apollo,"painting service, painting company - Arizona",https://app.apollo.io/#/organizations/63d5ab5fc7530100017eb267?overrideScoreId=score,
Extra Mile Painting Company,http://www.extramilepaintingaz.com,,,Phoenix,Arizona,,,,,apollo,"painting service, painting company - Arizona",https://app.apollo.io/#/organizations/55ed9f37f3e5bb164400699b?overrideScoreId=score,
Best Painter Pro,http://www.bestpainterpro.com,,,Mesa,Arizona,,,,,apollo,"painting service, painting company - Arizona",https://app.apollo.io/#/organizations/674ffd7014baae00010d87a1?overrideScoreId=score,
Country Boys Painting,http://www.countryboyspainting.com,,,Phoenix,Arizona,,,,,apollo,"painting service, painting company - Arizona",https://app.apollo.io/#/organizations/56e6ea80f3e5bb3a24013090?overrideScoreId=score,
Adix Painting - Dedicated to Raising the Standard for Residential Interior and Exterior Painting,http://www.adixpainting.com,,,Phoenix,Arizona,,,,,apollo,"painting service, painting company - Arizona",https://app.apollo.io/#/organizations/5b13331da6da98dcb5c7d637?overrideScoreId=score,
Painting Solutions Inc.,http://www.paintingsolutionsaz.com,,,Phoenix,Arizona,,,,,apollo,"painting service, painting company - Arizona",https://app.apollo.io/#/organizations/614d81da3a98da000123ce57?overrideScoreId=score,
WILDCAT PAINTING COMPANY L.L.C.,http://www.wildcatpaintingcompany.com,,,Tucson,Arizona,,,,,apollo,"painting service, painting company - Arizona",https://app.apollo.io/#/organizations/66f52b695a44f10001b41200?overrideScoreId=score,
Trulypaintingandmore home painting company,http://www.trulypaintingandmore.com,,,Mohave Valley,Arizona,,,,,apollo,"painting service, painting company - Arizona",https://app.apollo.io/#/organizations/6688e5c650eb8e0001f7e7e5?overrideScoreId=score,
DCR Painting Service,http://www.dcrpainting.com,,,San Tan Valley,Arizona,,,,,apollo,"painting service, painting company - Arizona",https://app.apollo.io/#/organizations/6730328ecd1c1f00017f2ca8?overrideScoreId=score,25.5M
CAPITAL PAINTING COMPANY LLC,http://www.capitalpaintingcompany.com,,,Gilbert,Arizona,,,,,apollo,"painting service, painting company - Arizona",https://app.apollo.io/#/organizations/66f8d0bde0d5a00001b4789d?overrideScoreId=score,
Dougherty Painting Company,http://www.dohertypainting.com,,,Phoenix,Arizona,,,,,apollo,"painting service, painting company - Arizona",https://app.apollo.io/#/organizations/556d8fb77369641226d03a01?overrideScoreId=score,
Ph Painting Company,http://www.phpaintingcompany.com,,,Tucson,Arizona,,,,,apollo,"painting service, painting company - Arizona",https://app.apollo.io/#/organizations/66e94dc86fc6aa0001f9ab23?overrideScoreId=score,
"TOP STAR PAINTING SERVICE, INC.",http://www.topstarpainting.com,,,Glendale,Arizona,,,,,apollo,"painting service, painting company - Arizona",https://app.apollo.io/#/organizations/6739070340844d0001e106b7?overrideScoreId=score,
Penington Painting Company,http://www.peningtonpainting.com,,,Chandler,Arizona,,,,,apollo,"painting service, painting company - Arizona",https://app.apollo.io/#/organizations/68e68dc664ac410001fbbee6?overrideScoreId=score,13.1M
Insight Painting Company Llc,http://www.insightpaintingcompany.com,,,Mesa,Arizona,,,,,apollo,"painting service, painting company - Arizona",https://app.apollo.io/#/organizations/6828f4d20dd41b0001360150?overrideScoreId=score,3.7M
MCCORMICK PAINTING COMPANY,http://www.mccormickequipmentrentals.com,,,Little Rock,Arkansas,,,,,apollo,"painting service, painting company - Arkansas",https://app.apollo.io/#/organizations/672dd53ba379130001a6aeb9?overrideScoreId=score,4.0M
Painter Aircraft Inc,http://www.aircraftpaintinginc.com,,,Mena,Arkansas,,,,,apollo,"painting service, painting company - Arkansas",https://app.apollo.io/#/organizations/5591ffa873696419273b1400?overrideScoreId=score,
Quality Painting Company,http://www.adamroepaint.com,,,Camden,Arkansas,,,,,apollo,"painting service, painting company - Arkansas",https://app.apollo.io/#/organizations/674810bf3e0e4200017de341?overrideScoreId=score,
Turpin Painting Company Inc,,,,Little Rock,Arkansas,,,,,apollo,"painting service, painting company - Arkansas",https://app.apollo.io/#/organizations/55921aff73696418f64c6f00?overrideScoreId=score,
Legacy Painting Contractors,http://www.legacypaintingcontractorsca.com,,,Pleasanton,California,,,,,apollo,"painting service, painting company - California",https://app.apollo.io/#/organizations/5500b2d97369642daa6a2a00?overrideScoreId=score,8.9M
SKY EDIFICE,http://www.skyedifice.com,,,Cerritos,California,,,,,apollo,"painting service, painting company - California",https://app.apollo.io/#/organizations/61616eed8bfbd30001b43792?overrideScoreId=score,
ALL LOS ANGELES PAINTING COMPANY INC.,http://www.alllosangelespaintingcompany.com,,,Los Angeles,California,,,,,apollo,"painting service, painting company - California",https://app.apollo.io/#/organizations/65c494825b212b0001d9c2b9?overrideScoreId=score,
Dave's Painting Service,http://www.davespaintingservice.com,,,El Cajon,California,,,,,apollo,"painting service, painting company - California",https://app.apollo.io/#/organizations/54a11db969702d9d7e592f01?overrideScoreId=score,19.4M
Eco-Clean Painting,http://www.ecocleanpainting.com,,,Atascadero,California,,,,,apollo,"painting service, painting company - California",https://app.apollo.io/#/organizations/6761644024da9f01b1278e9c?overrideScoreId=score,
Covington Home Painting,http://www.covingtonhomepainting.com,,,Trinity Center,California,,,,,apollo,"painting service, painting company - California",https://app.apollo.io/#/organizations/678c06ad7920340001d7a670?overrideScoreId=score,
"ALC Construction, LLC",http://www.alcconstructioninc.com,,,Los Angeles,California,,,,,apollo,"painting service, painting company - California",https://app.apollo.io/#/organizations/556db209736964126c4f7401?overrideScoreId=score,
Browder Painting Company,http://www.browderpainting.com,,,San Luis Obispo,California,,,,,apollo,"painting service, painting company - California",https://app.apollo.io/#/organizations/664965a3f22ed9000176daa0?overrideScoreId=score,6.0M
Great Walls Painting Inc,http://www.greatwallspainting.com,,,San Jose,California,,,,,apollo,"painting service, painting company - California",https://app.apollo.io/#/organizations/654dcfb2dd1ecf0001aed7d4?overrideScoreId=score,
Kent Painting Company Inc.,http://www.kentpaintinginc.com,,,Fresno,California,,,,,apollo,"painting service, painting company - California",https://app.apollo.io/#/organizations/54a12a3969702d8cfc3f3002?overrideScoreId=score,
Larson Bros. Painting,http://www.larsonbrospainting.com,,,Napa,California,,,,,apollo,"painting service, painting company - California",https://app.apollo.io/#/organizations/54fca5e573696401aac03100?overrideScoreId=score,
Design Systems Painting Company,http://www.designsystemspainting.com,,,Carmichael,California,,,,,apollo,"painting service, painting company - California",https://app.apollo.io/#/organizations/6642f96a701ae60001901c62?overrideScoreId=score,
Joes Painting Service,http://www.joespremiumpainting.com,,,Huntington Beach,California,,,,,apollo,"painting service, painting company - California",https://app.apollo.io/#/organizations/5d093dbcf6512528599f6548?overrideScoreId=score,
Award Painting Company,http://www.awardpaintingco.com,,,Fairfield,California,,,,,apollo,"painting service, painting company - California",https://app.apollo.io/#/organizations/55e8c19ff3e5bb144800006f?overrideScoreId=score,
PaintPros of Napa Valley,http://www.paintprosnapa.com,,,Napa,California,,,,,apollo,"painting service, painting company - California",https://app.apollo.io/#/organizations/5edbac7c4d8c35000196485a?overrideScoreId=score,
Coastal Colors Painting Company,,,,Carlsbad,California,,,,,apollo,"painting service, painting company - California",https://app.apollo.io/#/organizations/6726c4017efe3d0001d18448?overrideScoreId=score,
Mikes Painting Service,http://www.mikespaintingservice.com,,,Newman,California,,,,,apollo,"painting service, painting company - California",https://app.apollo.io/#/organizations/667a7cb36758aa000103c3d0?overrideScoreId=score,
Moya Painting,http://www.moyapaintinganddecorating.com,,,San Francisco,California,,,,,apollo,"painting service, painting company - California",https://app.apollo.io/#/organizations/65f7e96e1aec6a01c680c2be?overrideScoreId=score,
J.W. Peterson Painting Inc.,http://www.jwpetersonpainting.com,,,Livermore,California,,,,,apollo,"painting service, painting company - California",https://app.apollo.io/#/organizations/556ceec47369641226a04f00?overrideScoreId=score,
Busker Media Inc.,http://www.busker.co,,,Los Angeles,California,,,,,apollo,"painting service, painting company - California",https://app.apollo.io/#/organizations/556945157369642111a82600?overrideScoreId=score,1M
Partnership Painting,http://www.partnershippainting.com,,,Pasadena,California,,,,,apollo,"painting service, painting company - California",https://app.apollo.io/#/organizations/54a12ad969702d9313675f02?overrideScoreId=score,21.7M
"Universal Painting Contractors, Inc.",http://www.upcpaint.com,,,Universal Painting Contractors,Inc.,,,,,apollo,"painting service, painting company - Inc.",https://app.apollo.io/#/organizations/60b2330715a03900014f81ad?overrideScoreId=score,
Jerrys Painting Service,,,,Vacaville,California,,,,,apollo,"painting service, painting company - California",https://app.apollo.io/#/organizations/5e57eb9f5e3c2600014db3a6?overrideScoreId=score,
Reliable Painting,http://www.reliablepainting.com,,,San Diego,California,,,,,apollo,"painting service, painting company - California",https://app.apollo.io/#/organizations/54a135b469702d4494c7c300?overrideScoreId=score,
"STEVE'S PAINTING SERVICE, INC.",http://www.stevespaintingserviceinc.com,,,San Jose,California,,,,,apollo,"painting service, painting company - California",https://app.apollo.io/#/organizations/66e5768c15b550000182931e?overrideScoreId=score,
Expressions Painting Company,http://www.expressionspaintingco.com,,,Stockton,California,,,,,apollo,"painting service, painting company - California",https://app.apollo.io/#/organizations/65546a731a843a0001c72c1c?overrideScoreId=score,
U.S National Corp dba Jimenez Painting Company,,,,Los Angeles,California,,,,,apollo,"painting service, painting company - California",https://app.apollo.io/#/organizations/5e57bbde5c00fd000191cdaf?overrideScoreId=score,
"PEACOCK PAINTING COMPANY, INC.",http://www.peacockpaintingco.com,,,Novato,California,,,,,apollo,"painting service, painting company - California",https://app.apollo.io/#/organizations/66f83cf74a9bbc00012149cd?overrideScoreId=score,
"D AND B PAINTING COMPANY, INC.",http://www.dbpaint.com,,,Oakland,California,,,,,apollo,"painting service, painting company - California",https://app.apollo.io/#/organizations/55ef63dff3e5bb49b10005c7?overrideScoreId=score,
Walls n Beyond Painting Company,http://www.wallsnbeyond.com,,,San Mateo,California,,,,,apollo,"painting service, painting company - California",https://app.apollo.io/#/organizations/54fca1e27369647d9b740c00?overrideScoreId=score,
Meza Painting Company,http://www.mezapaintingco.com,,,Walnut Creek,California,,,,,apollo,"painting service, painting company - California",https://app.apollo.io/#/organizations/6715d5b5eb99680001e052fc?overrideScoreId=score,
CH Painting Company,http://www.chinohillspainting.com,,,Chino Hills,California,,,,,apollo,"painting service, painting company - California",https://app.apollo.io/#/organizations/674b22abc0db0800013ee8f3?overrideScoreId=score,
Wallace Painting Service,http://www.wallacepaintingservice.com,,,Temple City,California,,,,,apollo,"painting service, painting company - California",https://app.apollo.io/#/organizations/6729cbfcc78d650001d81111?overrideScoreId=score,
MIGALE PAINTING COMPANY,http://www.migalepainting.com,,,Novato,California,,,,,apollo,"painting service, painting company - California",https://app.apollo.io/#/organizations/66f1070d3a3bc5000178f9bf?overrideScoreId=score,
The Better Painting Company,http://www.thebetterpaintingco.com,,,San Diego,California,,,,,apollo,"painting service, painting company - California",https://app.apollo.io/#/organizations/641a8fddfa64490001c646a5?overrideScoreId=score,
Element 6 US,http://www.element6.us,,,Murrieta,California,,,,,apollo,"painting service, painting company - California",https://app.apollo.io/#/organizations/6653ea915ca70300018eebaf?overrideScoreId=score,
Aone Painting Company Mountain View,http://www.paintingcompanymountainview.com,,,Mountain View,California,,,,,apollo,"painting service, painting company - California",https://app.apollo.io/#/organizations/6719f590c3c11d01b06aaa6b?overrideScoreId=score,
"JFP PAINTING SERVICE, INC.",http://www.jfppaintingservice.com,,,Fountain Valley,California,,,,,apollo,"painting service, painting company - California",https://app.apollo.io/#/organizations/670b08b67524d000012a08ab?overrideScoreId=score,32.6M
Pro-Tech Painting Service,http://www.pro-techpaintinginc.com,,,Campbell,California,,,,,apollo,"painting service, painting company - California",https://app.apollo.io/#/organizations/67425df92c163600012ba3a7?overrideScoreId=score,
Mr. Painter Painting Company,http://www.paintingcontractorturlock.com,,,Keyes,California,,,,,apollo,"painting service, painting company - California",https://app.apollo.io/#/organizations/6714bdc7e73ec000013dab9c?overrideScoreId=score,35.9M
BROWDER PAINTING COMPANY INC.,,,,San Luis Obispo,California,,,,,apollo,"painting service, painting company - California",https://app.apollo.io/#/organizations/66fce997a8ca0e000112a3b6?overrideScoreId=score,
Pro Painting Service,http://www.propaintingservice.com,,,San Jose,California,,,,,apollo,"painting service, painting company - California",https://app.apollo.io/#/organizations/66ff80ab13e8b3000151a524?overrideScoreId=score,
Sierra West Painting Company,http://www.sierrawestpainting.com,,,Costa Mesa,California,,,,,apollo,"painting service, painting company - California",https://app.apollo.io/#/organizations/673daf2988b2320001466d26?overrideScoreId=score,4.2M
Marin Painting Company,http://www.marinpainting.com,,,Novato,California,,,,,apollo,"painting service, painting company - California",https://app.apollo.io/#/organizations/66fd0fffcfaef40001d842a6?overrideScoreId=score,
Tolteca Painting Company,http://www.toltecapaintingcompany.com,,,Sacramento,California,,,,,apollo,"painting service, painting company - California",https://app.apollo.io/#/organizations/66efccb11d94410001acfd16?overrideScoreId=score,
"KEITH'S CONSTRUCTION AND PAINTING COMPANY, INC.",http://www.keithspainting.com,,,Anaheim,California,,,,,apollo,"painting service, painting company - California",https://app.apollo.io/#/organizations/6732db7c6bce5f000137732c?overrideScoreId=score,24.3M
"MARZ PAINTING COMPANY, THE",http://www.marzpaintingco.com,,,Sacramento,California,,,,,apollo,"painting service, painting company - California",https://app.apollo.io/#/organizations/672ef78ccd1c1f000173c259?overrideScoreId=score,5.5M
NEALS PAINTING COMPANY INC,http://www.nealspainting.com,,,Fairfield,California,,,,,apollo,"painting service, painting company - California",https://app.apollo.io/#/organizations/67269a4393de3b0001aeb812?overrideScoreId=score,34.3M
U & S Painting Company,http://www.unspainting.net,,,Los Angeles,California,,,,,apollo,"painting service, painting company - California",https://app.apollo.io/#/organizations/66ed41eeb5a29a000169f073?overrideScoreId=score,
"PEPPERLING PAINTING COMPANY, INC.",http://www.peppaints.com,,,Torrance,California,,,,,apollo,"painting service, painting company - California",https://app.apollo.io/#/organizations/672477a6a93e7e000192655c?overrideScoreId=score,
Larry Bisordi Painting Company,http://www.bisordipainting.com,,,Burbank,California,,,,,apollo,"painting service, painting company - California",https://app.apollo.io/#/organizations/6700c06d7482bf000120df6f?overrideScoreId=score,
Master Glow Painting Company,http://www.masterglowpainting.com,,,Sunnyvale,California,,,,,apollo,"painting service, painting company - California",https://app.apollo.io/#/organizations/66f29cb14065b00001602fee?overrideScoreId=score,
Statewide Painting Service,http://www.statewidepaintingservice.com,,,Sacramento,California,,,,,apollo,"painting service, painting company - California",https://app.apollo.io/#/organizations/6726ec5562f46c0001c40c13?overrideScoreId=score,
Sparkle Painting Service,http://www.sparklepaintingservice.com,,,Rancho Cordova,California,,,,,apollo,"painting service, painting company - California",https://app.apollo.io/#/organizations/672ef390e4b421000198d016?overrideScoreId=score,716K
Applied Artistry A Painting Company,http://www.appliedartistry.com,,,Huntington Beach,California,,,,,apollo,"painting service, painting company - California",https://app.apollo.io/#/organizations/6731143ccfd91b00011cc7d4?overrideScoreId=score,9.7M
"DC & ASSOCIATES PAINTING COMPANY, INC.",http://www.dcapainters.com,,,Lynwood,California,,,,,apollo,"painting service, painting company - California",https://app.apollo.io/#/organizations/66eeb39c12ef530001f2bbad?overrideScoreId=score,33.9M
NATURAL PAINTING SERVICE,http://www.naturalpaintingservice.com,,,Santa Rosa,California,,,,,apollo,"painting service, painting company - California",https://app.apollo.io/#/organizations/66ebbc67fc7cf7000155ed5e?overrideScoreId=score,
Painting Service Pros,http://www.paintingservicepros.com,,,Riverside,California,,,,,apollo,"painting service, painting company - California",https://app.apollo.io/#/organizations/67245c468014e600012011f5?overrideScoreId=score,
Einstein's Painting Company,http://www.einsteinspaintingco.com,,,Anaheim,California,,,,,apollo,"painting service, painting company - California",https://app.apollo.io/#/organizations/6743db5bac145700014a02ad?overrideScoreId=score,
2020 Painting Company,http://www.2020paintingcompany.com,,,La Mesa,California,,,,,apollo,"painting service, painting company - California",https://app.apollo.io/#/organizations/66d3f2443f06c50001ff869e?overrideScoreId=score,
Web’s Painting Company,http://www.webspainting.com,,,Los Angeles,California,,,,,apollo,"painting service, painting company - California",https://app.apollo.io/#/organizations/673f0b0f7199f900018dffb1?overrideScoreId=score,
Brophy Painting Company,http://www.brophypaintingsanfrancisco.com,,,San Francisco,California,,,,,apollo,"painting service, painting company - California",https://app.apollo.io/#/organizations/66e7b735c280af0001346e56?overrideScoreId=score,
Borlodan Painting Company,http://www.borlodanpainting.com,,,Atascadero,California,,,,,apollo,"painting service, painting company - California",https://app.apollo.io/#/organizations/670e08c7406039000121c188?overrideScoreId=score,
Pacific Painting Company,http://www.pacificpaintingco.com,,,Santa Barbara,California,,,,,apollo,"painting service, painting company - California",https://app.apollo.io/#/organizations/5fd1ab6840501300018513ff?overrideScoreId=score,
Montano’s Painting Company,http://www.montanos-painting.com,,,Anaheim,California,,,,,apollo,"painting service, painting company - California",https://app.apollo.io/#/organizations/66eea173858f5600016fdb66?overrideScoreId=score,
Anselm Painting Company,http://www.paintthesky.biz,,,Arroyo Grande,California,,,,,apollo,"painting service, painting company - California",https://app.apollo.io/#/organizations/6715cf41eb99680001e00ef5?overrideScoreId=score,
Molitor Painting Company,http://www.molitorpainting.com,,,Penn Valley,California,,,,,apollo,"painting service, painting company - California",https://app.apollo.io/#/organizations/6742313320518b00017a1ca1?overrideScoreId=score,
Raider Painting Company,http://www.raiderpainting.com,,,Merced,California,,,,,apollo,"painting service, painting company - California",https://app.apollo.io/#/organizations/54a23ccf7468693cdda5cb18?overrideScoreId=score,10.2M
B.E.S. Painting Company,http://www.bespainting.com,,,Long Beach,California,,,,,apollo,"painting service, painting company - California",https://app.apollo.io/#/organizations/66d4b36170ecc9000134b5c0?overrideScoreId=score,
Jay’s Painting Service - Sacramento,http://www.jays-painting-service-sacramento.com,,,Sacramento,California,,,,,apollo,"painting service, painting company - California",https://app.apollo.io/#/organizations/66f7ee7ad3435c0001be91fe?overrideScoreId=score,1.4M
HECTOR GARCIA PAINTING SERVICE,http://www.hectorgarciapaintingservice.com,,,Freedom,California,,,,,apollo,"painting service, painting company - California",https://app.apollo.io/#/organizations/6728a9e20426250001888ec4?overrideScoreId=score,
Ace Painting Service Inc.,http://www.ace-painting.com,,,Fullerton,California,,,,,apollo,"painting service, painting company - California",https://app.apollo.io/#/organizations/56d9553ef3e5bb2cc300194c?overrideScoreId=score,
Sid’s Custom Painting Service,http://www.cabinetrefinishinginlakesideca.com,,,Lakeside,California,,,,,apollo,"painting service, painting company - California",https://app.apollo.io/#/organizations/672717d862f46c0001c5d45c?overrideScoreId=score,
"RINGLEVER PAINTING COMPANY, INC.",http://www.ringleverpainting.com,,,Oceanside,California,,,,,apollo,"painting service, painting company - California",https://app.apollo.io/#/organizations/6727063d0426250001775b20?overrideScoreId=score,
Condor National Painting Company,http://www.condornationalpainting.com,,,Los Angeles,California,,,,,apollo,"painting service, painting company - California",https://app.apollo.io/#/organizations/674ce06ca3c1bb00010e1a1f?overrideScoreId=score,
NELAN PAINTING COMPANY INC.,http://www.nelanpainting.com,,,Laguna Beach,California,,,,,apollo,"painting service, painting company - California",https://app.apollo.io/#/organizations/67318eef9c24470001e6fbd6?overrideScoreId=score,
Brian Miller Painting Company,http://www.brianmillerpaintingcompany.com,,,San Marcos,California,,,,,apollo,"painting service, painting company - California",https://app.apollo.io/#/organizations/673158230af9f60001e9248d?overrideScoreId=score,
world of color painting company,http://www.worldofcolorpainting.com,,,Garden Grove,California,,,,,apollo,"painting service, painting company - California",https://app.apollo.io/#/organizations/66f23600d667770001903292?overrideScoreId=score,
Walls N Beyond Painting Company,http://www.sanfranciscopaintingservice.com,,,San Francisco,California,,,,,apollo,"painting service, painting company - California",https://app.apollo.io/#/organizations/6741672d299002000138586e?overrideScoreId=score,
San Luis Obispo Painting Company,http://www.sanluisobispopainting.com,,,San Luis Obispo,California,,,,,apollo,"painting service, painting company - California",https://app.apollo.io/#/organizations/6700eab6d46b890001ffe6ac?overrideScoreId=score,
RB Painting Company Painter Culver City,http://www.rbpaintingco.com,,,Culver City,California,,,,,apollo,"painting service, painting company - California",https://app.apollo.io/#/organizations/6726e87e6893d600010a0fdb?overrideScoreId=score,19.1M
Tecc Painting Company,,,,Colorado Springs,Colorado,,,,,apollo,"painting service, painting company - Colorado",https://app.apollo.io/#/organizations/664b056cf8dd710001b6df82?overrideScoreId=score,
LIME Painting of Castle Rock,,,,Castle Rock,Colorado,,,,,apollo,"painting service, painting company - Colorado",https://app.apollo.io/#/organizations/5e56ad704169b30001c5fad4?overrideScoreId=score,
Painting NoCo,http://www.paintingnoco.com,,,Loveland,Colorado,,,,,apollo,"painting service, painting company - Colorado",https://app.apollo.io/#/organizations/5e55f0efc786930001b7dcae?overrideScoreId=score,
Improovy Painters Denver,,,,Denver,Colorado,,,,,apollo,"painting service, painting company - Colorado",https://app.apollo.io/#/organizations/63f637d1b3f24b00da4ffebd?overrideScoreId=score,
Paint Denver,http://www.paintdenver.com,,,Denver,Colorado,,,,,apollo,"painting service, painting company - Colorado",https://app.apollo.io/#/organizations/65e9471f847df80007aeefcb?overrideScoreId=score,10M
A Quality Paint Job,http://www.aqualitypaintjob.com,,,Colorado Springs,Colorado,,,,,apollo,"painting service, painting company - Colorado",https://app.apollo.io/#/organizations/54a23b327468693cddf82818?overrideScoreId=score,
Exemplary Painting,http://www.exemplarypainting.com,,,Littleton,Colorado,,,,,apollo,"painting service, painting company - Colorado",https://app.apollo.io/#/organizations/5b83324e324d446b0607b4bd?overrideScoreId=score,
Imperial Painters LLC,http://www.imperialpaintersco.com,,,Arvada,Colorado,,,,,apollo,"painting service, painting company - Colorado",https://app.apollo.io/#/organizations/5fc9ad157f0def0001a1aa67?overrideScoreId=score,
LIME Painting® of Northern Colorado,http://www.limepaintingofnortherncolorado.com,,,Boulder,Colorado,,,,,apollo,"painting service, painting company - Colorado",https://app.apollo.io/#/organizations/5e5833db2895460001e00815?overrideScoreId=score,
Gardiner Painting,http://www.gardinerpaint.com,,,Colorado Springs,Colorado,,,,,apollo,"painting service, painting company - Colorado",https://app.apollo.io/#/organizations/649a9a9e99b5e400efca4443?overrideScoreId=score,
"RW Professional Painting, LLC",http://www.rwpropainting.com,,,Littleton,Colorado,,,,,apollo,"painting service, painting company - Colorado",https://app.apollo.io/#/organizations/5ed5f1072419f6000110140d?overrideScoreId=score,
Paint Baum,http://www.paintbaum.com,,,Boulder,Colorado,,,,,apollo,"painting service, painting company - Colorado",https://app.apollo.io/#/organizations/6448993224ed930001d1a664?overrideScoreId=score,
"Tall Pines Painting, Inc",http://www.tallpinespainting.com,,,Tall Pines Painting,Inc,,,,,apollo,"painting service, painting company - Inc",https://app.apollo.io/#/organizations/54a1363069702d46f0aa0201?overrideScoreId=score,14.4M
"Vivid Color Painting Company, LLC",http://www.vividcolorpaintingco.com,,,Durango,Colorado,,,,,apollo,"painting service, painting company - Colorado",https://app.apollo.io/#/organizations/5da6ecda46748d00012abc55?overrideScoreId=score,
"Highland Painting Company, LLC",http://www.highlandpaintingpros.com,,,Denver,Colorado,,,,,apollo,"painting service, painting company - Colorado",https://app.apollo.io/#/organizations/672659c06919ee000128f3bc?overrideScoreId=score,
Lawton Painting Company,http://www.lawtonpaintingcompany.com,,,Steamboat Springs,Colorado,,,,,apollo,"painting service, painting company - Colorado",https://app.apollo.io/#/organizations/6726ab933ca5f7000197e11e?overrideScoreId=score,
"Turner Painting Service, Inc.",http://www.turnerpaintingservice.com,,,Turner Painting Service,Inc.,,,,,apollo,"painting service, painting company - Inc.",https://app.apollo.io/#/organizations/5d449e26576fbc09d5056d5c?overrideScoreId=score,
"Roberge Painting Company, Inc.",http://www.robergepainting.com,,,Roberge Painting Company,Inc.,,,,,apollo,"painting service, painting company - Inc.",https://app.apollo.io/#/organizations/5e56af21e8dafc0001895986?overrideScoreId=score,40.0M
MARTINEZ PAINTING COMPANY LLC,http://www.martinezpainting.com,,,Essex,Connecticut,,,,,apollo,"painting service, painting company - Connecticut",https://app.apollo.io/#/organizations/6739831fc2e9160001ae5ec8?overrideScoreId=score,
Elite Painting Service,http://www.elitepaintingservicesplus.com,,,Simsbury,Connecticut,,,,,apollo,"painting service, painting company - Connecticut",https://app.apollo.io/#/organizations/5d099b21a3ae61f4deba5f4a?overrideScoreId=score,4.7M
Renaissance - A Painting Company,http://www.ren-painting.com,,,Glastonbury,Connecticut,,,,,apollo,"painting service, painting company - Connecticut",https://app.apollo.io/#/organizations/54a1358369702d48e2bc9c00?overrideScoreId=score,
"Painters In CT - Interior, Exterior, Commercial, & Residential Painting",http://www.newhavenpaintersllc.com,,,Southington,Connecticut,,,,,apollo,"painting service, painting company - Connecticut",https://app.apollo.io/#/organizations/5da540b5cef49f000192bfb2?overrideScoreId=score,
Bridgeport Painting Company,http://www.bridgeportpaintingpros.com,,,Bridgeport,Connecticut,,,,,apollo,"painting service, painting company - Connecticut",https://app.apollo.io/#/organizations/6459c83a82fce20001b4b168?overrideScoreId=score,
ROBERGE PAINTING COMPANY INC,http://www.epoxyflooringservices.com,,,Bristol,Connecticut,,,,,apollo,"painting service, painting company - Connecticut",https://app.apollo.io/#/organizations/673c45a17e4999000131e067?overrideScoreId=score,
Franks Painting Service,http://www.frankspaintingservice.com,,,Norwalk,Connecticut,,,,,apollo,"painting service, painting company - Connecticut",https://app.apollo.io/#/organizations/5fc91585481a2800016f4150?overrideScoreId=score,
Fairfield Painting Company,http://www.fairfieldpainting.com,,,Fairfield,Connecticut,,,,,apollo,"painting service, painting company - Connecticut",https://app.apollo.io/#/organizations/672742feed6bc2000186939f?overrideScoreId=score,18.2M
Hue Painting Company,http://www.nuhuecompany.com,,,Brooklyn,Connecticut,,,,,apollo,"painting service, painting company - Connecticut",https://app.apollo.io/#/organizations/556996c873696425a9f56400?overrideScoreId=score,5.2M
Selly's Cleaning Service,http://www.sellyscleaningservice.com,,,Milford,Connecticut,,,,,apollo,"painting service, painting company - Connecticut",https://app.apollo.io/#/organizations/5e55dbfe21d7050001297bf3?overrideScoreId=score,
Connecticut Best Painting Company LLC,http://www.connecticutbestpainting.com,,,New Haven,Connecticut,,,,,apollo,"painting service, painting company - Connecticut",https://app.apollo.io/#/organizations/67271e4f6893d600010c71d4?overrideScoreId=score,
Pachar’s Painting Service LLC,http://www.stamfordhousepainter.com,,,Stamford,Connecticut,,,,,apollo,"painting service, painting company - Connecticut",https://app.apollo.io/#/organizations/6727e45d3ca5f70001a65337?overrideScoreId=score,
Joe Tamborra Painting Company,http://www.norwichpaintingcontractor.com,,,Norwich,Connecticut,,,,,apollo,"painting service, painting company - Connecticut",https://app.apollo.io/#/organizations/6701758390d84b000118e425?overrideScoreId=score,
Pat Derby Painting Company,http://www.patderbypainting.com,,,East Windsor,Connecticut,,,,,apollo,"painting service, painting company - Connecticut",https://app.apollo.io/#/organizations/674284fe490a1000014e6771?overrideScoreId=score,
Robs Painting Service,http://www.robspaintingservice.net,,,Wilmington,Delaware,,,,,apollo,"painting service, painting company - Delaware",https://app.apollo.io/#/organizations/55693b337369642115ad1600?overrideScoreId=score,
Burke Painting Company,http://www.burkepaintingco.com,,,Wilmington,Delaware,,,,,apollo,"painting service, painting company - Delaware",https://app.apollo.io/#/organizations/5fd87123fc876f00019339da?overrideScoreId=score,11.2M
Burke painting Company LLC,http://www.burkepaintingandcoatings.com,,,Wilmington,Delaware,,,,,apollo,"painting service, painting company - Delaware",https://app.apollo.io/#/organizations/56dd2052f3e5bb1ae900184a?overrideScoreId=score,
FLORIDA PAINTING COMPANY,http://www.floridapaintingmiami.com,,,Miami,Florida,,,,,apollo,"painting service, painting company - Florida",https://app.apollo.io/#/organizations/5da3d61c2fc5830001758fa8?overrideScoreId=score,
The Plummer Painting Company,http://www.plummerinc.com,,,Winter Park,Florida,,,,,apollo,"painting service, painting company - Florida",https://app.apollo.io/#/organizations/6545f8889e2fb20001d2456e?overrideScoreId=score,11.2M
Premium Painters,http://www.premiumpainters.com,,,Hobe Sound,Florida,,,,,apollo,"painting service, painting company - Florida",https://app.apollo.io/#/organizations/55ea54a7f3e5bb59a6002962?overrideScoreId=score,21.9M
Blu Baboon Painting,http://www.blubaboon.com,,,Cocoa,Florida,,,,,apollo,"painting service, painting company - Florida",https://app.apollo.io/#/organizations/6384b6b5a0238900a31b5c73?overrideScoreId=score,
Orlando Painting Service,http://www.orlandopaintingservice.com,,,Winter Park,Florida,,,,,apollo,"painting service, painting company - Florida",https://app.apollo.io/#/organizations/5fc9b6f42221130001d05426?overrideScoreId=score,18.4M
Regal Custom Painting Inc,http://www.regalcustompainting.com,,,Palm Bay,Florida,,,,,apollo,"painting service, painting company - Florida",https://app.apollo.io/#/organizations/556de42773696412269aba01?overrideScoreId=score,
Giron Brothers Painting,http://www.gironbrotherspainting.com,,,Naples,Florida,,,,,apollo,"painting service, painting company - Florida",https://app.apollo.io/#/organizations/614c144781afa80001746b6b?overrideScoreId=score,
RCI PAINTING,http://www.rcipainting.com,,,Boynton Beach,Florida,,,,,apollo,"painting service, painting company - Florida",https://app.apollo.io/#/organizations/55ef96f9f3e5bb7b190007de?overrideScoreId=score,11.8M
Dr House Painter,http://www.drhousepainter.com,,,North Miami Beach,Florida,,,,,apollo,"painting service, painting company - Florida",https://app.apollo.io/#/organizations/62fe04cef4490c00f7865007?overrideScoreId=score,
Fresh Coating,http://www.freshcoatingllc.com,,,Fort Walton Beach,Florida,,,,,apollo,"painting service, painting company - Florida",https://app.apollo.io/#/organizations/64a6667023b5ff0001281872?overrideScoreId=score,
"Weston Coatings Group, Inc.",http://www.westoncoatingsgroup.com,,,Weston Coatings Group,Inc.,,,,,apollo,"painting service, painting company - Inc.",https://app.apollo.io/#/organizations/63c4d387898fcc00019764bc?overrideScoreId=score,
SOS Assistance,http://www.sosassistance.us,,,Miami Lakes,Florida,,,,,apollo,"painting service, painting company - Florida",https://app.apollo.io/#/organizations/63528ea50ee48800a316ec48?overrideScoreId=score,
"Expo Painting and Contracting, LLC",http://www.expopainting.com,,,Naples,Florida,,,,,apollo,"painting service, painting company - Florida",https://app.apollo.io/#/organizations/556d161873696412712c8200?overrideScoreId=score,2.1M
The Cabinet Painting Company,http://www.cabinetpaintingco.com,,,Lithia,Florida,,,,,apollo,"painting service, painting company - Florida",https://app.apollo.io/#/organizations/63c2ea9b5c1fde0001e1b472?overrideScoreId=score,
Unique Painting Contractor,http://www.uniquepaintingcontractor.com,,,Hollywood,Florida,,,,,apollo,"painting service, painting company - Florida",https://app.apollo.io/#/organizations/666d51aee6e77c097e3afa6d?overrideScoreId=score,
Tampa Bay Painting Company,http://www.tbpaintingco.com,,,Saint Petersburg,Florida,,,,,apollo,"painting service, painting company - Florida",https://app.apollo.io/#/organizations/55ef78c5f3e5bb3550000dea?overrideScoreId=score,
Unique Stone Resurfacing™,http://www.uniquestoneresurfacing.com,,,Sarasota,Florida,,,,,apollo,"painting service, painting company - Florida",https://app.apollo.io/#/organizations/5500b4c87369647a36870900?overrideScoreId=score,
Florida Painting Service,http://www.floridapaintingcompany.com,,,Orange Park,Florida,,,,,apollo,"painting service, painting company - Florida",https://app.apollo.io/#/organizations/673707b3e0f11f0001c1c417?overrideScoreId=score,
3 peaks painting,http://www.threepeaks-painting.com,,,Saint Johns,Florida,,,,,apollo,"painting service, painting company - Florida",https://app.apollo.io/#/organizations/673a3ffde3aae8000123db3d?overrideScoreId=score,
"Team Sepi Inc., A Painting Company®",,,,Miami,Florida,,,,,apollo,"painting service, painting company - Florida",https://app.apollo.io/#/organizations/60064b1a11702900e4bdfc14?overrideScoreId=score,
US Painting Service LLC,http://www.uspaintingservice.com,,,Orlando,Florida,,,,,apollo,"painting service, painting company - Florida",https://app.apollo.io/#/organizations/643fa23dc68ab200a312f498?overrideScoreId=score,
"GPS Painting Group, LLC (561-247-2468)",http://www.gpspaintingfl.com,,,Royal Palm Beach,Florida,,,,,apollo,"painting service, painting company - Florida",https://app.apollo.io/#/organizations/5500b76a736964606b480600?overrideScoreId=score,
Azteca Painting Service,http://www.aztecapaintingservice.com,,,Riverview,Florida,,,,,apollo,"painting service, painting company - Florida",https://app.apollo.io/#/organizations/68d038afabe0f70001c31058?overrideScoreId=score,
Compass Painting of SWFL,http://www.compasspaintingswfl.com,,,Sarasota,Florida,,,,,apollo,"painting service, painting company - Florida",https://app.apollo.io/#/organizations/66dbc568b617610001938e20?overrideScoreId=score,
Spartan Painting Company,,,,Orlando,Florida,,,,,apollo,"painting service, painting company - Florida",https://app.apollo.io/#/organizations/55922fd073696424de028500?overrideScoreId=score,
"BINGMAN'S PAINTING SERVICE, INC.",http://www.bingmanspainting.com,,,Hobe Sound,Florida,,,,,apollo,"painting service, painting company - Florida",https://app.apollo.io/#/organizations/66d978e89c3c4e000156031f?overrideScoreId=score,
JK Adams Services LLC,http://www.wecandothatservice.com,,,Milton,Florida,,,,,apollo,"painting service, painting company - Florida",https://app.apollo.io/#/organizations/66365d21f04d590001e481af?overrideScoreId=score,
ProMatcher Marketing,http://www.promatcher.com,,,Winter Park,Florida,,,,,apollo,"painting service, painting company - Florida",https://app.apollo.io/#/organizations/5d0a1193a3ae617b04f8c480?overrideScoreId=score,
I.A.C. PAINTING COMPANY INC.,http://www.iacpainting.com,,,Tampa,Florida,,,,,apollo,"painting service, painting company - Florida",https://app.apollo.io/#/organizations/6730c2080af9f60001e2e517?overrideScoreId=score,
Five Star Painting of New Port Richey / Citrus Park,,,,New Port Richey,Florida,,,,,apollo,"painting service, painting company - Florida",https://app.apollo.io/#/organizations/678c21880c1e3500019df2b5?overrideScoreId=score,
LT Painting Service Inc.,http://www.ltpainting.com,,,Tampa,Florida,,,,,apollo,"painting service, painting company - Florida",https://app.apollo.io/#/organizations/55ee024ff3e5bb16aa00030a?overrideScoreId=score,
Curry Painting Company,http://www.curry-painting.com,,,Coconut Creek,Florida,,,,,apollo,"painting service, painting company - Florida",https://app.apollo.io/#/organizations/6745ad124565480001c3d390?overrideScoreId=score,
SOCORRO PAINTING COMPANY,http://www.socorropainting.com,,,Miami,Florida,,,,,apollo,"painting service, painting company - Florida",https://app.apollo.io/#/organizations/66e504d0829610000151de82?overrideScoreId=score,
Richards Painting Service,http://www.thepaintingservice.com,,,Port Richey,Florida,,,,,apollo,"painting service, painting company - Florida",https://app.apollo.io/#/organizations/55eaddb9f3e5bb3f32003809?overrideScoreId=score,
T&L Perfect Services LLC,http://www.tileperfectservice.com,,,Clearwater,Florida,,,,,apollo,"painting service, painting company - Florida",https://app.apollo.io/#/organizations/6718c6cfd33c2f00014ebdcf?overrideScoreId=score,
James Painting Service,http://www.jamespaintingservice.com,,,Miami,Florida,,,,,apollo,"painting service, painting company - Florida",https://app.apollo.io/#/organizations/559204ac73696418bc391e00?overrideScoreId=score,
Original Florida Painting Company,http://www.originalfloridapainting.com,,,Brandon,Florida,,,,,apollo,"painting service, painting company - Florida",https://app.apollo.io/#/organizations/684618697984a60001b8efe9?overrideScoreId=score,
"PAGE PAINTING COMPANY, L.L.C.",http://www.pagepaintingco.com,,,Orlando,Florida,,,,,apollo,"painting service, painting company - Florida",https://app.apollo.io/#/organizations/66f23bd74fb92d00012b75ee?overrideScoreId=score,
Port St. Lucie Painting Company,http://www.portstluciepainter.net,,,Port Saint Lucie,Florida,,,,,apollo,"painting service, painting company - Florida",https://app.apollo.io/#/organizations/674028c031c7620001b9969d?overrideScoreId=score,
Bradshaw's Painting Service,http://www.bradshawspainting.com,,,DeFuniak Springs,Florida,,,,,apollo,"painting service, painting company - Florida",https://app.apollo.io/#/organizations/68c09eedd9cfc50001e83748?overrideScoreId=score,
AYS Painting Service,http://www.ayspainting.com,,,Orlando,Florida,,,,,apollo,"painting service, painting company - Florida",https://app.apollo.io/#/organizations/66f86923a48df40001362050?overrideScoreId=score,
Peffley Painting Company,http://www.peffleypainting.com,,,Fort Lauderdale,Florida,,,,,apollo,"painting service, painting company - Florida",https://app.apollo.io/#/organizations/6735de316b39d60001ed4a3a?overrideScoreId=score,
Anchor Painting Company,http://www.anchorpainting.com,,,Satellite Beach,Florida,,,,,apollo,"painting service, painting company - Florida",https://app.apollo.io/#/organizations/68c287c8a291e00001464f3e?overrideScoreId=score,
Clark Pro Painting Service,http://www.clarkpropainting.com,,,Brooksville,Florida,,,,,apollo,"painting service, painting company - Florida",https://app.apollo.io/#/organizations/559229d773696418a557a600?overrideScoreId=score,
EVENTIDE PAINTING COMPANY LLC,http://www.eventidepainting.com,,,Ocala,Florida,,,,,apollo,"painting service, painting company - Florida",https://app.apollo.io/#/organizations/66f3c846bb2dcb0001c65ae2?overrideScoreId=score,
"Pelican Painting Company, Inc.",http://www.pelicanpaintingsarasota.com,,,Pelican Painting Company,Inc.,,,,,apollo,"painting service, painting company - Inc.",https://app.apollo.io/#/organizations/5fd86186b898450001956816?overrideScoreId=score,4.2M
Paggio Painting Company Inc.,http://www.paggiopainting.com,,,Tampa,Florida,,,,,apollo,"painting service, painting company - Florida",https://app.apollo.io/#/organizations/56e5dff2f3e5bb17f4005de8?overrideScoreId=score,
Chance Painting Company LLC,http://www.chancepainting.com,,,Fort Walton Beach,Florida,,,,,apollo,"painting service, painting company - Florida",https://app.apollo.io/#/organizations/56dd56b8f3e5bb1ac500331b?overrideScoreId=score,
MARK RALSTON PAINTING COMPANY,http://www.markralstonpainting.com,,,Jupiter,Florida,,,,,apollo,"painting service, painting company - Florida",https://app.apollo.io/#/organizations/67431009975d6e000169deed?overrideScoreId=score,
Winter Park Painting Company,http://www.winterparkpaintingcompany.com,,,Winter Park,Florida,,,,,apollo,"painting service, painting company - Florida",https://app.apollo.io/#/organizations/6743554751264500012b250f?overrideScoreId=score,
Z A Sales Painting Company,http://www.zsa.com,,,Melbourne,Florida,,,,,apollo,"painting service, painting company - Florida",https://app.apollo.io/#/organizations/67349005db231d00010831e9?overrideScoreId=score,
Paint Boss Ga,http://www.paintbossga.com,,,Warner Robins,Georgia,,,,,apollo,"painting service, painting company - Georgia",https://app.apollo.io/#/organizations/63cb70680d833b00014c23ff?overrideScoreId=score,
TRASH IT,http://www.trashittrashittrashit.com,,,Atlanta,Georgia,,,,,apollo,"painting service, painting company - Georgia",https://app.apollo.io/#/organizations/5da646b88f6a7f00012203e1?overrideScoreId=score,
Panorama Press,http://www.panoramapress.net,,,Acworth,Georgia,,,,,apollo,"painting service, painting company - Georgia",https://app.apollo.io/#/organizations/5f4a0d0557ebe40001dd78e1?overrideScoreId=score,
ARM Remodeling and maintenance service - Renovation of Home decor,http://www.arm-service.com,,,Clarkston,Georgia,,,,,apollo,"painting service, painting company - Georgia",https://app.apollo.io/#/organizations/6707a298b28bad000188f852?overrideScoreId=score,
"April Painting Company, Inc.",http://www.aprilpainting.com,,,April Painting Company,Inc.,,,,,apollo,"painting service, painting company - Inc.",https://app.apollo.io/#/organizations/54a1a03d74686949e788e802?overrideScoreId=score,
DLeon's Painting Company,http://www.dleonspainting.com,,,Loganville,Georgia,,,,,apollo,"painting service, painting company - Georgia",https://app.apollo.io/#/organizations/663b21a6c67d310001087260?overrideScoreId=score,
Kelvin Epps Painting Company,http://www.kelvineppspaintingcompany.com,,,Byron,Georgia,,,,,apollo,"painting service, painting company - Georgia",https://app.apollo.io/#/organizations/6739c5ce22b3930001cc8edc?overrideScoreId=score,
Georgia Painting Company LLC,http://www.georgiapainting.co,,,Atlanta,Georgia,,,,,apollo,"painting service, painting company - Georgia",https://app.apollo.io/#/organizations/66517e2d2bfa520001fd4353?overrideScoreId=score,
"SUNLIGHT PAINTING COMPANY, INC.",http://www.sunlightpainting.com,,,Atlanta,Georgia,,,,,apollo,"painting service, painting company - Georgia",https://app.apollo.io/#/organizations/67146736e1abc900012a044b?overrideScoreId=score,
Ericks Painting Company,http://www.erickpaintinginc.com,,,Doraville,Georgia,,,,,apollo,"painting service, painting company - Georgia",https://app.apollo.io/#/organizations/66dd82e9b4f99b00016e0f25?overrideScoreId=score,
Atlanta Painting Company,http://www.atlanta-painter.com,,,Cumming,Georgia,,,,,apollo,"painting service, painting company - Georgia",https://app.apollo.io/#/organizations/66dfc8a193c1ac000115d792?overrideScoreId=score,
Integrity Painting Service,http://www.integritypaintingservice.com,,,Atlanta,Georgia,,,,,apollo,"painting service, painting company - Georgia",https://app.apollo.io/#/organizations/68bff270d908e20001216e0b?overrideScoreId=score,11.2M
Premiere Painting Service,http://www.premierpaintingsvc.com,,,Alpharetta,Georgia,,,,,apollo,"painting service, painting company - Georgia",https://app.apollo.io/#/organizations/55e87e36f3e5bb0eb4000124?overrideScoreId=score,
G T Painting Service,http://www.gtpaintingservices.com,,,Columbus,Georgia,,,,,apollo,"painting service, painting company - Georgia",https://app.apollo.io/#/organizations/670ab974ae42a7000144c483?overrideScoreId=score,
PEACHTREE PAINTING COMPANY LLC,http://www.peachtreepaintingco.com,,,Stockbridge,Georgia,,,,,apollo,"painting service, painting company - Georgia",https://app.apollo.io/#/organizations/66e67593be217e00016b3d49?overrideScoreId=score,
Semper Fi Painting Company,http://www.vetpainters.com,,,Canton,Georgia,,,,,apollo,"painting service, painting company - Georgia",https://app.apollo.io/#/organizations/672b01a1554018000169431e?overrideScoreId=score,
"M. SHIROMA PAINTING COMPANY, INC",,,,Waipahu,Hawaii,,,,,apollo,"painting service, painting company - Hawaii",https://app.apollo.io/#/organizations/67304cc493cdbb0001db7f40?overrideScoreId=score,
Guero’s Painting Service,http://www.guerospainting.com,,,Kihei,Hawaii,,,,,apollo,"painting service, painting company - Hawaii",https://app.apollo.io/#/organizations/67393bbf885ca1000107747c?overrideScoreId=score,15.9M
Residential Paint N Stain,http://www.treasurevalleyidahoresidentialpaintnstain.com,,,Boise,Idaho,,,,,apollo,"painting service, painting company - Idaho",https://app.apollo.io/#/organizations/66ebd296e52f0f00015545f4?overrideScoreId=score,
J & J Painting Service LLC,http://www.jandjpaintingservice.com,,,Lewiston,Idaho,,,,,apollo,"painting service, painting company - Idaho",https://app.apollo.io/#/organizations/66f8b8800c7ca8000116cd40?overrideScoreId=score,
Improovy Painters Chicago,,,,Chicago,Illinois,,,,,apollo,"painting service, painting company - Illinois",https://app.apollo.io/#/organizations/60b20f322657620001b6d895?overrideScoreId=score,
Steadfast Painting Solutions Corp,http://www.steadfastpainting.com,,,Elmhurst,Illinois,,,,,apollo,"painting service, painting company - Illinois",https://app.apollo.io/#/organizations/54fca59c7369640186842f00?overrideScoreId=score,
"Accurate Painting Service, L.L.C.",,,,Chicago,Illinois,,,,,apollo,"painting service, painting company - Illinois",https://app.apollo.io/#/organizations/54a129c869702dc841388201?overrideScoreId=score,
Paintrix Painting Company,http://www.paintrixpainting.com,,,Huntley,Illinois,,,,,apollo,"painting service, painting company - Illinois",https://app.apollo.io/#/organizations/5f0d8be37548c4008ce031b0?overrideScoreId=score,
Procaccio Painting Company,http://www.procacciopainting.com,,,Saint Charles,Illinois,,,,,apollo,"painting service, painting company - Illinois",https://app.apollo.io/#/organizations/55ee320df3e5bb2675000570?overrideScoreId=score,12.4M
RED FEATHER PAINTING COMPANY,http://www.redfeathergroupinc.com,,,Glenview,Illinois,,,,,apollo,"painting service, painting company - Illinois",https://app.apollo.io/#/organizations/6392aae7d6bac70001f49d3c?overrideScoreId=score,
NWS Restoration - Roofing Contractor and Painting Company of Grayslake,http://www.nwstormrestoration.com,,,Grayslake,Illinois,,,,,apollo,"painting service, painting company - Illinois",https://app.apollo.io/#/organizations/648a5abf3c21f700a381f0c0?overrideScoreId=score,
Thomas Painting Service,http://www.exteriorpainterschicago.com,,,Chicago,Illinois,,,,,apollo,"painting service, painting company - Illinois",https://app.apollo.io/#/organizations/671520faf22dc900012e7a8b?overrideScoreId=score,
Rich’s Painting Service,http://www.richspaintingservice.com,,,Lake Zurich,Illinois,,,,,apollo,"painting service, painting company - Illinois",https://app.apollo.io/#/organizations/66f84c41cc802500015fa51f?overrideScoreId=score,
Stars Painting Service,http://www.starpaintingservices.com,,,Skokie,Illinois,,,,,apollo,"painting service, painting company - Illinois",https://app.apollo.io/#/organizations/5500c968736964612ea56300?overrideScoreId=score,
Kluck Painting Service,http://www.kluckpainting.com,,,Galena,Illinois,,,,,apollo,"painting service, painting company - Illinois",https://app.apollo.io/#/organizations/559239fe7369641b33cca200?overrideScoreId=score,
Andrews Painting Service,http://www.andrewspaintingservice.com,,,Grayslake,Illinois,,,,,apollo,"painting service, painting company - Illinois",https://app.apollo.io/#/organizations/6700b2633c555c0001fbeb8a?overrideScoreId=score,
Hyatt Painting Company,http://www.hyattpaintingco.com,,,Lake Forest,Illinois,,,,,apollo,"painting service, painting company - Illinois",https://app.apollo.io/#/organizations/67148b9a2287c40001a79fb9?overrideScoreId=score,
Sauer Painting Company,http://www.housepaintingstcharles.com,,,Saint Charles,Illinois,,,,,apollo,"painting service, painting company - Illinois",https://app.apollo.io/#/organizations/6714cb36e5fc67000115d3bd?overrideScoreId=score,
Town Square Painting Company,http://www.townsquarepainting.com,,,Naperville,Illinois,,,,,apollo,"painting service, painting company - Illinois",https://app.apollo.io/#/organizations/66f9e7d327980600012f97d3?overrideScoreId=score,8.3M
T. Robbins Painting Company,http://www.trobbinspainting.com,,,Deerfield,Illinois,,,,,apollo,"painting service, painting company - Illinois",https://app.apollo.io/#/organizations/66e1541b890ec80001db1239?overrideScoreId=score,
Inside Outside Painting Company,http://www.insideoutsidepainting.com,,,Evanston,Illinois,,,,,apollo,"painting service, painting company - Illinois",https://app.apollo.io/#/organizations/670b31e39dc7fa000114c468?overrideScoreId=score,
"ALL FAMILY PAINTING SERVICE, INC.",http://www.ourfinalcoat.com,,,Itasca,Illinois,,,,,apollo,"painting service, painting company - Illinois",https://app.apollo.io/#/organizations/66dd2b884fe15f0001db0884?overrideScoreId=score,11.7M
Robert L Bowling Painting Service,http://www.rlbps.com,,,Rockford,Illinois,,,,,apollo,"painting service, painting company - Illinois",https://app.apollo.io/#/organizations/60499e9132153300010100df?overrideScoreId=score,16M
House Painting Company,,,,Indianapolis,Indiana,,,,,apollo,"painting service, painting company - Indiana",https://app.apollo.io/#/organizations/55f48500f3e5bb17f0000a8c?overrideScoreId=score,
Colorbilt Painting LLC,http://www.colorbiltpainting.com,,,Plymouth,Indiana,,,,,apollo,"painting service, painting company - Indiana",https://app.apollo.io/#/organizations/64169c480364d6000140a103?overrideScoreId=score,
Pro Paint & Finish,http://www.propaintandfinish.com,,,Goshen,Indiana,,,,,apollo,"painting service, painting company - Indiana",https://app.apollo.io/#/organizations/60ec025a9b7c8c00a41f4fe8?overrideScoreId=score,
Custom Designers Inc,http://www.customdesignersinc.com,,,Portage,Indiana,,,,,apollo,"painting service, painting company - Indiana",https://app.apollo.io/#/organizations/60498abfee00ee000197f973?overrideScoreId=score,18.7M
Any Color You Like,http://www.anycoloryoulike.com,,,Brownsburg,Indiana,,,,,apollo,"painting service, painting company - Indiana",https://app.apollo.io/#/organizations/54a129a869702db878a88401?overrideScoreId=score,
Alpha Pro Painting Company,http://www.alphapropainting.com,,,Indianapolis,Indiana,,,,,apollo,"painting service, painting company - Indiana",https://app.apollo.io/#/organizations/57c4f8b2a6da986ac74407ec?overrideScoreId=score,
Garcia Painting Pro,http://www.garciapaintingpro.com,,,Carmel,Indiana,,,,,apollo,"painting service, painting company - Indiana",https://app.apollo.io/#/organizations/6607b8722e52c60007d36810?overrideScoreId=score,
"Beeson Construction, Inc.",http://www.beesonconstruction.com,,,Beeson Construction,Inc.,,,,,apollo,"painting service, painting company - Inc.",https://app.apollo.io/#/organizations/65775b862a24bf021bd89beb?overrideScoreId=score,
Hoosier Painting Company,http://www.a1hoosierpainting.com,,,Angola,Indiana,,,,,apollo,"painting service, painting company - Indiana",https://app.apollo.io/#/organizations/55f6a025f3e5bb18db01401d?overrideScoreId=score,5.1M
Russell Painting Company,http://www.russellpaintingcompany.com,,,Indianapolis,Indiana,,,,,apollo,"painting service, painting company - Indiana",https://app.apollo.io/#/organizations/5fd1992e3af5250001f14bba?overrideScoreId=score,20.4M
Henry's Painting & Contracting,http://www.henryspaintingcontract.com,,,Coralville,Iowa,,,,,apollo,"painting service, painting company - Iowa",https://app.apollo.io/#/organizations/61ada06ab989900001fe3063?overrideScoreId=score,
Pickled Palette,http://www.pickledpalette.com,,,Sioux City,Iowa,,,,,apollo,"painting service, painting company - Iowa",https://app.apollo.io/#/organizations/5e559eb11929490001817af2?overrideScoreId=score,
R&L PAINTING SERVICE LLC,http://www.rlpaintingservice.com,,,Mason City,Iowa,,,,,apollo,"painting service, painting company - Iowa",https://app.apollo.io/#/organizations/66e9522fb72a850001faf8e4?overrideScoreId=score,
Model Painting Company,http://www.modelpaintingco.com,,,Cedar Rapids,Iowa,,,,,apollo,"painting service, painting company - Iowa",https://app.apollo.io/#/organizations/66e3e7e048a9da00018ee5c4?overrideScoreId=score,
14th Street Painting Company,http://www.14thstreetpaintingco.com,,,Council Bluffs,Iowa,,,,,apollo,"painting service, painting company - Iowa",https://app.apollo.io/#/organizations/66d7df551abe31000181f5ad?overrideScoreId=score,
Precision Painting Company of Sioux City,http://www.precisionpaintingsc.com,,,Sioux City,Iowa,,,,,apollo,"painting service, painting company - Iowa",https://app.apollo.io/#/organizations/672efe3ae4b4210001992a77?overrideScoreId=score,
River City Painting,http://www.paintwichita.com,,,Wichita,Kansas,,,,,apollo,"painting service, painting company - Kansas",https://app.apollo.io/#/organizations/605e512808646700a454d6ed?overrideScoreId=score,9.6M
ACE HOUSE PAINTING INC.,http://www.acehousepainting.com,,,Olathe,Kansas,,,,,apollo,"painting service, painting company - Kansas",https://app.apollo.io/#/organizations/647053dca68d26000126fdd9?overrideScoreId=score,
Absolute Painting,http://www.absolutehousepainters.com,,,Lawrence,Kansas,,,,,apollo,"painting service, painting company - Kansas",https://app.apollo.io/#/organizations/5e5768e4f5f6f300017589bf?overrideScoreId=score,1.8M
Bolden's Painting Company,http://www.paintingcontractorwichita.com,,,Wichita,Kansas,,,,,apollo,"painting service, painting company - Kansas",https://app.apollo.io/#/organizations/688afade297c23000143a67f?overrideScoreId=score,
Painting Service,http://www.painting-service-dubai.com,,,Wichita,Kansas,,,,,apollo,"painting service, painting company - Kansas",https://app.apollo.io/#/organizations/674b352ec182f10001450b8b?overrideScoreId=score,
MCKAY PAINTING SERVICE,http://www.mckaypaintingservice.com,,,Longford,Kansas,,,,,apollo,"painting service, painting company - Kansas",https://app.apollo.io/#/organizations/67144d50e5a2dc0001d828aa?overrideScoreId=score,
Winner's Circle Painting,http://www.winnerscirclepaint.com,,,Nicholasville,Kentucky,,,,,apollo,"painting service, painting company - Kentucky",https://app.apollo.io/#/organizations/5e57eb0605b1890001ae5f3d?overrideScoreId=score,
Redemption Painting Company,http://www.redemptionpainting.com,,,Louisville,Kentucky,,,,,apollo,"painting service, painting company - Kentucky",https://app.apollo.io/#/organizations/67264cf94acbcd00012de8cb?overrideScoreId=score,2.5M
Cardinal Painting Company,http://www.cardinalpaintingaz.com,,,Louisville,Kentucky,,,,,apollo,"painting service, painting company - Kentucky",https://app.apollo.io/#/organizations/67ceb620ca78950001eef353?overrideScoreId=score,
New Look Painting Service,http://www.newlookpainting.net,,,Flatwoods,Kentucky,,,,,apollo,"painting service, painting company - Kentucky",https://app.apollo.io/#/organizations/673439c07f899e000111fead?overrideScoreId=score,
TASCH Painting Company,http://www.taschpainting.com,,,Metairie,Louisiana,,,,,apollo,"painting service, painting company - Louisiana",https://app.apollo.io/#/organizations/56de2fcef3e5bb0130000dd6?overrideScoreId=score,
Shreveport Painting Company,http://www.shreveportpaintingcompany.com,,,Shreveport,Louisiana,,,,,apollo,"painting service, painting company - Louisiana",https://app.apollo.io/#/organizations/640c01b8802e120001d5a9ce?overrideScoreId=score,
Hart Painting Company,,,,Farmerville,Louisiana,,,,,apollo,"painting service, painting company - Louisiana",https://app.apollo.io/#/organizations/556d4dd2736964124f8fda00?overrideScoreId=score,
BOB'S PAINTING COMPANY,http://www.bobspaintingbr.com,,,Baton Rouge,Louisiana,,,,,apollo,"painting service, painting company - Louisiana",https://app.apollo.io/#/organizations/67b32658210fb60001f9927f?overrideScoreId=score,
Michaels Painting Service,http://www.michaelspaintingservice.com,,,Gretna,Louisiana,,,,,apollo,"painting service, painting company - Louisiana",https://app.apollo.io/#/organizations/5592125e7369641981554f00?overrideScoreId=score,
DR'S PAINTING SERVICE,http://www.paintconsultbydrs.com,,,Baton Rouge,Louisiana,,,,,apollo,"painting service, painting company - Louisiana",https://app.apollo.io/#/organizations/672486c344ebd40001186095?overrideScoreId=score,
FRANTZ-GIBSON PAINTING COMPANY,http://www.frantzgibson.com,,,Baton Rouge,Louisiana,,,,,apollo,"painting service, painting company - Louisiana",https://app.apollo.io/#/organizations/66e5e544050e580001ffa311?overrideScoreId=score,
Steve Caron Painting,http://www.stevecaronpaintingme.com,,,Northport,Maine,,,,,apollo,"painting service, painting company - Maine",https://app.apollo.io/#/organizations/6726aad293de3b0001af71e1?overrideScoreId=score,
Jack's Painting Service,http://www.jackspaintingservice.com,,,South Portland,Maine,,,,,apollo,"painting service, painting company - Maine",https://app.apollo.io/#/organizations/6867ea766247440001e724dd?overrideScoreId=score,
D B Withrow Painting Company,http://www.dbwpaintit.com,,,Kennebunk,Maine,,,,,apollo,"painting service, painting company - Maine",https://app.apollo.io/#/organizations/670210966dfbb700011a9efb?overrideScoreId=score,32.9M
Sheldon & Sons Painting,http://www.sheldonandsons.com,,,Owings Mills,Maryland,,,,,apollo,"painting service, painting company - Maryland",https://app.apollo.io/#/organizations/54a1c548746869586015ac0f?overrideScoreId=score,17.7M
Phillip James Inc.,http://www.phillipjamesinc.com,,,Cockeysville,Maryland,,,,,apollo,"painting service, painting company - Maryland",https://app.apollo.io/#/organizations/5fc9670c78a2b4000119f7e6?overrideScoreId=score,8.3M
O'Connor's Painting Service,http://www.oconnorspainting.com,,,Gaithersburg,Maryland,,,,,apollo,"painting service, painting company - Maryland",https://app.apollo.io/#/organizations/54a23d197468693a7e84cb18?overrideScoreId=score,16.8M
Roy's Painting Company,http://www.royspainting.com,,,Clinton,Maryland,,,,,apollo,"painting service, painting company - Maryland",https://app.apollo.io/#/organizations/5fca919e3cfd3a0001c83345?overrideScoreId=score,
Royal Painting Company LLC,,,,Baltimore,Maryland,,,,,apollo,"painting service, painting company - Maryland",https://app.apollo.io/#/organizations/5592234e73696418dffb8d00?overrideScoreId=score,
Owens Painting Company,http://www.owenspaintingcompany.com,,,Baltimore,Maryland,,,,,apollo,"painting service, painting company - Maryland",https://app.apollo.io/#/organizations/63c3b8a5fbb8360001158a5c?overrideScoreId=score,
"Squarehead Painting Company, Inc.",http://www.squareheadpainting.com,,,Squarehead Painting Company,Inc.,,,,,apollo,"painting service, painting company - Inc.",https://app.apollo.io/#/organizations/556daee473696411d5706c01?overrideScoreId=score,43.7M
"Blue Sky Painting & Carpentry, LLC",http://www.blueskypaintingpros.com,,,Columbia,Maryland,,,,,apollo,"painting service, painting company - Maryland",https://app.apollo.io/#/organizations/54a126de69702d9313c05000?overrideScoreId=score,1.5M
"J.N.A PAINTING COMPANY, INC.",http://www.jnapaint.com,,,Baltimore,Maryland,,,,,apollo,"painting service, painting company - Maryland",https://app.apollo.io/#/organizations/66f255cc604398000175990d?overrideScoreId=score,
J.O. Painting Company,http://www.jopaintingcompany.com,,,Hyattsville,Maryland,,,,,apollo,"painting service, painting company - Maryland",https://app.apollo.io/#/organizations/672744a662f46c0001c78562?overrideScoreId=score,1.7M
HMR Painting Company,http://www.hmr-painting-company.com,,,Silver Spring,Maryland,,,,,apollo,"painting service, painting company - Maryland",https://app.apollo.io/#/organizations/6728aafa4193e90001e31d3b?overrideScoreId=score,
Saylor's Painting Company,http://www.saylorspainting.com,,,Jarrettsville,Maryland,,,,,apollo,"painting service, painting company - Maryland",https://app.apollo.io/#/organizations/6713caea10222c0001ef1f60?overrideScoreId=score,31.1M
DAVID MAHONEY PAINTING COMPANY,http://www.davidmahoneypainting.com,,,Bryantown,Maryland,,,,,apollo,"painting service, painting company - Maryland",https://app.apollo.io/#/organizations/66e90a02c017ab0001108333?overrideScoreId=score,
Joshua’s Painting Service,http://www.joshuaspainting.com,,,Columbia,Maryland,,,,,apollo,"painting service, painting company - Maryland",https://app.apollo.io/#/organizations/66e803c15719370001f8abca?overrideScoreId=score,
O.C. Painting Company,http://www.ocpaintingcompany.com,,,Rockville,Maryland,,,,,apollo,"painting service, painting company - Maryland",https://app.apollo.io/#/organizations/673a122a383ef400013fca9f?overrideScoreId=score,
bright painting company,http://www.brightpaintingcompany.com,,,Bel Air,Maryland,,,,,apollo,"painting service, painting company - Maryland",https://app.apollo.io/#/organizations/66e3d99248a9da00018e8cb3?overrideScoreId=score,
STB Painting Company,http://www.stbpaintingcompany.com,,,Columbia,Maryland,,,,,apollo,"painting service, painting company - Maryland",https://app.apollo.io/#/organizations/672f5368cd1c1f0001769bb9?overrideScoreId=score,380K
Mike S Painting Service,http://www.mikespaintingserviceinc.com,,,Preston,Maryland,,,,,apollo,"painting service, painting company - Maryland",https://app.apollo.io/#/organizations/559213f67369641878dd5500?overrideScoreId=score,
Harold Howard’s Painting Service,http://www.homepaintingmd.com,,,Columbia,Maryland,,,,,apollo,"painting service, painting company - Maryland",https://app.apollo.io/#/organizations/674beac61114fc000151dd50?overrideScoreId=score,
The Maryland Painting Company,http://www.marylandpaintingcompany.com,,,Upper Marlboro,Maryland,,,,,apollo,"painting service, painting company - Maryland",https://app.apollo.io/#/organizations/677fa818dff56002ce3d65b4?overrideScoreId=score,
"Leon Ringeval Painting Company, LLC",http://www.leonringevalpainting.com,,,Shady Side,Maryland,,,,,apollo,"painting service, painting company - Maryland",https://app.apollo.io/#/organizations/67402c5131c7620001b9a7f8?overrideScoreId=score,
"Northern Lights Painting Company, Inc.",http://www.northernlightspainting.com,,,Northern Lights Painting Company,Inc.,,,,,apollo,"painting service, painting company - Inc.",https://app.apollo.io/#/organizations/5da62c31e03360000106f69b?overrideScoreId=score,
"M.A. Falvey Painting Service, Inc.",http://www.mafalveypainting.com,,,M.A. Falvey Painting Service,Inc.,,,,,apollo,"painting service, painting company - Inc.",https://app.apollo.io/#/organizations/5500c19e736964173dec3c00?overrideScoreId=score,
Proline Painting Services Inc,http://www.prolinepaintingservice.com,,,Boston,Massachusetts,,,,,apollo,"painting service, painting company - Massachusetts",https://app.apollo.io/#/organizations/5f49c102367bc400014b564d?overrideScoreId=score,
"RB Painting Company, LLC",http://www.rbpaintingcompany.com,,,Cambridge,Massachusetts,,,,,apollo,"painting service, painting company - Massachusetts",https://app.apollo.io/#/organizations/54a11f3c69702d9d7e06c601?overrideScoreId=score,3.5M
"Cosmos Painting Company, Inc.",http://www.cosmospainting.com,,,Cosmos Painting Company,Inc.,,,,,apollo,"painting service, painting company - Inc.",https://app.apollo.io/#/organizations/6457d94507685e00011ec178?overrideScoreId=score,2.5M
H.D.F. Painting,http://www.hdfpainting.com,,,Concord,Massachusetts,,,,,apollo,"painting service, painting company - Massachusetts",https://app.apollo.io/#/organizations/63cd07a54c6ba800015514c8?overrideScoreId=score,
Mikes Painting Company,,,,Peabody,Massachusetts,,,,,apollo,"painting service, painting company - Massachusetts",https://app.apollo.io/#/organizations/664a571139db1c000114a74a?overrideScoreId=score,
Mason Painting Company,http://www.masonpaintingco.com,,,Worcester,Massachusetts,,,,,apollo,"painting service, painting company - Massachusetts",https://app.apollo.io/#/organizations/60499efde8614700012d037e?overrideScoreId=score,
Home Project Gurus,http://www.homeprojectgurus.com,,,Boston,Massachusetts,,,,,apollo,"painting service, painting company - Massachusetts",https://app.apollo.io/#/organizations/5ffeeb481412cc00fedb8c84?overrideScoreId=score,
Island Painting Company,http://www.islandpaintingcompany.com,,,Framingham,Massachusetts,,,,,apollo,"painting service, painting company - Massachusetts",https://app.apollo.io/#/organizations/5c1f45b0a3ae61f90790b41d?overrideScoreId=score,19.6M
"All Pro Painters, Inc",http://www.allpropainters.net,,,All Pro Painters,Inc,,,,,apollo,"painting service, painting company - Inc",https://app.apollo.io/#/organizations/54fca44b7369647fd2d62600?overrideScoreId=score,14.4M
J Buote Painting Company Inc,http://www.jbuotepainting.com,,,Boston,Massachusetts,,,,,apollo,"painting service, painting company - Massachusetts",https://app.apollo.io/#/organizations/64b34af63488a60001250ec9?overrideScoreId=score,
Tonal Painting and Contracting,http://www.tonalpainting.com,,,Boston,Massachusetts,,,,,apollo,"painting service, painting company - Massachusetts",https://app.apollo.io/#/organizations/665d1064c1bd7400017c3c25?overrideScoreId=score,
Northshore Painting LLC,http://www.northshorepaintingllc.com,,,North Reading,Massachusetts,,,,,apollo,"painting service, painting company - Massachusetts",https://app.apollo.io/#/organizations/66d15249f253ee01b22f0fc0?overrideScoreId=score,
Scotland Painting Company,http://www.scotlandpaintingco.com,,,Cambridge,Massachusetts,,,,,apollo,"painting service, painting company - Massachusetts",https://app.apollo.io/#/organizations/6741be736c16840001cfe5f6?overrideScoreId=score,12.5M
Debonair Painting Company,http://www.debonairpainting.com,,,Haverhill,Massachusetts,,,,,apollo,"painting service, painting company - Massachusetts",https://app.apollo.io/#/organizations/67246f78d2de600001dfceac?overrideScoreId=score,
National Painting Service LLC.,http://www.nationalpaintingpro.com,,,Woburn,Massachusetts,,,,,apollo,"painting service, painting company - Massachusetts",https://app.apollo.io/#/organizations/67286ab462f46c0001d37dd6?overrideScoreId=score,
JK Painting Service Corp,http://www.jk-paintingservice.com,,,Waltham,Massachusetts,,,,,apollo,"painting service, painting company - Massachusetts",https://app.apollo.io/#/organizations/673ab550da359b00014fe2c9?overrideScoreId=score,
P&H Painting Company,http://www.phpaintcompany.com,,,Danvers,Massachusetts,,,,,apollo,"painting service, painting company - Massachusetts",https://app.apollo.io/#/organizations/6689a9f230134d00010890e1?overrideScoreId=score,
Fritz Painting Service,http://www.fritzpaintingservice.com,,,Abington,Massachusetts,,,,,apollo,"painting service, painting company - Massachusetts",https://app.apollo.io/#/organizations/6725a9d72c391e00013367ad?overrideScoreId=score,
Countryside Painting Company,http://www.countrysidepaintingcompany.com,,,Somerville,Massachusetts,,,,,apollo,"painting service, painting company - Massachusetts",https://app.apollo.io/#/organizations/66f3ead571229f00016c6fc5?overrideScoreId=score,
Brascol Painting Service,http://www.painterlowellma.com,,,Lowell,Massachusetts,,,,,apollo,"painting service, painting company - Massachusetts",https://app.apollo.io/#/organizations/673af9d0a7035e00019c3f0f?overrideScoreId=score,
Brockton Painting Company,http://www.brocktonpaintingcompany.com,,,Brockton,Massachusetts,,,,,apollo,"painting service, painting company - Massachusetts",https://app.apollo.io/#/organizations/673474b861f02b0001e13f06?overrideScoreId=score,
Apex Painting Company,http://www.apexpaintingcompany.com,,,Lancaster,Massachusetts,,,,,apollo,"painting service, painting company - Massachusetts",https://app.apollo.io/#/organizations/68996747d525d0000169db97?overrideScoreId=score,
Lima’s Painting Company,http://www.limaspainting.com,,,Lowell,Massachusetts,,,,,apollo,"painting service, painting company - Massachusetts",https://app.apollo.io/#/organizations/672f2dc2cfd91b00010a4fea?overrideScoreId=score,
Batchelder Painting Company,http://www.batchelderpainting.com,,,Carlisle,Massachusetts,,,,,apollo,"painting service, painting company - Massachusetts",https://app.apollo.io/#/organizations/66e3baf0879d530001e7aa96?overrideScoreId=score,
Waltham Painting Company,http://www.walthampaintingcompany.com,,,Waltham,Massachusetts,,,,,apollo,"painting service, painting company - Massachusetts",https://app.apollo.io/#/organizations/66f9bd07ce26a000011b663d?overrideScoreId=score,
Master Painting Company,http://www.masterpaintingcompany.com,,,Marshfield,Massachusetts,,,,,apollo,"painting service, painting company - Massachusetts",https://app.apollo.io/#/organizations/5fd1b740d9b8670001dc5996?overrideScoreId=score,34.8M
"Gallagher Painting Service, Inc.",http://www.gallagherpaintingservice.com,,,Gallagher Painting Service,Inc.,,,,,apollo,"painting service, painting company - Inc.",https://app.apollo.io/#/organizations/6898540e2f3df20001a38936?overrideScoreId=score,9.8M
Jame jam painting service,http://www.jamejampainting.com,,,Norwood,Massachusetts,,,,,apollo,"painting service, painting company - Massachusetts",https://app.apollo.io/#/organizations/6707682d489a4e000152cc08?overrideScoreId=score,
S & B Painting Company,http://www.sbpaintingcompany.com,,,Wellesley,Massachusetts,,,,,apollo,"painting service, painting company - Massachusetts",https://app.apollo.io/#/organizations/5fd1b82a6a3b1600012db306?overrideScoreId=score,4.8M
Prosperity Cleaning and Painting Service,http://www.prosperitycleaningandpaintingservice.com,,,Boston,Massachusetts,,,,,apollo,"painting service, painting company - Massachusetts",https://app.apollo.io/#/organizations/66dc470a4bbff90001fa5c8a?overrideScoreId=score,
Painter's Marketing Pro LLC,http://www.paintersmarketingpro.com,,,Gaines,Michigan,,,,,apollo,"painting service, painting company - Michigan",https://app.apollo.io/#/organizations/5db0a6cb40413100011003f3?overrideScoreId=score,
Cabinet Painting Service,http://www.cabinetpaintshop.com,,,Plainwell,Michigan,,,,,apollo,"painting service, painting company - Michigan",https://app.apollo.io/#/organizations/54a25d957468693cdd373a1d?overrideScoreId=score,
Midwest Painting Company,http://www.midwestpainting.net,,,Brighton,Michigan,,,,,apollo,"painting service, painting company - Michigan",https://app.apollo.io/#/organizations/64045e1c46f4a400010763be?overrideScoreId=score,
Crown Painting LLC,http://www.crownpaintingco.com,,,Saint Clair Shores,Michigan,,,,,apollo,"painting service, painting company - Michigan",https://app.apollo.io/#/organizations/6541ef4a498fbe00a3377154?overrideScoreId=score,
DuraPro Painting LLC,http://www.durapropainters.com,,,Grand Rapids,Michigan,,,,,apollo,"painting service, painting company - Michigan",https://app.apollo.io/#/organizations/5e57a2317eed1100011a5da4?overrideScoreId=score,
Eugenio Painting Company,http://www.eugeniopainting.com,,,Grosse Pointe Woods,Michigan,,,,,apollo,"painting service, painting company - Michigan",https://app.apollo.io/#/organizations/56dc1513f3e5bb7ec20035d7?overrideScoreId=score,29.3M
Trio Painting Company,http://www.triopainting.com,,,Bloomfield Hills,Michigan,,,,,apollo,"painting service, painting company - Michigan",https://app.apollo.io/#/organizations/640d87c7551e9d0001da06c3?overrideScoreId=score,
"Wolf Painting Company, LLC",http://www.wolfpaintingcontractors.com,,,Madison Heights,Michigan,,,,,apollo,"painting service, painting company - Michigan",https://app.apollo.io/#/organizations/666d8b7ef364540001d21b37?overrideScoreId=score,
Liberty Painting Company Inc.,http://www.libertyptg.com,,,Detroit,Michigan,,,,,apollo,"painting service, painting company - Michigan",https://app.apollo.io/#/organizations/66e2aa1032c787000187e3fc?overrideScoreId=score,
Natural Painting,http://www.naturalpainting.net,,,Sterling Heights,Michigan,,,,,apollo,"painting service, painting company - Michigan",https://app.apollo.io/#/organizations/559238ad73696418c961da00?overrideScoreId=score,
Tanis and Wood Painting Company,http://www.twpainting.com,,,Wyoming,Michigan,,,,,apollo,"painting service, painting company - Michigan",https://app.apollo.io/#/organizations/54a1284869702da2207d0501?overrideScoreId=score,
Keider Painting Company,http://www.keiderpainting.com,,,Brighton,Michigan,,,,,apollo,"painting service, painting company - Michigan",https://app.apollo.io/#/organizations/670c30790985530001869a56?overrideScoreId=score,
Accurate Painting Company,http://www.accuratepainting.com,,,Warren,Michigan,,,,,apollo,"painting service, painting company - Michigan",https://app.apollo.io/#/organizations/67889a7d7392bb0001b6de08?overrideScoreId=score,
GEORGE KOUNTOUPES PAINTING COMPANY,http://www.gkpainting.com,,,Lincoln Park,Michigan,,,,,apollo,"painting service, painting company - Michigan",https://app.apollo.io/#/organizations/67435d1069ee4100017f1b97?overrideScoreId=score,
A2 Painting Company,http://www.a2paintingcompany.com,,,Ann Arbor,Michigan,,,,,apollo,"painting service, painting company - Michigan",https://app.apollo.io/#/organizations/670b3692132fcc000105012c?overrideScoreId=score,
Brothers of the Brush Painting Company,http://www.paintingcompanymichigan.com,,,Leonard,Michigan,,,,,apollo,"painting service, painting company - Michigan",https://app.apollo.io/#/organizations/6701529d2fa6a6000143ec72?overrideScoreId=score,
Tim MacDonough Painting Company,http://www.timmacdonoughpainting.com,,,,,,,,,apollo,"painting service, painting company",https://app.apollo.io/#/organizations/6744452b6e3c8f00016850c3?overrideScoreId=score,
City Painting Service,http://www.citypaintinginc.com,,,Kalamazoo,Michigan,,,,,apollo,"painting service, painting company - Michigan",https://app.apollo.io/#/organizations/66ed4d0f41500b0001855210?overrideScoreId=score,
Clarkston Painting Company,http://www.clarkstonepoxycompany.com,,,Clarkston,Michigan,,,,,apollo,"painting service, painting company - Michigan",https://app.apollo.io/#/organizations/67416c4d6bccaf000166c5b4?overrideScoreId=score,
Sills Painting Service,http://www.sillspaintingservice.com,,,Davison,Michigan,,,,,apollo,"painting service, painting company - Michigan",https://app.apollo.io/#/organizations/67302eae9c24470001da11a5?overrideScoreId=score,
Michigan Painting Company,http://www.michiganpaintingcompany.com,,,Royal Oak,Michigan,,,,,apollo,"painting service, painting company - Michigan",https://app.apollo.io/#/organizations/66e2acd3c3469a00018a6293?overrideScoreId=score,
Tony Grant’s Painting Company,http://www.tonygrantspainting.com,,,Meridian charter Township,Michigan,,,,,apollo,"painting service, painting company - Michigan",https://app.apollo.io/#/organizations/67402b6a3f52c30001e790cc?overrideScoreId=score,14.1M
Little Painting Company LLC,http://www.littlepaintingcompanyllc.com,,,Ypsilanti,Michigan,,,,,apollo,"painting service, painting company - Michigan",https://app.apollo.io/#/organizations/6706499d68b85a0001477c81?overrideScoreId=score,
Jd Quality Painting Company,http://www.jdqualitypainting.com,,,Saline,Michigan,,,,,apollo,"painting service, painting company - Michigan",https://app.apollo.io/#/organizations/672eb1a24284370001f8e69f?overrideScoreId=score,
Deep Gold Painting Company,http://www.deepgoldpainting.com,,,Canton,Michigan,,,,,apollo,"painting service, painting company - Michigan",https://app.apollo.io/#/organizations/6736e52a6f950a00015c4765?overrideScoreId=score,
Busy Bee Cleaning & Painting Service,http://www.busybeecleaningpaintingservice.com,,,Alpena,Michigan,,,,,apollo,"painting service, painting company - Michigan",https://app.apollo.io/#/organizations/66e5e02c6c01ce0001a07eea?overrideScoreId=score,
R&W Quality Painting Service LLC,http://www.rwqualitypainting.com,,,Ypsilanti,Michigan,,,,,apollo,"painting service, painting company - Michigan",https://app.apollo.io/#/organizations/6729e7d3b1ac5c0001198f10?overrideScoreId=score,
Feedbackwrench Websites & Advertising,http://www.feedbackwrench.com,,,Saint Paul,Minnesota,,,,,apollo,"painting service, painting company - Minnesota",https://app.apollo.io/#/organizations/5da4971c0f33d60001bc8a55?overrideScoreId=score,
Straightline House Painting | straightlinemn.com,http://www.straightlinemn.com,,,Minneapolis,Minnesota,,,,,apollo,"painting service, painting company - Minnesota",https://app.apollo.io/#/organizations/5e56047607939b0001dfbf06?overrideScoreId=score,
Complete Painting Services,http://www.completepaintingservicesinc.com,,,Minneapolis,Minnesota,,,,,apollo,"painting service, painting company - Minnesota",https://app.apollo.io/#/organizations/66a211ba042c4102d2092c72?overrideScoreId=score,
J Painting,http://www.jpaintingmn.com,,,Elk River,Minnesota,,,,,apollo,"painting service, painting company - Minnesota",https://app.apollo.io/#/organizations/6726d9af6893d60001097cc4?overrideScoreId=score,
Roell Painting Company,,,,Minneapolis,Minnesota,,,,,apollo,"painting service, painting company - Minnesota",https://app.apollo.io/#/organizations/6733022d369a530001350e59?overrideScoreId=score,
Svoboda Painting,http://www.svobodapainting.com,,,Coon Rapids,Minnesota,,,,,apollo,"painting service, painting company - Minnesota",https://app.apollo.io/#/organizations/66dce7f84bbff90001fcf9d3?overrideScoreId=score,
Premium Painting,http://www.premiumpainting-msp.com,,,Minneapolis,Minnesota,,,,,apollo,"painting service, painting company - Minnesota",https://app.apollo.io/#/organizations/54a129de69702db64841c901?overrideScoreId=score,
Minnesota Craftsman Painting Company,http://www.minnesotacraftsman.com,,,Saint Paul,Minnesota,,,,,apollo,"painting service, painting company - Minnesota",https://app.apollo.io/#/organizations/54a1356669702d352f07d600?overrideScoreId=score,
America's Painting Company,http://www.americaspaintingco.com,,,Saint Louis Park,Minnesota,,,,,apollo,"painting service, painting company - Minnesota",https://app.apollo.io/#/organizations/5f3efb2f7ea74c0001d1e9ef?overrideScoreId=score,
Mill City Painting Company,http://www.mcpcmn.com,,,Apple Valley,Minnesota,,,,,apollo,"painting service, painting company - Minnesota",https://app.apollo.io/#/organizations/5a9cd5c6a6da98d98c6738a7?overrideScoreId=score,
BODINE PAINTING COMPANY,http://www.bodinepainting.com,,,Minneapolis,Minnesota,,,,,apollo,"painting service, painting company - Minnesota",https://app.apollo.io/#/organizations/67304012cd1c1f00017fafbc?overrideScoreId=score,
Virnig Painting Company,http://www.virnigpainting.com,,,Sauk Rapids,Minnesota,,,,,apollo,"painting service, painting company - Minnesota",https://app.apollo.io/#/organizations/5592184b73696418e9f76400?overrideScoreId=score,
Cato Painting Company,http://www.catopaint.co,,,Detroit Lakes,Minnesota,,,,,apollo,"painting service, painting company - Minnesota",https://app.apollo.io/#/organizations/672fe7f00af9f60001d99d30?overrideScoreId=score,
Roell Painting Company,http://www.roellpainting.com,,,Eden Prairie,Minnesota,,,,,apollo,"painting service, painting company - Minnesota",https://app.apollo.io/#/organizations/6828dfa8cfefba00013fb084?overrideScoreId=score,
THE BRUSH'S END PAINTING COMPANY,http://www.thebrushsend.com,,,Moorhead,Minnesota,,,,,apollo,"painting service, painting company - Minnesota",https://app.apollo.io/#/organizations/6730b489cb4dd60001ab0c3c?overrideScoreId=score,
A1 Painting Service,http://www.a1painting.com,,,Jackson,Mississippi,,,,,apollo,"painting service, painting company - Mississippi",https://app.apollo.io/#/organizations/55920a5873696419814d3300?overrideScoreId=score,25.4M
Calhoun Painting Company,http://www.housepaintersgermantown.com,,,Southaven,Mississippi,,,,,apollo,"painting service, painting company - Mississippi",https://app.apollo.io/#/organizations/6048ad4440a2f8000155e2f4?overrideScoreId=score,51.1M
David Busby Painting Company,http://www.davidbusbypaintingco.com,,,Southaven,Mississippi,,,,,apollo,"painting service, painting company - Mississippi",https://app.apollo.io/#/organizations/674b75e96d97730001777d6c?overrideScoreId=score,
Rainbow Painting Company,http://www.rainbowpaintingcompany.com,,,O'Fallon,Missouri,,,,,apollo,"painting service, painting company - Missouri",https://app.apollo.io/#/organizations/5e5972b114af6900013741a9?overrideScoreId=score,
HARTMAN-WALSH PAINTING COMPANY,,,,Saint Louis,Missouri,,,,,apollo,"painting service, painting company - Missouri",https://app.apollo.io/#/organizations/664184bac4411200019ab714?overrideScoreId=score,
Midwest Superior Painting LLC,http://www.midwestsuperiorpainting.com,,,Kansas City,Missouri,,,,,apollo,"painting service, painting company - Missouri",https://app.apollo.io/#/organizations/60495678666ef700011a33c1?overrideScoreId=score,
Cutting Edge Painter LLC,http://www.cuttingedgepainter.com,,,Saint Louis,Missouri,,,,,apollo,"painting service, painting company - Missouri",https://app.apollo.io/#/organizations/65431b30851e730001998701?overrideScoreId=score,
Gateway Custom Painting LLC,http://www.gatewaycustompainting.com,,,Creve Coeur,Missouri,,,,,apollo,"painting service, painting company - Missouri",https://app.apollo.io/#/organizations/646efe6dbff36300019b771e?overrideScoreId=score,
"Switzer Brother's Painting, LLC",http://www.switzerbrothers.com,,,Kansas City,Missouri,,,,,apollo,"painting service, painting company - Missouri",https://app.apollo.io/#/organizations/55eaae84f3e5bb0bdb001118?overrideScoreId=score,
Astra Painters LLC,,,,Ballwin,Missouri,,,,,apollo,"painting service, painting company - Missouri",https://app.apollo.io/#/organizations/5e5747d8896222000125eedf?overrideScoreId=score,
"Mural Gal Painting, LLC",http://www.muralgal.com,,,Springfield,Missouri,,,,,apollo,"painting service, painting company - Missouri",https://app.apollo.io/#/organizations/673152dc93cdbb0001e60c5b?overrideScoreId=score,
"Fearing Painting Company, INC.",http://www.fearingpainting.com,,,Springfield,Missouri,,,,,apollo,"painting service, painting company - Missouri",https://app.apollo.io/#/organizations/64a1ed055b5e0200017dba45?overrideScoreId=score,
Improovy Painters St Louis,,,,St. Louis,Missouri,,,,,apollo,"painting service, painting company - Missouri",https://app.apollo.io/#/organizations/6656a1e70016730001c9f4cd?overrideScoreId=score,
MyHouse Painting Company,http://www.callmyhouse.com,,,St. Louis,Missouri,,,,,apollo,"painting service, painting company - Missouri",https://app.apollo.io/#/organizations/65cb0f8c986f0705742fe315?overrideScoreId=score,
Runge Painting Company Inc,http://www.cocopainting.com,,,St. Louis,Missouri,,,,,apollo,"painting service, painting company - Missouri",https://app.apollo.io/#/organizations/67287fd62db1f90001f2b4c4?overrideScoreId=score,15.8M
Smitty’s Painting Company,http://www.premierwalldesign.com,,,Fredericktown,Missouri,,,,,apollo,"painting service, painting company - Missouri",https://app.apollo.io/#/organizations/66f515b4cc24db000172dbe5?overrideScoreId=score,
Bell's Painting Company,http://www.bellspaintingstl.com,,,Florissant,Missouri,,,,,apollo,"painting service, painting company - Missouri",https://app.apollo.io/#/organizations/5fd1adb6a012390001c80882?overrideScoreId=score,20.9M
"Goens Brothers Painting Company, Inc.",,,,Goens Brothers Painting Company,Inc.,,,,,apollo,"painting service, painting company - Inc.",https://app.apollo.io/#/organizations/559214627369641878405700?overrideScoreId=score,
Westslope Painting,http://www.westslopepainting.com,,,Bozeman,Montana,,,,,apollo,"painting service, painting company - Montana",https://app.apollo.io/#/organizations/64fe0d4373374c0001cff937?overrideScoreId=score,
Missoula Painting Company,http://www.missoulapaintingcompany.com,,,Missoula,Montana,,,,,apollo,"painting service, painting company - Montana",https://app.apollo.io/#/organizations/68ae16ad7b469a0019ca6d99?overrideScoreId=score,
Joey D Painting Service,http://www.joeydpaintingservice.com,,,Billings,Montana,,,,,apollo,"painting service, painting company - Montana",https://app.apollo.io/#/organizations/66f660f1e7ef54000139e50a?overrideScoreId=score,
Dan S Painting Service,http://www.danspainting.com,,,Billings,Montana,,,,,apollo,"painting service, painting company - Montana",https://app.apollo.io/#/organizations/55eaa2adf3e5bb6f01001267?overrideScoreId=score,
Wyman Painting™,http://www.wymanpainting.net,,,Omaha,Nebraska,,,,,apollo,"painting service, painting company - Nebraska",https://app.apollo.io/#/organizations/54fca4d273696401a7432400?overrideScoreId=score,
Shaver Painting & Decorating,http://www.shaverdecorating.com,,,Omaha,Nebraska,,,,,apollo,"painting service, painting company - Nebraska",https://app.apollo.io/#/organizations/64037261d89e1e00012d2743?overrideScoreId=score,
Tamaras Painting Company,http://www.tpcnevada.com,,,Reno,Nevada,,,,,apollo,"painting service, painting company - Nevada",https://app.apollo.io/#/organizations/66e161cf13278300011ec73f?overrideScoreId=score,
"White Diamond Painting, LLC",http://www.whitediamondpainting.com,,,Barrington,New Hampshire,,,,,apollo,"painting service, painting company - New Hampshire",https://app.apollo.io/#/organizations/54a1344469702d2f9f725e00?overrideScoreId=score,
Portsmouth Painting Company,http://www.portsmouthpaintingcompany.com,,,Portsmouth,New Hampshire,,,,,apollo,"painting service, painting company - New Hampshire",https://app.apollo.io/#/organizations/6503ce057a24f3000138692d?overrideScoreId=score,3.8M
Crepeau Painting Company,http://www.crepeaupainting.com,,,Salem,New Hampshire,,,,,apollo,"painting service, painting company - New Hampshire",https://app.apollo.io/#/organizations/67270fd86919ee0001304c34?overrideScoreId=score,
Rite Finish Painting Company Inc,http://www.ritefinish.com,,,Manchester,New Hampshire,,,,,apollo,"painting service, painting company - New Hampshire",https://app.apollo.io/#/organizations/66e5bd641435f6000106f551?overrideScoreId=score,
Elite Painting Services,http://www.elitepaintingservices.net,,,Cherry Hill,New Jersey,,,,,apollo,"painting service, painting company - New Jersey",https://app.apollo.io/#/organizations/5da3f5b97e5db600018e364e?overrideScoreId=score,
"Greenleaf Painters, LLC",http://www.greenleafpainters.com,,,Lawrence Township,New Jersey,,,,,apollo,"painting service, painting company - New Jersey",https://app.apollo.io/#/organizations/5a9e1a8da6da98d93569ee34?overrideScoreId=score,
Paint Tile Etcetera Painting Service,http://www.paintiletc.com,,,Somerville,New Jersey,,,,,apollo,"painting service, painting company - New Jersey",https://app.apollo.io/#/organizations/54fca4e5736964015ee42800?overrideScoreId=score,
EDP Painting Company - Painter,http://www.edp-painting.com,,,Bedminster Township,New Jersey,,,,,apollo,"painting service, painting company - New Jersey",https://app.apollo.io/#/organizations/5e57a5eb3f9e640001186634?overrideScoreId=score,8.5M
J. Canabe's Painting Company,http://www.canabecolorexpert.com,,,Morristown,New Jersey,,,,,apollo,"painting service, painting company - New Jersey",https://app.apollo.io/#/organizations/6726631c3ca5f7000195239a?overrideScoreId=score,34.8M
Jewett Painting Contractors,http://www.jewettpainting.com,,,Butler,New Jersey,,,,,apollo,"painting service, painting company - New Jersey",https://app.apollo.io/#/organizations/559206517369641927572300?overrideScoreId=score,
Rainbow G & J Painting,http://www.rainbowgjpainting.com,,,Bridgewater,New Jersey,,,,,apollo,"painting service, painting company - New Jersey",https://app.apollo.io/#/organizations/5b15ec5aa6da9869338baa71?overrideScoreId=score,
"Able Painting Company, LLC",,,,Trenton,New Jersey,,,,,apollo,"painting service, painting company - New Jersey",https://app.apollo.io/#/organizations/54a138eb69702d2a1e741500?overrideScoreId=score,
Enhance Painting Company,http://www.enhancepainting.com.au,,,Morris Plains,New Jersey,,,,,apollo,"painting service, painting company - New Jersey",https://app.apollo.io/#/organizations/57c4f3e4a6da986a77cda5fd?overrideScoreId=score,
Halo Painting Company,http://www.halopaintingcompany.com,,,Somerville,New Jersey,,,,,apollo,"painting service, painting company - New Jersey",https://app.apollo.io/#/organizations/6729a2ce2bce890001d3894a?overrideScoreId=score,
Rainer Painting Company,http://www.rainerpainting.com,,,Cinnaminson,New Jersey,,,,,apollo,"painting service, painting company - New Jersey",https://app.apollo.io/#/organizations/67089790ef9459000129e9fe?overrideScoreId=score,
A-General Painting Service,http://www.ageneralpainting.com,,,Dover,New Jersey,,,,,apollo,"painting service, painting company - New Jersey",https://app.apollo.io/#/organizations/670638fd2028250001f74c5f?overrideScoreId=score,
All Jersey Painting Company,http://www.newjerseypainter.com,,,Lincoln Park,New Jersey,,,,,apollo,"painting service, painting company - New Jersey",https://app.apollo.io/#/organizations/5500cc1b7369646067487200?overrideScoreId=score,22.7M
Julius H Gross Painting Company,http://www.juliushgrosspainting.com,,,Princeton,New Jersey,,,,,apollo,"painting service, painting company - New Jersey",https://app.apollo.io/#/organizations/678c4ca4320fdb0001fd0014?overrideScoreId=score,
GP PAINTING SERVICE,http://www.gppaintingservice.com,,,Clifton,New Jersey,,,,,apollo,"painting service, painting company - New Jersey",https://app.apollo.io/#/organizations/670149f4d344bc0001875b83?overrideScoreId=score,
LAYNE PAINTING SERVICE,http://www.laynepaintingservice.com,,,Newark,New Jersey,,,,,apollo,"painting service, painting company - New Jersey",https://app.apollo.io/#/organizations/66e919c9c017ab00011106d6?overrideScoreId=score,
PQ Painting Service,http://www.pqpaintingservice.blogspot.com,,,Toms River,New Jersey,,,,,apollo,"painting service, painting company - New Jersey",https://app.apollo.io/#/organizations/671481e2489d5a00018ea3d4?overrideScoreId=score,
kronewitter painting company,http://www.kronewitterpainting.net,,,Westwood,New Jersey,,,,,apollo,"painting service, painting company - New Jersey",https://app.apollo.io/#/organizations/66ed1a88596b9d000108ec2b?overrideScoreId=score,
Andrechick Painting Company,http://www.andrechick-painting.com,,,Woodbridge Township,New Jersey,,,,,apollo,"painting service, painting company - New Jersey",https://app.apollo.io/#/organizations/672c7339b137ac00018f7e73?overrideScoreId=score,
Andy Painting Service Contractor,http://www.andy-painting.com,,,Dover,New Jersey,,,,,apollo,"painting service, painting company - New Jersey",https://app.apollo.io/#/organizations/6731871b0af9f60001eb28ae?overrideScoreId=score,
AJ Trenton Painting Service,http://www.ajpaintingservicenj.com,,,Trenton,New Jersey,,,,,apollo,"painting service, painting company - New Jersey",https://app.apollo.io/#/organizations/66ff9567ed2f060001fb8a4d?overrideScoreId=score,4.8M
Don Coleman Painting Company,http://www.doncolemanpainting.com,,,Metuchen,New Jersey,,,,,apollo,"painting service, painting company - New Jersey",https://app.apollo.io/#/organizations/63ba0e80c3acd400015ee5f2?overrideScoreId=score,
Utica NY Painting Company,http://www.uticanypaintingcompany.com,,,Hoboken,New Jersey,,,,,apollo,"painting service, painting company - New Jersey",https://app.apollo.io/#/organizations/6867af103409290001de9fe9?overrideScoreId=score,
Alberto Del Priore Painting Company,http://www.albertothepainter.com,,,East Orange,New Jersey,,,,,apollo,"painting service, painting company - New Jersey",https://app.apollo.io/#/organizations/66ebf71ef790c100019ec7db?overrideScoreId=score,
Andy's Painting Company,http://www.andyspainting.com,,,Albuquerque,New Mexico,,,,,apollo,"painting service, painting company - New Mexico",https://app.apollo.io/#/organizations/63a7bea8f7c09800a349acd5?overrideScoreId=score,
Level Up Painting,http://www.leveluppainting.com,,,Rochester,New York,,,,,apollo,"painting service, painting company - New York",https://app.apollo.io/#/organizations/63797762dc030c00016126c5?overrideScoreId=score,
PAINT POWER,http://www.paintpower.net,,,New York,New York,,,,,apollo,"painting service, painting company - New York",https://app.apollo.io/#/organizations/55f11456f3e5bb500c000da2?overrideScoreId=score,5.3M
Sitepod,http://www.sitepod.com,,,New York,New York,,,,,apollo,"painting service, painting company - New York",https://app.apollo.io/#/organizations/5ed32e641b901500011687b6?overrideScoreId=score,
MBS construction,http://www.mbscontractor.com,,,Hicksville,New York,,,,,apollo,"painting service, painting company - New York",https://app.apollo.io/#/organizations/6160030c33b0ea0001832007?overrideScoreId=score,
WCM Painting Company,http://www.wcmpainting.com,,,Horseheads,New York,,,,,apollo,"painting service, painting company - New York",https://app.apollo.io/#/organizations/5500c49e7369646139644b00?overrideScoreId=score,
Williams Painting Company,http://www.williamspaintingco.com,,,Sandy Creek,New York,,,,,apollo,"painting service, painting company - New York",https://app.apollo.io/#/organizations/6715679e4725f50001110ee9?overrideScoreId=score,
Kostusiak Coatings LLC,http://www.kostusiakcoatings.com,,,Elma,New York,,,,,apollo,"painting service, painting company - New York",https://app.apollo.io/#/organizations/5fe57d948dffac00a4204bc8?overrideScoreId=score,
Accent Painting Company,http://www.accentpaintingabq.com,,,Farmingville,New York,,,,,apollo,"painting service, painting company - New York",https://app.apollo.io/#/organizations/559228aa736964185f7ba200?overrideScoreId=score,
GOTHAM PAINTING COMPANY INC.,,,,New York,New York,,,,,apollo,"painting service, painting company - New York",https://app.apollo.io/#/organizations/672c5575ddd5e600014fcbe7?overrideScoreId=score,
FH Renovation NYC,http://www.fhrenovationnyc.com,,,New York,New York,,,,,apollo,"painting service, painting company - New York",https://app.apollo.io/#/organizations/604aacfb8dfb9d00011e9bd1?overrideScoreId=score,
The Brooklyn Painting Company,http://www.thebrooklynpaintingcompany.com,,,New York,New York,,,,,apollo,"painting service, painting company - New York",https://app.apollo.io/#/organizations/68ae0cc75d9ad90021d53e20?overrideScoreId=score,
Cogan Painting Company,http://www.coganpainting.com,,,Keeseville,New York,,,,,apollo,"painting service, painting company - New York",https://app.apollo.io/#/organizations/66ed0f8ff386ba000162ffeb?overrideScoreId=score,
Madia’s Painting Company,http://www.madiaspainting.com,,,Uniondale,New York,,,,,apollo,"painting service, painting company - New York",https://app.apollo.io/#/organizations/66f0ab17692f03000188b1a1?overrideScoreId=score,
Premier Painting Company,http://www.premierpaintingco.com,,,Brewster,New York,,,,,apollo,"painting service, painting company - New York",https://app.apollo.io/#/organizations/5fd1a91c4298fa0001aa6623?overrideScoreId=score,
KATONAH PAINTING COMPANY,http://www.katonahpainting.com,,,Cross River,New York,,,,,apollo,"painting service, painting company - New York",https://app.apollo.io/#/organizations/6726f58a3ca5f700019af809?overrideScoreId=score,
R.J. Ritacco Painting Company,http://www.ritaccopainting.com,,,Gardiner,New York,,,,,apollo,"painting service, painting company - New York",https://app.apollo.io/#/organizations/66e7476ed18deb00011150d4?overrideScoreId=score,
Zarazua Painting,http://www.zarazuapainting.com,,,Durham,North Carolina,,,,,apollo,"painting service, painting company - North Carolina",https://app.apollo.io/#/organizations/5a9ec927a6da98d98c6fe1b6?overrideScoreId=score,
Design Interventions,http://www.d-interventions.com,,,Wilmington,North Carolina,,,,,apollo,"painting service, painting company - North Carolina",https://app.apollo.io/#/organizations/646717b0914b7d000102adfe?overrideScoreId=score,9.1M
"Good Faith Paint Company, LLC",http://www.goodfaithpaint.com,,,Raleigh,North Carolina,,,,,apollo,"painting service, painting company - North Carolina",https://app.apollo.io/#/organizations/5500be297369641708da2e00?overrideScoreId=score,5.6M
Triangle Painting & Siding,http://www.paintthetriangle.com,,,Apex,North Carolina,,,,,apollo,"painting service, painting company - North Carolina",https://app.apollo.io/#/organizations/5da34db2c7968e0001628d18?overrideScoreId=score,
"Worth Painting, LLC",http://www.worthpaintingllc.com,,,King,North Carolina,,,,,apollo,"painting service, painting company - North Carolina",https://app.apollo.io/#/organizations/672448868b4541000185fd08?overrideScoreId=score,
Prep-Rite Painting,http://www.prepritepainting.com,,,Cary,North Carolina,,,,,apollo,"painting service, painting company - North Carolina",https://app.apollo.io/#/organizations/6487790821090100a3075d5e?overrideScoreId=score,21.3M
Ukie Painting,http://www.ukiepainting.com,,,Mint Hill,North Carolina,,,,,apollo,"painting service, painting company - North Carolina",https://app.apollo.io/#/organizations/616d7bdcf3b2a400dade1cf7?overrideScoreId=score,
Triangle Pro Painting,http://www.trianglepropainting.com,,,Raleigh,North Carolina,,,,,apollo,"painting service, painting company - North Carolina",https://app.apollo.io/#/organizations/60b513ed11e23700c1c7983f?overrideScoreId=score,
Trailblaze Paints,http://www.trailblazepaintsnc.com,,,Mooresville,North Carolina,,,,,apollo,"painting service, painting company - North Carolina",https://app.apollo.io/#/organizations/64f36c56fde7080001e476ca?overrideScoreId=score,
Accents Painting Company,http://www.accentspaintingclt.com,,,Indian Trail,North Carolina,,,,,apollo,"painting service, painting company - North Carolina",https://app.apollo.io/#/organizations/64fe6f24994c160001ff9c38?overrideScoreId=score,
Mays Painting Company,http://www.mayspaintingcompany.com,,,High Point,North Carolina,,,,,apollo,"painting service, painting company - North Carolina",https://app.apollo.io/#/organizations/5fcadb51a1424200010e694c?overrideScoreId=score,
FLEET PAINTING SERVICE INC,http://www.fleetpaintingservice.com,,,Sophia,North Carolina,,,,,apollo,"painting service, painting company - North Carolina",https://app.apollo.io/#/organizations/6726d0187efe3d0001d22261?overrideScoreId=score,
Garner’s Painting Service,http://www.garnerspaintingservice.com,,,Fayetteville,North Carolina,,,,,apollo,"painting service, painting company - North Carolina",https://app.apollo.io/#/organizations/67038cada752050001f2aa7d?overrideScoreId=score,11.2M
Carolina Southern Painting Company,http://www.carolinasoutherncompany.com,,,Pfafftown,North Carolina,,,,,apollo,"painting service, painting company - North Carolina",https://app.apollo.io/#/organizations/670f7f62b3b04b0001ce2554?overrideScoreId=score,
Johnson Painting Company & More,http://www.johnsonpaintingcoandmore.com,,,Kernersville,North Carolina,,,,,apollo,"painting service, painting company - North Carolina",https://app.apollo.io/#/organizations/67384074f9a0930001a4b14a?overrideScoreId=score,
Expressway Painting,http://www.expresswaypainting.com,,,Charlotte,North Carolina,,,,,apollo,"painting service, painting company - North Carolina",https://app.apollo.io/#/organizations/6593a5e5e30dbc000134c2ad?overrideScoreId=score,
Kidd’s Painting Service,http://www.kidscreationsart.com,,,China Grove,North Carolina,,,,,apollo,"painting service, painting company - North Carolina",https://app.apollo.io/#/organizations/673a8689d119420001c9eae3?overrideScoreId=score,
Cawley Painting Company,http://www.raleigh-cary-apex-painting.com,,,Moncure,North Carolina,,,,,apollo,"painting service, painting company - North Carolina",https://app.apollo.io/#/organizations/66f2351620771b00018d4264?overrideScoreId=score,
Charlotte Painting Company,http://www.queencitypaintingcompany.com,,,Charlotte,North Carolina,,,,,apollo,"painting service, painting company - North Carolina",https://app.apollo.io/#/organizations/6715285cdf863f00014b435c?overrideScoreId=score,
Eubanks Painting Company,http://www.eubankspaintingcompany.com,,,Garner,North Carolina,,,,,apollo,"painting service, painting company - North Carolina",https://app.apollo.io/#/organizations/67156566cd85fc0001a1a065?overrideScoreId=score,
Metrolina Painting Company,http://www.metrolinapainting.com,,,Charlotte,North Carolina,,,,,apollo,"painting service, painting company - North Carolina",https://app.apollo.io/#/organizations/6701b5374352a40001ffb5b6?overrideScoreId=score,
Rumlers House Painting Service,http://www.rumlerspainting.com,,,Candler,North Carolina,,,,,apollo,"painting service, painting company - North Carolina",https://app.apollo.io/#/organizations/66e69f8a4fdcac0001a49cec?overrideScoreId=score,
Don Worley Painting Service,http://www.donpaints.com,,,Raleigh,North Carolina,,,,,apollo,"painting service, painting company - North Carolina",https://app.apollo.io/#/organizations/559231097369641981e2bf00?overrideScoreId=score,
DWH Painting Company Inc.,,,,Durham,North Carolina,,,,,apollo,"painting service, painting company - North Carolina",https://app.apollo.io/#/organizations/6696e5b121aa42000180b1ea?overrideScoreId=score,
"Db's Painting Company, Inc",http://www.dbspainting.com,,,Db's Painting Company,Inc,,,,,apollo,"painting service, painting company - Inc",https://app.apollo.io/#/organizations/60a57d49f69b8b0001f27277?overrideScoreId=score,
The Fargo Painting Company,http://www.thefargopaintingcompany.com,,,Fargo,North Dakota,,,,,apollo,"painting service, painting company - North Dakota",https://app.apollo.io/#/organizations/68ae0d16a83bb60015729327?overrideScoreId=score,
Hanson Painting Service Llp,http://www.hansonpaintingservice.com,,,Devils Lake,North Dakota,,,,,apollo,"painting service, painting company - North Dakota",https://app.apollo.io/#/organizations/63bbfac4881a6a00011e7bd4?overrideScoreId=score,
American Quality Painting,http://www.aqpcolumbus.com,,,Columbus,Ohio,,,,,apollo,"painting service, painting company - Ohio",https://app.apollo.io/#/organizations/623fc8e3880c2f00013c2b32?overrideScoreId=score,
FORJAK Industrial,http://www.forjakindustrial.com,,,Columbus,Ohio,,,,,apollo,"painting service, painting company - Ohio",https://app.apollo.io/#/organizations/55923984736964199b7fdd00?overrideScoreId=score,
Performance Painting,http://www.performancepainting.com.au,,,Columbus,Ohio,,,,,apollo,"painting service, painting company - Ohio",https://app.apollo.io/#/organizations/6615c83f1796580007a95776?overrideScoreId=score,54.7M
Rockwood Painting Contractors™,http://www.rockwoodpainting.com,,,Youngstown,Ohio,,,,,apollo,"painting service, painting company - Ohio",https://app.apollo.io/#/organizations/5ed6e9469ff2cd0001aedaa3?overrideScoreId=score,482K
American Star Painting Company,http://www.americanstarcoatings.com,,,Marietta,Ohio,,,,,apollo,"painting service, painting company - Ohio",https://app.apollo.io/#/organizations/5500bc7373696417912d2700?overrideScoreId=score,
ServiceSold.com,http://www.servicesold.com,,,North Ridgeville,Ohio,,,,,apollo,"painting service, painting company - Ohio",https://app.apollo.io/#/organizations/55f3cc93f3e5bb1de1002785?overrideScoreId=score,5.4M
Vimas Painting Company Inc,,,,Campbell,Ohio,,,,,apollo,"painting service, painting company - Ohio",https://app.apollo.io/#/organizations/55921cb87369644785735400?overrideScoreId=score,
Dynamic Painting LLC,http://www.dynamicpainting.net,,,Lewis Center,Ohio,,,,,apollo,"painting service, painting company - Ohio",https://app.apollo.io/#/organizations/54a12a6f69702d8cfc384602?overrideScoreId=score,4M
Painters Now,http://www.painterscompany.com,,,Dayton,Ohio,,,,,apollo,"painting service, painting company - Ohio",https://app.apollo.io/#/organizations/67280ff52db1f90001ee5484?overrideScoreId=score,
Fryer & Sons Painting Company,,,,Franklin,Ohio,,,,,apollo,"painting service, painting company - Ohio",https://app.apollo.io/#/organizations/6548cc8212ff990001f2c3e1?overrideScoreId=score,
Paint 4 You,http://www.paint4youcolumbus.com,,,Columbus,Ohio,,,,,apollo,"painting service, painting company - Ohio",https://app.apollo.io/#/organizations/54a1393e69702d267a394c00?overrideScoreId=score,15.7M
Bridges R Us Painting Company,,,,Campbell,Ohio,,,,,apollo,"painting service, painting company - Ohio",https://app.apollo.io/#/organizations/55922d2a73696448592d5100?overrideScoreId=score,
Cincy Paint,http://www.cincypaint.com,,,Cincinnati,Ohio,,,,,apollo,"painting service, painting company - Ohio",https://app.apollo.io/#/organizations/67b2be39b82ad800151b65fc?overrideScoreId=score,
HLE Coatings LLC,http://www.hlecoatings.com,,,Xenia,Ohio,,,,,apollo,"painting service, painting company - Ohio",https://app.apollo.io/#/organizations/66d45cabe042a300011c6706?overrideScoreId=score,
Xclusive Painting Company,http://www.xclusivepaintingcompany.com,,,Peninsula,Ohio,,,,,apollo,"painting service, painting company - Ohio",https://app.apollo.io/#/organizations/640724840cab770001d8eaab?overrideScoreId=score,
Masterpiece Painting Company Inc.,http://www.masterpiecepaintingcompany.com,,,Warren,Ohio,,,,,apollo,"painting service, painting company - Ohio",https://app.apollo.io/#/organizations/67345c17ab0b1100010866b9?overrideScoreId=score,
Salvato Painting Company,http://www.salvatopainting.com,,,Powell,Ohio,,,,,apollo,"painting service, painting company - Ohio",https://app.apollo.io/#/organizations/556d498e736964125809cf00?overrideScoreId=score,
"NORTH STAR PAINTING COMPANY, INC.",http://www.northstarpaintingco.com,,,Youngstown,Ohio,,,,,apollo,"painting service, painting company - Ohio",https://app.apollo.io/#/organizations/670a09d50d75880001ce0378?overrideScoreId=score,
Nelson Painting Service,http://www.nelsonpaintingservice.com,,,Loveland,Ohio,,,,,apollo,"painting service, painting company - Ohio",https://app.apollo.io/#/organizations/66727733114c9a096a18cddf?overrideScoreId=score,
Americoat Painting Company,http://www.americoatpainting.com,,,Campbell,Ohio,,,,,apollo,"painting service, painting company - Ohio",https://app.apollo.io/#/organizations/57c49cfaa6da983258996e9d?overrideScoreId=score,
Sanner Painting Company,http://www.sannerpainting.com,,,West Carrollton,Ohio,,,,,apollo,"painting service, painting company - Ohio",https://app.apollo.io/#/organizations/67435ac9975d6e00016b6d8d?overrideScoreId=score,18M
Bristlewood Painting Company,http://www.bristlewoodpaintingco.com,,,Columbus,Ohio,,,,,apollo,"painting service, painting company - Ohio",https://app.apollo.io/#/organizations/672df4940a14590001ecc028?overrideScoreId=score,
FC SKINNER PAINTING SERVICE INC,http://www.skinnerpainting.com,,,Piqua,Ohio,,,,,apollo,"painting service, painting company - Ohio",https://app.apollo.io/#/organizations/6710b04a215d2d00018d199c?overrideScoreId=score,32.1M
Haas Painting Company,http://www.haaspaintingcompany.com,,,Dublin,Ohio,,,,,apollo,"painting service, painting company - Ohio",https://app.apollo.io/#/organizations/67443e092694ce000180cec8?overrideScoreId=score,1.5M
Emg Painting Company,http://www.emgpaintingcompany.com,,,Lakewood,Ohio,,,,,apollo,"painting service, painting company - Ohio",https://app.apollo.io/#/organizations/672fd5e09c24470001d78431?overrideScoreId=score,
Scott's Painting Company,http://www.scottspaintingcompany.com,,,Twinsburg,Ohio,,,,,apollo,"painting service, painting company - Ohio",https://app.apollo.io/#/organizations/63934d12a856b000016ba950?overrideScoreId=score,
Louden Painting Company,http://www.loudenpainting.com,,,Westerville,Ohio,,,,,apollo,"painting service, painting company - Ohio",https://app.apollo.io/#/organizations/672dbf06a99869000194bb7c?overrideScoreId=score,
Alex’s Pro Painting Service,http://www.alexspropaintingservice.com,,,Brunswick,Ohio,,,,,apollo,"painting service, painting company - Ohio",https://app.apollo.io/#/organizations/672d9f10c96c8200017bb36d?overrideScoreId=score,
B&W Painting Service,http://www.bwpaintingserviceoh.com,,,Marietta,Ohio,,,,,apollo,"painting service, painting company - Ohio",https://app.apollo.io/#/organizations/66e5ffe4e67a0300017a7dbb?overrideScoreId=score,
"LOST ART PAINTING COMPANY, LLC",http://www.lostartpainting.com,,,Strongsville,Ohio,,,,,apollo,"painting service, painting company - Ohio",https://app.apollo.io/#/organizations/6710ee1a911dee0001841725?overrideScoreId=score,
The Powell Painting Company & Handyman Service,http://www.powellpainting.com,,,Powell,Ohio,,,,,apollo,"painting service, painting company - Ohio",https://app.apollo.io/#/organizations/673ebee9f135030001103e8a?overrideScoreId=score,
Performance Painting Company,http://www.performancepainting.co,,,Oklahoma City,Oklahoma,,,,,apollo,"painting service, painting company - Oklahoma",https://app.apollo.io/#/organizations/5d3455d680f93e3a27062ce1?overrideScoreId=score,
"Northwest Building Supply, Inc.",http://www.northwestok.com,,,Northwest Building Supply,Inc.,,,,,apollo,"painting service, painting company - Inc.",https://app.apollo.io/#/organizations/64ab8a0e9dd2fa0001df6d3c?overrideScoreId=score,389K
Eds Painting Service,,,,Yukon,Oklahoma,,,,,apollo,"painting service, painting company - Oklahoma",https://app.apollo.io/#/organizations/55920e4073696419121b4100?overrideScoreId=score,
Edmond Painting Company,http://www.edmondpaintingco.com,,,Edmond,Oklahoma,,,,,apollo,"painting service, painting company - Oklahoma",https://app.apollo.io/#/organizations/6732dbb448bc8400019b950e?overrideScoreId=score,
G&R Painting Company,http://www.gnrpainting.co,,,Hillsboro,Oregon,,,,,apollo,"painting service, painting company - Oregon",https://app.apollo.io/#/organizations/5ed35283f2ab0d000110b7d9?overrideScoreId=score,
Veenhuizen Painting Inc,,,,Portland,Oregon,,,,,apollo,"painting service, painting company - Oregon",https://app.apollo.io/#/organizations/5592220773696419d8358800?overrideScoreId=score,17.4M
"ESP Painting, Inc",http://www.esppainting.com,,,ESP Painting,Inc,,,,,apollo,"painting service, painting company - Inc",https://app.apollo.io/#/organizations/54a134a869702d3a9cd04e00?overrideScoreId=score,1.5M
Corey Robbins Painting Company,http://www.coreyrobbins.com,,,Medford,Oregon,,,,,apollo,"painting service, painting company - Oregon",https://app.apollo.io/#/organizations/54a1a1307468695860fe4503?overrideScoreId=score,
The Oregon Painting Company LLC,http://www.theoregonpaintingcompany.com,,,Grants Pass,Oregon,,,,,apollo,"painting service, painting company - Oregon",https://app.apollo.io/#/organizations/5f4aae29a6e73b000175816a?overrideScoreId=score,
WRIGHT PAINTING COMPANY LLC,,,,Salem,Oregon,,,,,apollo,"painting service, painting company - Oregon",https://app.apollo.io/#/organizations/66e28dd0a7929e00019e378f?overrideScoreId=score,
A.H. Portland Painting Company,http://www.ahportlandpaintingcompany.com,,,Portland,Oregon,,,,,apollo,"painting service, painting company - Oregon",https://app.apollo.io/#/organizations/659234d737f10b0001f7978b?overrideScoreId=score,
"Maller Painting Company - Beaverton, OR",http://www.mallerpainting.com,,,Beaverton,Oregon,,,,,apollo,"painting service, painting company - Oregon",https://app.apollo.io/#/organizations/670e4a830aa69d0001c79694?overrideScoreId=score,22.2M
Zenith Painting Company,http://www.zenithpaintingcompany.co,,,Central Point,Oregon,,,,,apollo,"painting service, painting company - Oregon",https://app.apollo.io/#/organizations/67285410ed6bc20001925a2b?overrideScoreId=score,
"BENTLEYS PAINTING COMPANY, LLC",http://www.bentleyspainting.com,,,Portland,Oregon,,,,,apollo,"painting service, painting company - Oregon",https://app.apollo.io/#/organizations/66efb177f5259400012ddb08?overrideScoreId=score,
Artisan Painting llc,http://www.artisanpaintingllc.com,,,Media,Pennsylvania,,,,,apollo,"painting service, painting company - Pennsylvania",https://app.apollo.io/#/organizations/6458d68d18675c00dc79713d?overrideScoreId=score,
Final Touch Painting Company,,,,Wexford,Pennsylvania,,,,,apollo,"painting service, painting company - Pennsylvania",https://app.apollo.io/#/organizations/55f5b75df3e5bb07680013a1?overrideScoreId=score,
Dino Painting,http://www.dinopainting.com,,,Pittsburgh,Pennsylvania,,,,,apollo,"painting service, painting company - Pennsylvania",https://app.apollo.io/#/organizations/668aa0e37ebc9f00013795e6?overrideScoreId=score,
Painting Service Of Pittsburgh,http://www.paintingservicepittsburgh.com,,,Pittsburgh,Pennsylvania,,,,,apollo,"painting service, painting company - Pennsylvania",https://app.apollo.io/#/organizations/615eb8faf8fc9b000145e9a4?overrideScoreId=score,
"Ruby's Painting & Contracting Services, LLC",http://www.rubyspaintingcontracting.com,,,East McKeesport,Pennsylvania,,,,,apollo,"painting service, painting company - Pennsylvania",https://app.apollo.io/#/organizations/5da2930c9ab26b0001499fd6?overrideScoreId=score,
Arena Painting & Contracting,http://www.arenapaintingpgh.com,,,Coraopolis,Pennsylvania,,,,,apollo,"painting service, painting company - Pennsylvania",https://app.apollo.io/#/organizations/66e16e7bd0208a00018684ea?overrideScoreId=score,
"CNN Painting, LLC",http://www.cnnpainting.com,,,Emmaus,Pennsylvania,,,,,apollo,"painting service, painting company - Pennsylvania",https://app.apollo.io/#/organizations/63c524593ea3020001f15515?overrideScoreId=score,
Steve's Painting Service LLC,http://www.stevespaintingbiz.com,,,Allentown,Pennsylvania,,,,,apollo,"painting service, painting company - Pennsylvania",https://app.apollo.io/#/organizations/5500c5c973696460805c5100?overrideScoreId=score,
Uhrig's Professional Painting & Paper Hanging,http://www.uhrig.com,,,Reading,Pennsylvania,,,,,apollo,"painting service, painting company - Pennsylvania",https://app.apollo.io/#/organizations/5a9ec732a6da98d97e7e9c51?overrideScoreId=score,30.5M
Four Pillars Paint LLC,http://www.fourpillarspaint.com,,,Pittsburgh,Pennsylvania,,,,,apollo,"painting service, painting company - Pennsylvania",https://app.apollo.io/#/organizations/61ed62b07cba130001131301?overrideScoreId=score,
Sarandis Painting Company Inc,http://www.sarandispainting.com,,,Monroeville,Pennsylvania,,,,,apollo,"painting service, painting company - Pennsylvania",https://app.apollo.io/#/organizations/55f7699df3e5bb16d8001f3a?overrideScoreId=score,
AWG Painting Company,http://www.awgpainting.com,,,Bala Cynwyd,Pennsylvania,,,,,apollo,"painting service, painting company - Pennsylvania",https://app.apollo.io/#/organizations/674bf03a1114fc000151f76f?overrideScoreId=score,
Mojo Painting Company,http://www.mojopaintingco.com,,,Phoenixville,Pennsylvania,,,,,apollo,"painting service, painting company - Pennsylvania",https://app.apollo.io/#/organizations/67a9a570b6a23b0021b02d5a?overrideScoreId=score,
Yinzer Painting Company,http://www.yinzerpainting.com,,,Homestead,Pennsylvania,,,,,apollo,"painting service, painting company - Pennsylvania",https://app.apollo.io/#/organizations/641c1dfe728e9500017941e2?overrideScoreId=score,
POSTUPAK PAINTING COMPANY INC,http://www.postupakpainting.com,,,Wilkes-Barre,Pennsylvania,,,,,apollo,"painting service, painting company - Pennsylvania",https://app.apollo.io/#/organizations/6703adbd87d46200017dbd5e?overrideScoreId=score,
HERCULES PAINTING COMPANY INC,http://www.herculespainting.com,,,New Castle,Pennsylvania,,,,,apollo,"painting service, painting company - Pennsylvania",https://app.apollo.io/#/organizations/670a9a10132fcc0001fe59c8?overrideScoreId=score,
Guldin Painting Company,http://www.guldinpainting.com,,,Lansdale,Pennsylvania,,,,,apollo,"painting service, painting company - Pennsylvania",https://app.apollo.io/#/organizations/6393487aa856b000016ba5d0?overrideScoreId=score,
Jwd Painting Service,http://www.jwdpainting.com,,,Hazleton,Pennsylvania,,,,,apollo,"painting service, painting company - Pennsylvania",https://app.apollo.io/#/organizations/55f8eb4cf3e5bb56bf0011f4?overrideScoreId=score,
Sullivan’s Painting Service,http://www.sullivanspaintingservice.com,,,Croydon,Pennsylvania,,,,,apollo,"painting service, painting company - Pennsylvania",https://app.apollo.io/#/organizations/66de89a9fc0a380001e6bca5?overrideScoreId=score,
UMAR Painting Company,http://www.affordablephillypainters.com,,,Philadelphia,Pennsylvania,,,,,apollo,"painting service, painting company - Pennsylvania",https://app.apollo.io/#/organizations/673d92fe45acbe0001ca86e9?overrideScoreId=score,
Mulberry Painting Company,http://www.mulberrypaintingcompany.com,,,Waynesburg,Pennsylvania,,,,,apollo,"painting service, painting company - Pennsylvania",https://app.apollo.io/#/organizations/671340d0c2b2c900019bd228?overrideScoreId=score,
Landis Painting Service,http://www.paintingservicesstoystown.com,,,Stoystown,Pennsylvania,,,,,apollo,"painting service, painting company - Pennsylvania",https://app.apollo.io/#/organizations/66dc3410024eca0001047636?overrideScoreId=score,
Craftsmanship Painting Company,http://www.philadelphiapaintingservice.com,,,Philadelphia,Pennsylvania,,,,,apollo,"painting service, painting company - Pennsylvania",https://app.apollo.io/#/organizations/66f91787155a830001eff16b?overrideScoreId=score,
Georgetti Painting Company,http://www.georgettipaintingco.com,,,Plains,Pennsylvania,,,,,apollo,"painting service, painting company - Pennsylvania",https://app.apollo.io/#/organizations/672b269d00eba50001c89833?overrideScoreId=score,
Jrs Painting Company,http://www.jrs-painting.com,,,Wayne,Pennsylvania,,,,,apollo,"painting service, painting company - Pennsylvania",https://app.apollo.io/#/organizations/5fd19eb1838cc00001407489?overrideScoreId=score,3.1M
KOZLOWSKI PAINTING COMPANY,http://www.kozlowskipaintingcompany.com,,,Pittsburgh,Pennsylvania,,,,,apollo,"painting service, painting company - Pennsylvania",https://app.apollo.io/#/organizations/6725da5a2228b900017018a7?overrideScoreId=score,
"Franky's Painting Service, LLC",http://www.frankyspaintingservice.com,,,Allentown,Pennsylvania,,,,,apollo,"painting service, painting company - Pennsylvania",https://app.apollo.io/#/organizations/68add19fed3e1e00151cf8df?overrideScoreId=score,
Arnold Painting Service LLC,http://www.arnoldpaintingservice.com,,,West Chester,Pennsylvania,,,,,apollo,"painting service, painting company - Pennsylvania",https://app.apollo.io/#/organizations/670b82515058820001b50212?overrideScoreId=score,
Wildblood-Crawford Painting Company,http://www.wildbloodcrawfordpainting.com,,,Pittsburgh,Pennsylvania,,,,,apollo,"painting service, painting company - Pennsylvania",https://app.apollo.io/#/organizations/674234b92ddc50000116ab59?overrideScoreId=score,
F&M Painting Company,http://www.fandmpainting.com,,,Leacock-Leola-Bareville,Pennsylvania,,,,,apollo,"painting service, painting company - Pennsylvania",https://app.apollo.io/#/organizations/66ffb338f2cbde00013bfe3c?overrideScoreId=score,22.8M
O’Pake Line Painting Service & More,http://www.opakelinepainting.com,,,Womelsdorf,Pennsylvania,,,,,apollo,"painting service, painting company - Pennsylvania",https://app.apollo.io/#/organizations/66f9a67f279806000112c36d?overrideScoreId=score,
"S.P.C.I. (SUPERIOR PAINTING COMPANY, INC.)",http://www.superiorpaintingcompany.com,,,Pittsburgh,Pennsylvania,,,,,apollo,"painting service, painting company - Pennsylvania",https://app.apollo.io/#/organizations/66f91dab1d108600014424dd?overrideScoreId=score,
Dennis Moffitt Painting,http://www.experiencedmp.com,,,South Kingstown,Rhode Island,,,,,apollo,"painting service, painting company - Rhode Island",https://app.apollo.io/#/organizations/61ad0161d5f8430001efb832?overrideScoreId=score,12.8M
Pawtucket Family YMCA,http://www.goymca.com,,,Health,Wellness & Fitness,,,,,apollo,"painting service, painting company - Wellness & Fitness",https://app.apollo.io/#/organizations/5d0a30da80f93e0ee5b7563a?overrideScoreId=score,8.4M
The Right Brush Co.,http://www.therightbrushinc.com,,,Warren,Rhode Island,,,,,apollo,"painting service, painting company - Rhode Island",https://app.apollo.io/#/organizations/54a1294c69702da220158801?overrideScoreId=score,
"Levine Painting Company, Inc.",http://www.levinepainting.com,,,Levine Painting Company,Inc.,,,,,apollo,"painting service, painting company - Inc.",https://app.apollo.io/#/organizations/5db1282f0dd2c00001411374?overrideScoreId=score,
Smyth Painting Company,http://www.smythpainting.com,,,Middletown,Rhode Island,,,,,apollo,"painting service, painting company - Rhode Island",https://app.apollo.io/#/organizations/66e58e6f74f84e0001cf11fb?overrideScoreId=score,
Rumford Painting Company,http://www.titanpaintingcompany.com,,,East Providence,Rhode Island,,,,,apollo,"painting service, painting company - Rhode Island",https://app.apollo.io/#/organizations/66dd9bd4671a860001ff0ab7?overrideScoreId=score,41.1M
Paint Rx,http://www.paint-rx.com,,,Myrtle Beach,South Carolina,,,,,apollo,"painting service, painting company - South Carolina",https://app.apollo.io/#/organizations/63bb98268da6c40001305e51?overrideScoreId=score,
"L&J Painting, Inc.",http://www.landjpainting.com,,,L&J Painting,Inc.,,,,,apollo,"painting service, painting company - Inc.",https://app.apollo.io/#/organizations/64568bdfc715fa00a3376f58?overrideScoreId=score,
"PAINTERS PLUS, INC",http://www.paintersplus.com,,,Spartanburg,South Carolina,,,,,apollo,"painting service, painting company - South Carolina",https://app.apollo.io/#/organizations/54a1278c69702d90a272ca00?overrideScoreId=score,25.8M
Taylor's Painting Company,http://www.taylorspaintingcompanysc.com,,,Lexington,South Carolina,,,,,apollo,"painting service, painting company - South Carolina",https://app.apollo.io/#/organizations/673955ebaad7d500011641ad?overrideScoreId=score,
Blue Nile Home Services,http://www.bluenilehomeservices.com,,,Charleston,South Carolina,,,,,apollo,"painting service, painting company - South Carolina",https://app.apollo.io/#/organizations/636251dca4948a00a3092833?overrideScoreId=score,
Skyline Services LLC,http://www.skylineservicessc.com,,,Bluffton,South Carolina,,,,,apollo,"painting service, painting company - South Carolina",https://app.apollo.io/#/organizations/55ee4f75f3e5bb226c000ac9?overrideScoreId=score,
Diaz Painting Service,http://www.diazpaintingserviceinc.com,,,Seneca,South Carolina,,,,,apollo,"painting service, painting company - South Carolina",https://app.apollo.io/#/organizations/6780c549f05bc50001ab43b5?overrideScoreId=score,
Cannon’s Painting Company,http://www.cannonspainting.com,,,Rock Hill,South Carolina,,,,,apollo,"painting service, painting company - South Carolina",https://app.apollo.io/#/organizations/66ef3056758a070001cbda41?overrideScoreId=score,
Rock Hill Painting Company,http://www.rockhillpaintingcompany.com,,,Rock Hill,South Carolina,,,,,apollo,"painting service, painting company - South Carolina",https://app.apollo.io/#/organizations/66f391d58df4fe0001b0d0f1?overrideScoreId=score,
"Carolinas Premier Painting Company, Llc",http://www.carolinasppc.com,,,Carolinas Premier Painting Company,Llc,,,,,apollo,"painting service, painting company - Llc",https://app.apollo.io/#/organizations/639234ef005e0800016b815a?overrideScoreId=score,
Canberra Painting Company PTY LTD,http://www.canberrapaintingcompany.com.au,,,Mitchell,South Dakota,,,,,apollo,"painting service, painting company - South Dakota",https://app.apollo.io/#/organizations/670a4f370d75880001d0e09c?overrideScoreId=score,
Croxall Painting and Property Improvement,http://www.croxallpainting.com,,,Chattanooga,Tennessee,,,,,apollo,"painting service, painting company - Tennessee",https://app.apollo.io/#/organizations/62c86bc420372700b32f110d?overrideScoreId=score,50K
Nash Painting Company of Fairview,http://www.fairviewpaintingcompany.com,,,Fairview,Tennessee,,,,,apollo,"painting service, painting company - Tennessee",https://app.apollo.io/#/organizations/68020472923dd6000d5a0b12?overrideScoreId=score,
Nolensville Painting Company,http://www.nolensvillepaintingcompany.com,,,Nolensville,Tennessee,,,,,apollo,"painting service, painting company - Tennessee",https://app.apollo.io/#/organizations/670f772cf5a38802cf6c8a92?overrideScoreId=score,
"PAINT CORPS of Hendersonville, TN",http://www.torrespaintingco.com,,,Hendersonville,Tennessee,,,,,apollo,"painting service, painting company - Tennessee",https://app.apollo.io/#/organizations/62f2c6b573b30c00b69b267e?overrideScoreId=score,
The Best Painters - La Vergne Painting Company,http://www.lavergnepaintingcompany.com,,,La Vergne,Tennessee,,,,,apollo,"painting service, painting company - Tennessee",https://app.apollo.io/#/organizations/67b40fa77541e400016ba55e?overrideScoreId=score,
Hanks Painting Service Inc,http://www.hanksbodyshop.com,,,Rockvale,Tennessee,,,,,apollo,"painting service, painting company - Tennessee",https://app.apollo.io/#/organizations/6700efd36a1ca000014e9920?overrideScoreId=score,6.1M
Tony V. Taylor Painting Company LLC,http://www.tvtpainting.com,,,Oakfield,Tennessee,,,,,apollo,"painting service, painting company - Tennessee",https://app.apollo.io/#/organizations/673826320c75e70001979023?overrideScoreId=score,
"SUNSET PAINTING SERVICE, INC.",http://www.sunsetpainting.org,,,Maryville,Tennessee,,,,,apollo,"painting service, painting company - Tennessee",https://app.apollo.io/#/organizations/66d7e176e6e05700018fe5ad?overrideScoreId=score,
The Exquisite Decor Painting Company,http://www.exquisitedecorpainting.com,,,Nashville,Tennessee,,,,,apollo,"painting service, painting company - Tennessee",https://app.apollo.io/#/organizations/66dddd16950eb400012d1dab?overrideScoreId=score,
Jeffrey's Painting Service,http://www.jeffreyspaintingservice.com,,,Smyrna,Tennessee,,,,,apollo,"painting service, painting company - Tennessee",https://app.apollo.io/#/organizations/674bd203c9379b0001683467?overrideScoreId=score,
Restored Painting Company,http://www.restoredpaintingcompany.com,,,Maryville,Tennessee,,,,,apollo,"painting service, painting company - Tennessee",https://app.apollo.io/#/organizations/6703b795606e410001466681?overrideScoreId=score,
Williams Painting Company LLC,http://www.williamspaintingcompany.com,,,Chattanooga,Tennessee,,,,,apollo,"painting service, painting company - Tennessee",https://app.apollo.io/#/organizations/5fd86e06830508000125ba6a?overrideScoreId=score,11.4M
"VFL Painting Company, LLC",http://www.vflpainting.com,,,Knoxville,Tennessee,,,,,apollo,"painting service, painting company - Tennessee",https://app.apollo.io/#/organizations/66e95f264b0de900013ac73f?overrideScoreId=score,
Ready My Property,http://www.readymyproperty.com,,,Dallas,Texas,,,,,apollo,"painting service, painting company - Texas",https://app.apollo.io/#/organizations/6440adee45b5ae0001301b7a?overrideScoreId=score,
State 28 Painting Company,http://www.state28painting.com,,,Grapevine,Texas,,,,,apollo,"painting service, painting company - Texas",https://app.apollo.io/#/organizations/61600e0cd951c70001a6673a?overrideScoreId=score,
CHERRY PAINTING COMPANY,,,,Carrollton,Texas,,,,,apollo,"painting service, painting company - Texas",https://app.apollo.io/#/organizations/67275ea062f46c0001c87d3d?overrideScoreId=score,
PRO PTG INC,http://www.propaintingonline.com,,,Richardson,Texas,,,,,apollo,"painting service, painting company - Texas",https://app.apollo.io/#/organizations/54a11fe269702d9d7ee30102?overrideScoreId=score,
Slater Painting Company Inc,http://www.slaterpainting.com,,,Austin,Texas,,,,,apollo,"painting service, painting company - Texas",https://app.apollo.io/#/organizations/5d0a2b4fa3ae61e1332c21d3?overrideScoreId=score,12.7M
Houston Texas Painters,http://www.houstontexaspainters.com,,,Houston,Texas,,,,,apollo,"painting service, painting company - Texas",https://app.apollo.io/#/organizations/5e570413913acc00010637c9?overrideScoreId=score,
LIME Painting of San Antonio,,,,San Antonio,Texas,,,,,apollo,"painting service, painting company - Texas",https://app.apollo.io/#/organizations/64a25cbfc07d60000138284b?overrideScoreId=score,
Advanced Painting Service,http://www.advancedpaint.com,,,North Richland Hills,Texas,,,,,apollo,"painting service, painting company - Texas",https://app.apollo.io/#/organizations/54a1a91c74686945fa369705?overrideScoreId=score,9.7M
1+Multi,http://www.1plusmulti.com,,,Houston,Texas,,,,,apollo,"painting service, painting company - Texas",https://app.apollo.io/#/organizations/6161b1da28ecc30001beb80a?overrideScoreId=score,
Paper Moon Painting,http://www.papermoonpainting.com,,,San Antonio,Texas,,,,,apollo,"painting service, painting company - Texas",https://app.apollo.io/#/organizations/5fca250562cea0000187b751?overrideScoreId=score,
Texas Painting Company,http://www.repaintingtexas.com,,,Austin,Texas,,,,,apollo,"painting service, painting company - Texas",https://app.apollo.io/#/organizations/54a1354569702d36c962bd00?overrideScoreId=score,
Annie Admin,http://www.annieadmin.com,,,Keller,Texas,,,,,apollo,"painting service, painting company - Texas",https://app.apollo.io/#/organizations/5e55ab126fcac5000117b33b?overrideScoreId=score,
Hendrick Painting,http://www.hendrickpainting.com,,,San Antonio,Texas,,,,,apollo,"painting service, painting company - Texas",https://app.apollo.io/#/organizations/5e5787b29c01df00011f1d74?overrideScoreId=score,
Brazos Painting Company,,,,Granbury,Texas,,,,,apollo,"painting service, painting company - Texas",https://app.apollo.io/#/organizations/6450aed2ec04a40001b88649?overrideScoreId=score,
Southern Painting – North Dallas | Plano/Allen/McKinney,,,,Plano,Texas,,,,,apollo,"painting service, painting company - Texas",https://app.apollo.io/#/organizations/56da0666f3e5bb706c0010bb?overrideScoreId=score,
JSL Painting Company,http://www.jslpaintingcompany.com,,,Houston,Texas,,,,,apollo,"painting service, painting company - Texas",https://app.apollo.io/#/organizations/640d94bb4da0ed00017ded8e?overrideScoreId=score,
Lopez Painting Company,http://www.jlopezpaintandfinish.com,,,Temple,Texas,,,,,apollo,"painting service, painting company - Texas",https://app.apollo.io/#/organizations/5500b0ce7369642db6c41200?overrideScoreId=score,
Ruiz Painting Service,,,,Mesquite,Texas,,,,,apollo,"painting service, painting company - Texas",https://app.apollo.io/#/organizations/5592101b7369641881014800?overrideScoreId=score,
Scott Derr Painting Company,http://www.scottderr.com,,,Friendswood,Texas,,,,,apollo,"painting service, painting company - Texas",https://app.apollo.io/#/organizations/57c49046a6da981605b35619?overrideScoreId=score,32.1M
Tri-Mex Commercial Painting Company,http://www.trimexcommercial.com,,,Corpus Christi,Texas,,,,,apollo,"painting service, painting company - Texas",https://app.apollo.io/#/organizations/63d4ca7a9633ed00013ac688?overrideScoreId=score,
Platinum Painting,http://www.platinumpainting.com,,,Keller,Texas,,,,,apollo,"painting service, painting company - Texas",https://app.apollo.io/#/organizations/5e57d403108ba90001fa63f7?overrideScoreId=score,33.6M
Curly and Daisy,http://www.curlyanddaisy.com,,,Houston,Texas,,,,,apollo,"painting service, painting company - Texas",https://app.apollo.io/#/organizations/66ee53c2584ea2000148098c?overrideScoreId=score,
Specialized Painting Service,,,,Houston,Texas,,,,,apollo,"painting service, painting company - Texas",https://app.apollo.io/#/organizations/66de0cf84bbff90001020a90?overrideScoreId=score,
'Ohana Painting Company,http://www.ohanaconstruction.com,,,Austin,Texas,,,,,apollo,"painting service, painting company - Texas",https://app.apollo.io/#/organizations/65b5d003200782000119c3cd?overrideScoreId=score,
Jsr Painting Company,http://www.jsrpainting.com,,,Fort Worth,Texas,,,,,apollo,"painting service, painting company - Texas",https://app.apollo.io/#/organizations/688ae869b799070001fcb081?overrideScoreId=score,
Just Paint It! Painting Company,http://www.justpaintitpaintingcompany.com,,,Magnolia,Texas,,,,,apollo,"painting service, painting company - Texas",https://app.apollo.io/#/organizations/66e67b2a3ce0e4000168e737?overrideScoreId=score,
Bratcher Painting Company,http://www.bratcherpainting.com,,,Georgetown,Texas,,,,,apollo,"painting service, painting company - Texas",https://app.apollo.io/#/organizations/66e6c7b76f45cf0001f355b5?overrideScoreId=score,
Ngansequitur LLC,http://www.ngansequitur.com,,,Austin,Texas,,,,,apollo,"painting service, painting company - Texas",https://app.apollo.io/#/organizations/66373da066f42f000148c8d5?overrideScoreId=score,
Southern Painting - San Antonio West,http://www.southernpainting.com,,,Fair Oaks Ranch,Texas,,,,,apollo,"painting service, painting company - Texas",https://app.apollo.io/#/organizations/670ba055132fcc000109934c?overrideScoreId=score,
Pedro Hernandez Painting Company,http://www.dallaspainteranddrywallrepair.com,,,Dallas,Texas,,,,,apollo,"painting service, painting company - Texas",https://app.apollo.io/#/organizations/66f66c48592db1000103c7e7?overrideScoreId=score,
Alsobrook Painting Company,http://www.alsobrookpainting.com,,,Dallas,Texas,,,,,apollo,"painting service, painting company - Texas",https://app.apollo.io/#/organizations/674d7f096eb63a00010606dd?overrideScoreId=score,
"Old World Painting Company, Inc.",http://www.owpainting.com,,,Old World Painting Company,Inc.,,,,,apollo,"painting service, painting company - Inc.",https://app.apollo.io/#/organizations/66eee4d512ef530001f4bfa2?overrideScoreId=score,
The Greater Texas Painting Company,http://www.thegtpco.com,,,Houston,Texas,,,,,apollo,"painting service, painting company - Texas",https://app.apollo.io/#/organizations/67de29ae32bb170001c76d42?overrideScoreId=score,
Tito Perez Painting Company,http://www.titoperezpaintingcompany.com,,,Sugar Land,Texas,,,,,apollo,"painting service, painting company - Texas",https://app.apollo.io/#/organizations/67346be252ecbc0001475c4b?overrideScoreId=score,
"A BETTER PAINTING SERVICE, INC.",http://www.abetterpaintingservice.com,,,Houston,Texas,,,,,apollo,"painting service, painting company - Texas",https://app.apollo.io/#/organizations/6738ee546e4ecf00014873c2?overrideScoreId=score,43.3M
Choice Painting Service,http://www.choicepaintingservice.com,,,Keller,Texas,,,,,apollo,"painting service, painting company - Texas",https://app.apollo.io/#/organizations/673d663ece8aa600015291b8?overrideScoreId=score,
Affordable Painting Service,http://www.affordablepaintingsa.com,,,San Antonio,Texas,,,,,apollo,"painting service, painting company - Texas",https://app.apollo.io/#/organizations/672b34c900f39900019ca797?overrideScoreId=score,
LYF Painting Service,http://www.lyf-painting-service.com,,,Richmond,Texas,,,,,apollo,"painting service, painting company - Texas",https://app.apollo.io/#/organizations/66e56c813b116900019d09ec?overrideScoreId=score,9.8M
Rick’s Painting Service,http://www.rickspaintingservice.com,,,Harker Heights,Texas,,,,,apollo,"painting service, painting company - Texas",https://app.apollo.io/#/organizations/66e6bc1bedcdbd000164ec12?overrideScoreId=score,
Jb-painting service,http://www.jb-paintingservice.net,,,Longview,Texas,,,,,apollo,"painting service, painting company - Texas",https://app.apollo.io/#/organizations/67af0b2c14bbc2001baec68b?overrideScoreId=score,
Joice Painting Company,http://www.joicepaintingcompany.com,,,Coldspring,Texas,,,,,apollo,"painting service, painting company - Texas",https://app.apollo.io/#/organizations/6736cde505c5030001e45de5?overrideScoreId=score,
GA Meza Painting Service,http://www.paintingcontractorarlington.com,,,Arlington,Texas,,,,,apollo,"painting service, painting company - Texas",https://app.apollo.io/#/organizations/67038ccc3ed40200016c7c7c?overrideScoreId=score,
Dallas Commercial Painting Service,http://www.dallascommercialpaintingservice.com,,,Dallas,Texas,,,,,apollo,"painting service, painting company - Texas",https://app.apollo.io/#/organizations/674c27dc8439970001d8bc5b?overrideScoreId=score,
"Palmer Painting Company, Inc",http://www.palmerpaintinginc.com,,,Palmer Painting Company,Inc,,,,,apollo,"painting service, painting company - Inc",https://app.apollo.io/#/organizations/5fd19ca24822630001362b3a?overrideScoreId=score,19.5M
Petersen Painting,http://www.petersenpainting.net,,,Lehi,Utah,,,,,apollo,"painting service, painting company - Utah",https://app.apollo.io/#/organizations/674bc3f1a7e4e50001a21112?overrideScoreId=score,11M
LIME Painting of Salt Lake,http://www.limepaintingofsaltlake.com,,,Draper,Utah,,,,,apollo,"painting service, painting company - Utah",https://app.apollo.io/#/organizations/614d6d7a8e3fae00017e6fb7?overrideScoreId=score,
Fred Marshall Painting,http://www.fredmarshallpainting.com,,,Park City,Utah,,,,,apollo,"painting service, painting company - Utah",https://app.apollo.io/#/organizations/54a1289f69702db878300a01?overrideScoreId=score,
VT Painting Company,http://www.vtpaintingcompany.com,,,South Burlington,Vermont,,,,,apollo,"painting service, painting company - Vermont",https://app.apollo.io/#/organizations/6727d5e962f46c0001cd6baa?overrideScoreId=score,
Murray Painting,http://www.murraypaint.net,,,Richmond,Virginia,,,,,apollo,"painting service, painting company - Virginia",https://app.apollo.io/#/organizations/60b2503f7ea2d90001ba6f87?overrideScoreId=score,
D&V Autobody,http://www.dandvautobody.com,,,Sterling,Virginia,,,,,apollo,"painting service, painting company - Virginia",https://app.apollo.io/#/organizations/56e743dcf3e5bb791a00abe7?overrideScoreId=score,
Moving is Easy,http://www.itiseasy.com,,,Chantilly,Virginia,,,,,apollo,"painting service, painting company - Virginia",https://app.apollo.io/#/organizations/57c48b6ca6da981591908b61?overrideScoreId=score,
Rainbow Painting Service,http://www.rainbowpaintingservices.com,,,Fredericksburg,Virginia,,,,,apollo,"painting service, painting company - Virginia",https://app.apollo.io/#/organizations/674d843b3471db000134278c?overrideScoreId=score,
Handy Manny's Painting,http://www.handymannyspainting.com,,,Arlington,Virginia,,,,,apollo,"painting service, painting company - Virginia",https://app.apollo.io/#/organizations/63baeb31941ae80001f789b8?overrideScoreId=score,
CG Painting Company LLC,,,,Chester,Virginia,,,,,apollo,"painting service, painting company - Virginia",https://app.apollo.io/#/organizations/645c9bf3b0b88900010dc68b?overrideScoreId=score,
CRESCENT PAINTING COMPANY,http://www.crescentpainting.com,,,Fredericksburg,Virginia,,,,,apollo,"painting service, painting company - Virginia",https://app.apollo.io/#/organizations/5fd1ba714ca858000170db91?overrideScoreId=score,18.9M
Johnsons Painting Service,http://www.johnsonpainting.com,,,Portsmouth,Virginia,,,,,apollo,"painting service, painting company - Virginia",https://app.apollo.io/#/organizations/66fb7ad19c314d0001316c3a?overrideScoreId=score,27.2M
James River Painting Company,,,,Richmond,Virginia,,,,,apollo,"painting service, painting company - Virginia",https://app.apollo.io/#/organizations/66dcaf264bbff90001fc0938?overrideScoreId=score,
Action Painting Service,http://www.actionpaintingservice.com,,,Newport News,Virginia,,,,,apollo,"painting service, painting company - Virginia",https://app.apollo.io/#/organizations/66e642b090eedb000145c9c1?overrideScoreId=score,
CD Painting Service,http://www.cdpaintingonline.com,,,Falls Church,Virginia,,,,,apollo,"painting service, painting company - Virginia",https://app.apollo.io/#/organizations/6709fd9c0c9f68000193f515?overrideScoreId=score,
Monolith Painting Company,http://www.bluemontpaintingcontractor.com,,,Bluemont,Virginia,,,,,apollo,"painting service, painting company - Virginia",https://app.apollo.io/#/organizations/674fd754112bea00013895ef?overrideScoreId=score,
Friendly Painting & Contracting Inc.,http://www.friendly-painting-contracting.com,,,Annandale,Virginia,,,,,apollo,"painting service, painting company - Virginia",https://app.apollo.io/#/organizations/66ea2e657a108d01b2aad83c?overrideScoreId=score,
"Rochester Painting Company, LLC.",http://www.rochesterpaintingco.com,,,Broadway,Virginia,,,,,apollo,"painting service, painting company - Virginia",https://app.apollo.io/#/organizations/67ee577356a013000d133d75?overrideScoreId=score,
M & M Drywall And Painting Company,http://www.mandmdrywallandpaintingco.com,,,Lynchburg,Virginia,,,,,apollo,"painting service, painting company - Virginia",https://app.apollo.io/#/organizations/6708cb94a60fce0001db9c78?overrideScoreId=score,
Superior Pressure Washing & Painting Company,http://www.superiorpnp.com,,,Virginia Beach,Virginia,,,,,apollo,"painting service, painting company - Virginia",https://app.apollo.io/#/organizations/6700c531906fe40001be0baa?overrideScoreId=score,
Total Painting Service,http://www.totalpaintingservice.com,,,Fairfax,Virginia,,,,,apollo,"painting service, painting company - Virginia",https://app.apollo.io/#/organizations/55eb96c0f3e5bb237900060b?overrideScoreId=score,
Edwin Painting Company,http://www.edwinpainting.com,,,South Riding,Virginia,,,,,apollo,"painting service, painting company - Virginia",https://app.apollo.io/#/organizations/6715ce353721b20001d5bb40?overrideScoreId=score,
Rtr Painting & Service Inc,http://www.rtrpainting.com,,,Virginia Beach,Virginia,,,,,apollo,"painting service, painting company - Virginia",https://app.apollo.io/#/organizations/67d8e721219d1600015bf656?overrideScoreId=score,
T.R. YOUNG PAINTING COMPANY,http://www.tryoungservices.com,,,Fairfax,Virginia,,,,,apollo,"painting service, painting company - Virginia",https://app.apollo.io/#/organizations/6714b19de73ec000013d12c4?overrideScoreId=score,
Wade Bros Painting Company,http://www.wadebrospainting.com,,,Virginia Beach,Virginia,,,,,apollo,"painting service, painting company - Virginia",https://app.apollo.io/#/organizations/66de9b5f154ebe00017a5430?overrideScoreId=score,
Broad Run Painting Company LLC,http://www.brpcs.com,,,Sterling,Virginia,,,,,apollo,"painting service, painting company - Virginia",https://app.apollo.io/#/organizations/66e77afecdedb40001045ce5?overrideScoreId=score,
Richland Painting Company,http://www.richlandpainting.com,,,Richland,Washington,,,,,apollo,"painting service, painting company - Washington",https://app.apollo.io/#/organizations/66e91c07752645000180a407?overrideScoreId=score,
"Krippner, Inc",http://www.krippnerpainting.com,,,Krippner,Inc,,,,,apollo,"painting service, painting company - Inc",https://app.apollo.io/#/organizations/54a23c6d7468693fda188718?overrideScoreId=score,
Tacoma House Painters,http://www.tacomahousepainter.com,,,Tacoma,Washington,,,,,apollo,"painting service, painting company - Washington",https://app.apollo.io/#/organizations/64172457e4fdbb0001daa276?overrideScoreId=score,
Arclight Painting,http://www.arclightpainting.com,,,Bothell,Washington,,,,,apollo,"painting service, painting company - Washington",https://app.apollo.io/#/organizations/63b6b8dde0b7a10001280461?overrideScoreId=score,
"JT Painting Company, LLC",http://www.jtpaintingcompany.com,,,Tumwater,Washington,,,,,apollo,"painting service, painting company - Washington",https://app.apollo.io/#/organizations/5e583f5dc2f6da0001412716?overrideScoreId=score,
Olympia Painting Company,http://www.olympiapaintingco.com,,,Olympia,Washington,,,,,apollo,"painting service, painting company - Washington",https://app.apollo.io/#/organizations/556ce2f173696412580d4300?overrideScoreId=score,446K
Tinney's Painting,http://www.tinneyspainting.com,,,Puyallup,Washington,,,,,apollo,"painting service, painting company - Washington",https://app.apollo.io/#/organizations/615bfaec6820570001919630?overrideScoreId=score,
FITZ PAINTING,http://www.fitzpainting.net,,,Kent,Washington,,,,,apollo,"painting service, painting company - Washington",https://app.apollo.io/#/organizations/6452372559851d000129772d?overrideScoreId=score,
"Pro Paints, LLC | Painting Company",http://www.propaintsnw.com,,,Spokane,Washington,,,,,apollo,"painting service, painting company - Washington",https://app.apollo.io/#/organizations/6509191eb300a600017c7061?overrideScoreId=score,
Vanhousing Painters LLC,http://www.vanhousingpainters.com,,,Covington,Washington,,,,,apollo,"painting service, painting company - Washington",https://app.apollo.io/#/organizations/67df7de01db03600206acb3a?overrideScoreId=score,
"D.W. Hutchinson, Builders        and Kiss of Kolor Painting",http://www.kissofkolorpainting.com,,,Renton,Washington,,,,,apollo,"painting service, painting company - Washington",https://app.apollo.io/#/organizations/64f70955dff1750001164af9?overrideScoreId=score,
PREMIUM VALLEY PAINTING LLC,http://www.premiumvalleypainting.com,,,Kent,Washington,,,,,apollo,"painting service, painting company - Washington",https://app.apollo.io/#/organizations/6377442f6e60e00001fdbc00?overrideScoreId=score,
Capitol Painting Company,http://www.capitolpaintingcompany.com,,,Tumwater,Washington,,,,,apollo,"painting service, painting company - Washington",https://app.apollo.io/#/organizations/5ed17f1dbeff4a0001cf5b30?overrideScoreId=score,
Johns Painting Service,http://www.johnspaintingservice.com,,,Marysville,Washington,,,,,apollo,"painting service, painting company - Washington",https://app.apollo.io/#/organizations/663f780ca07d2600016edc26?overrideScoreId=score,
Pacific Painting Company,http://www.pacpaint.com,,,Issaquah,Washington,,,,,apollo,"painting service, painting company - Washington",https://app.apollo.io/#/organizations/674b107fc0db0800013e8018?overrideScoreId=score,
CLEFT PAINTING COMPANY LLC,http://www.cleftpaintingcompany.com,,,Seattle,Washington,,,,,apollo,"painting service, painting company - Washington",https://app.apollo.io/#/organizations/6714fedfe73ec000014058db?overrideScoreId=score,
Valley Painting Service,http://www.allvalleypainting.net,,,Wenatchee,Washington,,,,,apollo,"painting service, painting company - Washington",https://app.apollo.io/#/organizations/55f7b5a1f3e5bb6a5700008d?overrideScoreId=score,
Sullivan Painting Service Inc,http://www.sullivanpaintingservice.com,,,Tacoma,Washington,,,,,apollo,"painting service, painting company - Washington",https://app.apollo.io/#/organizations/5500cb04736964609d136c00?overrideScoreId=score,
Morgan Painting Company,http://www.morganpainting.com,,,Renton,Washington,,,,,apollo,"painting service, painting company - Washington",https://app.apollo.io/#/organizations/55e81dd5f3e5bb7430000921?overrideScoreId=score,
Hess Painting Company,,,,Puyallup,Washington,,,,,apollo,"painting service, painting company - Washington",https://app.apollo.io/#/organizations/673148b58c7edd0001c5f406?overrideScoreId=score,
CeCe's Contracting - Spokane Painting Company,http://www.cecescontracting.com,,,Spokane,Washington,,,,,apollo,"painting service, painting company - Washington",https://app.apollo.io/#/organizations/688af943010e780001a29e96?overrideScoreId=score,
Emily's Painting Company LLC,http://www.emilyspaintcompany.com,,,Mill Creek,Washington,,,,,apollo,"painting service, painting company - Washington",https://app.apollo.io/#/organizations/6678f5bbd877460001400792?overrideScoreId=score,
FiveStars Painting Company,http://www.fivestarspainting.com,,,Tukwila,Washington,,,,,apollo,"painting service, painting company - Washington",https://app.apollo.io/#/organizations/66ef420ae9b82400014fe306?overrideScoreId=score,
TNR Painting Company,http://www.tnrpainting.com,,,Ocean Shores,Washington,,,,,apollo,"painting service, painting company - Washington",https://app.apollo.io/#/organizations/6703590d00a5820001b82ea6?overrideScoreId=score,
Reynolds Painting Company,http://www.reynoldspaintingco.com,,,Vancouver,Washington,,,,,apollo,"painting service, painting company - Washington",https://app.apollo.io/#/organizations/67fe3bd32c3f08000150f25e?overrideScoreId=score,
Yakima Painting Company,http://www.yakimapaintingcompany.com,,,Yakima,Washington,,,,,apollo,"painting service, painting company - Washington",https://app.apollo.io/#/organizations/66f656027a29d50001959312?overrideScoreId=score,
JRV Painting Company,http://www.jrvpainting.com,,,Edgewood,Washington,,,,,apollo,"painting service, painting company - Washington",https://app.apollo.io/#/organizations/6709045224a5050001e190d9?overrideScoreId=score,
Fairlane Painting Company,http://www.fairlanepainting.com,,,Tacoma,Washington,,,,,apollo,"painting service, painting company - Washington",https://app.apollo.io/#/organizations/674cade6a3c1bb00010d1ec3?overrideScoreId=score,
Enumclaw Painting Company,http://www.enumclawpainting.com,,,Enumclaw,Washington,,,,,apollo,"painting service, painting company - Washington",https://app.apollo.io/#/organizations/670203d1c369df000169f923?overrideScoreId=score,26.8M
Enumclaw Painting Company,http://www.chinookll.org,,,Enumclaw,Washington,,,,,apollo,"painting service, painting company - Washington",https://app.apollo.io/#/organizations/5fd1b14c275ffa0001bc2ebb?overrideScoreId=score,24.4M
Moon Painting Service & Finishes,http://www.moonpaintingsvc.com,,,West Richland,Washington,,,,,apollo,"painting service, painting company - Washington",https://app.apollo.io/#/organizations/66e944b1c688060001011c4b?overrideScoreId=score,
North Sound Painting Company,http://www.northsoundpainting.com,,,Brier,Washington,,,,,apollo,"painting service, painting company - Washington",https://app.apollo.io/#/organizations/674b06712d0fc7000186e9ac?overrideScoreId=score,
"HATTON PAINTING COMPANY, L.L.C.",http://www.hattonpainting.com,,,Bellingham,Washington,,,,,apollo,"painting service, painting company - Washington",https://app.apollo.io/#/organizations/670a7074020ff30001315c10?overrideScoreId=score,
BIBBY PAINTING COMPANY INC,http://www.housepaintertacomawa.com,,,University Place,Washington,,,,,apollo,"painting service, painting company - Washington",https://app.apollo.io/#/organizations/6727079b0b702b00014fd412?overrideScoreId=score,
The Paint Machine Painting Company,http://www.thepaintmachine.com,,,Shelton,Washington,,,,,apollo,"painting service, painting company - Washington",https://app.apollo.io/#/organizations/68950dd0de3f340001af125e?overrideScoreId=score,6.8M
Pro Painter USA-North Shore,,,,Wauwatosa,Wisconsin,,,,,apollo,"painting service, painting company - Wisconsin",https://app.apollo.io/#/organizations/67d8f250985ee000012f5abb?overrideScoreId=score,
Ambrick Painting Company Inc.,http://www.ambrickpaintingcompany.com,,,Greenfield,Wisconsin,,,,,apollo,"painting service, painting company - Wisconsin",https://app.apollo.io/#/organizations/54a11ec169702d77c2a8a501?overrideScoreId=score,
New Life Painting WI,http://www.newlifepaintingwi.com,,,Madison,Wisconsin,,,,,apollo,"painting service, painting company - Wisconsin",https://app.apollo.io/#/organizations/62a62d5028951700f75baa55?overrideScoreId=score,
Carls Painting Service,http://www.carls-painting.com,,,Hubertus,Wisconsin,,,,,apollo,"painting service, painting company - Wisconsin",https://app.apollo.io/#/organizations/670156942fa6a60001441819?overrideScoreId=score,
STATE PAINTING COMPANY,http://www.st8ptg.com,,,West Allis,Wisconsin,,,,,apollo,"painting service, painting company - Wisconsin",https://app.apollo.io/#/organizations/66e90c9eba65b70001413cb8?overrideScoreId=score,
Bills Painting Service,http://www.billspaintingllc.com,,,Eagle River,Wisconsin,,,,,apollo,"painting service, painting company - Wisconsin",https://app.apollo.io/#/organizations/68c51d2d268e4700016bdbdb?overrideScoreId=score,31.4M
Atlas Painting Company,http://www.atlas-painting.com,,,Madison,Wisconsin,,,,,apollo,"painting service, painting company - Wisconsin",https://app.apollo.io/#/organizations/5d0a3f33a3ae61089773edc7?overrideScoreId=score,
Best Painting Service LLC,,,,Madison,Wisconsin,,,,,apollo,"painting service, painting company - Wisconsin",https://app.apollo.io/#/organizations/66ebaf660c42ba0001177d47?overrideScoreId=score,
SDS PAINTING COMPANY - COMMERCIAL CONTRACTOR,http://www.sdspaintingcompany.com,,,Stevens Point,Wisconsin,,,,,apollo,"painting service, painting company - Wisconsin",https://app.apollo.io/#/organizations/67159979ad0eb40001abe048?overrideScoreId=score,
T J’s Painting Service,http://www.tjspaintingservice.com,,,Lyndon Station,Wisconsin,,,,,apollo,"painting service, painting company - Wisconsin",https://app.apollo.io/#/organizations/67390c2aaad7d5000114aaa3?overrideScoreId=score,
Signature Painting Service LLC,http://www.signaturepainting.biz,,,Green Bay,Wisconsin,,,,,apollo,"painting service, painting company - Wisconsin",https://app.apollo.io/#/organizations/672afa52e9b38b0001fe708c?overrideScoreId=score,
"Eagle Painting Company, Llc",http://www.osbornmaine.org,,,Eagle Painting Company,Llc,,,,,apollo,"painting service, painting company - Llc",https://app.apollo.io/#/organizations/5fd1af1f4f331d0001fecf12?overrideScoreId=score,33M
Superior Werk Painting Company,http://www.superiorwerkpainting.com,,,Deerfield,Wisconsin,,,,,apollo,"painting service, painting company - Wisconsin",https://app.apollo.io/#/organizations/672484256dfe63000126fe50?overrideScoreId=score,
Pavement Markings LLC,http://www.sheridanpavementmarkings.com,,,Sheridan,Wyoming,,,,,apollo,"painting service, painting company - Wyoming",https://app.apollo.io/#/organizations/5da3ee217e5db600018e0b45?overrideScoreId=score,
Western View Painting LLC,http://www.westernviewpainting.com,,,Laramie,Wyoming,,,,,apollo,"painting service, painting company - Wyoming",https://app.apollo.io/#/organizations/62a5d7f2f095a700a325ffe1?overrideScoreId=score,
