id,name,website,normalized_domain,industry,location,size_category,source_list,method,fallback_used,first_seen,last_seen,phone,address,address_street,address_city,address_state,address_postal_code,rating,reviews_count,categories,yp_listing_url,hours_text,email
1,Unity Painting Company,http://www.unitypaintingco.com,unitypaintingco.com,"painting service, painting company",,1,"[""apollo""]",,,2025-10-22T04:25:57.255Z,2025-10-22T04:28:31.374Z,,,,Richardson,Texas,,,,,https://app.apollo.io/#/organizations/6749a12aea538400012415fc?overrideScoreId=score,,
2,A&K Painting Company,http://www.akpainting.com,akpainting.com,"painting service, painting company",,120,"[""apollo""]",,,2025-10-22T04:25:57.260Z,2025-10-22T04:28:31.375Z,,,,Charlotte,North Carolina,,,,,https://app.apollo.io/#/organizations/54a11eb469702d77c29b9b01?overrideScoreId=score,,
3,Arizona Painting Company,http://www.arizonapaintingcompany.com,arizonapaintingcompany.com,"painting service, painting company",,65,"[""apollo""]",,,2025-10-22T04:25:57.261Z,2025-10-22T04:28:31.375Z,,,,Chandler,Arizona,,,,,https://app.apollo.io/#/organizations/55696f187369642529bb2b00?overrideScoreId=score,,
4,CertaPro Painters,http://www.certapro.com,certapro.com,"painting service, painting company",,,"[""apollo""]",,,2025-10-22T04:25:57.261Z,2025-10-22T04:28:31.375Z,,,,Norristown,Pennsylvania,,,,,https://app.apollo.io/#/organizations/54a1281a69702db87870bb00?overrideScoreId=score,,
5,Long Painting Company,http://www.longpainting.com,longpainting.com,"painting service, painting company",,120,"[""apollo""]",,,2025-10-22T04:25:57.261Z,2025-10-22T04:28:31.375Z,,,,Kent,Washington,,,,,https://app.apollo.io/#/organizations/54a1206969702d8aa13d4102?overrideScoreId=score,,
6,Coyles Painting,http://www.coylespainting.com,coylespainting.com,"painting service, painting company",,18,"[""apollo""]",,,2025-10-22T04:25:57.261Z,2025-10-22T04:28:31.376Z,,,,Mesa,Arizona,,,,,https://app.apollo.io/#/organizations/5592306f736964191ec1bd00?overrideScoreId=score,,
7,Fresh Coat Painters,http://www.freshcoatpainters.com,freshcoatpainters.com,"painting service, painting company",,340,"[""apollo""]",,,2025-10-22T04:25:57.261Z,2025-10-22T04:28:31.376Z,,,,Cincinnati,Ohio,,,,,https://app.apollo.io/#/organizations/5f7619fc0a4884008dd1d059?overrideScoreId=score,,
8,Vivax Pros,http://www.vivaxpros.com,vivaxpros.com,"painting service, painting company",,350,"[""apollo""]",,,2025-10-22T04:25:57.261Z,2025-10-22T04:28:31.376Z,,,,Denver,Colorado,,,,,https://app.apollo.io/#/organizations/5da448f510ef7e00014d4a1a?overrideScoreId=score,,
9,Zack Painting Company,http://www.zackpainting.com,zackpainting.com,"painting service, painting company",,54,"[""apollo""]",,,2025-10-22T04:25:57.261Z,2025-10-22T04:28:31.376Z,,,,Woodbridge Township,New Jersey,,,,,https://app.apollo.io/#/organizations/5500c3da73696460fc534900?overrideScoreId=score,,
10,Painter Bros,http://www.painterbros.com,painterbros.com,"painting service, painting company",,190,"[""apollo""]",,,2025-10-22T04:25:57.261Z,2025-10-22T04:28:31.376Z,,,,American Fork,Utah,,,,,https://app.apollo.io/#/organizations/60f648f7c0fda10001b16b6f?overrideScoreId=score,,
11,AG Williams Painting Company,http://www.agwilliamspainting.com,agwilliamspainting.com,"painting service, painting company",,33,"[""apollo""]",,,2025-10-22T04:25:57.261Z,2025-10-22T04:28:31.377Z,,,,,,,,,,https://app.apollo.io/#/organizations/54a26f6a74686930c279b422?overrideScoreId=score,,
12,Imprūv Painting & Contracting,http://www.impruvpainting.com,impruvpainting.com,"painting service, painting company",,3,"[""apollo""]",,,2025-10-22T04:25:57.262Z,2025-10-22T04:28:31.377Z,,,,Columbus,Ohio,,,,,https://app.apollo.io/#/organizations/63d5725c4b6606000119cffe?overrideScoreId=score,,
13,Penington Painting Company,http://www.teamppc.com,teamppc.com,"painting service, painting company",,45,"[""apollo""]",,,2025-10-22T04:25:57.262Z,2025-10-22T04:28:31.377Z,,,,Chandler,Arizona,,,,,https://app.apollo.io/#/organizations/66e5e8f4d82df900011d66ba?overrideScoreId=score,,
14,Meyer Painting Company,http://www.meyerpaintingco.com,meyerpaintingco.com,"painting service, painting company",,8,"[""apollo""]",,,2025-10-22T04:25:57.262Z,2025-10-22T04:28:31.377Z,,,,Eureka,Missouri,,,,,https://app.apollo.io/#/organizations/5d09bd3df651259ad0d8fad5?overrideScoreId=score,,
15,Kennewick Painting Company,http://www.kennewickpainting.com,kennewickpainting.com,"painting service, painting company",,,"[""apollo""]",,,2025-10-22T04:25:57.262Z,2025-10-22T04:28:31.378Z,,,,Kennewick,Washington,,,,,https://app.apollo.io/#/organizations/61ad51696629d0000157b61a?overrideScoreId=score,,
16,The Ohio Painting Company,http://www.ohiopainting.com,ohiopainting.com,"painting service, painting company",,11,"[""apollo""]",,,2025-10-22T04:25:57.262Z,2025-10-22T04:28:31.378Z,,,,Miamisburg,Ohio,,,,,https://app.apollo.io/#/organizations/56d522f0f3e5bb43e20013e2?overrideScoreId=score,,
17,Epic Painting Company,http://www.epicpaintingco.com,epicpaintingco.com,"painting service, painting company",,7,"[""apollo""]",,,2025-10-22T04:25:57.262Z,2025-10-22T04:28:31.378Z,,,,Fairfax,Virginia,,,,,https://app.apollo.io/#/organizations/6638b731c948a3000163602b?overrideScoreId=score,,
18,"A Step Above Painting, LLC.",http://www.asapsrq.com,asapsrq.com,"painting service, painting company",,5,"[""apollo""]",,,2025-10-22T04:25:57.262Z,2025-10-22T04:28:31.378Z,,,,Sarasota,Florida,,,,,https://app.apollo.io/#/organizations/5ed33ab4a137530001916c83?overrideScoreId=score,,
19,Coeur d'Alene Painting Company,http://www.coeurdalenepainter.com,coeurdalenepainter.com,"painting service, painting company",,5,"[""apollo""]",,,2025-10-22T04:25:57.262Z,2025-10-22T04:28:31.378Z,,,,Coeur d'Alene,Idaho,,,,,https://app.apollo.io/#/organizations/6547d31911b8240001ee5c45?overrideScoreId=score,,
20,CertaPro Painters of Mountainside,,,"painting service, painting company",,4,"[""apollo""]",,,2025-10-22T04:25:57.263Z,2025-10-22T04:28:31.379Z,,,,Mountainside,New Jersey,,,,,https://app.apollo.io/#/organizations/63c6e0b9aafff100e550f040?overrideScoreId=score,,
21,Two Dudes Painting Company,http://www.twodudes.com,twodudes.com,"painting service, painting company",,36,"[""apollo""]",,,2025-10-22T04:25:57.263Z,2025-10-22T04:28:31.379Z,,,,Lancaster,Pennsylvania,,,,,https://app.apollo.io/#/organizations/54a1392669702de5b3a11500?overrideScoreId=score,,
22,Atlanta Painting Company,http://www.atlantapaintingcompany.com,atlantapaintingcompany.com,"painting service, painting company",,29,"[""apollo""]",,,2025-10-22T04:25:57.263Z,2025-10-22T04:28:31.379Z,,,,Roswell,Georgia,,,,,https://app.apollo.io/#/organizations/54a1a396746869586099fb03?overrideScoreId=score,,
23,Fargo Painting Company,http://www.fargopaintingpros.com,fargopaintingpros.com,"painting service, painting company",,1,"[""apollo""]",,,2025-10-22T04:25:57.263Z,2025-10-22T04:28:31.379Z,,,,Fargo,North Dakota,,,,,https://app.apollo.io/#/organizations/61ad4ea75370c80001e34fb6?overrideScoreId=score,,
24,National Coatings,http://www.nationalcoatingsinc.com,nationalcoatingsinc.com,"painting service, painting company",,82,"[""apollo""]",,,2025-10-22T04:25:57.263Z,2025-10-22T04:28:31.380Z,,,,Raleigh,North Carolina,,,,,https://app.apollo.io/#/organizations/5da3bdf63580cb00014e8c7b?overrideScoreId=score,,
25,Denver Painting Service Company,http://www.denverpaintingservicecompany.com,denverpaintingservicecompany.com,"painting service, painting company",,,"[""apollo""]",,,2025-10-22T04:25:57.263Z,2025-10-22T04:28:31.380Z,,,,Denver,Colorado,,,,,https://app.apollo.io/#/organizations/64b25e4c41dc870001ac33b6?overrideScoreId=score,,
26,Unity Painting Company,,,"painting service, painting company",,,"[""apollo""]",,,2025-10-22T04:25:57.263Z,2025-10-22T04:28:31.380Z,,,,,,,,,,https://app.apollo.io/#/organizations/6749a12aea538400012415fc?overrideScoreId=score,,
27,A&K Painting Company,,,"painting service, painting company",,,"[""apollo""]",,,2025-10-22T04:25:57.263Z,2025-10-22T04:28:31.380Z,,,,,,,,,,https://app.apollo.io/#/organizations/54a11eb469702d77c29b9b01?overrideScoreId=score,,
28,Arizona Painting Company,,,"painting service, painting company",,,"[""apollo""]",,,2025-10-22T04:25:57.263Z,2025-10-22T04:28:31.380Z,,,,,,,,,,https://app.apollo.io/#/organizations/55696f187369642529bb2b00?overrideScoreId=score,,
29,CertaPro Painters,,,"painting service, painting company",,,"[""apollo""]",,,2025-10-22T04:25:57.263Z,2025-10-22T04:28:31.380Z,,,,,,,,,,https://app.apollo.io/#/organizations/54a1281a69702db87870bb00?overrideScoreId=score,,
30,Long Painting Company,,,"painting service, painting company",,,"[""apollo""]",,,2025-10-22T04:25:57.263Z,2025-10-22T04:28:31.380Z,,,,,,,,,,https://app.apollo.io/#/organizations/54a1206969702d8aa13d4102?overrideScoreId=score,,
31,Coyles Painting,,,"painting service, painting company",,,"[""apollo""]",,,2025-10-22T04:25:57.264Z,2025-10-22T04:28:31.381Z,,,,,,,,,,https://app.apollo.io/#/organizations/5592306f736964191ec1bd00?overrideScoreId=score,,
32,Fresh Coat Painters,,,"painting service, painting company",,,"[""apollo""]",,,2025-10-22T04:25:57.264Z,2025-10-22T04:28:31.381Z,,,,,,,,,,https://app.apollo.io/#/organizations/5f7619fc0a4884008dd1d059?overrideScoreId=score,,
33,Vivax Pros,,,"painting service, painting company",,,"[""apollo""]",,,2025-10-22T04:25:57.264Z,2025-10-22T04:28:31.381Z,,,,,,,,,,https://app.apollo.io/#/organizations/5da448f510ef7e00014d4a1a?overrideScoreId=score,,
34,Zack Painting Company,,,"painting service, painting company",,,"[""apollo""]",,,2025-10-22T04:25:57.264Z,2025-10-22T04:28:31.381Z,,,,,,,,,,https://app.apollo.io/#/organizations/5500c3da73696460fc534900?overrideScoreId=score,,
35,Painter Bros,,,"painting service, painting company",,,"[""apollo""]",,,2025-10-22T04:25:57.264Z,2025-10-22T04:28:31.381Z,,,,,,,,,,https://app.apollo.io/#/organizations/60f648f7c0fda10001b16b6f?overrideScoreId=score,,
36,AG Williams Painting Company,,,"painting service, painting company",,,"[""apollo""]",,,2025-10-22T04:25:57.264Z,2025-10-22T04:28:31.381Z,,,,,,,,,,https://app.apollo.io/#/organizations/54a26f6a74686930c279b422?overrideScoreId=score,,
37,Imprūv Painting & Contracting,,,"painting service, painting company",,,"[""apollo""]",,,2025-10-22T04:25:57.264Z,2025-10-22T04:28:31.381Z,,,,,,,,,,https://app.apollo.io/#/organizations/63d5725c4b6606000119cffe?overrideScoreId=score,,
38,Penington Painting Company,,,"painting service, painting company",,,"[""apollo""]",,,2025-10-22T04:25:57.264Z,2025-10-22T04:28:31.382Z,,,,,,,,,,https://app.apollo.io/#/organizations/66e5e8f4d82df900011d66ba?overrideScoreId=score,,
39,Meyer Painting Company,,,"painting service, painting company",,,"[""apollo""]",,,2025-10-22T04:25:57.264Z,2025-10-22T04:28:31.382Z,,,,,,,,,,https://app.apollo.io/#/organizations/5d09bd3df651259ad0d8fad5?overrideScoreId=score,,
40,Kennewick Painting Company,,,"painting service, painting company",,,"[""apollo""]",,,2025-10-22T04:25:57.265Z,2025-10-22T04:28:31.382Z,,,,,,,,,,https://app.apollo.io/#/organizations/61ad51696629d0000157b61a?overrideScoreId=score,,
41,The Ohio Painting Company,,,"painting service, painting company",,,"[""apollo""]",,,2025-10-22T04:25:57.265Z,2025-10-22T04:28:31.382Z,,,,,,,,,,https://app.apollo.io/#/organizations/56d522f0f3e5bb43e20013e2?overrideScoreId=score,,
42,Epic Painting Company,,,"painting service, painting company",,,"[""apollo""]",,,2025-10-22T04:25:57.266Z,2025-10-22T04:28:31.382Z,,,,,,,,,,https://app.apollo.io/#/organizations/6638b731c948a3000163602b?overrideScoreId=score,,
43,"A Step Above Painting, LLC.",,,"painting service, painting company",,,"[""apollo""]",,,2025-10-22T04:25:57.266Z,2025-10-22T04:28:31.383Z,,,,,,,,,,https://app.apollo.io/#/organizations/5ed33ab4a137530001916c83?overrideScoreId=score,,
44,Coeur d'Alene Painting Company,,,"painting service, painting company",,,"[""apollo""]",,,2025-10-22T04:25:57.268Z,2025-10-22T04:28:31.383Z,,,,,,,,,,https://app.apollo.io/#/organizations/6547d31911b8240001ee5c45?overrideScoreId=score,,
45,Two Dudes Painting Company,,,"painting service, painting company",,,"[""apollo""]",,,2025-10-22T04:25:57.271Z,2025-10-22T04:28:31.384Z,,,,,,,,,,https://app.apollo.io/#/organizations/54a1392669702de5b3a11500?overrideScoreId=score,,
46,Atlanta Painting Company,,,"painting service, painting company",,,"[""apollo""]",,,2025-10-22T04:25:57.271Z,2025-10-22T04:28:31.384Z,,,,,,,,,,https://app.apollo.io/#/organizations/54a1a396746869586099fb03?overrideScoreId=score,,
47,Fargo Painting Company,,,"painting service, painting company",,,"[""apollo""]",,,2025-10-22T04:25:57.272Z,2025-10-22T04:28:31.384Z,,,,,,,,,,https://app.apollo.io/#/organizations/61ad4ea75370c80001e34fb6?overrideScoreId=score,,
48,National Coatings,,,"painting service, painting company",,,"[""apollo""]",,,2025-10-22T04:25:57.273Z,2025-10-22T04:28:31.384Z,,,,,,,,,,https://app.apollo.io/#/organizations/5da3bdf63580cb00014e8c7b?overrideScoreId=score,,
49,Denver Painting Service Company,,,"painting service, painting company",,,"[""apollo""]",,,2025-10-22T04:25:57.273Z,2025-10-22T04:28:31.384Z,,,,,,,,,,https://app.apollo.io/#/organizations/64b25e4c41dc870001ac33b6?overrideScoreId=score,,
50,Pasco Painting Company,http://www.pascopaintingcompany.com,pascopaintingcompany.com,"painting service, painting company",,4,"[""apollo""]",,,2025-10-22T04:25:57.274Z,2025-10-22T04:28:31.384Z,,,,Pasco,Washington,,,,,https://app.apollo.io/#/organizations/64604fcef221c900011b82f8?overrideScoreId=score,,
51,McCahill Painting Company,http://www.mccahillpainting.com,mccahillpainting.com,"painting service, painting company",,10,"[""apollo""]",,,2025-10-22T04:25:57.275Z,2025-10-22T04:28:31.384Z,,,,Romeoville,Illinois,,,,,https://app.apollo.io/#/organizations/54a1399169702d231fbb8000?overrideScoreId=score,,
52,Valley Painting Company,http://www.chagrinvalleypainting.com,chagrinvalleypainting.com,"painting service, painting company",,23,"[""apollo""]",,,2025-10-22T04:25:57.275Z,2025-10-22T04:28:31.384Z,,,,Chagrin Falls,Ohio,,,,,https://app.apollo.io/#/organizations/54a1295d69702dc8410c4c01?overrideScoreId=score,,
53,LIME Painting,http://www.limepainting.com,limepainting.com,"painting service, painting company",,33,"[""apollo""]",,,2025-10-22T04:25:57.276Z,2025-10-22T04:28:31.384Z,,,,Greenwood Village,Colorado,,,,,https://app.apollo.io/#/organizations/5ed1e7983b3bf900017b9fe2?overrideScoreId=score,,
54,Rapid City Painting Company,http://www.rapidcitypaintingpros.com,rapidcitypaintingpros.com,"painting service, painting company",,2,"[""apollo""]",,,2025-10-22T04:25:57.277Z,2025-10-22T04:28:31.384Z,,,,Rapid City,South Dakota,,,,,https://app.apollo.io/#/organizations/6550f7c05e86d700010cc48f?overrideScoreId=score,,
55,Pound Ridge Painting Company,http://www.poundridgepainting.com,poundridgepainting.com,"painting service, painting company",,1,"[""apollo""]",,,2025-10-22T04:25:57.277Z,2025-10-22T04:28:31.385Z,,,,Pound Ridge,New York,,,,,https://app.apollo.io/#/organizations/5fcaf532e342470001a49f5c?overrideScoreId=score,,
56,Affinity Painting Company Inc.,http://www.affinity-painting.com,affinity-painting.com,"painting service, painting company",,22,"[""apollo""]",,,2025-10-22T04:25:57.278Z,2025-10-22T04:28:31.385Z,,,,Covina,California,,,,,https://app.apollo.io/#/organizations/5da7015581f1650001b1c11f?overrideScoreId=score,,
57,Bozeman Painting Company,http://www.bozemanhousepainter.com,bozemanhousepainter.com,"painting service, painting company",,2,"[""apollo""]",,,2025-10-22T04:25:57.284Z,2025-10-22T04:28:31.385Z,,,,Bozeman,Montana,,,,,https://app.apollo.io/#/organizations/667950b3ee458f0001dbeb7e?overrideScoreId=score,,
58,Missoula Painting Company,http://www.missoulahousepainter.com,missoulahousepainter.com,"painting service, painting company",,,"[""apollo""]",,,2025-10-22T04:25:57.284Z,2025-10-22T04:28:31.385Z,,,,Missoula,Montana,,,,,https://app.apollo.io/#/organizations/666e9c2c468c780001b84fd9?overrideScoreId=score,,
59,Metro-Multi Construction & Remodeling,http://www.metromulticonstruction.com,metromulticonstruction.com,"painting service, painting company",,11,"[""apollo""]",,,2025-10-22T04:25:57.284Z,2025-10-22T04:28:31.385Z,,,,Troy,Michigan,,,,,https://app.apollo.io/#/organizations/65b93cfe5efc3601c6b06c29?overrideScoreId=score,,
60,Painting Services By Steve,http://www.paintingservicesbysteve.com,paintingservicesbysteve.com,"painting service, painting company",,21,"[""apollo""]",,,2025-10-22T04:25:57.285Z,2025-10-22T04:28:31.385Z,,,,Katy,Texas,,,,,https://app.apollo.io/#/organizations/54a13b1569702de5b3a14601?overrideScoreId=score,,
61,Ogden Painting Company,http://www.ogdenpaintingpros.com,ogdenpaintingpros.com,"painting service, painting company",,,"[""apollo""]",,,2025-10-22T04:25:57.285Z,2025-10-22T04:28:31.385Z,,,,Ogden,Utah,,,,,https://app.apollo.io/#/organizations/66f659bcbdb34f0001951a7f?overrideScoreId=score,,
62,Elk Horn Painting,http://www.elkhornpainting.com,elkhornpainting.com,"painting service, painting company",,10,"[""apollo""]",,,2025-10-22T04:25:57.285Z,2025-10-22T04:28:31.385Z,,,,Castle Rock,Colorado,,,,,https://app.apollo.io/#/organizations/5e5696bb34bf3400011688b2?overrideScoreId=score,,
63,"MB Jessee Painting, Inc.",http://www.mbjessee.com,mbjessee.com,"painting service, painting company",,25,"[""apollo""]",,,2025-10-22T04:25:57.285Z,2025-10-22T04:28:31.385Z,,,,MB Jessee Painting,Inc.,,,,,https://app.apollo.io/#/organizations/55f48969f3e5bb3aac000cca?overrideScoreId=score,,
64,E. Caligari & Son,http://www.ecaligariandson.com,ecaligariandson.com,"painting service, painting company",,29,"[""apollo""]",,,2025-10-22T04:25:57.285Z,2025-10-22T04:28:31.385Z,,,,Norfolk,Virginia,,,,,https://app.apollo.io/#/organizations/5d32b11af65125072c9d5f01?overrideScoreId=score,,
65,The Painting Company San Diego,http://www.sandiegopaintingcompany.com,sandiegopaintingcompany.com,"painting service, painting company",,7,"[""apollo""]",,,2025-10-22T04:25:57.285Z,2025-10-22T04:28:31.385Z,,,,San Diego,California,,,,,https://app.apollo.io/#/organizations/5e582db89303fe00015a92ba?overrideScoreId=score,,
66,The Painting Company,http://www.thepaintingcompany.com,thepaintingcompany.com,"painting service, painting company",,25,"[""apollo""]",,,2025-10-22T04:25:57.285Z,2025-10-22T04:28:31.385Z,,,,Plain City,Ohio,,,,,https://app.apollo.io/#/organizations/5e57a7c30c206a00016cdc51?overrideScoreId=score,,
67,"Impressions Painting Company, Inc.",http://www.impressionspaintingcompany.com,impressionspaintingcompany.com,"painting service, painting company",,6,"[""apollo""]",,,2025-10-22T04:25:57.285Z,2025-10-22T04:28:31.386Z,,,,Impressions Painting Company,Inc.,,,,,https://app.apollo.io/#/organizations/54a1391269702de5b37e0b00?overrideScoreId=score,,
68,The Painting Company,http://www.gopaintingcompany.com,gopaintingcompany.com,"painting service, painting company",,55,"[""apollo""]",,,2025-10-22T04:25:57.285Z,2025-10-22T04:28:31.386Z,,,,Bellevue,Nebraska,,,,,https://app.apollo.io/#/organizations/5e56b2f652e7ad0001f55c3b?overrideScoreId=score,,
69,PPD Painting,http://www.ppdpainting.com,ppdpainting.com,"painting service, painting company",,44,"[""apollo""]",,,2025-10-22T04:25:57.285Z,2025-10-22T04:28:31.386Z,,,,Bellwood,Illinois,,,,,https://app.apollo.io/#/organizations/54a1b93d7468694f8fbf6e0b?overrideScoreId=score,,
70,York Services LLC (Painting Contractor),http://www.naplesfloridapainters.com,naplesfloridapainters.com,"painting service, painting company",,4,"[""apollo""]",,,2025-10-22T04:25:57.285Z,2025-10-22T04:28:31.386Z,,,,Fort Myers,Florida,,,,,https://app.apollo.io/#/organizations/54a13adc69702dac84991b01?overrideScoreId=score,,
71,Smile-A-Mile Painting,http://www.smileamilepainting.com,smileamilepainting.com,"painting service, painting company",,9,"[""apollo""]",,,2025-10-22T04:25:57.285Z,2025-10-22T04:28:31.386Z,,,,Kennewick,Washington,,,,,https://app.apollo.io/#/organizations/5e57a7be7e83710001e0f38c?overrideScoreId=score,,
72,Richland Painting Company,http://www.richlandpainting.com,richlandpainting.com,"painting service, painting company",,,"[""apollo""]",,,2025-10-22T04:25:57.285Z,2025-10-22T04:28:31.386Z,,,,Richland,Washington,,,,,https://app.apollo.io/#/organizations/66e91c07752645000180a407?overrideScoreId=score,,
73,Medford Painting Company,http://www.medfordpaintingpros.com,medfordpaintingpros.com,"painting service, painting company",,,"[""apollo""]",,,2025-10-22T04:25:57.285Z,2025-10-22T04:28:31.386Z,,,,Medford,Oregon,,,,,https://app.apollo.io/#/organizations/674aceea37cb7e00018739c3?overrideScoreId=score,,
74,Pro Painter USA,http://www.propainterusa.com,propainterusa.com,"painting service, painting company",,2,"[""apollo""]",,,2025-10-22T04:25:57.285Z,2025-10-22T04:28:31.387Z,,,,Milwaukee,Wisconsin,,,,,https://app.apollo.io/#/organizations/650a98293ff3c200bc736772?overrideScoreId=score,,
75,Pasco Painting Company,,,"painting service, painting company",,,"[""apollo""]",,,2025-10-22T04:25:57.286Z,2025-10-22T04:28:31.387Z,,,,,,,,,,https://app.apollo.io/#/organizations/64604fcef221c900011b82f8?overrideScoreId=score,,
76,McCahill Painting Company,,,"painting service, painting company",,,"[""apollo""]",,,2025-10-22T04:25:57.286Z,2025-10-22T04:28:31.387Z,,,,,,,,,,https://app.apollo.io/#/organizations/54a1399169702d231fbb8000?overrideScoreId=score,,
77,Valley Painting Company,,,"painting service, painting company",,,"[""apollo""]",,,2025-10-22T04:25:57.286Z,2025-10-22T04:28:31.387Z,,,,,,,,,,https://app.apollo.io/#/organizations/54a1295d69702dc8410c4c01?overrideScoreId=score,,
78,LIME Painting,,,"painting service, painting company",,,"[""apollo""]",,,2025-10-22T04:25:57.286Z,2025-10-22T04:28:31.387Z,,,,,,,,,,https://app.apollo.io/#/organizations/5ed1e7983b3bf900017b9fe2?overrideScoreId=score,,
79,Rapid City Painting Company,,,"painting service, painting company",,,"[""apollo""]",,,2025-10-22T04:25:57.286Z,2025-10-22T04:28:31.387Z,,,,,,,,,,https://app.apollo.io/#/organizations/6550f7c05e86d700010cc48f?overrideScoreId=score,,
80,Pound Ridge Painting Company,,,"painting service, painting company",,,"[""apollo""]",,,2025-10-22T04:25:57.286Z,2025-10-22T04:28:31.387Z,,,,,,,,,,https://app.apollo.io/#/organizations/5fcaf532e342470001a49f5c?overrideScoreId=score,,
81,Affinity Painting Company Inc.,,,"painting service, painting company",,,"[""apollo""]",,,2025-10-22T04:25:57.286Z,2025-10-22T04:28:31.387Z,,,,,,,,,,https://app.apollo.io/#/organizations/5da7015581f1650001b1c11f?overrideScoreId=score,,
82,Bozeman Painting Company,,,"painting service, painting company",,,"[""apollo""]",,,2025-10-22T04:25:57.286Z,2025-10-22T04:28:31.387Z,,,,,,,,,,https://app.apollo.io/#/organizations/667950b3ee458f0001dbeb7e?overrideScoreId=score,,
83,Missoula Painting Company,,,"painting service, painting company",,,"[""apollo""]",,,2025-10-22T04:25:57.286Z,2025-10-22T04:28:31.387Z,,,,,,,,,,https://app.apollo.io/#/organizations/666e9c2c468c780001b84fd9?overrideScoreId=score,,
84,Metro-Multi Construction & Remodeling,,,"painting service, painting company",,,"[""apollo""]",,,2025-10-22T04:25:57.286Z,2025-10-22T04:28:31.388Z,,,,,,,,,,https://app.apollo.io/#/organizations/65b93cfe5efc3601c6b06c29?overrideScoreId=score,,
85,Painting Services By Steve,,,"painting service, painting company",,,"[""apollo""]",,,2025-10-22T04:25:57.286Z,2025-10-22T04:28:31.388Z,,,,,,,,,,https://app.apollo.io/#/organizations/54a13b1569702de5b3a14601?overrideScoreId=score,,
86,Ogden Painting Company,,,"painting service, painting company",,,"[""apollo""]",,,2025-10-22T04:25:57.286Z,2025-10-22T04:28:31.388Z,,,,,,,,,,https://app.apollo.io/#/organizations/66f659bcbdb34f0001951a7f?overrideScoreId=score,,
87,Elk Horn Painting,,,"painting service, painting company",,,"[""apollo""]",,,2025-10-22T04:25:57.286Z,2025-10-22T04:28:31.388Z,,,,,,,,,,https://app.apollo.io/#/organizations/5e5696bb34bf3400011688b2?overrideScoreId=score,,
88,"MB Jessee Painting, Inc.",,,"painting service, painting company",,,"[""apollo""]",,,2025-10-22T04:25:57.286Z,2025-10-22T04:28:31.388Z,,,,,,,,,,https://app.apollo.io/#/organizations/55f48969f3e5bb3aac000cca?overrideScoreId=score,,
89,E. Caligari & Son,,,"painting service, painting company",,,"[""apollo""]",,,2025-10-22T04:25:57.286Z,2025-10-22T04:28:31.388Z,,,,,,,,,,https://app.apollo.io/#/organizations/5d32b11af65125072c9d5f01?overrideScoreId=score,,
90,The Painting Company San Diego,,,"painting service, painting company",,,"[""apollo""]",,,2025-10-22T04:25:57.286Z,2025-10-22T04:28:31.388Z,,,,,,,,,,https://app.apollo.io/#/organizations/5e582db89303fe00015a92ba?overrideScoreId=score,,
91,The Painting Company,,,"painting service, painting company",,,"[""apollo""]",,,2025-10-22T04:25:57.287Z,2025-10-22T04:28:31.388Z,,,,,,,,,,https://app.apollo.io/#/organizations/5e57a7c30c206a00016cdc51?overrideScoreId=score,,
92,"Impressions Painting Company, Inc.",,,"painting service, painting company",,,"[""apollo""]",,,2025-10-22T04:25:57.287Z,2025-10-22T04:28:31.388Z,,,,,,,,,,https://app.apollo.io/#/organizations/54a1391269702de5b37e0b00?overrideScoreId=score,,
93,PPD Painting,,,"painting service, painting company",,,"[""apollo""]",,,2025-10-22T04:25:57.287Z,2025-10-22T04:28:31.388Z,,,,,,,,,,https://app.apollo.io/#/organizations/54a1b93d7468694f8fbf6e0b?overrideScoreId=score,,
94,York Services LLC (Painting Contractor),,,"painting service, painting company",,,"[""apollo""]",,,2025-10-22T04:25:57.287Z,2025-10-22T04:28:31.388Z,,,,,,,,,,https://app.apollo.io/#/organizations/54a13adc69702dac84991b01?overrideScoreId=score,,
95,Smile-A-Mile Painting,,,"painting service, painting company",,,"[""apollo""]",,,2025-10-22T04:25:57.287Z,2025-10-22T04:28:31.388Z,,,,,,,,,,https://app.apollo.io/#/organizations/5e57a7be7e83710001e0f38c?overrideScoreId=score,,
96,Richland Painting Company,,,"painting service, painting company",,,"[""apollo""]",,,2025-10-22T04:25:57.287Z,2025-10-22T04:28:31.388Z,,,,,,,,,,https://app.apollo.io/#/organizations/66e91c07752645000180a407?overrideScoreId=score,,
97,Medford Painting Company,,,"painting service, painting company",,,"[""apollo""]",,,2025-10-22T04:25:57.287Z,2025-10-22T04:28:31.388Z,,,,,,,,,,https://app.apollo.io/#/organizations/674aceea37cb7e00018739c3?overrideScoreId=score,,
98,Pro Painter USA,,,"painting service, painting company",,,"[""apollo""]",,,2025-10-22T04:25:57.287Z,2025-10-22T04:28:31.388Z,,,,,,,,,,https://app.apollo.io/#/organizations/650a98293ff3c200bc736772?overrideScoreId=score,,
99,Great Falls Painting Company,http://www.greatfallspaintingcompany.com,greatfallspaintingcompany.com,"painting service, painting company",,2,"[""apollo""]",,,2025-10-22T04:25:57.287Z,2025-10-22T04:28:31.389Z,,,,Great Falls,Montana,,,,,https://app.apollo.io/#/organizations/667be2af56655c00010b8b09?overrideScoreId=score,,
100,Majestic Painting Company Inc.,http://www.majesticpainting.net,majesticpainting.net,"painting service, painting company",,16,"[""apollo""]",,,2025-10-22T04:25:57.287Z,2025-10-22T04:28:31.389Z,,,,Aurora,Colorado,,,,,https://app.apollo.io/#/organizations/5da27da4a2de8e0001a7038c?overrideScoreId=score,,
101,Gainesville Painting Company,http://www.gainesvillepaintingcompany.com,gainesvillepaintingcompany.com,"painting service, painting company",,2,"[""apollo""]",,,2025-10-22T04:25:57.287Z,2025-10-22T04:28:31.389Z,,,,Gainesville,Florida,,,,,https://app.apollo.io/#/organizations/68483bd816a86e000d842227?overrideScoreId=score,,
102,MacKenzie Painting Company,http://www.mackenziepaintingco.com,mackenziepaintingco.com,"painting service, painting company",,14,"[""apollo""]",,,2025-10-22T04:25:57.287Z,2025-10-22T04:28:31.389Z,,,,Stratford,Connecticut,,,,,https://app.apollo.io/#/organizations/5fca04f7be1c6100014ef215?overrideScoreId=score,,
103,G & I Painting and Renovations LLC,http://www.gandipainting.com,gandipainting.com,"painting service, painting company",,3,"[""apollo""]",,,2025-10-22T04:25:57.287Z,2025-10-22T04:28:31.389Z,,,,Sterling Heights,Michigan,,,,,https://app.apollo.io/#/organizations/61ec91be0154d10001111c69?overrideScoreId=score,,
104,Midway Painting Company,http://www.midwaypaintingcompany.com,midwaypaintingcompany.com,"painting service, painting company",,13,"[""apollo""]",,,2025-10-22T04:25:57.287Z,2025-10-22T04:28:31.389Z,,,,Midway,Utah,,,,,https://app.apollo.io/#/organizations/6437c6510822f100a300cf04?overrideScoreId=score,,
105,Nashville Painting Company,http://www.nashvillepaintingcompany.com,nashvillepaintingcompany.com,"painting service, painting company",,11,"[""apollo""]",,,2025-10-22T04:25:57.287Z,2025-10-22T04:28:31.389Z,,,,Crossville,Tennessee,,,,,https://app.apollo.io/#/organizations/5fc8d824d510e800017c9d29?overrideScoreId=score,,
106,"J & J Custom Painting Company, LLC - Las Vegas, NV",http://www.j-jcustompainting.com,j-jcustompainting.com,"painting service, painting company",,4,"[""apollo""]",,,2025-10-22T04:25:57.287Z,2025-10-22T04:28:31.389Z,,,,Las Vegas,Nevada,,,,,https://app.apollo.io/#/organizations/656bef002a857200a3f4ca3a?overrideScoreId=score,,
107,Tri Cities Painting Company,http://www.eastgateorthodontics.com,eastgateorthodontics.com,"painting service, painting company",,1,"[""apollo""]",,,2025-10-22T04:25:57.287Z,2025-10-22T04:28:31.389Z,,,,Kennewick,Washington,,,,,https://app.apollo.io/#/organizations/6375ed9b997fce000197037e?overrideScoreId=score,,
108,Ryan Painting Company,http://www.ryanpaintingco.com,ryanpaintingco.com,"painting service, painting company",,12,"[""apollo""]",,,2025-10-22T04:25:57.288Z,2025-10-22T04:28:31.389Z,,,,Boston,Massachusetts,,,,,https://app.apollo.io/#/organizations/6048613d7780130001ab8647?overrideScoreId=score,,
109,Coastal Painting Company,http://www.coastalpaintingcompany.com,coastalpaintingcompany.com,"painting service, painting company",,14,"[""apollo""]",,,2025-10-22T04:25:57.288Z,2025-10-22T04:28:31.389Z,,,,Coconut Creek,Florida,,,,,https://app.apollo.io/#/organizations/5e57bee73f9e640001b633be?overrideScoreId=score,,
110,Nevada Painting Company,http://www.nevadapaintingcompany.com,nevadapaintingcompany.com,"painting service, painting company",,9,"[""apollo""]",,,2025-10-22T04:25:57.288Z,2025-10-22T04:28:31.389Z,,,,Las Vegas,Nevada,,,,,https://app.apollo.io/#/organizations/5a9dc699a6da98d96640d71d?overrideScoreId=score,,
111,Leach Painting Company,http://www.jleachpainting.com,jleachpainting.com,"painting service, painting company",,20,"[""apollo""]",,,2025-10-22T04:25:57.288Z,2025-10-22T04:28:31.390Z,,,,Fenton,Missouri,,,,,https://app.apollo.io/#/organizations/55f4e202f3e5bb16680031cb?overrideScoreId=score,,
112,"Mid South Painting, Inc.",http://www.midsouthpaintinginc.com,midsouthpaintinginc.com,"painting service, painting company",,18,"[""apollo""]",,,2025-10-22T04:25:57.288Z,2025-10-22T04:28:31.390Z,,,,Mid South Painting,Inc.,,,,,https://app.apollo.io/#/organizations/61ec11b554407500016c794f?overrideScoreId=score,,
113,The Commissioned Art Network,http://www.thecommissionedartnetwork.com,thecommissionedartnetwork.com,"painting service, painting company",,5,"[""apollo""]",,,2025-10-22T04:25:57.288Z,2025-10-22T04:28:31.390Z,,,,Flowery Branch,Georgia,,,,,https://app.apollo.io/#/organizations/5fc99ffa20a63f000163b88e?overrideScoreId=score,,
114,Adams Painting Company,http://www.adamspaintnc.com,adamspaintnc.com,"painting service, painting company",,4,"[""apollo""]",,,2025-10-22T04:25:57.288Z,2025-10-22T04:28:31.390Z,,,,Wake Forest,North Carolina,,,,,https://app.apollo.io/#/organizations/67158268d5282c00018341af?overrideScoreId=score,,
115,Finaltone Painting Company,http://www.finaltonepainting.com,finaltonepainting.com,"painting service, painting company",,9,"[""apollo""]",,,2025-10-22T04:25:57.288Z,2025-10-22T04:28:31.390Z,,,,Maple Grove,Minnesota,,,,,https://app.apollo.io/#/organizations/654896fe1dd39700017702db?overrideScoreId=score,,
116,Foothills Painting LLC,http://www.foothillspainting.co,foothillspainting.co,"painting service, painting company",,18,"[""apollo""]",,,2025-10-22T04:25:57.288Z,2025-10-22T04:28:31.390Z,,,,Fort Collins,Colorado,,,,,https://app.apollo.io/#/organizations/5d0a85b5f65125346a4e42ef?overrideScoreId=score,,
117,"Hursh Painting Co., Inc.",http://www.hurshpainting.com,hurshpainting.com,"painting service, painting company",,13,"[""apollo""]",,,2025-10-22T04:25:57.288Z,2025-10-22T04:28:31.390Z,,,,Hanover,Pennsylvania,,,,,https://app.apollo.io/#/organizations/6391f533e83992000107bd37?overrideScoreId=score,,
118,A.L.A. World Foundation,http://www.ssbipoc.org,ssbipoc.org,"painting service, painting company",,1,"[""apollo""]",,,2025-10-22T04:25:57.288Z,2025-10-22T04:28:31.390Z,,,,Seattle,Washington,,,,,https://app.apollo.io/#/organizations/650520ce2a87c600014c2d1d?overrideScoreId=score,,
119,"Evergreen Painting Co., Inc.",http://www.evergreenpaintingco.com,evergreenpaintingco.com,"painting service, painting company",,4,"[""apollo""]",,,2025-10-22T04:25:57.288Z,2025-10-22T04:28:31.390Z,,,,Eugene,Oregon,,,,,https://app.apollo.io/#/organizations/664d838f0d7dc80001f8c4d9?overrideScoreId=score,,
120,Bond Construction Inc.,http://www.bondconstructionnyc.com,bondconstructionnyc.com,"painting service, painting company",,2,"[""apollo""]",,,2025-10-22T04:25:57.288Z,2025-10-22T04:28:31.390Z,,,,New York,New York,,,,,https://app.apollo.io/#/organizations/54fca4237369647f94742400?overrideScoreId=score,,
121,365 Renovations,http://www.365renovations.com,365renovations.com,"painting service, painting company",,4,"[""apollo""]",,,2025-10-22T04:25:57.288Z,2025-10-22T04:28:31.390Z,,,,West Chester,Ohio,,,,,https://app.apollo.io/#/organizations/55f7954af3e5bb095d001303?overrideScoreId=score,,
122,Superior Painting Company,http://www.superiorpainters.com,superiorpainters.com,"painting service, painting company",,40,"[""apollo""]",,,2025-10-22T04:25:57.288Z,2025-10-22T04:28:31.390Z,,,,Red Oak,Texas,,,,,https://app.apollo.io/#/organizations/55f9384ff3e5bb22820024bb?overrideScoreId=score,,
123,Mike's Quality Painting,http://www.mikesqualitypainting.com,mikesqualitypainting.com,"painting service, painting company",,43,"[""apollo""]",,,2025-10-22T04:25:57.288Z,2025-10-22T04:28:31.390Z,,,,Albuquerque,New Mexico,,,,,https://app.apollo.io/#/organizations/5500afb27369642da1440600?overrideScoreId=score,,
124,Great Falls Painting Company,,,"painting service, painting company",,,"[""apollo""]",,,2025-10-22T04:25:57.288Z,2025-10-22T04:28:31.390Z,,,,,,,,,,https://app.apollo.io/#/organizations/667be2af56655c00010b8b09?overrideScoreId=score,,
125,Majestic Painting Company Inc.,,,"painting service, painting company",,,"[""apollo""]",,,2025-10-22T04:25:57.289Z,2025-10-22T04:28:31.391Z,,,,,,,,,,https://app.apollo.io/#/organizations/5da27da4a2de8e0001a7038c?overrideScoreId=score,,
126,Gainesville Painting Company,,,"painting service, painting company",,,"[""apollo""]",,,2025-10-22T04:25:57.289Z,2025-10-22T04:28:31.391Z,,,,,,,,,,https://app.apollo.io/#/organizations/68483bd816a86e000d842227?overrideScoreId=score,,
127,MacKenzie Painting Company,,,"painting service, painting company",,,"[""apollo""]",,,2025-10-22T04:25:57.289Z,2025-10-22T04:28:31.391Z,,,,,,,,,,https://app.apollo.io/#/organizations/5fca04f7be1c6100014ef215?overrideScoreId=score,,
128,G & I Painting and Renovations LLC,,,"painting service, painting company",,,"[""apollo""]",,,2025-10-22T04:25:57.289Z,2025-10-22T04:28:31.391Z,,,,,,,,,,https://app.apollo.io/#/organizations/61ec91be0154d10001111c69?overrideScoreId=score,,
129,Midway Painting Company,,,"painting service, painting company",,,"[""apollo""]",,,2025-10-22T04:25:57.289Z,2025-10-22T04:28:31.391Z,,,,,,,,,,https://app.apollo.io/#/organizations/6437c6510822f100a300cf04?overrideScoreId=score,,
130,Nashville Painting Company,,,"painting service, painting company",,,"[""apollo""]",,,2025-10-22T04:25:57.289Z,2025-10-22T04:28:31.391Z,,,,,,,,,,https://app.apollo.io/#/organizations/5fc8d824d510e800017c9d29?overrideScoreId=score,,
131,"J & J Custom Painting Company, LLC - Las Vegas, NV",,,"painting service, painting company",,,"[""apollo""]",,,2025-10-22T04:25:57.289Z,2025-10-22T04:28:31.391Z,,,,,,,,,,https://app.apollo.io/#/organizations/656bef002a857200a3f4ca3a?overrideScoreId=score,,
132,Tri Cities Painting Company,,,"painting service, painting company",,,"[""apollo""]",,,2025-10-22T04:25:57.289Z,2025-10-22T04:28:31.391Z,,,,,,,,,,https://app.apollo.io/#/organizations/6375ed9b997fce000197037e?overrideScoreId=score,,
133,Ryan Painting Company,,,"painting service, painting company",,,"[""apollo""]",,,2025-10-22T04:25:57.289Z,2025-10-22T04:28:31.391Z,,,,,,,,,,https://app.apollo.io/#/organizations/6048613d7780130001ab8647?overrideScoreId=score,,
134,Coastal Painting Company,,,"painting service, painting company",,,"[""apollo""]",,,2025-10-22T04:25:57.289Z,2025-10-22T04:28:31.391Z,,,,,,,,,,https://app.apollo.io/#/organizations/5e57bee73f9e640001b633be?overrideScoreId=score,,
135,Nevada Painting Company,,,"painting service, painting company",,,"[""apollo""]",,,2025-10-22T04:25:57.289Z,2025-10-22T04:28:31.391Z,,,,,,,,,,https://app.apollo.io/#/organizations/5a9dc699a6da98d96640d71d?overrideScoreId=score,,
136,Leach Painting Company,,,"painting service, painting company",,,"[""apollo""]",,,2025-10-22T04:25:57.289Z,2025-10-22T04:28:31.391Z,,,,,,,,,,https://app.apollo.io/#/organizations/55f4e202f3e5bb16680031cb?overrideScoreId=score,,
137,"Mid South Painting, Inc.",,,"painting service, painting company",,,"[""apollo""]",,,2025-10-22T04:25:57.289Z,2025-10-22T04:28:31.391Z,,,,,,,,,,https://app.apollo.io/#/organizations/61ec11b554407500016c794f?overrideScoreId=score,,
138,The Commissioned Art Network,,,"painting service, painting company",,,"[""apollo""]",,,2025-10-22T04:25:57.289Z,2025-10-22T04:28:31.392Z,,,,,,,,,,https://app.apollo.io/#/organizations/5fc99ffa20a63f000163b88e?overrideScoreId=score,,
139,Adams Painting Company,,,"painting service, painting company",,,"[""apollo""]",,,2025-10-22T04:25:57.289Z,2025-10-22T04:28:31.392Z,,,,,,,,,,https://app.apollo.io/#/organizations/67158268d5282c00018341af?overrideScoreId=score,,
140,Finaltone Painting Company,,,"painting service, painting company",,,"[""apollo""]",,,2025-10-22T04:25:57.289Z,2025-10-22T04:28:31.392Z,,,,,,,,,,https://app.apollo.io/#/organizations/654896fe1dd39700017702db?overrideScoreId=score,,
141,Foothills Painting LLC,,,"painting service, painting company",,,"[""apollo""]",,,2025-10-22T04:25:57.290Z,2025-10-22T04:28:31.392Z,,,,,,,,,,https://app.apollo.io/#/organizations/5d0a85b5f65125346a4e42ef?overrideScoreId=score,,
142,"Hursh Painting Co., Inc.",,,"painting service, painting company",,,"[""apollo""]",,,2025-10-22T04:25:57.290Z,2025-10-22T04:28:31.392Z,,,,,,,,,,https://app.apollo.io/#/organizations/6391f533e83992000107bd37?overrideScoreId=score,,
143,A.L.A. World Foundation,,,"painting service, painting company",,,"[""apollo""]",,,2025-10-22T04:25:57.290Z,2025-10-22T04:28:31.393Z,,,,,,,,,,https://app.apollo.io/#/organizations/650520ce2a87c600014c2d1d?overrideScoreId=score,,
144,"Evergreen Painting Co., Inc.",,,"painting service, painting company",,,"[""apollo""]",,,2025-10-22T04:25:57.290Z,2025-10-22T04:28:31.393Z,,,,,,,,,,https://app.apollo.io/#/organizations/664d838f0d7dc80001f8c4d9?overrideScoreId=score,,
145,Bond Construction Inc.,,,"painting service, painting company",,,"[""apollo""]",,,2025-10-22T04:25:57.290Z,2025-10-22T04:28:31.393Z,,,,,,,,,,https://app.apollo.io/#/organizations/54fca4237369647f94742400?overrideScoreId=score,,
146,365 Renovations,,,"painting service, painting company",,,"[""apollo""]",,,2025-10-22T04:25:57.290Z,2025-10-22T04:28:31.393Z,,,,,,,,,,https://app.apollo.io/#/organizations/55f7954af3e5bb095d001303?overrideScoreId=score,,
147,Superior Painting Company,,,"painting service, painting company",,,"[""apollo""]",,,2025-10-22T04:25:57.290Z,2025-10-22T04:28:31.393Z,,,,,,,,,,https://app.apollo.io/#/organizations/55f9384ff3e5bb22820024bb?overrideScoreId=score,,
148,Mike's Quality Painting,,,"painting service, painting company",,,"[""apollo""]",,,2025-10-22T04:25:57.290Z,2025-10-22T04:28:31.393Z,,,,,,,,,,https://app.apollo.io/#/organizations/5500afb27369642da1440600?overrideScoreId=score,,
149,Troy's Painting,http://www.troyspainting.com,troyspainting.com,"painting service, painting company",,19,"[""apollo""]",,,2025-10-22T04:25:57.290Z,2025-10-22T04:28:31.393Z,,,,Santa Ana,California,,,,,https://app.apollo.io/#/organizations/54a1f9247468693fda340d02?overrideScoreId=score,,
150,Paintco Painters,http://www.paintcopainters.com,paintcopainters.com,"painting service, painting company",,13,"[""apollo""]",,,2025-10-22T04:25:57.290Z,2025-10-22T04:28:31.393Z,,,,Greenwood,Indiana,,,,,https://app.apollo.io/#/organizations/5a9e3d59a6da98d98c6c8bc7?overrideScoreId=score,,
151,SMS Painting,http://www.smspaintingllc.com,smspaintingllc.com,"painting service, painting company",,9,"[""apollo""]",,,2025-10-22T04:25:57.290Z,2025-10-22T04:28:31.393Z,,,,Bridgeport,Connecticut,,,,,https://app.apollo.io/#/organizations/559222cb7369641908728b00?overrideScoreId=score,,
152,Flora Brothers Painting,http://www.florabrotherspainting.com,florabrotherspainting.com,"painting service, painting company",,5,"[""apollo""]",,,2025-10-22T04:25:57.290Z,2025-10-22T04:28:31.394Z,,,,Indianapolis,Indiana,,,,,https://app.apollo.io/#/organizations/5ed4e336b6725f00019afe7f?overrideScoreId=score,,
153,"Matthews'​ Painting Company, LLC",http://www.matthewspainting.com,matthewspainting.com,"painting service, painting company",,8,"[""apollo""]",,,2025-10-22T04:25:57.290Z,2025-10-22T04:28:31.395Z,,,,Leesburg,Indiana,,,,,https://app.apollo.io/#/organizations/54a1279069702d979cf79000?overrideScoreId=score,,
154,Phoenix Painting Company,http://www.phoenixpaintingco.com,phoenixpaintingco.com,"painting service, painting company",,25,"[""apollo""]",,,2025-10-22T04:25:57.290Z,2025-10-22T04:28:31.395Z,,,,Fort Lauderdale,Florida,,,,,https://app.apollo.io/#/organizations/55920bd1736964185f563800?overrideScoreId=score,,
155,"The Painting Company, LLC",,,"painting service, painting company",,2,"[""apollo""]",,,2025-10-22T04:25:57.290Z,2025-10-22T04:28:31.395Z,,,,San Diego,California,,,,,https://app.apollo.io/#/organizations/63c430ac9ac5ba00014b310a?overrideScoreId=score,,
156,Heiler Painting,http://www.heilerpainting.com,heilerpainting.com,"painting service, painting company",,20,"[""apollo""]",,,2025-10-22T04:25:57.290Z,2025-10-22T04:28:31.396Z,,,,Media,Pennsylvania,,,,,https://app.apollo.io/#/organizations/5ef45bdd33527e0184a69242?overrideScoreId=score,,
157,"Paintegrity, LLC",http://www.paintegrityllc.com,paintegrityllc.com,"painting service, painting company",,8,"[""apollo""]",,,2025-10-22T04:25:57.291Z,2025-10-22T04:28:31.396Z,,,,Pflugerville,Texas,,,,,https://app.apollo.io/#/organizations/5b1339f0a6da98dcf025de90?overrideScoreId=score,,
158,Northwest Residential & Commercial Painting Company,http://www.nwpaintingcompany.com,nwpaintingcompany.com,"painting service, painting company",,9,"[""apollo""]",,,2025-10-22T04:25:57.291Z,2025-10-22T04:28:31.396Z,,,,Seattle,Washington,,,,,https://app.apollo.io/#/organizations/54a1b6ef7468695c827f2b0a?overrideScoreId=score,,
159,"Hays Brothers Painting Service, Inc.",http://www.haysbrotherspainting.com,haysbrotherspainting.com,"painting service, painting company",,12,"[""apollo""]",,,2025-10-22T04:25:57.291Z,2025-10-22T04:28:31.396Z,,,,Hays Brothers Painting Service,Inc.,,,,,https://app.apollo.io/#/organizations/5b869a13324d44111a7c7bba?overrideScoreId=score,,
160,Ransom Digital,http://www.ransomdigital.com,ransomdigital.com,"painting service, painting company",,3,"[""apollo""]",,,2025-10-22T04:25:57.291Z,2025-10-22T04:28:31.396Z,,,,Johnson City,Tennessee,,,,,https://app.apollo.io/#/organizations/61270663d49abd000134e362?overrideScoreId=score,,
161,Kennedy Painting LLC,http://www.stlouishousepainting.com,stlouishousepainting.com,"painting service, painting company",,30,"[""apollo""]",,,2025-10-22T04:25:57.291Z,2025-10-22T04:28:31.396Z,,,,St. Louis,Missouri,,,,,https://app.apollo.io/#/organizations/54a1b4e474686954757caf09?overrideScoreId=score,,
162,111 Painting Service,http://www.111paintingservice.com,111paintingservice.com,"painting service, painting company",,1,"[""apollo""]",,,2025-10-22T04:25:57.291Z,2025-10-22T04:28:31.396Z,,,,Sacramento,California,,,,,https://app.apollo.io/#/organizations/6718bc6d1bf8da0001170399?overrideScoreId=score,,
163,Terminus Painting Co.,http://www.terminuspainting.com,terminuspainting.com,"painting service, painting company",,1,"[""apollo""]",,,2025-10-22T04:25:57.291Z,2025-10-22T04:28:31.397Z,,,,Atlanta,Georgia,,,,,https://app.apollo.io/#/organizations/668fe74ff90e790491b61601?overrideScoreId=score,,
164,painting contractor,http://www.wellspaintservice.com,wellspaintservice.com,"painting service, painting company",,200,"[""apollo""]",,,2025-10-22T04:25:57.291Z,2025-10-22T04:28:31.397Z,,,,Kiowa,Kansas,,,,,https://app.apollo.io/#/organizations/56d978fff3e5bb731d002ade?overrideScoreId=score,,
165,Murray Painting Company,http://www.murraypainting.net,murraypainting.net,"painting service, painting company",,21,"[""apollo""]",,,2025-10-22T04:25:57.291Z,2025-10-22T04:28:31.397Z,,,,Freeland,Michigan,,,,,https://app.apollo.io/#/organizations/5e568249942f6500014685b1?overrideScoreId=score,,
166,The Dependable Painting Company,http://www.dependableptg.com,dependableptg.com,"painting service, painting company",,21,"[""apollo""]",,,2025-10-22T04:25:57.291Z,2025-10-22T04:28:31.397Z,,,,Cleveland,Ohio,,,,,https://app.apollo.io/#/organizations/54a1353f69702d333d15b900?overrideScoreId=score,,
167,Textbook Painting,http://www.textbookpainting.com,textbookpainting.com,"painting service, painting company",,27,"[""apollo""]",,,2025-10-22T04:25:57.291Z,2025-10-22T04:28:31.397Z,,,,Lakewood,Ohio,,,,,https://app.apollo.io/#/organizations/54a12b1c69702dcef9dd7702?overrideScoreId=score,,
168,MPG Painting,http://www.mpgpainting.net,mpgpainting.net,"painting service, painting company",,7,"[""apollo""]",,,2025-10-22T04:25:57.291Z,2025-10-22T04:28:31.397Z,,,,Sacramento,California,,,,,https://app.apollo.io/#/organizations/60b1e99bd26791000182aa36?overrideScoreId=score,,
169,Five Seasons Painting Company,http://www.whiskeycreekfamilyrvpark.com,whiskeycreekfamilyrvpark.com,"painting service, painting company",,1,"[""apollo""]",,,2025-10-22T04:25:57.291Z,2025-10-22T04:28:31.397Z,,,,Elroy,Wisconsin,,,,,https://app.apollo.io/#/organizations/6048b05035eb5b0001db120a?overrideScoreId=score,,
170,Pritts Painting Company,http://www.prittspainting.com,prittspainting.com,"painting service, painting company",,1,"[""apollo""]",,,2025-10-22T04:25:57.291Z,2025-10-22T04:28:31.397Z,,,,Westerville,Ohio,,,,,https://app.apollo.io/#/organizations/6654748d98df0301eb3ab68d?overrideScoreId=score,,
171,Bates Painting Company,http://www.batespainting.com,batespainting.com,"painting service, painting company",,10,"[""apollo""]",,,2025-10-22T04:25:57.291Z,2025-10-22T04:28:31.397Z,,,,Kansas City,Missouri,,,,,https://app.apollo.io/#/organizations/64ab15e5b961d30001b37c26?overrideScoreId=score,,
172,"Prism Painting Company, Inc.",http://www.prismpainting.net,prismpainting.net,"painting service, painting company",,7,"[""apollo""]",,,2025-10-22T04:25:57.291Z,2025-10-22T04:28:31.398Z,,,,Prism Painting Company,Inc.,,,,,https://app.apollo.io/#/organizations/5ed02a1a5a2a6100017e72f8?overrideScoreId=score,,
173,"Krippner, Inc",http://www.krippnerpainting.com,krippnerpainting.com,"painting service, painting company",,8,"[""apollo""]",,,2025-10-22T04:25:57.291Z,2025-10-22T04:28:31.398Z,,,,Krippner,Inc,,,,,https://app.apollo.io/#/organizations/54a23c6d7468693fda188718?overrideScoreId=score,,
174,Troy's Painting,,,"painting service, painting company",,,"[""apollo""]",,,2025-10-22T04:25:57.291Z,2025-10-22T04:28:31.398Z,,,,,,,,,,https://app.apollo.io/#/organizations/54a1f9247468693fda340d02?overrideScoreId=score,,
175,Paintco Painters,,,"painting service, painting company",,,"[""apollo""]",,,2025-10-22T04:25:57.292Z,2025-10-22T04:28:31.398Z,,,,,,,,,,https://app.apollo.io/#/organizations/5a9e3d59a6da98d98c6c8bc7?overrideScoreId=score,,
176,SMS Painting,,,"painting service, painting company",,,"[""apollo""]",,,2025-10-22T04:25:57.292Z,2025-10-22T04:28:31.398Z,,,,,,,,,,https://app.apollo.io/#/organizations/559222cb7369641908728b00?overrideScoreId=score,,
177,Flora Brothers Painting,,,"painting service, painting company",,,"[""apollo""]",,,2025-10-22T04:25:57.292Z,2025-10-22T04:28:31.398Z,,,,,,,,,,https://app.apollo.io/#/organizations/5ed4e336b6725f00019afe7f?overrideScoreId=score,,
178,"Matthews'​ Painting Company, LLC",,,"painting service, painting company",,,"[""apollo""]",,,2025-10-22T04:25:57.292Z,2025-10-22T04:28:31.398Z,,,,,,,,,,https://app.apollo.io/#/organizations/54a1279069702d979cf79000?overrideScoreId=score,,
179,Phoenix Painting Company,,,"painting service, painting company",,,"[""apollo""]",,,2025-10-22T04:25:57.292Z,2025-10-22T04:28:31.398Z,,,,,,,,,,https://app.apollo.io/#/organizations/55920bd1736964185f563800?overrideScoreId=score,,
180,Heiler Painting,,,"painting service, painting company",,,"[""apollo""]",,,2025-10-22T04:25:57.292Z,2025-10-22T04:28:31.398Z,,,,,,,,,,https://app.apollo.io/#/organizations/5ef45bdd33527e0184a69242?overrideScoreId=score,,
181,"Paintegrity, LLC",,,"painting service, painting company",,,"[""apollo""]",,,2025-10-22T04:25:57.292Z,2025-10-22T04:28:31.398Z,,,,,,,,,,https://app.apollo.io/#/organizations/5b1339f0a6da98dcf025de90?overrideScoreId=score,,
182,Northwest Residential & Commercial Painting Company,,,"painting service, painting company",,,"[""apollo""]",,,2025-10-22T04:25:57.292Z,2025-10-22T04:28:31.399Z,,,,,,,,,,https://app.apollo.io/#/organizations/54a1b6ef7468695c827f2b0a?overrideScoreId=score,,
183,"Hays Brothers Painting Service, Inc.",,,"painting service, painting company",,,"[""apollo""]",,,2025-10-22T04:25:57.292Z,2025-10-22T04:28:31.399Z,,,,,,,,,,https://app.apollo.io/#/organizations/5b869a13324d44111a7c7bba?overrideScoreId=score,,
184,Ransom Digital,,,"painting service, painting company",,,"[""apollo""]",,,2025-10-22T04:25:57.292Z,2025-10-22T04:28:31.399Z,,,,,,,,,,https://app.apollo.io/#/organizations/61270663d49abd000134e362?overrideScoreId=score,,
185,Kennedy Painting LLC,,,"painting service, painting company",,,"[""apollo""]",,,2025-10-22T04:25:57.292Z,2025-10-22T04:28:31.399Z,,,,,,,,,,https://app.apollo.io/#/organizations/54a1b4e474686954757caf09?overrideScoreId=score,,
186,111 Painting Service,,,"painting service, painting company",,,"[""apollo""]",,,2025-10-22T04:25:57.292Z,2025-10-22T04:28:31.399Z,,,,,,,,,,https://app.apollo.io/#/organizations/6718bc6d1bf8da0001170399?overrideScoreId=score,,
187,Terminus Painting Co.,,,"painting service, painting company",,,"[""apollo""]",,,2025-10-22T04:25:57.292Z,2025-10-22T04:28:31.399Z,,,,,,,,,,https://app.apollo.io/#/organizations/668fe74ff90e790491b61601?overrideScoreId=score,,
188,painting contractor,,,"painting service, painting company",,,"[""apollo""]",,,2025-10-22T04:25:57.292Z,2025-10-22T04:28:31.399Z,,,,,,,,,,https://app.apollo.io/#/organizations/56d978fff3e5bb731d002ade?overrideScoreId=score,,
189,Murray Painting Company,,,"painting service, painting company",,,"[""apollo""]",,,2025-10-22T04:25:57.293Z,2025-10-22T04:28:31.399Z,,,,,,,,,,https://app.apollo.io/#/organizations/5e568249942f6500014685b1?overrideScoreId=score,,
190,The Dependable Painting Company,,,"painting service, painting company",,,"[""apollo""]",,,2025-10-22T04:25:57.293Z,2025-10-22T04:28:31.400Z,,,,,,,,,,https://app.apollo.io/#/organizations/54a1353f69702d333d15b900?overrideScoreId=score,,
191,Textbook Painting,,,"painting service, painting company",,,"[""apollo""]",,,2025-10-22T04:25:57.293Z,2025-10-22T04:28:31.400Z,,,,,,,,,,https://app.apollo.io/#/organizations/54a12b1c69702dcef9dd7702?overrideScoreId=score,,
192,MPG Painting,,,"painting service, painting company",,,"[""apollo""]",,,2025-10-22T04:25:57.293Z,2025-10-22T04:28:31.400Z,,,,,,,,,,https://app.apollo.io/#/organizations/60b1e99bd26791000182aa36?overrideScoreId=score,,
193,Five Seasons Painting Company,,,"painting service, painting company",,,"[""apollo""]",,,2025-10-22T04:25:57.293Z,2025-10-22T04:28:31.400Z,,,,,,,,,,https://app.apollo.io/#/organizations/6048b05035eb5b0001db120a?overrideScoreId=score,,
194,Pritts Painting Company,,,"painting service, painting company",,,"[""apollo""]",,,2025-10-22T04:25:57.293Z,2025-10-22T04:28:31.400Z,,,,,,,,,,https://app.apollo.io/#/organizations/6654748d98df0301eb3ab68d?overrideScoreId=score,,
195,Bates Painting Company,,,"painting service, painting company",,,"[""apollo""]",,,2025-10-22T04:25:57.293Z,2025-10-22T04:28:31.400Z,,,,,,,,,,https://app.apollo.io/#/organizations/64ab15e5b961d30001b37c26?overrideScoreId=score,,
196,"Prism Painting Company, Inc.",,,"painting service, painting company",,,"[""apollo""]",,,2025-10-22T04:25:57.293Z,2025-10-22T04:28:31.400Z,,,,,,,,,,https://app.apollo.io/#/organizations/5ed02a1a5a2a6100017e72f8?overrideScoreId=score,,
197,"Krippner, Inc",,,"painting service, painting company",,,"[""apollo""]",,,2025-10-22T04:25:57.293Z,2025-10-22T04:28:31.400Z,,,,,,,,,,https://app.apollo.io/#/organizations/54a23c6d7468693fda188718?overrideScoreId=score,,
198,"DK Painting Company, Inc.",http://www.dkpainting.com,dkpainting.com,"painting service, painting company",,14,"[""apollo""]",,,2025-10-22T04:25:57.294Z,2025-10-22T04:28:31.400Z,,,,DK Painting Company,Inc.,,,,,https://app.apollo.io/#/organizations/67d2d0ee06a6ef0021a5232a?overrideScoreId=score,,
199,The Painting Company of Birmingham,http://www.birminghampaintingco.com,birminghampaintingco.com,"painting service, painting company",,3,"[""apollo""]",,,2025-10-22T04:25:57.294Z,2025-10-22T04:28:31.401Z,,,,Birmingham,Alabama,,,,,https://app.apollo.io/#/organizations/5c276bd0f6512556a50f9bae?overrideScoreId=score,,
200,"Lakehead Painting Company, Inc.",http://www.lakeheadpainting.com,lakeheadpainting.com,"painting service, painting company",,6,"[""apollo""]",,,2025-10-22T04:25:57.294Z,2025-10-22T04:28:31.401Z,,,,Lakehead Painting Company,Inc.,,,,,https://app.apollo.io/#/organizations/54a1293e69702d979ca19501?overrideScoreId=score,,
201,Rossi Painting & Construction,http://www.rossipainting.com,rossipainting.com,"painting service, painting company",,11,"[""apollo""]",,,2025-10-22T04:25:57.294Z,2025-10-22T04:28:31.401Z,,,,San Carlos,California,,,,,https://app.apollo.io/#/organizations/604a9bd9a8096d0001c3d87a?overrideScoreId=score,,
202,"Quincy Industrial Painting Company, Inc.",http://www.quincyindustrial.com,quincyindustrial.com,"painting service, painting company",,7,"[""apollo""]",,,2025-10-22T04:25:57.294Z,2025-10-22T04:28:31.401Z,,,,Quincy Industrial Painting Company,Inc.,,,,,https://app.apollo.io/#/organizations/559218d573696423937e0c00?overrideScoreId=score,,
203,Swedish Painting Company,http://www.swedishpaintingco.com,swedishpaintingco.com,"painting service, painting company",,4,"[""apollo""]",,,2025-10-22T04:25:57.294Z,2025-10-22T04:28:31.401Z,,,,Aspen,Colorado,,,,,https://app.apollo.io/#/organizations/556d5023736964121f01e300?overrideScoreId=score,,
204,Art Noirs,http://www.artnoirs.com,artnoirs.com,"painting service, painting company",,3,"[""apollo""]",,,2025-10-22T04:25:57.294Z,2025-10-22T04:28:31.401Z,,,,Sugar Land,Texas,,,,,https://app.apollo.io/#/organizations/556d9fa173696411c12c5a01?overrideScoreId=score,,
205,"Genesis Painting Company, LLC",http://www.paintingbygenesis.com,paintingbygenesis.com,"painting service, painting company",,8,"[""apollo""]",,,2025-10-22T04:25:57.294Z,2025-10-22T04:28:31.401Z,,,,Cedar Rapids,Iowa,,,,,https://app.apollo.io/#/organizations/5500b1557369642dd3921800?overrideScoreId=score,,
206,"MacFarland Painting, Inc.",http://www.macfarlandpainting.com,macfarlandpainting.com,"painting service, painting company",,29,"[""apollo""]",,,2025-10-22T04:25:57.294Z,2025-10-22T04:28:31.401Z,,,,MacFarland Painting,Inc.,,,,,https://app.apollo.io/#/organizations/604a9c8632877500013a26d2?overrideScoreId=score,,
207,VP Peri Painting Company,http://www.vpperi.com,vpperi.com,"painting service, painting company",,6,"[""apollo""]",,,2025-10-22T04:25:57.294Z,2025-10-22T04:28:31.401Z,,,,Redmond,Washington,,,,,https://app.apollo.io/#/organizations/54a13c8a69702de5b328f101?overrideScoreId=score,,
208,World Painting Company,http://www.worldpaintingcompany.com,worldpaintingcompany.com,"painting service, painting company",,13,"[""apollo""]",,,2025-10-22T04:25:57.294Z,2025-10-22T04:28:31.401Z,,,,Bloomington,Illinois,,,,,https://app.apollo.io/#/organizations/54a1352169702d42556b7300?overrideScoreId=score,,
209,Cauble Rose Painting Company,http://www.caublerose.com,caublerose.com,"painting service, painting company",,1,"[""apollo""]",,,2025-10-22T04:25:57.294Z,2025-10-22T04:28:31.401Z,,,,Boerne,Texas,,,,,https://app.apollo.io/#/organizations/60aed6ccd4a81f0001ae5326?overrideScoreId=score,,
210,Rice Painting Company,http://www.ricepaintingcompany.com,ricepaintingcompany.com,"painting service, painting company",,9,"[""apollo""]",,,2025-10-22T04:25:57.294Z,2025-10-22T04:28:31.401Z,,,,Charlotte,North Carolina,,,,,https://app.apollo.io/#/organizations/615e9513d42fd60001065174?overrideScoreId=score,,
211,Fresh Start Painting Company,,,"painting service, painting company",,12,"[""apollo""]",,,2025-10-22T04:25:57.295Z,2025-10-22T04:28:31.401Z,,,,Long Branch,New Jersey,,,,,https://app.apollo.io/#/organizations/65505085c27fa30001ebb34d?overrideScoreId=score,,
212,Idea Painting Company,http://www.ideapaintingcompany.com,ideapaintingcompany.com,"painting service, painting company",,3,"[""apollo""]",,,2025-10-22T04:25:57.295Z,2025-10-22T04:28:31.401Z,,,,Medfield,Massachusetts,,,,,https://app.apollo.io/#/organizations/5e55b2c5e31ebf0001c2cae0?overrideScoreId=score,,
213,Fresh Coat Painters Franchise Opportunities,http://www.freshcoatfranchise.com,freshcoatfranchise.com,"painting service, painting company",,5,"[""apollo""]",,,2025-10-22T04:25:57.295Z,2025-10-22T04:28:31.401Z,,,,Cincinnati,Ohio,,,,,https://app.apollo.io/#/organizations/5e5643a0840a240001180635?overrideScoreId=score,,
214,"Carolina Painting Company, Inc.",http://www.carolinapainting.com,carolinapainting.com,"painting service, painting company",,9,"[""apollo""]",,,2025-10-22T04:25:57.295Z,2025-10-22T04:28:31.402Z,,,,Carolina Painting Company,Inc.,,,,,https://app.apollo.io/#/organizations/5f48b6a18dedc90001db0449?overrideScoreId=score,,
215,Dutch Hill Painting Company,http://www.dutchhillpainting.com,dutchhillpainting.com,"painting service, painting company",,3,"[""apollo""]",,,2025-10-22T04:25:57.295Z,2025-10-22T04:28:31.402Z,,,,Bloomsburg,Pennsylvania,,,,,https://app.apollo.io/#/organizations/61ec2fe5ad92600001819899?overrideScoreId=score,,
216,Av Painting,http://www.avpainting.com,avpainting.com,"painting service, painting company",,27,"[""apollo""]",,,2025-10-22T04:25:57.295Z,2025-10-22T04:28:31.402Z,,,,Acworth,Georgia,,,,,https://app.apollo.io/#/organizations/54fca12d7369647dd7230000?overrideScoreId=score,,
217,"Emerald Painting, Inc.",http://www.emeraldpaintinginc.com,emeraldpaintinginc.com,"painting service, painting company",,16,"[""apollo""]",,,2025-10-22T04:25:57.295Z,2025-10-22T04:28:31.402Z,,,,Emerald Painting,Inc.,,,,,https://app.apollo.io/#/organizations/63c34b91ae9ec700013e5fb4?overrideScoreId=score,,
218,Bernardo's Painting,http://www.bernardospainting.com,bernardospainting.com,"painting service, painting company",,8,"[""apollo""]",,,2025-10-22T04:25:57.295Z,2025-10-22T04:28:31.402Z,,,,Mililani,Hawaii,,,,,https://app.apollo.io/#/organizations/62a5fb4a4757e800a3fe007c?overrideScoreId=score,,
219,FLORIDA PAINTING COMPANY,http://www.floridapaintingmiami.com,floridapaintingmiami.com,"painting service, painting company",,7,"[""apollo""]",,,2025-10-22T04:25:57.295Z,2025-10-22T04:28:31.402Z,,,,Miami,Florida,,,,,https://app.apollo.io/#/organizations/5da3d61c2fc5830001758fa8?overrideScoreId=score,,
220,Haugen Homes Painting,http://www.hhpainters.com,hhpainters.com,"painting service, painting company",,2,"[""apollo""]",,,2025-10-22T04:25:57.295Z,2025-10-22T04:28:31.402Z,,,,Sheboygan,Wisconsin,,,,,https://app.apollo.io/#/organizations/60b28784f6c9fa0001354e58?overrideScoreId=score,,
221,Rainbow Painting Company,http://www.rainbowpaintingcompany.com,rainbowpaintingcompany.com,"painting service, painting company",,49,"[""apollo""]",,,2025-10-22T04:25:57.295Z,2025-10-22T04:28:31.402Z,,,,O'Fallon,Missouri,,,,,https://app.apollo.io/#/organizations/5e5972b114af6900013741a9?overrideScoreId=score,,
222,Color World Painting Charlotte,,,"painting service, painting company",,1,"[""apollo""]",,,2025-10-22T04:25:57.295Z,2025-10-22T04:28:31.402Z,,,,Concord,North Carolina,,,,,https://app.apollo.io/#/organizations/668220bba3c902000147bcac?overrideScoreId=score,,
223,"DK Painting Company, Inc.",,,"painting service, painting company",,,"[""apollo""]",,,2025-10-22T04:25:57.295Z,2025-10-22T04:28:31.402Z,,,,,,,,,,https://app.apollo.io/#/organizations/67d2d0ee06a6ef0021a5232a?overrideScoreId=score,,
224,The Painting Company of Birmingham,,,"painting service, painting company",,,"[""apollo""]",,,2025-10-22T04:25:57.296Z,2025-10-22T04:28:31.402Z,,,,,,,,,,https://app.apollo.io/#/organizations/5c276bd0f6512556a50f9bae?overrideScoreId=score,,
225,"Lakehead Painting Company, Inc.",,,"painting service, painting company",,,"[""apollo""]",,,2025-10-22T04:25:57.303Z,2025-10-22T04:28:31.402Z,,,,,,,,,,https://app.apollo.io/#/organizations/54a1293e69702d979ca19501?overrideScoreId=score,,
226,Rossi Painting & Construction,,,"painting service, painting company",,,"[""apollo""]",,,2025-10-22T04:25:57.304Z,2025-10-22T04:28:31.402Z,,,,,,,,,,https://app.apollo.io/#/organizations/604a9bd9a8096d0001c3d87a?overrideScoreId=score,,
227,"Quincy Industrial Painting Company, Inc.",,,"painting service, painting company",,,"[""apollo""]",,,2025-10-22T04:25:57.305Z,2025-10-22T04:28:31.402Z,,,,,,,,,,https://app.apollo.io/#/organizations/559218d573696423937e0c00?overrideScoreId=score,,
228,Swedish Painting Company,,,"painting service, painting company",,,"[""apollo""]",,,2025-10-22T04:25:57.305Z,2025-10-22T04:28:31.402Z,,,,,,,,,,https://app.apollo.io/#/organizations/556d5023736964121f01e300?overrideScoreId=score,,
229,Art Noirs,,,"painting service, painting company",,,"[""apollo""]",,,2025-10-22T04:25:57.305Z,2025-10-22T04:28:31.403Z,,,,,,,,,,https://app.apollo.io/#/organizations/556d9fa173696411c12c5a01?overrideScoreId=score,,
230,"Genesis Painting Company, LLC",,,"painting service, painting company",,,"[""apollo""]",,,2025-10-22T04:25:57.305Z,2025-10-22T04:28:31.403Z,,,,,,,,,,https://app.apollo.io/#/organizations/5500b1557369642dd3921800?overrideScoreId=score,,
231,"MacFarland Painting, Inc.",,,"painting service, painting company",,,"[""apollo""]",,,2025-10-22T04:25:57.305Z,2025-10-22T04:28:31.403Z,,,,,,,,,,https://app.apollo.io/#/organizations/604a9c8632877500013a26d2?overrideScoreId=score,,
232,VP Peri Painting Company,,,"painting service, painting company",,,"[""apollo""]",,,2025-10-22T04:25:57.305Z,2025-10-22T04:28:31.403Z,,,,,,,,,,https://app.apollo.io/#/organizations/54a13c8a69702de5b328f101?overrideScoreId=score,,
233,World Painting Company,,,"painting service, painting company",,,"[""apollo""]",,,2025-10-22T04:25:57.305Z,2025-10-22T04:28:31.403Z,,,,,,,,,,https://app.apollo.io/#/organizations/54a1352169702d42556b7300?overrideScoreId=score,,
234,Cauble Rose Painting Company,,,"painting service, painting company",,,"[""apollo""]",,,2025-10-22T04:25:57.305Z,2025-10-22T04:28:31.403Z,,,,,,,,,,https://app.apollo.io/#/organizations/60aed6ccd4a81f0001ae5326?overrideScoreId=score,,
235,Rice Painting Company,,,"painting service, painting company",,,"[""apollo""]",,,2025-10-22T04:25:57.305Z,2025-10-22T04:28:31.403Z,,,,,,,,,,https://app.apollo.io/#/organizations/615e9513d42fd60001065174?overrideScoreId=score,,
236,Idea Painting Company,,,"painting service, painting company",,,"[""apollo""]",,,2025-10-22T04:25:57.305Z,2025-10-22T04:28:31.403Z,,,,,,,,,,https://app.apollo.io/#/organizations/5e55b2c5e31ebf0001c2cae0?overrideScoreId=score,,
237,Fresh Coat Painters Franchise Opportunities,,,"painting service, painting company",,,"[""apollo""]",,,2025-10-22T04:25:57.305Z,2025-10-22T04:28:31.403Z,,,,,,,,,,https://app.apollo.io/#/organizations/5e5643a0840a240001180635?overrideScoreId=score,,
238,"Carolina Painting Company, Inc.",,,"painting service, painting company",,,"[""apollo""]",,,2025-10-22T04:25:57.305Z,2025-10-22T04:28:31.403Z,,,,,,,,,,https://app.apollo.io/#/organizations/5f48b6a18dedc90001db0449?overrideScoreId=score,,
239,Dutch Hill Painting Company,,,"painting service, painting company",,,"[""apollo""]",,,2025-10-22T04:25:57.305Z,2025-10-22T04:28:31.403Z,,,,,,,,,,https://app.apollo.io/#/organizations/61ec2fe5ad92600001819899?overrideScoreId=score,,
240,Av Painting,,,"painting service, painting company",,,"[""apollo""]",,,2025-10-22T04:25:57.305Z,2025-10-22T04:28:31.403Z,,,,,,,,,,https://app.apollo.io/#/organizations/54fca12d7369647dd7230000?overrideScoreId=score,,
241,"Emerald Painting, Inc.",,,"painting service, painting company",,,"[""apollo""]",,,2025-10-22T04:25:57.306Z,2025-10-22T04:28:31.404Z,,,,,,,,,,https://app.apollo.io/#/organizations/63c34b91ae9ec700013e5fb4?overrideScoreId=score,,
242,Bernardo's Painting,,,"painting service, painting company",,,"[""apollo""]",,,2025-10-22T04:25:57.306Z,2025-10-22T04:28:31.404Z,,,,,,,,,,https://app.apollo.io/#/organizations/62a5fb4a4757e800a3fe007c?overrideScoreId=score,,
243,FLORIDA PAINTING COMPANY,,,"painting service, painting company",,,"[""apollo""]",,,2025-10-22T04:25:57.306Z,2025-10-22T04:28:31.404Z,,,,,,,,,,https://app.apollo.io/#/organizations/5da3d61c2fc5830001758fa8?overrideScoreId=score,,
244,Haugen Homes Painting,,,"painting service, painting company",,,"[""apollo""]",,,2025-10-22T04:25:57.306Z,2025-10-22T04:28:31.404Z,,,,,,,,,,https://app.apollo.io/#/organizations/60b28784f6c9fa0001354e58?overrideScoreId=score,,
245,Rainbow Painting Company,,,"painting service, painting company",,,"[""apollo""]",,,2025-10-22T04:25:57.306Z,2025-10-22T04:28:31.404Z,,,,,,,,,,https://app.apollo.io/#/organizations/5e5972b114af6900013741a9?overrideScoreId=score,,
246,"Pro 1 Painters, LLC",http://www.pro1painters.com,pro1painters.com,"painting service, painting company",,7,"[""apollo""]",,,2025-10-22T04:26:00.288Z,2025-10-22T04:28:31.404Z,,,,Mobile,Alabama,,,,,https://app.apollo.io/#/organizations/55eccab2f3e5bb16d7000e3d?overrideScoreId=score,,
247,Ace Painting Company Inc,,,"painting service, painting company",,13,"[""apollo""]",,,2025-10-22T04:26:00.289Z,2025-10-22T04:28:31.404Z,,,,Pinson,Alabama,,,,,https://app.apollo.io/#/organizations/55923e2a73696418f671ed00?overrideScoreId=score,,
248,Paradiso Painting Company Inc,http://www.paradisopainting.com,paradisopainting.com,"painting service, painting company",,16,"[""apollo""]",,,2025-10-22T04:26:00.289Z,2025-10-22T04:28:31.404Z,,,,Birmingham,Alabama,,,,,https://app.apollo.io/#/organizations/55920398736964199b641a00?overrideScoreId=score,,
249,Rogers Painting Company,http://www.rogerspaintingcompany.net,rogerspaintingcompany.net,"painting service, painting company",,23,"[""apollo""]",,,2025-10-22T04:26:00.289Z,2025-10-22T04:28:31.404Z,,,,Montgomery,Alabama,,,,,https://app.apollo.io/#/organizations/55921f0a7369640b18b41400?overrideScoreId=score,,
250,Tomas Painting Service,http://www.tuscaloosapaintingservices.com,tuscaloosapaintingservices.com,"painting service, painting company",,1,"[""apollo""]",,,2025-10-22T04:26:00.290Z,2025-10-22T04:28:31.404Z,,,,Tuscaloosa,Alabama,,,,,https://app.apollo.io/#/organizations/66fb843216ca0300012f73fa?overrideScoreId=score,,
251,E&S Contractor Painting Company Inc.,http://www.auburneandspainting.com,auburneandspainting.com,"painting service, painting company",,3,"[""apollo""]",,,2025-10-22T04:26:00.290Z,2025-10-22T04:28:31.404Z,,,,Auburn,Alabama,,,,,https://app.apollo.io/#/organizations/674cc90447ad1e0001ba4c98?overrideScoreId=score,,
252,ACC Painting Service,http://www.accpaintingservice.com,accpaintingservice.com,"painting service, painting company",,,"[""apollo""]",,,2025-10-22T04:26:00.290Z,2025-10-22T04:28:31.404Z,,,,Mobile,Alabama,,,,,https://app.apollo.io/#/organizations/671488688d35110001e89c73?overrideScoreId=score,,
253,MCALLISTER PAINTING COMPANY,http://www.mcallisterpaintingcompany.com,mcallisterpaintingcompany.com,"painting service, painting company",,1,"[""apollo""]",,,2025-10-22T04:26:00.290Z,2025-10-22T04:28:31.404Z,,,,Slocomb,Alabama,,,,,https://app.apollo.io/#/organizations/6725a5edcca4980001f104fc?overrideScoreId=score,,
254,"Pro 1 Painters, LLC",,,"painting service, painting company",,,"[""apollo""]",,,2025-10-22T04:26:00.290Z,2025-10-22T04:28:31.404Z,,,,,,,,,,https://app.apollo.io/#/organizations/55eccab2f3e5bb16d7000e3d?overrideScoreId=score,,
255,Paradiso Painting Company Inc,,,"painting service, painting company",,,"[""apollo""]",,,2025-10-22T04:26:00.290Z,2025-10-22T04:28:31.404Z,,,,,,,,,,https://app.apollo.io/#/organizations/55920398736964199b641a00?overrideScoreId=score,,
256,Rogers Painting Company,,,"painting service, painting company",,,"[""apollo""]",,,2025-10-22T04:26:00.291Z,2025-10-22T04:28:31.405Z,,,,,,,,,,https://app.apollo.io/#/organizations/55921f0a7369640b18b41400?overrideScoreId=score,,
257,Tomas Painting Service,,,"painting service, painting company",,,"[""apollo""]",,,2025-10-22T04:26:00.291Z,2025-10-22T04:28:31.405Z,,,,,,,,,,https://app.apollo.io/#/organizations/66fb843216ca0300012f73fa?overrideScoreId=score,,
258,E&S Contractor Painting Company Inc.,,,"painting service, painting company",,,"[""apollo""]",,,2025-10-22T04:26:00.291Z,2025-10-22T04:28:31.405Z,,,,,,,,,,https://app.apollo.io/#/organizations/674cc90447ad1e0001ba4c98?overrideScoreId=score,,
259,ACC Painting Service,,,"painting service, painting company",,,"[""apollo""]",,,2025-10-22T04:26:00.291Z,2025-10-22T04:28:31.405Z,,,,,,,,,,https://app.apollo.io/#/organizations/671488688d35110001e89c73?overrideScoreId=score,,
260,MCALLISTER PAINTING COMPANY,,,"painting service, painting company",,,"[""apollo""]",,,2025-10-22T04:26:00.291Z,2025-10-22T04:28:31.405Z,,,,,,,,,,https://app.apollo.io/#/organizations/6725a5edcca4980001f104fc?overrideScoreId=score,,
261,Croc Painting Company,,,"painting service, painting company",,10,"[""apollo""]",,,2025-10-22T04:26:06.435Z,2025-10-22T04:28:31.405Z,,,,Gilbert,Arizona,,,,,https://app.apollo.io/#/organizations/63d5ab5fc7530100017eb267?overrideScoreId=score,,
262,Extra Mile Painting Company,http://www.extramilepaintingaz.com,extramilepaintingaz.com,"painting service, painting company",,4,"[""apollo""]",,,2025-10-22T04:26:06.436Z,2025-10-22T04:28:31.405Z,,,,Phoenix,Arizona,,,,,https://app.apollo.io/#/organizations/55ed9f37f3e5bb164400699b?overrideScoreId=score,,
263,Best Painter Pro,http://www.bestpainterpro.com,bestpainterpro.com,"painting service, painting company",,4,"[""apollo""]",,,2025-10-22T04:26:06.436Z,2025-10-22T04:28:31.405Z,,,,Mesa,Arizona,,,,,https://app.apollo.io/#/organizations/674ffd7014baae00010d87a1?overrideScoreId=score,,
264,Country Boys Painting,http://www.countryboyspainting.com,countryboyspainting.com,"painting service, painting company",,10,"[""apollo""]",,,2025-10-22T04:26:06.437Z,2025-10-22T04:28:31.405Z,,,,Phoenix,Arizona,,,,,https://app.apollo.io/#/organizations/56e6ea80f3e5bb3a24013090?overrideScoreId=score,,
265,Adix Painting - Dedicated to Raising the Standard for Residential Interior and Exterior Painting,http://www.adixpainting.com,adixpainting.com,"painting service, painting company",,2,"[""apollo""]",,,2025-10-22T04:26:06.437Z,2025-10-22T04:28:31.405Z,,,,Phoenix,Arizona,,,,,https://app.apollo.io/#/organizations/5b13331da6da98dcb5c7d637?overrideScoreId=score,,
266,Painting Solutions Inc.,http://www.paintingsolutionsaz.com,paintingsolutionsaz.com,"painting service, painting company",,10,"[""apollo""]",,,2025-10-22T04:26:06.437Z,2025-10-22T04:28:31.405Z,,,,Phoenix,Arizona,,,,,https://app.apollo.io/#/organizations/614d81da3a98da000123ce57?overrideScoreId=score,,
267,WILDCAT PAINTING COMPANY L.L.C.,http://www.wildcatpaintingcompany.com,wildcatpaintingcompany.com,"painting service, painting company",,2,"[""apollo""]",,,2025-10-22T04:26:06.437Z,2025-10-22T04:28:31.405Z,,,,Tucson,Arizona,,,,,https://app.apollo.io/#/organizations/66f52b695a44f10001b41200?overrideScoreId=score,,
268,Trulypaintingandmore home painting company,http://www.trulypaintingandmore.com,trulypaintingandmore.com,"painting service, painting company",,,"[""apollo""]",,,2025-10-22T04:26:06.438Z,2025-10-22T04:28:31.405Z,,,,Mohave Valley,Arizona,,,,,https://app.apollo.io/#/organizations/6688e5c650eb8e0001f7e7e5?overrideScoreId=score,,
269,DCR Painting Service,http://www.dcrpainting.com,dcrpainting.com,"painting service, painting company",,,"[""apollo""]",,,2025-10-22T04:26:06.438Z,2025-10-22T04:28:31.405Z,,,,San Tan Valley,Arizona,,,,,https://app.apollo.io/#/organizations/6730328ecd1c1f00017f2ca8?overrideScoreId=score,,
270,CAPITAL PAINTING COMPANY LLC,http://www.capitalpaintingcompany.com,capitalpaintingcompany.com,"painting service, painting company",,,"[""apollo""]",,,2025-10-22T04:26:06.438Z,2025-10-22T04:28:31.405Z,,,,Gilbert,Arizona,,,,,https://app.apollo.io/#/organizations/66f8d0bde0d5a00001b4789d?overrideScoreId=score,,
271,Dougherty Painting Company,http://www.dohertypainting.com,dohertypainting.com,"painting service, painting company",,3,"[""apollo""]",,,2025-10-22T04:26:06.439Z,2025-10-22T04:28:31.406Z,,,,Phoenix,Arizona,,,,,https://app.apollo.io/#/organizations/556d8fb77369641226d03a01?overrideScoreId=score,,
272,Ph Painting Company,http://www.phpaintingcompany.com,phpaintingcompany.com,"painting service, painting company",,1,"[""apollo""]",,,2025-10-22T04:26:06.439Z,2025-10-22T04:28:31.406Z,,,,Tucson,Arizona,,,,,https://app.apollo.io/#/organizations/66e94dc86fc6aa0001f9ab23?overrideScoreId=score,,
273,"TOP STAR PAINTING SERVICE, INC.",http://www.topstarpainting.com,topstarpainting.com,"painting service, painting company",,1,"[""apollo""]",,,2025-10-22T04:26:06.439Z,2025-10-22T04:28:31.406Z,,,,Glendale,Arizona,,,,,https://app.apollo.io/#/organizations/6739070340844d0001e106b7?overrideScoreId=score,,
274,Penington Painting Company,http://www.peningtonpainting.com,peningtonpainting.com,"painting service, painting company",,,"[""apollo""]",,,2025-10-22T04:26:06.439Z,2025-10-22T04:28:31.406Z,,,,Chandler,Arizona,,,,,https://app.apollo.io/#/organizations/68e68dc664ac410001fbbee6?overrideScoreId=score,,
275,Insight Painting Company Llc,http://www.insightpaintingcompany.com,insightpaintingcompany.com,"painting service, painting company",,,"[""apollo""]",,,2025-10-22T04:26:06.440Z,2025-10-22T04:28:31.406Z,,,,Mesa,Arizona,,,,,https://app.apollo.io/#/organizations/6828f4d20dd41b0001360150?overrideScoreId=score,,
276,Extra Mile Painting Company,,,"painting service, painting company",,,"[""apollo""]",,,2025-10-22T04:26:06.440Z,2025-10-22T04:28:31.406Z,,,,,,,,,,https://app.apollo.io/#/organizations/55ed9f37f3e5bb164400699b?overrideScoreId=score,,
277,Best Painter Pro,,,"painting service, painting company",,,"[""apollo""]",,,2025-10-22T04:26:06.440Z,2025-10-22T04:28:31.406Z,,,,,,,,,,https://app.apollo.io/#/organizations/674ffd7014baae00010d87a1?overrideScoreId=score,,
278,Country Boys Painting,,,"painting service, painting company",,,"[""apollo""]",,,2025-10-22T04:26:06.441Z,2025-10-22T04:28:31.406Z,,,,,,,,,,https://app.apollo.io/#/organizations/56e6ea80f3e5bb3a24013090?overrideScoreId=score,,
279,Adix Painting - Dedicated to Raising the Standard for Residential Interior and Exterior Painting,,,"painting service, painting company",,,"[""apollo""]",,,2025-10-22T04:26:06.441Z,2025-10-22T04:28:31.406Z,,,,,,,,,,https://app.apollo.io/#/organizations/5b13331da6da98dcb5c7d637?overrideScoreId=score,,
280,Painting Solutions Inc.,,,"painting service, painting company",,,"[""apollo""]",,,2025-10-22T04:26:06.441Z,2025-10-22T04:28:31.406Z,,,,,,,,,,https://app.apollo.io/#/organizations/614d81da3a98da000123ce57?overrideScoreId=score,,
281,WILDCAT PAINTING COMPANY L.L.C.,,,"painting service, painting company",,,"[""apollo""]",,,2025-10-22T04:26:06.442Z,2025-10-22T04:28:31.406Z,,,,,,,,,,https://app.apollo.io/#/organizations/66f52b695a44f10001b41200?overrideScoreId=score,,
282,Trulypaintingandmore home painting company,,,"painting service, painting company",,,"[""apollo""]",,,2025-10-22T04:26:06.442Z,2025-10-22T04:28:31.406Z,,,,,,,,,,https://app.apollo.io/#/organizations/6688e5c650eb8e0001f7e7e5?overrideScoreId=score,,
283,DCR Painting Service,,,"painting service, painting company",,,"[""apollo""]",,,2025-10-22T04:26:06.442Z,2025-10-22T04:28:31.407Z,,,,,,,,,,https://app.apollo.io/#/organizations/6730328ecd1c1f00017f2ca8?overrideScoreId=score,,
284,CAPITAL PAINTING COMPANY LLC,,,"painting service, painting company",,,"[""apollo""]",,,2025-10-22T04:26:06.443Z,2025-10-22T04:28:31.407Z,,,,,,,,,,https://app.apollo.io/#/organizations/66f8d0bde0d5a00001b4789d?overrideScoreId=score,,
285,Dougherty Painting Company,,,"painting service, painting company",,,"[""apollo""]",,,2025-10-22T04:26:06.443Z,2025-10-22T04:28:31.407Z,,,,,,,,,,https://app.apollo.io/#/organizations/556d8fb77369641226d03a01?overrideScoreId=score,,
286,Ph Painting Company,,,"painting service, painting company",,,"[""apollo""]",,,2025-10-22T04:26:06.443Z,2025-10-22T04:28:31.407Z,,,,,,,,,,https://app.apollo.io/#/organizations/66e94dc86fc6aa0001f9ab23?overrideScoreId=score,,
287,"TOP STAR PAINTING SERVICE, INC.",,,"painting service, painting company",,,"[""apollo""]",,,2025-10-22T04:26:06.444Z,2025-10-22T04:28:31.407Z,,,,,,,,,,https://app.apollo.io/#/organizations/6739070340844d0001e106b7?overrideScoreId=score,,
288,Insight Painting Company Llc,,,"painting service, painting company",,,"[""apollo""]",,,2025-10-22T04:26:06.444Z,2025-10-22T04:28:31.407Z,,,,,,,,,,https://app.apollo.io/#/organizations/6828f4d20dd41b0001360150?overrideScoreId=score,,
289,MCCORMICK PAINTING COMPANY,http://www.mccormickequipmentrentals.com,mccormickequipmentrentals.com,"painting service, painting company",,15,"[""apollo""]",,,2025-10-22T04:26:09.370Z,2025-10-22T04:28:31.407Z,,,,Little Rock,Arkansas,,,,,https://app.apollo.io/#/organizations/672dd53ba379130001a6aeb9?overrideScoreId=score,,
290,Painter Aircraft Inc,http://www.aircraftpaintinginc.com,aircraftpaintinginc.com,"painting service, painting company",,2,"[""apollo""]",,,2025-10-22T04:26:09.371Z,2025-10-22T04:28:31.407Z,,,,Mena,Arkansas,,,,,https://app.apollo.io/#/organizations/5591ffa873696419273b1400?overrideScoreId=score,,
291,Quality Painting Company,http://www.adamroepaint.com,adamroepaint.com,"painting service, painting company",,6,"[""apollo""]",,,2025-10-22T04:26:09.371Z,2025-10-22T04:28:31.407Z,,,,Camden,Arkansas,,,,,https://app.apollo.io/#/organizations/674810bf3e0e4200017de341?overrideScoreId=score,,
292,Turpin Painting Company Inc,,,"painting service, painting company",,7,"[""apollo""]",,,2025-10-22T04:26:09.372Z,2025-10-22T04:28:31.407Z,,,,Little Rock,Arkansas,,,,,https://app.apollo.io/#/organizations/55921aff73696418f64c6f00?overrideScoreId=score,,
293,MCCORMICK PAINTING COMPANY,,,"painting service, painting company",,,"[""apollo""]",,,2025-10-22T04:26:09.372Z,2025-10-22T04:28:31.407Z,,,,,,,,,,https://app.apollo.io/#/organizations/672dd53ba379130001a6aeb9?overrideScoreId=score,,
294,Painter Aircraft Inc,,,"painting service, painting company",,,"[""apollo""]",,,2025-10-22T04:26:09.372Z,2025-10-22T04:28:31.407Z,,,,,,,,,,https://app.apollo.io/#/organizations/5591ffa873696419273b1400?overrideScoreId=score,,
295,Quality Painting Company,,,"painting service, painting company",,,"[""apollo""]",,,2025-10-22T04:26:09.372Z,2025-10-22T04:28:31.407Z,,,,,,,,,,https://app.apollo.io/#/organizations/674810bf3e0e4200017de341?overrideScoreId=score,,
296,Legacy Painting Contractors,http://www.legacypaintingcontractorsca.com,legacypaintingcontractorsca.com,"painting service, painting company",,31,"[""apollo""]",,,2025-10-22T04:26:14.371Z,2025-10-22T04:28:31.407Z,,,,Pleasanton,California,,,,,https://app.apollo.io/#/organizations/5500b2d97369642daa6a2a00?overrideScoreId=score,,
297,SKY EDIFICE,http://www.skyedifice.com,skyedifice.com,"painting service, painting company",,50,"[""apollo""]",,,2025-10-22T04:26:14.372Z,2025-10-22T04:28:31.408Z,,,,Cerritos,California,,,,,https://app.apollo.io/#/organizations/61616eed8bfbd30001b43792?overrideScoreId=score,,
298,ALL LOS ANGELES PAINTING COMPANY INC.,http://www.alllosangelespaintingcompany.com,alllosangelespaintingcompany.com,"painting service, painting company",,2,"[""apollo""]",,,2025-10-22T04:26:14.372Z,2025-10-22T04:28:31.408Z,,,,Los Angeles,California,,,,,https://app.apollo.io/#/organizations/65c494825b212b0001d9c2b9?overrideScoreId=score,,
299,Dave's Painting Service,http://www.davespaintingservice.com,davespaintingservice.com,"painting service, painting company",,35,"[""apollo""]",,,2025-10-22T04:26:14.373Z,2025-10-22T04:28:31.408Z,,,,El Cajon,California,,,,,https://app.apollo.io/#/organizations/54a11db969702d9d7e592f01?overrideScoreId=score,,
300,Eco-Clean Painting,http://www.ecocleanpainting.com,ecocleanpainting.com,"painting service, painting company",,2,"[""apollo""]",,,2025-10-22T04:26:14.373Z,2025-10-22T04:28:31.408Z,,,,Atascadero,California,,,,,https://app.apollo.io/#/organizations/6761644024da9f01b1278e9c?overrideScoreId=score,,
301,Covington Home Painting,http://www.covingtonhomepainting.com,covingtonhomepainting.com,"painting service, painting company",,,"[""apollo""]",,,2025-10-22T04:26:14.373Z,2025-10-22T04:28:31.408Z,,,,Trinity Center,California,,,,,https://app.apollo.io/#/organizations/678c06ad7920340001d7a670?overrideScoreId=score,,
302,"ALC Construction, LLC",http://www.alcconstructioninc.com,alcconstructioninc.com,"painting service, painting company",,15,"[""apollo""]",,,2025-10-22T04:26:14.373Z,2025-10-22T04:28:31.408Z,,,,Los Angeles,California,,,,,https://app.apollo.io/#/organizations/556db209736964126c4f7401?overrideScoreId=score,,
303,Browder Painting Company,http://www.browderpainting.com,browderpainting.com,"painting service, painting company",,6,"[""apollo""]",,,2025-10-22T04:26:14.374Z,2025-10-22T04:28:31.408Z,,,,San Luis Obispo,California,,,,,https://app.apollo.io/#/organizations/664965a3f22ed9000176daa0?overrideScoreId=score,,
304,Kent Painting Company Inc.,http://www.kentpaintinginc.com,kentpaintinginc.com,"painting service, painting company",,3,"[""apollo""]",,,2025-10-22T04:26:14.374Z,2025-10-22T04:28:31.408Z,,,,Fresno,California,,,,,https://app.apollo.io/#/organizations/54a12a3969702d8cfc3f3002?overrideScoreId=score,,
305,Great Walls Painting Inc,http://www.greatwallspainting.com,greatwallspainting.com,"painting service, painting company",,1,"[""apollo""]",,,2025-10-22T04:26:14.374Z,2025-10-22T04:28:31.408Z,,,,San Jose,California,,,,,https://app.apollo.io/#/organizations/654dcfb2dd1ecf0001aed7d4?overrideScoreId=score,,
306,Larson Bros. Painting,http://www.larsonbrospainting.com,larsonbrospainting.com,"painting service, painting company",,15,"[""apollo""]",,,2025-10-22T04:26:14.374Z,2025-10-22T04:28:31.408Z,,,,Napa,California,,,,,https://app.apollo.io/#/organizations/54fca5e573696401aac03100?overrideScoreId=score,,
307,Joes Painting Service,http://www.joespremiumpainting.com,joespremiumpainting.com,"painting service, painting company",,10,"[""apollo""]",,,2025-10-22T04:26:14.375Z,2025-10-22T04:28:31.408Z,,,,Huntington Beach,California,,,,,https://app.apollo.io/#/organizations/5d093dbcf6512528599f6548?overrideScoreId=score,,
308,Design Systems Painting Company,http://www.designsystemspainting.com,designsystemspainting.com,"painting service, painting company",,1,"[""apollo""]",,,2025-10-22T04:26:14.375Z,2025-10-22T04:28:31.408Z,,,,Carmichael,California,,,,,https://app.apollo.io/#/organizations/6642f96a701ae60001901c62?overrideScoreId=score,,
309,Award Painting Company,http://www.awardpaintingco.com,awardpaintingco.com,"painting service, painting company",,4,"[""apollo""]",,,2025-10-22T04:26:14.375Z,2025-10-22T04:28:31.408Z,,,,Fairfield,California,,,,,https://app.apollo.io/#/organizations/55e8c19ff3e5bb144800006f?overrideScoreId=score,,
310,PaintPros of Napa Valley,http://www.paintprosnapa.com,paintprosnapa.com,"painting service, painting company",,3,"[""apollo""]",,,2025-10-22T04:26:14.375Z,2025-10-22T04:28:31.408Z,,,,Napa,California,,,,,https://app.apollo.io/#/organizations/5edbac7c4d8c35000196485a?overrideScoreId=score,,
311,Mikes Painting Service,http://www.mikespaintingservice.com,mikespaintingservice.com,"painting service, painting company",,18,"[""apollo""]",,,2025-10-22T04:26:14.376Z,2025-10-22T04:28:31.409Z,,,,Newman,California,,,,,https://app.apollo.io/#/organizations/667a7cb36758aa000103c3d0?overrideScoreId=score,,
312,Coastal Colors Painting Company,,,"painting service, painting company",,2,"[""apollo""]",,,2025-10-22T04:26:14.376Z,2025-10-22T04:28:31.409Z,,,,Carlsbad,California,,,,,https://app.apollo.io/#/organizations/6726c4017efe3d0001d18448?overrideScoreId=score,,
313,Legacy Painting Contractors,,,"painting service, painting company",,,"[""apollo""]",,,2025-10-22T04:26:14.377Z,2025-10-22T04:28:31.409Z,,,,,,,,,,https://app.apollo.io/#/organizations/5500b2d97369642daa6a2a00?overrideScoreId=score,,
314,SKY EDIFICE,,,"painting service, painting company",,,"[""apollo""]",,,2025-10-22T04:26:14.377Z,2025-10-22T04:28:31.409Z,,,,,,,,,,https://app.apollo.io/#/organizations/61616eed8bfbd30001b43792?overrideScoreId=score,,
315,ALL LOS ANGELES PAINTING COMPANY INC.,,,"painting service, painting company",,,"[""apollo""]",,,2025-10-22T04:26:14.377Z,2025-10-22T04:28:31.409Z,,,,,,,,,,https://app.apollo.io/#/organizations/65c494825b212b0001d9c2b9?overrideScoreId=score,,
316,Dave's Painting Service,,,"painting service, painting company",,,"[""apollo""]",,,2025-10-22T04:26:14.377Z,2025-10-22T04:28:31.409Z,,,,,,,,,,https://app.apollo.io/#/organizations/54a11db969702d9d7e592f01?overrideScoreId=score,,
317,Eco-Clean Painting,,,"painting service, painting company",,,"[""apollo""]",,,2025-10-22T04:26:14.378Z,2025-10-22T04:28:31.409Z,,,,,,,,,,https://app.apollo.io/#/organizations/6761644024da9f01b1278e9c?overrideScoreId=score,,
318,Covington Home Painting,,,"painting service, painting company",,,"[""apollo""]",,,2025-10-22T04:26:14.378Z,2025-10-22T04:28:31.409Z,,,,,,,,,,https://app.apollo.io/#/organizations/678c06ad7920340001d7a670?overrideScoreId=score,,
319,"ALC Construction, LLC",,,"painting service, painting company",,,"[""apollo""]",,,2025-10-22T04:26:14.378Z,2025-10-22T04:28:31.409Z,,,,,,,,,,https://app.apollo.io/#/organizations/556db209736964126c4f7401?overrideScoreId=score,,
320,Browder Painting Company,,,"painting service, painting company",,,"[""apollo""]",,,2025-10-22T04:26:14.378Z,2025-10-22T04:28:31.409Z,,,,,,,,,,https://app.apollo.io/#/organizations/664965a3f22ed9000176daa0?overrideScoreId=score,,
321,Kent Painting Company Inc.,,,"painting service, painting company",,,"[""apollo""]",,,2025-10-22T04:26:14.379Z,2025-10-22T04:28:31.409Z,,,,,,,,,,https://app.apollo.io/#/organizations/54a12a3969702d8cfc3f3002?overrideScoreId=score,,
322,Great Walls Painting Inc,,,"painting service, painting company",,,"[""apollo""]",,,2025-10-22T04:26:14.379Z,2025-10-22T04:28:31.409Z,,,,,,,,,,https://app.apollo.io/#/organizations/654dcfb2dd1ecf0001aed7d4?overrideScoreId=score,,
323,Larson Bros. Painting,,,"painting service, painting company",,,"[""apollo""]",,,2025-10-22T04:26:14.379Z,2025-10-22T04:28:31.409Z,,,,,,,,,,https://app.apollo.io/#/organizations/54fca5e573696401aac03100?overrideScoreId=score,,
324,Joes Painting Service,,,"painting service, painting company",,,"[""apollo""]",,,2025-10-22T04:26:14.379Z,2025-10-22T04:28:31.409Z,,,,,,,,,,https://app.apollo.io/#/organizations/5d093dbcf6512528599f6548?overrideScoreId=score,,
325,Design Systems Painting Company,,,"painting service, painting company",,,"[""apollo""]",,,2025-10-22T04:26:14.379Z,2025-10-22T04:28:31.410Z,,,,,,,,,,https://app.apollo.io/#/organizations/6642f96a701ae60001901c62?overrideScoreId=score,,
326,Award Painting Company,,,"painting service, painting company",,,"[""apollo""]",,,2025-10-22T04:26:14.380Z,2025-10-22T04:28:31.410Z,,,,,,,,,,https://app.apollo.io/#/organizations/55e8c19ff3e5bb144800006f?overrideScoreId=score,,
327,PaintPros of Napa Valley,,,"painting service, painting company",,,"[""apollo""]",,,2025-10-22T04:26:14.380Z,2025-10-22T04:28:31.410Z,,,,,,,,,,https://app.apollo.io/#/organizations/5edbac7c4d8c35000196485a?overrideScoreId=score,,
328,Mikes Painting Service,,,"painting service, painting company",,,"[""apollo""]",,,2025-10-22T04:26:14.380Z,2025-10-22T04:28:31.410Z,,,,,,,,,,https://app.apollo.io/#/organizations/667a7cb36758aa000103c3d0?overrideScoreId=score,,
329,Moya Painting,http://www.moyapaintinganddecorating.com,moyapaintinganddecorating.com,"painting service, painting company",,2,"[""apollo""]",,,2025-10-22T04:26:14.381Z,2025-10-22T04:28:31.410Z,,,,San Francisco,California,,,,,https://app.apollo.io/#/organizations/65f7e96e1aec6a01c680c2be?overrideScoreId=score,,
330,Busker Media Inc.,http://www.busker.co,busker.co,"painting service, painting company",,1,"[""apollo""]",,,2025-10-22T04:26:14.381Z,2025-10-22T04:28:31.410Z,,,,Los Angeles,California,,,,,https://app.apollo.io/#/organizations/556945157369642111a82600?overrideScoreId=score,,
331,J.W. Peterson Painting Inc.,http://www.jwpetersonpainting.com,jwpetersonpainting.com,"painting service, painting company",,10,"[""apollo""]",,,2025-10-22T04:26:14.381Z,2025-10-22T04:28:31.410Z,,,,Livermore,California,,,,,https://app.apollo.io/#/organizations/556ceec47369641226a04f00?overrideScoreId=score,,
332,"Universal Painting Contractors, Inc.",http://www.upcpaint.com,upcpaint.com,"painting service, painting company",,3,"[""apollo""]",,,2025-10-22T04:26:14.381Z,2025-10-22T04:28:31.410Z,,,,Universal Painting Contractors,Inc.,,,,,https://app.apollo.io/#/organizations/60b2330715a03900014f81ad?overrideScoreId=score,,
333,Jerrys Painting Service,,,"painting service, painting company",,15,"[""apollo""]",,,2025-10-22T04:26:14.381Z,2025-10-22T04:28:31.410Z,,,,Vacaville,California,,,,,https://app.apollo.io/#/organizations/5e57eb9f5e3c2600014db3a6?overrideScoreId=score,,
334,"STEVE'S PAINTING SERVICE, INC.",http://www.stevespaintingserviceinc.com,stevespaintingserviceinc.com,"painting service, painting company",,12,"[""apollo""]",,,2025-10-22T04:26:14.382Z,2025-10-22T04:28:31.410Z,,,,San Jose,California,,,,,https://app.apollo.io/#/organizations/66e5768c15b550000182931e?overrideScoreId=score,,
335,Reliable Painting,http://www.reliablepainting.com,reliablepainting.com,"painting service, painting company",,48,"[""apollo""]",,,2025-10-22T04:26:14.382Z,2025-10-22T04:28:31.410Z,,,,San Diego,California,,,,,https://app.apollo.io/#/organizations/54a135b469702d4494c7c300?overrideScoreId=score,,
336,Expressions Painting Company,http://www.expressionspaintingco.com,expressionspaintingco.com,"painting service, painting company",,1,"[""apollo""]",,,2025-10-22T04:26:14.382Z,2025-10-22T04:28:31.410Z,,,,Stockton,California,,,,,https://app.apollo.io/#/organizations/65546a731a843a0001c72c1c?overrideScoreId=score,,
337,"PEACOCK PAINTING COMPANY, INC.",http://www.peacockpaintingco.com,peacockpaintingco.com,"painting service, painting company",,3,"[""apollo""]",,,2025-10-22T04:26:14.382Z,2025-10-22T04:28:31.410Z,,,,Novato,California,,,,,https://app.apollo.io/#/organizations/66f83cf74a9bbc00012149cd?overrideScoreId=score,,
338,U.S National Corp dba Jimenez Painting Company,,,"painting service, painting company",,2,"[""apollo""]",,,2025-10-22T04:26:14.382Z,2025-10-22T04:28:31.410Z,,,,Los Angeles,California,,,,,https://app.apollo.io/#/organizations/5e57bbde5c00fd000191cdaf?overrideScoreId=score,,
339,"D AND B PAINTING COMPANY, INC.",http://www.dbpaint.com,dbpaint.com,"painting service, painting company",,9,"[""apollo""]",,,2025-10-22T04:26:14.383Z,2025-10-22T04:28:31.411Z,,,,Oakland,California,,,,,https://app.apollo.io/#/organizations/55ef63dff3e5bb49b10005c7?overrideScoreId=score,,
340,CH Painting Company,http://www.chinohillspainting.com,chinohillspainting.com,"painting service, painting company",,6,"[""apollo""]",,,2025-10-22T04:26:14.383Z,2025-10-22T04:28:31.411Z,,,,Chino Hills,California,,,,,https://app.apollo.io/#/organizations/674b22abc0db0800013ee8f3?overrideScoreId=score,,
341,Meza Painting Company,http://www.mezapaintingco.com,mezapaintingco.com,"painting service, painting company",,1,"[""apollo""]",,,2025-10-22T04:26:14.383Z,2025-10-22T04:28:31.411Z,,,,Walnut Creek,California,,,,,https://app.apollo.io/#/organizations/6715d5b5eb99680001e052fc?overrideScoreId=score,,
342,Walls n Beyond Painting Company,http://www.wallsnbeyond.com,wallsnbeyond.com,"painting service, painting company",,1,"[""apollo""]",,,2025-10-22T04:26:14.384Z,2025-10-22T04:28:31.411Z,,,,San Mateo,California,,,,,https://app.apollo.io/#/organizations/54fca1e27369647d9b740c00?overrideScoreId=score,,
343,Wallace Painting Service,http://www.wallacepaintingservice.com,wallacepaintingservice.com,"painting service, painting company",,8,"[""apollo""]",,,2025-10-22T04:26:14.384Z,2025-10-22T04:28:31.411Z,,,,Temple City,California,,,,,https://app.apollo.io/#/organizations/6729cbfcc78d650001d81111?overrideScoreId=score,,
344,MIGALE PAINTING COMPANY,http://www.migalepainting.com,migalepainting.com,"painting service, painting company",,7,"[""apollo""]",,,2025-10-22T04:26:14.384Z,2025-10-22T04:28:31.411Z,,,,Novato,California,,,,,https://app.apollo.io/#/organizations/66f1070d3a3bc5000178f9bf?overrideScoreId=score,,
345,The Better Painting Company,http://www.thebetterpaintingco.com,thebetterpaintingco.com,"painting service, painting company",,,"[""apollo""]",,,2025-10-22T04:26:14.384Z,2025-10-22T04:28:31.411Z,,,,San Diego,California,,,,,https://app.apollo.io/#/organizations/641a8fddfa64490001c646a5?overrideScoreId=score,,
346,Element 6 US,http://www.element6.us,element6.us,"painting service, painting company",,9,"[""apollo""]",,,2025-10-22T04:26:14.384Z,2025-10-22T04:28:31.412Z,,,,Murrieta,California,,,,,https://app.apollo.io/#/organizations/6653ea915ca70300018eebaf?overrideScoreId=score,,
347,Aone Painting Company Mountain View,http://www.paintingcompanymountainview.com,paintingcompanymountainview.com,"painting service, painting company",,,"[""apollo""]",,,2025-10-22T04:26:14.385Z,2025-10-22T04:28:31.412Z,,,,Mountain View,California,,,,,https://app.apollo.io/#/organizations/6719f590c3c11d01b06aaa6b?overrideScoreId=score,,
348,Pro-Tech Painting Service,http://www.pro-techpaintinginc.com,pro-techpaintinginc.com,"painting service, painting company",,5,"[""apollo""]",,,2025-10-22T04:26:14.385Z,2025-10-22T04:28:31.412Z,,,,Campbell,California,,,,,https://app.apollo.io/#/organizations/67425df92c163600012ba3a7?overrideScoreId=score,,
349,"JFP PAINTING SERVICE, INC.",http://www.jfppaintingservice.com,jfppaintingservice.com,"painting service, painting company",,6,"[""apollo""]",,,2025-10-22T04:26:14.385Z,2025-10-22T04:28:31.412Z,,,,Fountain Valley,California,,,,,https://app.apollo.io/#/organizations/670b08b67524d000012a08ab?overrideScoreId=score,,
350,Mr. Painter Painting Company,http://www.paintingcontractorturlock.com,paintingcontractorturlock.com,"painting service, painting company",,2,"[""apollo""]",,,2025-10-22T04:26:14.385Z,2025-10-22T04:28:31.412Z,,,,Keyes,California,,,,,https://app.apollo.io/#/organizations/6714bdc7e73ec000013dab9c?overrideScoreId=score,,
351,Pro Painting Service,http://www.propaintingservice.com,propaintingservice.com,"painting service, painting company",,1,"[""apollo""]",,,2025-10-22T04:26:14.385Z,2025-10-22T04:28:31.412Z,,,,San Jose,California,,,,,https://app.apollo.io/#/organizations/66ff80ab13e8b3000151a524?overrideScoreId=score,,
352,BROWDER PAINTING COMPANY INC.,,,"painting service, painting company",,7,"[""apollo""]",,,2025-10-22T04:26:14.385Z,2025-10-22T04:28:31.412Z,,,,San Luis Obispo,California,,,,,https://app.apollo.io/#/organizations/66fce997a8ca0e000112a3b6?overrideScoreId=score,,
353,Sierra West Painting Company,http://www.sierrawestpainting.com,sierrawestpainting.com,"painting service, painting company",,4,"[""apollo""]",,,2025-10-22T04:26:14.385Z,2025-10-22T04:28:31.412Z,,,,Costa Mesa,California,,,,,https://app.apollo.io/#/organizations/673daf2988b2320001466d26?overrideScoreId=score,,
354,Moya Painting,,,"painting service, painting company",,,"[""apollo""]",,,2025-10-22T04:26:14.385Z,2025-10-22T04:28:31.412Z,,,,,,,,,,https://app.apollo.io/#/organizations/65f7e96e1aec6a01c680c2be?overrideScoreId=score,,
355,Busker Media Inc.,,,"painting service, painting company",,,"[""apollo""]",,,2025-10-22T04:26:14.385Z,2025-10-22T04:28:31.412Z,,,,,,,,,,https://app.apollo.io/#/organizations/556945157369642111a82600?overrideScoreId=score,,
356,J.W. Peterson Painting Inc.,,,"painting service, painting company",,,"[""apollo""]",,,2025-10-22T04:26:14.386Z,2025-10-22T04:28:31.412Z,,,,,,,,,,https://app.apollo.io/#/organizations/556ceec47369641226a04f00?overrideScoreId=score,,
357,"Universal Painting Contractors, Inc.",,,"painting service, painting company",,,"[""apollo""]",,,2025-10-22T04:26:14.386Z,2025-10-22T04:28:31.412Z,,,,,,,,,,https://app.apollo.io/#/organizations/60b2330715a03900014f81ad?overrideScoreId=score,,
358,"STEVE'S PAINTING SERVICE, INC.",,,"painting service, painting company",,,"[""apollo""]",,,2025-10-22T04:26:14.386Z,2025-10-22T04:28:31.413Z,,,,,,,,,,https://app.apollo.io/#/organizations/66e5768c15b550000182931e?overrideScoreId=score,,
359,Reliable Painting,,,"painting service, painting company",,,"[""apollo""]",,,2025-10-22T04:26:14.386Z,2025-10-22T04:28:31.413Z,,,,,,,,,,https://app.apollo.io/#/organizations/54a135b469702d4494c7c300?overrideScoreId=score,,
360,Expressions Painting Company,,,"painting service, painting company",,,"[""apollo""]",,,2025-10-22T04:26:14.386Z,2025-10-22T04:28:31.413Z,,,,,,,,,,https://app.apollo.io/#/organizations/65546a731a843a0001c72c1c?overrideScoreId=score,,
361,"PEACOCK PAINTING COMPANY, INC.",,,"painting service, painting company",,,"[""apollo""]",,,2025-10-22T04:26:14.386Z,2025-10-22T04:28:31.413Z,,,,,,,,,,https://app.apollo.io/#/organizations/66f83cf74a9bbc00012149cd?overrideScoreId=score,,
362,"D AND B PAINTING COMPANY, INC.",,,"painting service, painting company",,,"[""apollo""]",,,2025-10-22T04:26:14.386Z,2025-10-22T04:28:31.413Z,,,,,,,,,,https://app.apollo.io/#/organizations/55ef63dff3e5bb49b10005c7?overrideScoreId=score,,
363,CH Painting Company,,,"painting service, painting company",,,"[""apollo""]",,,2025-10-22T04:26:14.387Z,2025-10-22T04:28:31.413Z,,,,,,,,,,https://app.apollo.io/#/organizations/674b22abc0db0800013ee8f3?overrideScoreId=score,,
364,Meza Painting Company,,,"painting service, painting company",,,"[""apollo""]",,,2025-10-22T04:26:14.387Z,2025-10-22T04:28:31.413Z,,,,,,,,,,https://app.apollo.io/#/organizations/6715d5b5eb99680001e052fc?overrideScoreId=score,,
365,Walls n Beyond Painting Company,,,"painting service, painting company",,,"[""apollo""]",,,2025-10-22T04:26:14.387Z,2025-10-22T04:28:31.413Z,,,,,,,,,,https://app.apollo.io/#/organizations/54fca1e27369647d9b740c00?overrideScoreId=score,,
366,Wallace Painting Service,,,"painting service, painting company",,,"[""apollo""]",,,2025-10-22T04:26:14.388Z,2025-10-22T04:28:31.413Z,,,,,,,,,,https://app.apollo.io/#/organizations/6729cbfcc78d650001d81111?overrideScoreId=score,,
367,MIGALE PAINTING COMPANY,,,"painting service, painting company",,,"[""apollo""]",,,2025-10-22T04:26:14.388Z,2025-10-22T04:28:31.413Z,,,,,,,,,,https://app.apollo.io/#/organizations/66f1070d3a3bc5000178f9bf?overrideScoreId=score,,
368,The Better Painting Company,,,"painting service, painting company",,,"[""apollo""]",,,2025-10-22T04:26:14.388Z,2025-10-22T04:28:31.413Z,,,,,,,,,,https://app.apollo.io/#/organizations/641a8fddfa64490001c646a5?overrideScoreId=score,,
369,Element 6 US,,,"painting service, painting company",,,"[""apollo""]",,,2025-10-22T04:26:14.388Z,2025-10-22T04:28:31.414Z,,,,,,,,,,https://app.apollo.io/#/organizations/6653ea915ca70300018eebaf?overrideScoreId=score,,
370,Aone Painting Company Mountain View,,,"painting service, painting company",,,"[""apollo""]",,,2025-10-22T04:26:14.388Z,2025-10-22T04:28:31.414Z,,,,,,,,,,https://app.apollo.io/#/organizations/6719f590c3c11d01b06aaa6b?overrideScoreId=score,,
371,Pro-Tech Painting Service,,,"painting service, painting company",,,"[""apollo""]",,,2025-10-22T04:26:14.388Z,2025-10-22T04:28:31.414Z,,,,,,,,,,https://app.apollo.io/#/organizations/67425df92c163600012ba3a7?overrideScoreId=score,,
372,"JFP PAINTING SERVICE, INC.",,,"painting service, painting company",,,"[""apollo""]",,,2025-10-22T04:26:14.388Z,2025-10-22T04:28:31.414Z,,,,,,,,,,https://app.apollo.io/#/organizations/670b08b67524d000012a08ab?overrideScoreId=score,,
373,Mr. Painter Painting Company,,,"painting service, painting company",,,"[""apollo""]",,,2025-10-22T04:26:14.389Z,2025-10-22T04:28:31.414Z,,,,,,,,,,https://app.apollo.io/#/organizations/6714bdc7e73ec000013dab9c?overrideScoreId=score,,
374,Pro Painting Service,,,"painting service, painting company",,,"[""apollo""]",,,2025-10-22T04:26:14.389Z,2025-10-22T04:28:31.414Z,,,,,,,,,,https://app.apollo.io/#/organizations/66ff80ab13e8b3000151a524?overrideScoreId=score,,
375,Sierra West Painting Company,,,"painting service, painting company",,,"[""apollo""]",,,2025-10-22T04:26:14.389Z,2025-10-22T04:28:31.414Z,,,,,,,,,,https://app.apollo.io/#/organizations/673daf2988b2320001466d26?overrideScoreId=score,,
376,Tecc Painting Company,,,"painting service, painting company",,3,"[""apollo""]",,,2025-10-22T04:26:17.324Z,2025-10-22T04:28:31.414Z,,,,Colorado Springs,Colorado,,,,,https://app.apollo.io/#/organizations/664b056cf8dd710001b6df82?overrideScoreId=score,,
377,LIME Painting of Castle Rock,,,"painting service, painting company",,3,"[""apollo""]",,,2025-10-22T04:26:17.325Z,2025-10-22T04:28:31.414Z,,,,Castle Rock,Colorado,,,,,https://app.apollo.io/#/organizations/5e56ad704169b30001c5fad4?overrideScoreId=score,,
378,Painting NoCo,http://www.paintingnoco.com,paintingnoco.com,"painting service, painting company",,5,"[""apollo""]",,,2025-10-22T04:26:17.326Z,2025-10-22T04:28:31.414Z,,,,Loveland,Colorado,,,,,https://app.apollo.io/#/organizations/5e55f0efc786930001b7dcae?overrideScoreId=score,,
379,Improovy Painters Denver,,,"painting service, painting company",,,"[""apollo""]",,,2025-10-22T04:26:17.326Z,2025-10-22T04:28:31.415Z,,,,Denver,Colorado,,,,,https://app.apollo.io/#/organizations/63f637d1b3f24b00da4ffebd?overrideScoreId=score,,
380,Paint Denver,http://www.paintdenver.com,paintdenver.com,"painting service, painting company",,13,"[""apollo""]",,,2025-10-22T04:26:17.326Z,2025-10-22T04:28:31.415Z,,,,Denver,Colorado,,,,,https://app.apollo.io/#/organizations/65e9471f847df80007aeefcb?overrideScoreId=score,,
381,A Quality Paint Job,http://www.aqualitypaintjob.com,aqualitypaintjob.com,"painting service, painting company",,6,"[""apollo""]",,,2025-10-22T04:26:17.326Z,2025-10-22T04:28:31.415Z,,,,Colorado Springs,Colorado,,,,,https://app.apollo.io/#/organizations/54a23b327468693cddf82818?overrideScoreId=score,,
382,Exemplary Painting,http://www.exemplarypainting.com,exemplarypainting.com,"painting service, painting company",,3,"[""apollo""]",,,2025-10-22T04:26:17.326Z,2025-10-22T04:28:31.415Z,,,,Littleton,Colorado,,,,,https://app.apollo.io/#/organizations/5b83324e324d446b0607b4bd?overrideScoreId=score,,
383,Imperial Painters LLC,http://www.imperialpaintersco.com,imperialpaintersco.com,"painting service, painting company",,3,"[""apollo""]",,,2025-10-22T04:26:17.326Z,2025-10-22T04:28:31.415Z,,,,Arvada,Colorado,,,,,https://app.apollo.io/#/organizations/5fc9ad157f0def0001a1aa67?overrideScoreId=score,,
384,LIME Painting® of Northern Colorado,http://www.limepaintingofnortherncolorado.com,limepaintingofnortherncolorado.com,"painting service, painting company",,6,"[""apollo""]",,,2025-10-22T04:26:17.327Z,2025-10-22T04:28:31.415Z,,,,Boulder,Colorado,,,,,https://app.apollo.io/#/organizations/5e5833db2895460001e00815?overrideScoreId=score,,
385,Gardiner Painting,http://www.gardinerpaint.com,gardinerpaint.com,"painting service, painting company",,2,"[""apollo""]",,,2025-10-22T04:26:17.327Z,2025-10-22T04:28:31.416Z,,,,Colorado Springs,Colorado,,,,,https://app.apollo.io/#/organizations/649a9a9e99b5e400efca4443?overrideScoreId=score,,
386,"RW Professional Painting, LLC",http://www.rwpropainting.com,rwpropainting.com,"painting service, painting company",,4,"[""apollo""]",,,2025-10-22T04:26:17.327Z,2025-10-22T04:28:31.416Z,,,,Littleton,Colorado,,,,,https://app.apollo.io/#/organizations/5ed5f1072419f6000110140d?overrideScoreId=score,,
387,Paint Baum,http://www.paintbaum.com,paintbaum.com,"painting service, painting company",,2,"[""apollo""]",,,2025-10-22T04:26:17.327Z,2025-10-22T04:28:31.416Z,,,,Boulder,Colorado,,,,,https://app.apollo.io/#/organizations/6448993224ed930001d1a664?overrideScoreId=score,,
388,"Tall Pines Painting, Inc",http://www.tallpinespainting.com,tallpinespainting.com,"painting service, painting company",,3,"[""apollo""]",,,2025-10-22T04:26:17.328Z,2025-10-22T04:28:31.416Z,,,,Tall Pines Painting,Inc,,,,,https://app.apollo.io/#/organizations/54a1363069702d46f0aa0201?overrideScoreId=score,,
389,"Vivid Color Painting Company, LLC",http://www.vividcolorpaintingco.com,vividcolorpaintingco.com,"painting service, painting company",,2,"[""apollo""]",,,2025-10-22T04:26:17.328Z,2025-10-22T04:28:31.416Z,,,,Durango,Colorado,,,,,https://app.apollo.io/#/organizations/5da6ecda46748d00012abc55?overrideScoreId=score,,
390,"Highland Painting Company, LLC",http://www.highlandpaintingpros.com,highlandpaintingpros.com,"painting service, painting company",,4,"[""apollo""]",,,2025-10-22T04:26:17.328Z,2025-10-22T04:28:31.416Z,,,,Denver,Colorado,,,,,https://app.apollo.io/#/organizations/672659c06919ee000128f3bc?overrideScoreId=score,,
391,Lawton Painting Company,http://www.lawtonpaintingcompany.com,lawtonpaintingcompany.com,"painting service, painting company",,2,"[""apollo""]",,,2025-10-22T04:26:17.328Z,2025-10-22T04:28:31.416Z,,,,Steamboat Springs,Colorado,,,,,https://app.apollo.io/#/organizations/6726ab933ca5f7000197e11e?overrideScoreId=score,,
392,Painting NoCo,,,"painting service, painting company",,,"[""apollo""]",,,2025-10-22T04:26:17.328Z,2025-10-22T04:28:31.416Z,,,,,,,,,,https://app.apollo.io/#/organizations/5e55f0efc786930001b7dcae?overrideScoreId=score,,
393,Paint Denver,,,"painting service, painting company",,,"[""apollo""]",,,2025-10-22T04:26:17.328Z,2025-10-22T04:28:31.416Z,,,,,,,,,,https://app.apollo.io/#/organizations/65e9471f847df80007aeefcb?overrideScoreId=score,,
394,A Quality Paint Job,,,"painting service, painting company",,,"[""apollo""]",,,2025-10-22T04:26:17.328Z,2025-10-22T04:28:31.416Z,,,,,,,,,,https://app.apollo.io/#/organizations/54a23b327468693cddf82818?overrideScoreId=score,,
395,Exemplary Painting,,,"painting service, painting company",,,"[""apollo""]",,,2025-10-22T04:26:17.328Z,2025-10-22T04:28:31.416Z,,,,,,,,,,https://app.apollo.io/#/organizations/5b83324e324d446b0607b4bd?overrideScoreId=score,,
396,Imperial Painters LLC,,,"painting service, painting company",,,"[""apollo""]",,,2025-10-22T04:26:17.328Z,2025-10-22T04:28:31.416Z,,,,,,,,,,https://app.apollo.io/#/organizations/5fc9ad157f0def0001a1aa67?overrideScoreId=score,,
397,LIME Painting® of Northern Colorado,,,"painting service, painting company",,,"[""apollo""]",,,2025-10-22T04:26:17.328Z,2025-10-22T04:28:31.416Z,,,,,,,,,,https://app.apollo.io/#/organizations/5e5833db2895460001e00815?overrideScoreId=score,,
398,Gardiner Painting,,,"painting service, painting company",,,"[""apollo""]",,,2025-10-22T04:26:17.329Z,2025-10-22T04:28:31.416Z,,,,,,,,,,https://app.apollo.io/#/organizations/649a9a9e99b5e400efca4443?overrideScoreId=score,,
399,"RW Professional Painting, LLC",,,"painting service, painting company",,,"[""apollo""]",,,2025-10-22T04:26:17.329Z,2025-10-22T04:28:31.416Z,,,,,,,,,,https://app.apollo.io/#/organizations/5ed5f1072419f6000110140d?overrideScoreId=score,,
400,Paint Baum,,,"painting service, painting company",,,"[""apollo""]",,,2025-10-22T04:26:17.329Z,2025-10-22T04:28:31.417Z,,,,,,,,,,https://app.apollo.io/#/organizations/6448993224ed930001d1a664?overrideScoreId=score,,
401,"Tall Pines Painting, Inc",,,"painting service, painting company",,,"[""apollo""]",,,2025-10-22T04:26:17.329Z,2025-10-22T04:28:31.417Z,,,,,,,,,,https://app.apollo.io/#/organizations/54a1363069702d46f0aa0201?overrideScoreId=score,,
402,"Vivid Color Painting Company, LLC",,,"painting service, painting company",,,"[""apollo""]",,,2025-10-22T04:26:17.329Z,2025-10-22T04:28:31.417Z,,,,,,,,,,https://app.apollo.io/#/organizations/5da6ecda46748d00012abc55?overrideScoreId=score,,
403,"Highland Painting Company, LLC",,,"painting service, painting company",,,"[""apollo""]",,,2025-10-22T04:26:17.329Z,2025-10-22T04:28:31.417Z,,,,,,,,,,https://app.apollo.io/#/organizations/672659c06919ee000128f3bc?overrideScoreId=score,,
404,Lawton Painting Company,,,"painting service, painting company",,,"[""apollo""]",,,2025-10-22T04:26:17.330Z,2025-10-22T04:28:31.417Z,,,,,,,,,,https://app.apollo.io/#/organizations/6726ab933ca5f7000197e11e?overrideScoreId=score,,
405,"Turner Painting Service, Inc.",http://www.turnerpaintingservice.com,turnerpaintingservice.com,"painting service, painting company",,3,"[""apollo""]",,,2025-10-22T04:26:20.357Z,2025-10-22T04:28:31.417Z,,,,Turner Painting Service,Inc.,,,,,https://app.apollo.io/#/organizations/5d449e26576fbc09d5056d5c?overrideScoreId=score,,
406,"Roberge Painting Company, Inc.",http://www.robergepainting.com,robergepainting.com,"painting service, painting company",,15,"[""apollo""]",,,2025-10-22T04:26:20.358Z,2025-10-22T04:28:31.417Z,,,,Roberge Painting Company,Inc.,,,,,https://app.apollo.io/#/organizations/5e56af21e8dafc0001895986?overrideScoreId=score,,
407,MARTINEZ PAINTING COMPANY LLC,http://www.martinezpainting.com,martinezpainting.com,"painting service, painting company",,7,"[""apollo""]",,,2025-10-22T04:26:20.358Z,2025-10-22T04:28:31.417Z,,,,Essex,Connecticut,,,,,https://app.apollo.io/#/organizations/6739831fc2e9160001ae5ec8?overrideScoreId=score,,
408,Elite Painting Service,http://www.elitepaintingservicesplus.com,elitepaintingservicesplus.com,"painting service, painting company",,10,"[""apollo""]",,,2025-10-22T04:26:20.359Z,2025-10-22T04:28:31.417Z,,,,Simsbury,Connecticut,,,,,https://app.apollo.io/#/organizations/5d099b21a3ae61f4deba5f4a?overrideScoreId=score,,
409,Renaissance - A Painting Company,http://www.ren-painting.com,ren-painting.com,"painting service, painting company",,12,"[""apollo""]",,,2025-10-22T04:26:20.359Z,2025-10-22T04:28:31.417Z,,,,Glastonbury,Connecticut,,,,,https://app.apollo.io/#/organizations/54a1358369702d48e2bc9c00?overrideScoreId=score,,
410,"Painters In CT - Interior, Exterior, Commercial, & Residential Painting",http://www.newhavenpaintersllc.com,newhavenpaintersllc.com,"painting service, painting company",,3,"[""apollo""]",,,2025-10-22T04:26:20.359Z,2025-10-22T04:28:31.417Z,,,,Southington,Connecticut,,,,,https://app.apollo.io/#/organizations/5da540b5cef49f000192bfb2?overrideScoreId=score,,
411,Bridgeport Painting Company,http://www.bridgeportpaintingpros.com,bridgeportpaintingpros.com,"painting service, painting company",,4,"[""apollo""]",,,2025-10-22T04:26:20.359Z,2025-10-22T04:28:31.417Z,,,,Bridgeport,Connecticut,,,,,https://app.apollo.io/#/organizations/6459c83a82fce20001b4b168?overrideScoreId=score,,
412,ROBERGE PAINTING COMPANY INC,http://www.epoxyflooringservices.com,epoxyflooringservices.com,"painting service, painting company",,5,"[""apollo""]",,,2025-10-22T04:26:20.360Z,2025-10-22T04:28:31.417Z,,,,Bristol,Connecticut,,,,,https://app.apollo.io/#/organizations/673c45a17e4999000131e067?overrideScoreId=score,,
413,Franks Painting Service,http://www.frankspaintingservice.com,frankspaintingservice.com,"painting service, painting company",,4,"[""apollo""]",,,2025-10-22T04:26:20.360Z,2025-10-22T04:28:31.417Z,,,,Norwalk,Connecticut,,,,,https://app.apollo.io/#/organizations/5fc91585481a2800016f4150?overrideScoreId=score,,
414,Fairfield Painting Company,http://www.fairfieldpainting.com,fairfieldpainting.com,"painting service, painting company",,1,"[""apollo""]",,,2025-10-22T04:26:20.360Z,2025-10-22T04:28:31.418Z,,,,Fairfield,Connecticut,,,,,https://app.apollo.io/#/organizations/672742feed6bc2000186939f?overrideScoreId=score,,
415,Hue Painting Company,http://www.nuhuecompany.com,nuhuecompany.com,"painting service, painting company",,3,"[""apollo""]",,,2025-10-22T04:26:20.361Z,2025-10-22T04:28:31.418Z,,,,Brooklyn,Connecticut,,,,,https://app.apollo.io/#/organizations/556996c873696425a9f56400?overrideScoreId=score,,
416,Selly's Cleaning Service,http://www.sellyscleaningservice.com,sellyscleaningservice.com,"painting service, painting company",,1,"[""apollo""]",,,2025-10-22T04:26:20.361Z,2025-10-22T04:28:31.418Z,,,,Milford,Connecticut,,,,,https://app.apollo.io/#/organizations/5e55dbfe21d7050001297bf3?overrideScoreId=score,,
417,Connecticut Best Painting Company LLC,http://www.connecticutbestpainting.com,connecticutbestpainting.com,"painting service, painting company",,,"[""apollo""]",,,2025-10-22T04:26:20.361Z,2025-10-22T04:28:31.418Z,,,,New Haven,Connecticut,,,,,https://app.apollo.io/#/organizations/67271e4f6893d600010c71d4?overrideScoreId=score,,
418,Pachar’s Painting Service LLC,http://www.stamfordhousepainter.com,stamfordhousepainter.com,"painting service, painting company",,,"[""apollo""]",,,2025-10-22T04:26:20.362Z,2025-10-22T04:28:31.418Z,,,,Stamford,Connecticut,,,,,https://app.apollo.io/#/organizations/6727e45d3ca5f70001a65337?overrideScoreId=score,,
419,Joe Tamborra Painting Company,http://www.norwichpaintingcontractor.com,norwichpaintingcontractor.com,"painting service, painting company",,1,"[""apollo""]",,,2025-10-22T04:26:20.362Z,2025-10-22T04:28:31.418Z,,,,Norwich,Connecticut,,,,,https://app.apollo.io/#/organizations/6701758390d84b000118e425?overrideScoreId=score,,
420,Pat Derby Painting Company,http://www.patderbypainting.com,patderbypainting.com,"painting service, painting company",,,"[""apollo""]",,,2025-10-22T04:26:20.362Z,2025-10-22T04:28:31.418Z,,,,East Windsor,Connecticut,,,,,https://app.apollo.io/#/organizations/674284fe490a1000014e6771?overrideScoreId=score,,
421,"Turner Painting Service, Inc.",,,"painting service, painting company",,,"[""apollo""]",,,2025-10-22T04:26:20.362Z,2025-10-22T04:28:31.418Z,,,,,,,,,,https://app.apollo.io/#/organizations/5d449e26576fbc09d5056d5c?overrideScoreId=score,,
422,"Roberge Painting Company, Inc.",,,"painting service, painting company",,,"[""apollo""]",,,2025-10-22T04:26:20.363Z,2025-10-22T04:28:31.418Z,,,,,,,,,,https://app.apollo.io/#/organizations/5e56af21e8dafc0001895986?overrideScoreId=score,,
423,MARTINEZ PAINTING COMPANY LLC,,,"painting service, painting company",,,"[""apollo""]",,,2025-10-22T04:26:20.363Z,2025-10-22T04:28:31.418Z,,,,,,,,,,https://app.apollo.io/#/organizations/6739831fc2e9160001ae5ec8?overrideScoreId=score,,
424,Elite Painting Service,,,"painting service, painting company",,,"[""apollo""]",,,2025-10-22T04:26:20.363Z,2025-10-22T04:28:31.418Z,,,,,,,,,,https://app.apollo.io/#/organizations/5d099b21a3ae61f4deba5f4a?overrideScoreId=score,,
425,Renaissance - A Painting Company,,,"painting service, painting company",,,"[""apollo""]",,,2025-10-22T04:26:20.364Z,2025-10-22T04:28:31.418Z,,,,,,,,,,https://app.apollo.io/#/organizations/54a1358369702d48e2bc9c00?overrideScoreId=score,,
426,"Painters In CT - Interior, Exterior, Commercial, & Residential Painting",,,"painting service, painting company",,,"[""apollo""]",,,2025-10-22T04:26:20.364Z,2025-10-22T04:28:31.418Z,,,,,,,,,,https://app.apollo.io/#/organizations/5da540b5cef49f000192bfb2?overrideScoreId=score,,
427,Bridgeport Painting Company,,,"painting service, painting company",,,"[""apollo""]",,,2025-10-22T04:26:20.364Z,2025-10-22T04:28:31.419Z,,,,,,,,,,https://app.apollo.io/#/organizations/6459c83a82fce20001b4b168?overrideScoreId=score,,
428,ROBERGE PAINTING COMPANY INC,,,"painting service, painting company",,,"[""apollo""]",,,2025-10-22T04:26:20.365Z,2025-10-22T04:28:31.419Z,,,,,,,,,,https://app.apollo.io/#/organizations/673c45a17e4999000131e067?overrideScoreId=score,,
429,Franks Painting Service,,,"painting service, painting company",,,"[""apollo""]",,,2025-10-22T04:26:20.365Z,2025-10-22T04:28:31.419Z,,,,,,,,,,https://app.apollo.io/#/organizations/5fc91585481a2800016f4150?overrideScoreId=score,,
430,Fairfield Painting Company,,,"painting service, painting company",,,"[""apollo""]",,,2025-10-22T04:26:20.372Z,2025-10-22T04:28:31.419Z,,,,,,,,,,https://app.apollo.io/#/organizations/672742feed6bc2000186939f?overrideScoreId=score,,
431,Hue Painting Company,,,"painting service, painting company",,,"[""apollo""]",,,2025-10-22T04:26:20.373Z,2025-10-22T04:28:31.419Z,,,,,,,,,,https://app.apollo.io/#/organizations/556996c873696425a9f56400?overrideScoreId=score,,
432,Selly's Cleaning Service,,,"painting service, painting company",,,"[""apollo""]",,,2025-10-22T04:26:20.373Z,2025-10-22T04:28:31.419Z,,,,,,,,,,https://app.apollo.io/#/organizations/5e55dbfe21d7050001297bf3?overrideScoreId=score,,
433,Connecticut Best Painting Company LLC,,,"painting service, painting company",,,"[""apollo""]",,,2025-10-22T04:26:20.374Z,2025-10-22T04:28:31.419Z,,,,,,,,,,https://app.apollo.io/#/organizations/67271e4f6893d600010c71d4?overrideScoreId=score,,
434,Pachar’s Painting Service LLC,,,"painting service, painting company",,,"[""apollo""]",,,2025-10-22T04:26:20.374Z,2025-10-22T04:28:31.419Z,,,,,,,,,,https://app.apollo.io/#/organizations/6727e45d3ca5f70001a65337?overrideScoreId=score,,
435,Joe Tamborra Painting Company,,,"painting service, painting company",,,"[""apollo""]",,,2025-10-22T04:26:20.374Z,2025-10-22T04:28:31.419Z,,,,,,,,,,https://app.apollo.io/#/organizations/6701758390d84b000118e425?overrideScoreId=score,,
436,Pat Derby Painting Company,,,"painting service, painting company",,,"[""apollo""]",,,2025-10-22T04:26:20.374Z,2025-10-22T04:28:31.419Z,,,,,,,,,,https://app.apollo.io/#/organizations/674284fe490a1000014e6771?overrideScoreId=score,,
437,Robs Painting Service,http://www.robspaintingservice.net,robspaintingservice.net,"painting service, painting company",,12,"[""apollo""]",,,2025-10-22T04:26:23.297Z,2025-10-22T04:28:31.419Z,,,,Wilmington,Delaware,,,,,https://app.apollo.io/#/organizations/55693b337369642115ad1600?overrideScoreId=score,,
438,Burke Painting Company,http://www.burkepaintingco.com,burkepaintingco.com,"painting service, painting company",,,"[""apollo""]",,,2025-10-22T04:26:23.298Z,2025-10-22T04:28:31.419Z,,,,Wilmington,Delaware,,,,,https://app.apollo.io/#/organizations/5fd87123fc876f00019339da?overrideScoreId=score,,
439,Burke painting Company LLC,http://www.burkepaintingandcoatings.com,burkepaintingandcoatings.com,"painting service, painting company",,3,"[""apollo""]",,,2025-10-22T04:26:23.299Z,2025-10-22T04:28:31.419Z,,,,Wilmington,Delaware,,,,,https://app.apollo.io/#/organizations/56dd2052f3e5bb1ae900184a?overrideScoreId=score,,
440,Robs Painting Service,,,"painting service, painting company",,,"[""apollo""]",,,2025-10-22T04:26:23.299Z,2025-10-22T04:28:31.419Z,,,,,,,,,,https://app.apollo.io/#/organizations/55693b337369642115ad1600?overrideScoreId=score,,
441,Burke Painting Company,,,"painting service, painting company",,,"[""apollo""]",,,2025-10-22T04:26:23.300Z,2025-10-22T04:28:31.420Z,,,,,,,,,,https://app.apollo.io/#/organizations/5fd87123fc876f00019339da?overrideScoreId=score,,
442,Burke painting Company LLC,,,"painting service, painting company",,,"[""apollo""]",,,2025-10-22T04:26:23.300Z,2025-10-22T04:28:31.420Z,,,,,,,,,,https://app.apollo.io/#/organizations/56dd2052f3e5bb1ae900184a?overrideScoreId=score,,
443,Messery Painting,http://www.messerypaintingswfl.com,messerypaintingswfl.com,"painting service, painting company",,12,"[""apollo""]",,,2025-10-22T04:26:28.356Z,2025-10-22T04:28:31.420Z,,,,Fort Myers,Florida,,,,,https://app.apollo.io/#/organizations/5500c55f736964176d614f00?overrideScoreId=score,,
444,The Plummer Painting Company,http://www.plummerinc.com,plummerinc.com,"painting service, painting company",,19,"[""apollo""]",,,2025-10-22T04:26:28.358Z,2025-10-22T04:28:31.420Z,,,,Winter Park,Florida,,,,,https://app.apollo.io/#/organizations/6545f8889e2fb20001d2456e?overrideScoreId=score,,
445,Wintergreen Construction Services Inc.,http://www.wintergreenconstruction.com,wintergreenconstruction.com,"painting service, painting company",,5,"[""apollo""]",,,2025-10-22T04:26:28.358Z,2025-10-22T04:28:31.420Z,,,,Tampa,Florida,,,,,https://app.apollo.io/#/organizations/5ed19e5c7ee61c000133a0af?overrideScoreId=score,,
446,Premium Painters,http://www.premiumpainters.com,premiumpainters.com,"painting service, painting company",,9,"[""apollo""]",,,2025-10-22T04:26:28.358Z,2025-10-22T04:28:31.420Z,,,,Hobe Sound,Florida,,,,,https://app.apollo.io/#/organizations/55ea54a7f3e5bb59a6002962?overrideScoreId=score,,
447,Blu Baboon Painting,http://www.blubaboon.com,blubaboon.com,"painting service, painting company",,3,"[""apollo""]",,,2025-10-22T04:26:28.359Z,2025-10-22T04:28:31.420Z,,,,Cocoa,Florida,,,,,https://app.apollo.io/#/organizations/6384b6b5a0238900a31b5c73?overrideScoreId=score,,
448,Orlando Painting Service,http://www.orlandopaintingservice.com,orlandopaintingservice.com,"painting service, painting company",,8,"[""apollo""]",,,2025-10-22T04:26:28.359Z,2025-10-22T04:28:31.420Z,,,,Winter Park,Florida,,,,,https://app.apollo.io/#/organizations/5fc9b6f42221130001d05426?overrideScoreId=score,,
449,Regal Custom Painting Inc,http://www.regalcustompainting.com,regalcustompainting.com,"painting service, painting company",,10,"[""apollo""]",,,2025-10-22T04:26:28.359Z,2025-10-22T04:28:31.420Z,,,,Palm Bay,Florida,,,,,https://app.apollo.io/#/organizations/556de42773696412269aba01?overrideScoreId=score,,
450,Fresh Coating,http://www.freshcoatingllc.com,freshcoatingllc.com,"painting service, painting company",,3,"[""apollo""]",,,2025-10-22T04:26:28.359Z,2025-10-22T04:28:31.420Z,,,,Fort Walton Beach,Florida,,,,,https://app.apollo.io/#/organizations/64a6667023b5ff0001281872?overrideScoreId=score,,
451,Giron Brothers Painting,http://www.gironbrotherspainting.com,gironbrotherspainting.com,"painting service, painting company",,1,"[""apollo""]",,,2025-10-22T04:26:28.360Z,2025-10-22T04:28:31.420Z,,,,Naples,Florida,,,,,https://app.apollo.io/#/organizations/614c144781afa80001746b6b?overrideScoreId=score,,
452,RCI PAINTING,http://www.rcipainting.com,rcipainting.com,"painting service, painting company",,9,"[""apollo""]",,,2025-10-22T04:26:28.360Z,2025-10-22T04:28:31.420Z,,,,Boynton Beach,Florida,,,,,https://app.apollo.io/#/organizations/55ef96f9f3e5bb7b190007de?overrideScoreId=score,,
453,Dr House Painter,http://www.drhousepainter.com,drhousepainter.com,"painting service, painting company",,3,"[""apollo""]",,,2025-10-22T04:26:28.360Z,2025-10-22T04:28:31.420Z,,,,North Miami Beach,Florida,,,,,https://app.apollo.io/#/organizations/62fe04cef4490c00f7865007?overrideScoreId=score,,
454,"Weston Coatings Group, Inc.",http://www.westoncoatingsgroup.com,westoncoatingsgroup.com,"painting service, painting company",,14,"[""apollo""]",,,2025-10-22T04:26:28.360Z,2025-10-22T04:28:31.420Z,,,,Weston Coatings Group,Inc.,,,,,https://app.apollo.io/#/organizations/63c4d387898fcc00019764bc?overrideScoreId=score,,
455,SOS Assistance,http://www.sosassistance.us,sosassistance.us,"painting service, painting company",,,"[""apollo""]",,,2025-10-22T04:26:28.361Z,2025-10-22T04:28:31.420Z,,,,Miami Lakes,Florida,,,,,https://app.apollo.io/#/organizations/63528ea50ee48800a316ec48?overrideScoreId=score,,
456,The Cabinet Painting Company,http://www.cabinetpaintingco.com,cabinetpaintingco.com,"painting service, painting company",,3,"[""apollo""]",,,2025-10-22T04:26:28.361Z,2025-10-22T04:28:31.420Z,,,,Lithia,Florida,,,,,https://app.apollo.io/#/organizations/63c2ea9b5c1fde0001e1b472?overrideScoreId=score,,
457,Tampa Bay Painting Company,http://www.tbpaintingco.com,tbpaintingco.com,"painting service, painting company",,3,"[""apollo""]",,,2025-10-22T04:26:28.361Z,2025-10-22T04:28:31.420Z,,,,Saint Petersburg,Florida,,,,,https://app.apollo.io/#/organizations/55ef78c5f3e5bb3550000dea?overrideScoreId=score,,
458,"Expo Painting and Contracting, LLC",http://www.expopainting.com,expopainting.com,"painting service, painting company",,4,"[""apollo""]",,,2025-10-22T04:26:28.361Z,2025-10-22T04:28:31.421Z,,,,Naples,Florida,,,,,https://app.apollo.io/#/organizations/556d161873696412712c8200?overrideScoreId=score,,
459,Unique Painting Contractor,http://www.uniquepaintingcontractor.com,uniquepaintingcontractor.com,"painting service, painting company",,,"[""apollo""]",,,2025-10-22T04:26:28.362Z,2025-10-22T04:28:31.421Z,,,,Hollywood,Florida,,,,,https://app.apollo.io/#/organizations/666d51aee6e77c097e3afa6d?overrideScoreId=score,,
460,Unique Stone Resurfacing™,http://www.uniquestoneresurfacing.com,uniquestoneresurfacing.com,"painting service, painting company",,2,"[""apollo""]",,,2025-10-22T04:26:28.362Z,2025-10-22T04:28:31.421Z,,,,Sarasota,Florida,,,,,https://app.apollo.io/#/organizations/5500b4c87369647a36870900?overrideScoreId=score,,
461,Messery Painting,,,"painting service, painting company",,,"[""apollo""]",,,2025-10-22T04:26:28.362Z,2025-10-22T04:28:31.421Z,,,,,,,,,,https://app.apollo.io/#/organizations/5500c55f736964176d614f00?overrideScoreId=score,,
462,The Plummer Painting Company,,,"painting service, painting company",,,"[""apollo""]",,,2025-10-22T04:26:28.363Z,2025-10-22T04:28:31.421Z,,,,,,,,,,https://app.apollo.io/#/organizations/6545f8889e2fb20001d2456e?overrideScoreId=score,,
463,Wintergreen Construction Services Inc.,,,"painting service, painting company",,,"[""apollo""]",,,2025-10-22T04:26:28.363Z,2025-10-22T04:28:31.421Z,,,,,,,,,,https://app.apollo.io/#/organizations/5ed19e5c7ee61c000133a0af?overrideScoreId=score,,
464,Premium Painters,,,"painting service, painting company",,,"[""apollo""]",,,2025-10-22T04:26:28.363Z,2025-10-22T04:28:31.421Z,,,,,,,,,,https://app.apollo.io/#/organizations/55ea54a7f3e5bb59a6002962?overrideScoreId=score,,
465,Blu Baboon Painting,,,"painting service, painting company",,,"[""apollo""]",,,2025-10-22T04:26:28.364Z,2025-10-22T04:28:31.421Z,,,,,,,,,,https://app.apollo.io/#/organizations/6384b6b5a0238900a31b5c73?overrideScoreId=score,,
466,Orlando Painting Service,,,"painting service, painting company",,,"[""apollo""]",,,2025-10-22T04:26:28.364Z,2025-10-22T04:28:31.421Z,,,,,,,,,,https://app.apollo.io/#/organizations/5fc9b6f42221130001d05426?overrideScoreId=score,,
467,Regal Custom Painting Inc,,,"painting service, painting company",,,"[""apollo""]",,,2025-10-22T04:26:28.364Z,2025-10-22T04:28:31.421Z,,,,,,,,,,https://app.apollo.io/#/organizations/556de42773696412269aba01?overrideScoreId=score,,
468,Fresh Coating,,,"painting service, painting company",,,"[""apollo""]",,,2025-10-22T04:26:28.364Z,2025-10-22T04:28:31.421Z,,,,,,,,,,https://app.apollo.io/#/organizations/64a6667023b5ff0001281872?overrideScoreId=score,,
469,Giron Brothers Painting,,,"painting service, painting company",,,"[""apollo""]",,,2025-10-22T04:26:28.364Z,2025-10-22T04:28:31.421Z,,,,,,,,,,https://app.apollo.io/#/organizations/614c144781afa80001746b6b?overrideScoreId=score,,
470,RCI PAINTING,,,"painting service, painting company",,,"[""apollo""]",,,2025-10-22T04:26:28.364Z,2025-10-22T04:28:31.421Z,,,,,,,,,,https://app.apollo.io/#/organizations/55ef96f9f3e5bb7b190007de?overrideScoreId=score,,
471,Dr House Painter,,,"painting service, painting company",,,"[""apollo""]",,,2025-10-22T04:26:28.365Z,2025-10-22T04:28:31.422Z,,,,,,,,,,https://app.apollo.io/#/organizations/62fe04cef4490c00f7865007?overrideScoreId=score,,
472,"Weston Coatings Group, Inc.",,,"painting service, painting company",,,"[""apollo""]",,,2025-10-22T04:26:28.365Z,2025-10-22T04:28:31.422Z,,,,,,,,,,https://app.apollo.io/#/organizations/63c4d387898fcc00019764bc?overrideScoreId=score,,
473,SOS Assistance,,,"painting service, painting company",,,"[""apollo""]",,,2025-10-22T04:26:28.365Z,2025-10-22T04:28:31.422Z,,,,,,,,,,https://app.apollo.io/#/organizations/63528ea50ee48800a316ec48?overrideScoreId=score,,
474,The Cabinet Painting Company,,,"painting service, painting company",,,"[""apollo""]",,,2025-10-22T04:26:28.365Z,2025-10-22T04:28:31.422Z,,,,,,,,,,https://app.apollo.io/#/organizations/63c2ea9b5c1fde0001e1b472?overrideScoreId=score,,
475,Tampa Bay Painting Company,,,"painting service, painting company",,,"[""apollo""]",,,2025-10-22T04:26:28.365Z,2025-10-22T04:28:31.422Z,,,,,,,,,,https://app.apollo.io/#/organizations/55ef78c5f3e5bb3550000dea?overrideScoreId=score,,
476,"Expo Painting and Contracting, LLC",,,"painting service, painting company",,,"[""apollo""]",,,2025-10-22T04:26:28.365Z,2025-10-22T04:28:31.422Z,,,,,,,,,,https://app.apollo.io/#/organizations/556d161873696412712c8200?overrideScoreId=score,,
477,Unique Painting Contractor,,,"painting service, painting company",,,"[""apollo""]",,,2025-10-22T04:26:28.366Z,2025-10-22T04:28:31.422Z,,,,,,,,,,https://app.apollo.io/#/organizations/666d51aee6e77c097e3afa6d?overrideScoreId=score,,
478,Unique Stone Resurfacing™,,,"painting service, painting company",,,"[""apollo""]",,,2025-10-22T04:26:28.366Z,2025-10-22T04:28:31.422Z,,,,,,,,,,https://app.apollo.io/#/organizations/5500b4c87369647a36870900?overrideScoreId=score,,
479,3 peaks painting,http://www.threepeaks-painting.com,threepeaks-painting.com,"painting service, painting company",,,"[""apollo""]",,,2025-10-22T04:26:28.366Z,2025-10-22T04:28:31.422Z,,,,Saint Johns,Florida,,,,,https://app.apollo.io/#/organizations/673a3ffde3aae8000123db3d?overrideScoreId=score,,
480,"Team Sepi Inc., A Painting Company®",,,"painting service, painting company",,2,"[""apollo""]",,,2025-10-22T04:26:28.366Z,2025-10-22T04:28:31.422Z,,,,Miami,Florida,,,,,https://app.apollo.io/#/organizations/60064b1a11702900e4bdfc14?overrideScoreId=score,,
481,US Painting Service LLC,http://www.uspaintingservice.com,uspaintingservice.com,"painting service, painting company",,1,"[""apollo""]",,,2025-10-22T04:26:28.366Z,2025-10-22T04:28:31.422Z,,,,Orlando,Florida,,,,,https://app.apollo.io/#/organizations/643fa23dc68ab200a312f498?overrideScoreId=score,,
482,Azteca Painting Service,http://www.aztecapaintingservice.com,aztecapaintingservice.com,"painting service, painting company",,1,"[""apollo""]",,,2025-10-22T04:26:28.367Z,2025-10-22T04:28:31.422Z,,,,Riverview,Florida,,,,,https://app.apollo.io/#/organizations/68d038afabe0f70001c31058?overrideScoreId=score,,
483,"GPS Painting Group, LLC (561-247-2468)",http://www.gpspaintingfl.com,gpspaintingfl.com,"painting service, painting company",,3,"[""apollo""]",,,2025-10-22T04:26:28.367Z,2025-10-22T04:28:31.422Z,,,,Royal Palm Beach,Florida,,,,,https://app.apollo.io/#/organizations/5500b76a736964606b480600?overrideScoreId=score,,
484,Spartan Painting Company,,,"painting service, painting company",,7,"[""apollo""]",,,2025-10-22T04:26:28.367Z,2025-10-22T04:28:31.422Z,,,,Orlando,Florida,,,,,https://app.apollo.io/#/organizations/55922fd073696424de028500?overrideScoreId=score,,
485,Compass Painting of SWFL,http://www.compasspaintingswfl.com,compasspaintingswfl.com,"painting service, painting company",,1,"[""apollo""]",,,2025-10-22T04:26:28.367Z,2025-10-22T04:28:31.422Z,,,,Sarasota,Florida,,,,,https://app.apollo.io/#/organizations/66dbc568b617610001938e20?overrideScoreId=score,,
486,"BINGMAN'S PAINTING SERVICE, INC.",http://www.bingmanspainting.com,bingmanspainting.com,"painting service, painting company",,2,"[""apollo""]",,,2025-10-22T04:26:28.368Z,2025-10-22T04:28:31.423Z,,,,Hobe Sound,Florida,,,,,https://app.apollo.io/#/organizations/66d978e89c3c4e000156031f?overrideScoreId=score,,
487,JK Adams Services LLC,http://www.wecandothatservice.com,wecandothatservice.com,"painting service, painting company",,1,"[""apollo""]",,,2025-10-22T04:26:28.368Z,2025-10-22T04:28:31.423Z,,,,Milton,Florida,,,,,https://app.apollo.io/#/organizations/66365d21f04d590001e481af?overrideScoreId=score,,
488,I.A.C. PAINTING COMPANY INC.,http://www.iacpainting.com,iacpainting.com,"painting service, painting company",,3,"[""apollo""]",,,2025-10-22T04:26:28.368Z,2025-10-22T04:28:31.423Z,,,,Tampa,Florida,,,,,https://app.apollo.io/#/organizations/6730c2080af9f60001e2e517?overrideScoreId=score,,
489,ProMatcher Marketing,http://www.promatcher.com,promatcher.com,"painting service, painting company",,2,"[""apollo""]",,,2025-10-22T04:26:28.368Z,2025-10-22T04:28:31.423Z,,,,Winter Park,Florida,,,,,https://app.apollo.io/#/organizations/5d0a1193a3ae617b04f8c480?overrideScoreId=score,,
490,Five Star Painting of New Port Richey / Citrus Park,,,"painting service, painting company",,,"[""apollo""]",,,2025-10-22T04:26:28.368Z,2025-10-22T04:28:31.423Z,,,,New Port Richey,Florida,,,,,https://app.apollo.io/#/organizations/678c21880c1e3500019df2b5?overrideScoreId=score,,
491,LT Painting Service Inc.,http://www.ltpainting.com,ltpainting.com,"painting service, painting company",,2,"[""apollo""]",,,2025-10-22T04:26:28.368Z,2025-10-22T04:28:31.423Z,,,,Tampa,Florida,,,,,https://app.apollo.io/#/organizations/55ee024ff3e5bb16aa00030a?overrideScoreId=score,,
492,Curry Painting Company,http://www.curry-painting.com,curry-painting.com,"painting service, painting company",,,"[""apollo""]",,,2025-10-22T04:26:28.369Z,2025-10-22T04:28:31.423Z,,,,Coconut Creek,Florida,,,,,https://app.apollo.io/#/organizations/6745ad124565480001c3d390?overrideScoreId=score,,
493,SOCORRO PAINTING COMPANY,http://www.socorropainting.com,socorropainting.com,"painting service, painting company",,2,"[""apollo""]",,,2025-10-22T04:26:28.369Z,2025-10-22T04:28:31.423Z,,,,Miami,Florida,,,,,https://app.apollo.io/#/organizations/66e504d0829610000151de82?overrideScoreId=score,,
494,James Painting Service,http://www.jamespaintingservice.com,jamespaintingservice.com,"painting service, painting company",,1,"[""apollo""]",,,2025-10-22T04:26:28.369Z,2025-10-22T04:28:31.423Z,,,,Miami,Florida,,,,,https://app.apollo.io/#/organizations/559204ac73696418bc391e00?overrideScoreId=score,,
495,Richards Painting Service,http://www.thepaintingservice.com,thepaintingservice.com,"painting service, painting company",,1,"[""apollo""]",,,2025-10-22T04:26:28.369Z,2025-10-22T04:28:31.433Z,,,,Port Richey,Florida,,,,,https://app.apollo.io/#/organizations/55eaddb9f3e5bb3f32003809?overrideScoreId=score,,
496,T&L Perfect Services LLC,http://www.tileperfectservice.com,tileperfectservice.com,"painting service, painting company",,1,"[""apollo""]",,,2025-10-22T04:26:28.370Z,2025-10-22T04:28:31.434Z,,,,Clearwater,Florida,,,,,https://app.apollo.io/#/organizations/6718c6cfd33c2f00014ebdcf?overrideScoreId=score,,
497,Original Florida Painting Company,http://www.originalfloridapainting.com,originalfloridapainting.com,"painting service, painting company",,1,"[""apollo""]",,,2025-10-22T04:26:28.370Z,2025-10-22T04:28:31.434Z,,,,Brandon,Florida,,,,,https://app.apollo.io/#/organizations/684618697984a60001b8efe9?overrideScoreId=score,,
498,"PAGE PAINTING COMPANY, L.L.C.",http://www.pagepaintingco.com,pagepaintingco.com,"painting service, painting company",,1,"[""apollo""]",,,2025-10-22T04:26:28.370Z,2025-10-22T04:28:31.434Z,,,,Orlando,Florida,,,,,https://app.apollo.io/#/organizations/66f23bd74fb92d00012b75ee?overrideScoreId=score,,
499,AYS Painting Service,http://www.ayspainting.com,ayspainting.com,"painting service, painting company",,,"[""apollo""]",,,2025-10-22T04:26:28.370Z,2025-10-22T04:28:31.435Z,,,,Orlando,Florida,,,,,https://app.apollo.io/#/organizations/66f86923a48df40001362050?overrideScoreId=score,,
500,Port St. Lucie Painting Company,http://www.portstluciepainter.net,portstluciepainter.net,"painting service, painting company",,,"[""apollo""]",,,2025-10-22T04:26:28.370Z,2025-10-22T04:28:31.435Z,,,,Port Saint Lucie,Florida,,,,,https://app.apollo.io/#/organizations/674028c031c7620001b9969d?overrideScoreId=score,,
501,Bradshaw's Painting Service,http://www.bradshawspainting.com,bradshawspainting.com,"painting service, painting company",,,"[""apollo""]",,,2025-10-22T04:26:28.370Z,2025-10-22T04:28:31.435Z,,,,DeFuniak Springs,Florida,,,,,https://app.apollo.io/#/organizations/68c09eedd9cfc50001e83748?overrideScoreId=score,,
502,Anchor Painting Company,http://www.anchorpainting.com,anchorpainting.com,"painting service, painting company",,,"[""apollo""]",,,2025-10-22T04:26:28.370Z,2025-10-22T04:28:31.435Z,,,,Satellite Beach,Florida,,,,,https://app.apollo.io/#/organizations/68c287c8a291e00001464f3e?overrideScoreId=score,,
503,3 peaks painting,,,"painting service, painting company",,,"[""apollo""]",,,2025-10-22T04:26:28.370Z,2025-10-22T04:28:31.435Z,,,,,,,,,,https://app.apollo.io/#/organizations/673a3ffde3aae8000123db3d?overrideScoreId=score,,
504,US Painting Service LLC,,,"painting service, painting company",,,"[""apollo""]",,,2025-10-22T04:26:28.371Z,2025-10-22T04:28:31.436Z,,,,,,,,,,https://app.apollo.io/#/organizations/643fa23dc68ab200a312f498?overrideScoreId=score,,
505,Azteca Painting Service,,,"painting service, painting company",,,"[""apollo""]",,,2025-10-22T04:26:28.371Z,2025-10-22T04:28:31.436Z,,,,,,,,,,https://app.apollo.io/#/organizations/68d038afabe0f70001c31058?overrideScoreId=score,,
506,"GPS Painting Group, LLC (561-247-2468)",,,"painting service, painting company",,,"[""apollo""]",,,2025-10-22T04:26:28.371Z,2025-10-22T04:28:31.436Z,,,,,,,,,,https://app.apollo.io/#/organizations/5500b76a736964606b480600?overrideScoreId=score,,
507,Compass Painting of SWFL,,,"painting service, painting company",,,"[""apollo""]",,,2025-10-22T04:26:28.371Z,2025-10-22T04:28:31.436Z,,,,,,,,,,https://app.apollo.io/#/organizations/66dbc568b617610001938e20?overrideScoreId=score,,
508,"BINGMAN'S PAINTING SERVICE, INC.",,,"painting service, painting company",,,"[""apollo""]",,,2025-10-22T04:26:28.371Z,2025-10-22T04:28:31.436Z,,,,,,,,,,https://app.apollo.io/#/organizations/66d978e89c3c4e000156031f?overrideScoreId=score,,
509,JK Adams Services LLC,,,"painting service, painting company",,,"[""apollo""]",,,2025-10-22T04:26:28.371Z,2025-10-22T04:28:31.436Z,,,,,,,,,,https://app.apollo.io/#/organizations/66365d21f04d590001e481af?overrideScoreId=score,,
510,I.A.C. PAINTING COMPANY INC.,,,"painting service, painting company",,,"[""apollo""]",,,2025-10-22T04:26:28.371Z,2025-10-22T04:28:31.436Z,,,,,,,,,,https://app.apollo.io/#/organizations/6730c2080af9f60001e2e517?overrideScoreId=score,,
511,ProMatcher Marketing,,,"painting service, painting company",,,"[""apollo""]",,,2025-10-22T04:26:28.371Z,2025-10-22T04:28:31.437Z,,,,,,,,,,https://app.apollo.io/#/organizations/5d0a1193a3ae617b04f8c480?overrideScoreId=score,,
512,LT Painting Service Inc.,,,"painting service, painting company",,,"[""apollo""]",,,2025-10-22T04:26:28.372Z,2025-10-22T04:28:31.437Z,,,,,,,,,,https://app.apollo.io/#/organizations/55ee024ff3e5bb16aa00030a?overrideScoreId=score,,
513,Curry Painting Company,,,"painting service, painting company",,,"[""apollo""]",,,2025-10-22T04:26:28.372Z,2025-10-22T04:28:31.437Z,,,,,,,,,,https://app.apollo.io/#/organizations/6745ad124565480001c3d390?overrideScoreId=score,,
514,SOCORRO PAINTING COMPANY,,,"painting service, painting company",,,"[""apollo""]",,,2025-10-22T04:26:28.372Z,2025-10-22T04:28:31.437Z,,,,,,,,,,https://app.apollo.io/#/organizations/66e504d0829610000151de82?overrideScoreId=score,,
515,James Painting Service,,,"painting service, painting company",,,"[""apollo""]",,,2025-10-22T04:26:28.372Z,2025-10-22T04:28:31.437Z,,,,,,,,,,https://app.apollo.io/#/organizations/559204ac73696418bc391e00?overrideScoreId=score,,
516,Richards Painting Service,,,"painting service, painting company",,,"[""apollo""]",,,2025-10-22T04:26:28.372Z,2025-10-22T04:28:31.437Z,,,,,,,,,,https://app.apollo.io/#/organizations/55eaddb9f3e5bb3f32003809?overrideScoreId=score,,
517,T&L Perfect Services LLC,,,"painting service, painting company",,,"[""apollo""]",,,2025-10-22T04:26:28.373Z,2025-10-22T04:28:31.438Z,,,,,,,,,,https://app.apollo.io/#/organizations/6718c6cfd33c2f00014ebdcf?overrideScoreId=score,,
518,Original Florida Painting Company,,,"painting service, painting company",,,"[""apollo""]",,,2025-10-22T04:26:28.373Z,2025-10-22T04:28:31.438Z,,,,,,,,,,https://app.apollo.io/#/organizations/684618697984a60001b8efe9?overrideScoreId=score,,
519,"PAGE PAINTING COMPANY, L.L.C.",,,"painting service, painting company",,,"[""apollo""]",,,2025-10-22T04:26:28.374Z,2025-10-22T04:28:31.438Z,,,,,,,,,,https://app.apollo.io/#/organizations/66f23bd74fb92d00012b75ee?overrideScoreId=score,,
520,AYS Painting Service,,,"painting service, painting company",,,"[""apollo""]",,,2025-10-22T04:26:28.374Z,2025-10-22T04:28:31.438Z,,,,,,,,,,https://app.apollo.io/#/organizations/66f86923a48df40001362050?overrideScoreId=score,,
521,Port St. Lucie Painting Company,,,"painting service, painting company",,,"[""apollo""]",,,2025-10-22T04:26:28.374Z,2025-10-22T04:28:31.438Z,,,,,,,,,,https://app.apollo.io/#/organizations/674028c031c7620001b9969d?overrideScoreId=score,,
522,Bradshaw's Painting Service,,,"painting service, painting company",,,"[""apollo""]",,,2025-10-22T04:26:28.374Z,2025-10-22T04:28:31.438Z,,,,,,,,,,https://app.apollo.io/#/organizations/68c09eedd9cfc50001e83748?overrideScoreId=score,,
523,Anchor Painting Company,,,"painting service, painting company",,,"[""apollo""]",,,2025-10-22T04:26:28.374Z,2025-10-22T04:28:31.438Z,,,,,,,,,,https://app.apollo.io/#/organizations/68c287c8a291e00001464f3e?overrideScoreId=score,,
524,Paint Boss Ga,http://www.paintbossga.com,paintbossga.com,"painting service, painting company",,3,"[""apollo""]",,,2025-10-22T04:26:31.315Z,2025-10-22T04:28:31.438Z,,,,Warner Robins,Georgia,,,,,https://app.apollo.io/#/organizations/63cb70680d833b00014c23ff?overrideScoreId=score,,
525,TRASH IT,http://www.trashittrashittrashit.com,trashittrashittrashit.com,"painting service, painting company",,5,"[""apollo""]",,,2025-10-22T04:26:31.316Z,2025-10-22T04:28:31.438Z,,,,Atlanta,Georgia,,,,,https://app.apollo.io/#/organizations/5da646b88f6a7f00012203e1?overrideScoreId=score,,
526,Panorama Press,http://www.panoramapress.net,panoramapress.net,"painting service, painting company",,19,"[""apollo""]",,,2025-10-22T04:26:31.317Z,2025-10-22T04:28:31.438Z,,,,Acworth,Georgia,,,,,https://app.apollo.io/#/organizations/5f4a0d0557ebe40001dd78e1?overrideScoreId=score,,
527,ARM Remodeling and maintenance service - Renovation of Home decor,http://www.arm-service.com,arm-service.com,"painting service, painting company",,,"[""apollo""]",,,2025-10-22T04:26:31.317Z,2025-10-22T04:28:31.439Z,,,,Clarkston,Georgia,,,,,https://app.apollo.io/#/organizations/6707a298b28bad000188f852?overrideScoreId=score,,
528,"April Painting Company, Inc.",http://www.aprilpainting.com,aprilpainting.com,"painting service, painting company",,1,"[""apollo""]",,,2025-10-22T04:26:31.317Z,2025-10-22T04:28:31.439Z,,,,April Painting Company,Inc.,,,,,https://app.apollo.io/#/organizations/54a1a03d74686949e788e802?overrideScoreId=score,,
529,DLeon's Painting Company,http://www.dleonspainting.com,dleonspainting.com,"painting service, painting company",,2,"[""apollo""]",,,2025-10-22T04:26:31.317Z,2025-10-22T04:28:31.439Z,,,,Loganville,Georgia,,,,,https://app.apollo.io/#/organizations/663b21a6c67d310001087260?overrideScoreId=score,,
530,Kelvin Epps Painting Company,http://www.kelvineppspaintingcompany.com,kelvineppspaintingcompany.com,"painting service, painting company",,1,"[""apollo""]",,,2025-10-22T04:26:31.318Z,2025-10-22T04:28:31.439Z,,,,Byron,Georgia,,,,,https://app.apollo.io/#/organizations/6739c5ce22b3930001cc8edc?overrideScoreId=score,,
531,Georgia Painting Company LLC,http://www.georgiapainting.co,georgiapainting.co,"painting service, painting company",,3,"[""apollo""]",,,2025-10-22T04:26:31.318Z,2025-10-22T04:28:31.439Z,,,,Atlanta,Georgia,,,,,https://app.apollo.io/#/organizations/66517e2d2bfa520001fd4353?overrideScoreId=score,,
532,"SUNLIGHT PAINTING COMPANY, INC.",http://www.sunlightpainting.com,sunlightpainting.com,"painting service, painting company",,6,"[""apollo""]",,,2025-10-22T04:26:31.318Z,2025-10-22T04:28:31.439Z,,,,Atlanta,Georgia,,,,,https://app.apollo.io/#/organizations/67146736e1abc900012a044b?overrideScoreId=score,,
533,Ericks Painting Company,http://www.erickpaintinginc.com,erickpaintinginc.com,"painting service, painting company",,1,"[""apollo""]",,,2025-10-22T04:26:31.319Z,2025-10-22T04:28:31.439Z,,,,Doraville,Georgia,,,,,https://app.apollo.io/#/organizations/66dd82e9b4f99b00016e0f25?overrideScoreId=score,,
534,Premiere Painting Service,http://www.premierpaintingsvc.com,premierpaintingsvc.com,"painting service, painting company",,,"[""apollo""]",,,2025-10-22T04:26:31.319Z,2025-10-22T04:28:31.439Z,,,,Alpharetta,Georgia,,,,,https://app.apollo.io/#/organizations/55e87e36f3e5bb0eb4000124?overrideScoreId=score,,
535,Integrity Painting Service,http://www.integritypaintingservice.com,integritypaintingservice.com,"painting service, painting company",,,"[""apollo""]",,,2025-10-22T04:26:31.319Z,2025-10-22T04:28:31.439Z,,,,Atlanta,Georgia,,,,,https://app.apollo.io/#/organizations/68bff270d908e20001216e0b?overrideScoreId=score,,
536,Atlanta Painting Company,http://www.atlanta-painter.com,atlanta-painter.com,"painting service, painting company",,,"[""apollo""]",,,2025-10-22T04:26:31.319Z,2025-10-22T04:28:31.439Z,,,,Cumming,Georgia,,,,,https://app.apollo.io/#/organizations/66dfc8a193c1ac000115d792?overrideScoreId=score,,
537,G T Painting Service,http://www.gtpaintingservices.com,gtpaintingservices.com,"painting service, painting company",,1,"[""apollo""]",,,2025-10-22T04:26:31.319Z,2025-10-22T04:28:31.439Z,,,,Columbus,Georgia,,,,,https://app.apollo.io/#/organizations/670ab974ae42a7000144c483?overrideScoreId=score,,
538,Semper Fi Painting Company,http://www.vetpainters.com,vetpainters.com,"painting service, painting company",,1,"[""apollo""]",,,2025-10-22T04:26:31.320Z,2025-10-22T04:28:31.439Z,,,,Canton,Georgia,,,,,https://app.apollo.io/#/organizations/672b01a1554018000169431e?overrideScoreId=score,,
539,PEACHTREE PAINTING COMPANY LLC,http://www.peachtreepaintingco.com,peachtreepaintingco.com,"painting service, painting company",,,"[""apollo""]",,,2025-10-22T04:26:31.320Z,2025-10-22T04:28:31.439Z,,,,Stockbridge,Georgia,,,,,https://app.apollo.io/#/organizations/66e67593be217e00016b3d49?overrideScoreId=score,,
540,Paint Boss Ga,,,"painting service, painting company",,,"[""apollo""]",,,2025-10-22T04:26:31.320Z,2025-10-22T04:28:31.439Z,,,,,,,,,,https://app.apollo.io/#/organizations/63cb70680d833b00014c23ff?overrideScoreId=score,,
541,TRASH IT,,,"painting service, painting company",,,"[""apollo""]",,,2025-10-22T04:26:31.320Z,2025-10-22T04:28:31.440Z,,,,,,,,,,https://app.apollo.io/#/organizations/5da646b88f6a7f00012203e1?overrideScoreId=score,,
542,Panorama Press,,,"painting service, painting company",,,"[""apollo""]",,,2025-10-22T04:26:31.321Z,2025-10-22T04:28:31.440Z,,,,,,,,,,https://app.apollo.io/#/organizations/5f4a0d0557ebe40001dd78e1?overrideScoreId=score,,
543,ARM Remodeling and maintenance service - Renovation of Home decor,,,"painting service, painting company",,,"[""apollo""]",,,2025-10-22T04:26:31.321Z,2025-10-22T04:28:31.440Z,,,,,,,,,,https://app.apollo.io/#/organizations/6707a298b28bad000188f852?overrideScoreId=score,,
544,"April Painting Company, Inc.",,,"painting service, painting company",,,"[""apollo""]",,,2025-10-22T04:26:31.322Z,2025-10-22T04:28:31.440Z,,,,,,,,,,https://app.apollo.io/#/organizations/54a1a03d74686949e788e802?overrideScoreId=score,,
545,DLeon's Painting Company,,,"painting service, painting company",,,"[""apollo""]",,,2025-10-22T04:26:31.322Z,2025-10-22T04:28:31.440Z,,,,,,,,,,https://app.apollo.io/#/organizations/663b21a6c67d310001087260?overrideScoreId=score,,
546,Kelvin Epps Painting Company,,,"painting service, painting company",,,"[""apollo""]",,,2025-10-22T04:26:31.322Z,2025-10-22T04:28:31.440Z,,,,,,,,,,https://app.apollo.io/#/organizations/6739c5ce22b3930001cc8edc?overrideScoreId=score,,
547,Georgia Painting Company LLC,,,"painting service, painting company",,,"[""apollo""]",,,2025-10-22T04:26:31.322Z,2025-10-22T04:28:31.440Z,,,,,,,,,,https://app.apollo.io/#/organizations/66517e2d2bfa520001fd4353?overrideScoreId=score,,
548,"SUNLIGHT PAINTING COMPANY, INC.",,,"painting service, painting company",,,"[""apollo""]",,,2025-10-22T04:26:31.323Z,2025-10-22T04:28:31.440Z,,,,,,,,,,https://app.apollo.io/#/organizations/67146736e1abc900012a044b?overrideScoreId=score,,
549,Ericks Painting Company,,,"painting service, painting company",,,"[""apollo""]",,,2025-10-22T04:26:31.323Z,2025-10-22T04:28:31.440Z,,,,,,,,,,https://app.apollo.io/#/organizations/66dd82e9b4f99b00016e0f25?overrideScoreId=score,,
550,Premiere Painting Service,,,"painting service, painting company",,,"[""apollo""]",,,2025-10-22T04:26:31.323Z,2025-10-22T04:28:31.440Z,,,,,,,,,,https://app.apollo.io/#/organizations/55e87e36f3e5bb0eb4000124?overrideScoreId=score,,
551,Integrity Painting Service,,,"painting service, painting company",,,"[""apollo""]",,,2025-10-22T04:26:31.324Z,2025-10-22T04:28:31.440Z,,,,,,,,,,https://app.apollo.io/#/organizations/68bff270d908e20001216e0b?overrideScoreId=score,,
552,G T Painting Service,,,"painting service, painting company",,,"[""apollo""]",,,2025-10-22T04:26:31.324Z,2025-10-22T04:28:31.440Z,,,,,,,,,,https://app.apollo.io/#/organizations/670ab974ae42a7000144c483?overrideScoreId=score,,
553,Semper Fi Painting Company,,,"painting service, painting company",,,"[""apollo""]",,,2025-10-22T04:26:31.324Z,2025-10-22T04:28:31.440Z,,,,,,,,,,https://app.apollo.io/#/organizations/672b01a1554018000169431e?overrideScoreId=score,,
554,PEACHTREE PAINTING COMPANY LLC,,,"painting service, painting company",,,"[""apollo""]",,,2025-10-22T04:26:31.324Z,2025-10-22T04:28:31.441Z,,,,,,,,,,https://app.apollo.io/#/organizations/66e67593be217e00016b3d49?overrideScoreId=score,,
555,"M. SHIROMA PAINTING COMPANY, INC",,,"painting service, painting company",,7,"[""apollo""]",,,2025-10-22T04:26:34.251Z,2025-10-22T04:28:31.441Z,,,,Waipahu,Hawaii,,,,,https://app.apollo.io/#/organizations/67304cc493cdbb0001db7f40?overrideScoreId=score,,
556,Guero’s Painting Service,http://www.guerospainting.com,guerospainting.com,"painting service, painting company",,,"[""apollo""]",,,2025-10-22T04:26:34.252Z,2025-10-22T04:28:31.441Z,,,,Kihei,Hawaii,,,,,https://app.apollo.io/#/organizations/67393bbf885ca1000107747c?overrideScoreId=score,,
557,Guero’s Painting Service,,,"painting service, painting company",,,"[""apollo""]",,,2025-10-22T04:26:34.252Z,2025-10-22T04:28:31.441Z,,,,,,,,,,https://app.apollo.io/#/organizations/67393bbf885ca1000107747c?overrideScoreId=score,,
558,Residential Paint N Stain,http://www.treasurevalleyidahoresidentialpaintnstain.com,treasurevalleyidahoresidentialpaintnstain.com,"painting service, painting company",,1,"[""apollo""]",,,2025-10-22T04:26:37.189Z,2025-10-22T04:28:31.441Z,,,,Boise,Idaho,,,,,https://app.apollo.io/#/organizations/66ebd296e52f0f00015545f4?overrideScoreId=score,,
559,J & J Painting Service LLC,http://www.jandjpaintingservice.com,jandjpaintingservice.com,"painting service, painting company",,,"[""apollo""]",,,2025-10-22T04:26:37.190Z,2025-10-22T04:28:31.441Z,,,,Lewiston,Idaho,,,,,https://app.apollo.io/#/organizations/66f8b8800c7ca8000116cd40?overrideScoreId=score,,
560,Residential Paint N Stain,,,"painting service, painting company",,,"[""apollo""]",,,2025-10-22T04:26:37.191Z,2025-10-22T04:28:31.441Z,,,,,,,,,,https://app.apollo.io/#/organizations/66ebd296e52f0f00015545f4?overrideScoreId=score,,
561,J & J Painting Service LLC,,,"painting service, painting company",,,"[""apollo""]",,,2025-10-22T04:26:37.191Z,2025-10-22T04:28:31.441Z,,,,,,,,,,https://app.apollo.io/#/organizations/66f8b8800c7ca8000116cd40?overrideScoreId=score,,
562,NorthCraft Painting Contractor,http://www.northcraft-painting-contractor.com,northcraft-painting-contractor.com,"painting service, painting company",,2,"[""apollo""]",,,2025-10-22T04:26:40.157Z,2025-10-22T04:28:31.441Z,,,,Streamwood,Illinois,,,,,https://app.apollo.io/#/organizations/54a12ab669702dc128ebf801?overrideScoreId=score,,
563,Improovy Painters Chicago,,,"painting service, painting company",,1,"[""apollo""]",,,2025-10-22T04:26:40.158Z,2025-10-22T04:28:31.441Z,,,,Chicago,Illinois,,,,,https://app.apollo.io/#/organizations/60b20f322657620001b6d895?overrideScoreId=score,,
564,Steadfast Painting Solutions Corp,http://www.steadfastpainting.com,steadfastpainting.com,"painting service, painting company",,7,"[""apollo""]",,,2025-10-22T04:26:40.159Z,2025-10-22T04:28:31.441Z,,,,Elmhurst,Illinois,,,,,https://app.apollo.io/#/organizations/54fca59c7369640186842f00?overrideScoreId=score,,
565,"Accurate Painting Service, L.L.C.",,,"painting service, painting company",,4,"[""apollo""]",,,2025-10-22T04:26:40.159Z,2025-10-22T04:28:31.441Z,,,,Chicago,Illinois,,,,,https://app.apollo.io/#/organizations/54a129c869702dc841388201?overrideScoreId=score,,
566,Paintrix Painting Company,http://www.paintrixpainting.com,paintrixpainting.com,"painting service, painting company",,2,"[""apollo""]",,,2025-10-22T04:26:40.159Z,2025-10-22T04:28:31.441Z,,,,Huntley,Illinois,,,,,https://app.apollo.io/#/organizations/5f0d8be37548c4008ce031b0?overrideScoreId=score,,
567,Procaccio Painting Company,http://www.procacciopainting.com,procacciopainting.com,"painting service, painting company",,4,"[""apollo""]",,,2025-10-22T04:26:40.160Z,2025-10-22T04:28:31.441Z,,,,Saint Charles,Illinois,,,,,https://app.apollo.io/#/organizations/55ee320df3e5bb2675000570?overrideScoreId=score,,
568,NWS Restoration - Roofing Contractor and Painting Company of Grayslake,http://www.nwstormrestoration.com,nwstormrestoration.com,"painting service, painting company",,,"[""apollo""]",,,2025-10-22T04:26:40.160Z,2025-10-22T04:28:31.441Z,,,,Grayslake,Illinois,,,,,https://app.apollo.io/#/organizations/648a5abf3c21f700a381f0c0?overrideScoreId=score,,
569,Rich’s Painting Service,http://www.richspaintingservice.com,richspaintingservice.com,"painting service, painting company",,2,"[""apollo""]",,,2025-10-22T04:26:40.160Z,2025-10-22T04:28:31.442Z,,,,Lake Zurich,Illinois,,,,,https://app.apollo.io/#/organizations/66f84c41cc802500015fa51f?overrideScoreId=score,,
570,Thomas Painting Service,http://www.exteriorpainterschicago.com,exteriorpainterschicago.com,"painting service, painting company",,1,"[""apollo""]",,,2025-10-22T04:26:40.161Z,2025-10-22T04:28:31.442Z,,,,Chicago,Illinois,,,,,https://app.apollo.io/#/organizations/671520faf22dc900012e7a8b?overrideScoreId=score,,
571,Stars Painting Service,http://www.starpaintingservices.com,starpaintingservices.com,"painting service, painting company",,2,"[""apollo""]",,,2025-10-22T04:26:40.161Z,2025-10-22T04:28:31.442Z,,,,Skokie,Illinois,,,,,https://app.apollo.io/#/organizations/5500c968736964612ea56300?overrideScoreId=score,,
572,RED FEATHER PAINTING COMPANY,http://www.redfeathergroupinc.com,redfeathergroupinc.com,"painting service, painting company",,1,"[""apollo""]",,,2025-10-22T04:26:40.161Z,2025-10-22T04:28:31.442Z,,,,Glenview,Illinois,,,,,https://app.apollo.io/#/organizations/6392aae7d6bac70001f49d3c?overrideScoreId=score,,
573,Andrews Painting Service,http://www.andrewspaintingservice.com,andrewspaintingservice.com,"painting service, painting company",,1,"[""apollo""]",,,2025-10-22T04:26:40.161Z,2025-10-22T04:28:31.442Z,,,,Grayslake,Illinois,,,,,https://app.apollo.io/#/organizations/6700b2633c555c0001fbeb8a?overrideScoreId=score,,
574,Kluck Painting Service,http://www.kluckpainting.com,kluckpainting.com,"painting service, painting company",,1,"[""apollo""]",,,2025-10-22T04:26:40.161Z,2025-10-22T04:28:31.442Z,,,,Galena,Illinois,,,,,https://app.apollo.io/#/organizations/559239fe7369641b33cca200?overrideScoreId=score,,
575,Hyatt Painting Company,http://www.hyattpaintingco.com,hyattpaintingco.com,"painting service, painting company",,,"[""apollo""]",,,2025-10-22T04:26:40.161Z,2025-10-22T04:28:31.442Z,,,,Lake Forest,Illinois,,,,,https://app.apollo.io/#/organizations/67148b9a2287c40001a79fb9?overrideScoreId=score,,
576,Sauer Painting Company,http://www.housepaintingstcharles.com,housepaintingstcharles.com,"painting service, painting company",,1,"[""apollo""]",,,2025-10-22T04:26:40.161Z,2025-10-22T04:28:31.442Z,,,,Saint Charles,Illinois,,,,,https://app.apollo.io/#/organizations/6714cb36e5fc67000115d3bd?overrideScoreId=score,,
577,Town Square Painting Company,http://www.townsquarepainting.com,townsquarepainting.com,"painting service, painting company",,,"[""apollo""]",,,2025-10-22T04:26:40.161Z,2025-10-22T04:28:31.442Z,,,,Naperville,Illinois,,,,,https://app.apollo.io/#/organizations/66f9e7d327980600012f97d3?overrideScoreId=score,,
578,T. Robbins Painting Company,http://www.trobbinspainting.com,trobbinspainting.com,"painting service, painting company",,,"[""apollo""]",,,2025-10-22T04:26:40.161Z,2025-10-22T04:28:31.442Z,,,,Deerfield,Illinois,,,,,https://app.apollo.io/#/organizations/66e1541b890ec80001db1239?overrideScoreId=score,,
579,Inside Outside Painting Company,http://www.insideoutsidepainting.com,insideoutsidepainting.com,"painting service, painting company",,,"[""apollo""]",,,2025-10-22T04:26:40.161Z,2025-10-22T04:28:31.442Z,,,,Evanston,Illinois,,,,,https://app.apollo.io/#/organizations/670b31e39dc7fa000114c468?overrideScoreId=score,,
580,"ALL FAMILY PAINTING SERVICE, INC.",http://www.ourfinalcoat.com,ourfinalcoat.com,"painting service, painting company",,,"[""apollo""]",,,2025-10-22T04:26:40.162Z,2025-10-22T04:28:31.442Z,,,,Itasca,Illinois,,,,,https://app.apollo.io/#/organizations/66dd2b884fe15f0001db0884?overrideScoreId=score,,
581,Robert L Bowling Painting Service,http://www.rlbps.com,rlbps.com,"painting service, painting company",,,"[""apollo""]",,,2025-10-22T04:26:40.162Z,2025-10-22T04:28:31.442Z,,,,Rockford,Illinois,,,,,https://app.apollo.io/#/organizations/60499e9132153300010100df?overrideScoreId=score,,
582,NorthCraft Painting Contractor,,,"painting service, painting company",,,"[""apollo""]",,,2025-10-22T04:26:40.162Z,2025-10-22T04:28:31.443Z,,,,,,,,,,https://app.apollo.io/#/organizations/54a12ab669702dc128ebf801?overrideScoreId=score,,
583,Steadfast Painting Solutions Corp,,,"painting service, painting company",,,"[""apollo""]",,,2025-10-22T04:26:40.162Z,2025-10-22T04:28:31.443Z,,,,,,,,,,https://app.apollo.io/#/organizations/54fca59c7369640186842f00?overrideScoreId=score,,
584,Paintrix Painting Company,,,"painting service, painting company",,,"[""apollo""]",,,2025-10-22T04:26:40.162Z,2025-10-22T04:28:31.443Z,,,,,,,,,,https://app.apollo.io/#/organizations/5f0d8be37548c4008ce031b0?overrideScoreId=score,,
585,Procaccio Painting Company,,,"painting service, painting company",,,"[""apollo""]",,,2025-10-22T04:26:40.162Z,2025-10-22T04:28:31.443Z,,,,,,,,,,https://app.apollo.io/#/organizations/55ee320df3e5bb2675000570?overrideScoreId=score,,
586,NWS Restoration - Roofing Contractor and Painting Company of Grayslake,,,"painting service, painting company",,,"[""apollo""]",,,2025-10-22T04:26:40.162Z,2025-10-22T04:28:31.443Z,,,,,,,,,,https://app.apollo.io/#/organizations/648a5abf3c21f700a381f0c0?overrideScoreId=score,,
587,Rich’s Painting Service,,,"painting service, painting company",,,"[""apollo""]",,,2025-10-22T04:26:40.162Z,2025-10-22T04:28:31.443Z,,,,,,,,,,https://app.apollo.io/#/organizations/66f84c41cc802500015fa51f?overrideScoreId=score,,
588,Thomas Painting Service,,,"painting service, painting company",,,"[""apollo""]",,,2025-10-22T04:26:40.163Z,2025-10-22T04:28:31.443Z,,,,,,,,,,https://app.apollo.io/#/organizations/671520faf22dc900012e7a8b?overrideScoreId=score,,
589,Stars Painting Service,,,"painting service, painting company",,,"[""apollo""]",,,2025-10-22T04:26:40.163Z,2025-10-22T04:28:31.443Z,,,,,,,,,,https://app.apollo.io/#/organizations/5500c968736964612ea56300?overrideScoreId=score,,
590,RED FEATHER PAINTING COMPANY,,,"painting service, painting company",,,"[""apollo""]",,,2025-10-22T04:26:40.163Z,2025-10-22T04:28:31.443Z,,,,,,,,,,https://app.apollo.io/#/organizations/6392aae7d6bac70001f49d3c?overrideScoreId=score,,
591,Andrews Painting Service,,,"painting service, painting company",,,"[""apollo""]",,,2025-10-22T04:26:40.163Z,2025-10-22T04:28:31.443Z,,,,,,,,,,https://app.apollo.io/#/organizations/6700b2633c555c0001fbeb8a?overrideScoreId=score,,
592,Kluck Painting Service,,,"painting service, painting company",,,"[""apollo""]",,,2025-10-22T04:26:40.163Z,2025-10-22T04:28:31.443Z,,,,,,,,,,https://app.apollo.io/#/organizations/559239fe7369641b33cca200?overrideScoreId=score,,
593,Hyatt Painting Company,,,"painting service, painting company",,,"[""apollo""]",,,2025-10-22T04:26:40.164Z,2025-10-22T04:28:31.444Z,,,,,,,,,,https://app.apollo.io/#/organizations/67148b9a2287c40001a79fb9?overrideScoreId=score,,
594,Sauer Painting Company,,,"painting service, painting company",,,"[""apollo""]",,,2025-10-22T04:26:40.164Z,2025-10-22T04:28:31.444Z,,,,,,,,,,https://app.apollo.io/#/organizations/6714cb36e5fc67000115d3bd?overrideScoreId=score,,
595,Town Square Painting Company,,,"painting service, painting company",,,"[""apollo""]",,,2025-10-22T04:26:40.164Z,2025-10-22T04:28:31.444Z,,,,,,,,,,https://app.apollo.io/#/organizations/66f9e7d327980600012f97d3?overrideScoreId=score,,
596,T. Robbins Painting Company,,,"painting service, painting company",,,"[""apollo""]",,,2025-10-22T04:26:40.164Z,2025-10-22T04:28:31.444Z,,,,,,,,,,https://app.apollo.io/#/organizations/66e1541b890ec80001db1239?overrideScoreId=score,,
597,Inside Outside Painting Company,,,"painting service, painting company",,,"[""apollo""]",,,2025-10-22T04:26:40.164Z,2025-10-22T04:28:31.444Z,,,,,,,,,,https://app.apollo.io/#/organizations/670b31e39dc7fa000114c468?overrideScoreId=score,,
598,"ALL FAMILY PAINTING SERVICE, INC.",,,"painting service, painting company",,,"[""apollo""]",,,2025-10-22T04:26:40.164Z,2025-10-22T04:28:31.444Z,,,,,,,,,,https://app.apollo.io/#/organizations/66dd2b884fe15f0001db0884?overrideScoreId=score,,
599,Robert L Bowling Painting Service,,,"painting service, painting company",,,"[""apollo""]",,,2025-10-22T04:26:40.164Z,2025-10-22T04:28:31.445Z,,,,,,,,,,https://app.apollo.io/#/organizations/60499e9132153300010100df?overrideScoreId=score,,
600,House Painting Company,,,"painting service, painting company",,17,"[""apollo""]",,,2025-10-22T04:26:43.101Z,2025-10-22T04:28:31.445Z,,,,Indianapolis,Indiana,,,,,https://app.apollo.io/#/organizations/55f48500f3e5bb17f0000a8c?overrideScoreId=score,,
601,Pro Paint & Finish,http://www.propaintandfinish.com,propaintandfinish.com,"painting service, painting company",,8,"[""apollo""]",,,2025-10-22T04:26:43.102Z,2025-10-22T04:28:31.445Z,,,,Goshen,Indiana,,,,,https://app.apollo.io/#/organizations/60ec025a9b7c8c00a41f4fe8?overrideScoreId=score,,
602,Custom Designers Inc,http://www.customdesignersinc.com,customdesignersinc.com,"painting service, painting company",,19,"[""apollo""]",,,2025-10-22T04:26:43.103Z,2025-10-22T04:28:31.445Z,,,,Portage,Indiana,,,,,https://app.apollo.io/#/organizations/60498abfee00ee000197f973?overrideScoreId=score,,
603,Any Color You Like,http://www.anycoloryoulike.com,anycoloryoulike.com,"painting service, painting company",,19,"[""apollo""]",,,2025-10-22T04:26:43.103Z,2025-10-22T04:28:31.445Z,,,,Brownsburg,Indiana,,,,,https://app.apollo.io/#/organizations/54a129a869702db878a88401?overrideScoreId=score,,
604,Colorbilt Painting LLC,http://www.colorbiltpainting.com,colorbiltpainting.com,"painting service, painting company",,2,"[""apollo""]",,,2025-10-22T04:26:43.103Z,2025-10-22T04:28:31.446Z,,,,Plymouth,Indiana,,,,,https://app.apollo.io/#/organizations/64169c480364d6000140a103?overrideScoreId=score,,
605,Alpha Pro Painting Company,http://www.alphapropainting.com,alphapropainting.com,"painting service, painting company",,5,"[""apollo""]",,,2025-10-22T04:26:43.104Z,2025-10-22T04:28:31.446Z,,,,Indianapolis,Indiana,,,,,https://app.apollo.io/#/organizations/57c4f8b2a6da986ac74407ec?overrideScoreId=score,,
606,Garcia Painting Pro,http://www.garciapaintingpro.com,garciapaintingpro.com,"painting service, painting company",,5,"[""apollo""]",,,2025-10-22T04:26:43.104Z,2025-10-22T04:28:31.446Z,,,,Carmel,Indiana,,,,,https://app.apollo.io/#/organizations/6607b8722e52c60007d36810?overrideScoreId=score,,
607,Hoosier Painting Company,http://www.a1hoosierpainting.com,a1hoosierpainting.com,"painting service, painting company",,1,"[""apollo""]",,,2025-10-22T04:26:43.104Z,2025-10-22T04:28:31.446Z,,,,Angola,Indiana,,,,,https://app.apollo.io/#/organizations/55f6a025f3e5bb18db01401d?overrideScoreId=score,,
608,"Beeson Construction, Inc.",http://www.beesonconstruction.com,beesonconstruction.com,"painting service, painting company",,2,"[""apollo""]",,,2025-10-22T04:26:43.105Z,2025-10-22T04:28:31.446Z,,,,Beeson Construction,Inc.,,,,,https://app.apollo.io/#/organizations/65775b862a24bf021bd89beb?overrideScoreId=score,,
609,Russell Painting Company,http://www.russellpaintingcompany.com,russellpaintingcompany.com,"painting service, painting company",,,"[""apollo""]",,,2025-10-22T04:26:43.105Z,2025-10-22T04:28:31.446Z,,,,Indianapolis,Indiana,,,,,https://app.apollo.io/#/organizations/5fd1992e3af5250001f14bba?overrideScoreId=score,,
610,Pro Paint & Finish,,,"painting service, painting company",,,"[""apollo""]",,,2025-10-22T04:26:43.106Z,2025-10-22T04:28:31.446Z,,,,,,,,,,https://app.apollo.io/#/organizations/60ec025a9b7c8c00a41f4fe8?overrideScoreId=score,,
611,Custom Designers Inc,,,"painting service, painting company",,,"[""apollo""]",,,2025-10-22T04:26:43.106Z,2025-10-22T04:28:31.446Z,,,,,,,,,,https://app.apollo.io/#/organizations/60498abfee00ee000197f973?overrideScoreId=score,,
612,Any Color You Like,,,"painting service, painting company",,,"[""apollo""]",,,2025-10-22T04:26:43.106Z,2025-10-22T04:28:31.446Z,,,,,,,,,,https://app.apollo.io/#/organizations/54a129a869702db878a88401?overrideScoreId=score,,
613,Colorbilt Painting LLC,,,"painting service, painting company",,,"[""apollo""]",,,2025-10-22T04:26:43.107Z,2025-10-22T04:28:31.446Z,,,,,,,,,,https://app.apollo.io/#/organizations/64169c480364d6000140a103?overrideScoreId=score,,
614,Alpha Pro Painting Company,,,"painting service, painting company",,,"[""apollo""]",,,2025-10-22T04:26:43.107Z,2025-10-22T04:28:31.446Z,,,,,,,,,,https://app.apollo.io/#/organizations/57c4f8b2a6da986ac74407ec?overrideScoreId=score,,
615,Garcia Painting Pro,,,"painting service, painting company",,,"[""apollo""]",,,2025-10-22T04:26:43.107Z,2025-10-22T04:28:31.446Z,,,,,,,,,,https://app.apollo.io/#/organizations/6607b8722e52c60007d36810?overrideScoreId=score,,
616,Hoosier Painting Company,,,"painting service, painting company",,,"[""apollo""]",,,2025-10-22T04:26:43.107Z,2025-10-22T04:28:31.446Z,,,,,,,,,,https://app.apollo.io/#/organizations/55f6a025f3e5bb18db01401d?overrideScoreId=score,,
617,"Beeson Construction, Inc.",,,"painting service, painting company",,,"[""apollo""]",,,2025-10-22T04:26:43.108Z,2025-10-22T04:28:31.447Z,,,,,,,,,,https://app.apollo.io/#/organizations/65775b862a24bf021bd89beb?overrideScoreId=score,,
618,Russell Painting Company,,,"painting service, painting company",,,"[""apollo""]",,,2025-10-22T04:26:43.108Z,2025-10-22T04:28:31.447Z,,,,,,,,,,https://app.apollo.io/#/organizations/5fd1992e3af5250001f14bba?overrideScoreId=score,,
619,Henry's Painting & Contracting,http://www.henryspaintingcontract.com,henryspaintingcontract.com,"painting service, painting company",,11,"[""apollo""]",,,2025-10-22T04:26:46.034Z,2025-10-22T04:28:31.447Z,,,,Coralville,Iowa,,,,,https://app.apollo.io/#/organizations/61ada06ab989900001fe3063?overrideScoreId=score,,
620,Pickled Palette,http://www.pickledpalette.com,pickledpalette.com,"painting service, painting company",,2,"[""apollo""]",,,2025-10-22T04:26:46.036Z,2025-10-22T04:28:31.447Z,,,,Sioux City,Iowa,,,,,https://app.apollo.io/#/organizations/5e559eb11929490001817af2?overrideScoreId=score,,
621,R&L PAINTING SERVICE LLC,http://www.rlpaintingservice.com,rlpaintingservice.com,"painting service, painting company",,1,"[""apollo""]",,,2025-10-22T04:26:46.036Z,2025-10-22T04:28:31.447Z,,,,Mason City,Iowa,,,,,https://app.apollo.io/#/organizations/66e9522fb72a850001faf8e4?overrideScoreId=score,,
622,Model Painting Company,http://www.modelpaintingco.com,modelpaintingco.com,"painting service, painting company",,,"[""apollo""]",,,2025-10-22T04:26:46.036Z,2025-10-22T04:28:31.447Z,,,,Cedar Rapids,Iowa,,,,,https://app.apollo.io/#/organizations/66e3e7e048a9da00018ee5c4?overrideScoreId=score,,
623,14th Street Painting Company,http://www.14thstreetpaintingco.com,14thstreetpaintingco.com,"painting service, painting company",,,"[""apollo""]",,,2025-10-22T04:26:46.036Z,2025-10-22T04:28:31.447Z,,,,Council Bluffs,Iowa,,,,,https://app.apollo.io/#/organizations/66d7df551abe31000181f5ad?overrideScoreId=score,,
624,Precision Painting Company of Sioux City,http://www.precisionpaintingsc.com,precisionpaintingsc.com,"painting service, painting company",,1,"[""apollo""]",,,2025-10-22T04:26:46.037Z,2025-10-22T04:28:31.447Z,,,,Sioux City,Iowa,,,,,https://app.apollo.io/#/organizations/672efe3ae4b4210001992a77?overrideScoreId=score,,
625,Henry's Painting & Contracting,,,"painting service, painting company",,,"[""apollo""]",,,2025-10-22T04:26:46.037Z,2025-10-22T04:28:31.447Z,,,,,,,,,,https://app.apollo.io/#/organizations/61ada06ab989900001fe3063?overrideScoreId=score,,
626,Pickled Palette,,,"painting service, painting company",,,"[""apollo""]",,,2025-10-22T04:26:46.037Z,2025-10-22T04:28:31.447Z,,,,,,,,,,https://app.apollo.io/#/organizations/5e559eb11929490001817af2?overrideScoreId=score,,
627,R&L PAINTING SERVICE LLC,,,"painting service, painting company",,,"[""apollo""]",,,2025-10-22T04:26:46.038Z,2025-10-22T04:28:31.447Z,,,,,,,,,,https://app.apollo.io/#/organizations/66e9522fb72a850001faf8e4?overrideScoreId=score,,
628,Model Painting Company,,,"painting service, painting company",,,"[""apollo""]",,,2025-10-22T04:26:46.038Z,2025-10-22T04:28:31.447Z,,,,,,,,,,https://app.apollo.io/#/organizations/66e3e7e048a9da00018ee5c4?overrideScoreId=score,,
629,14th Street Painting Company,,,"painting service, painting company",,,"[""apollo""]",,,2025-10-22T04:26:46.039Z,2025-10-22T04:28:31.447Z,,,,,,,,,,https://app.apollo.io/#/organizations/66d7df551abe31000181f5ad?overrideScoreId=score,,
630,Precision Painting Company of Sioux City,,,"painting service, painting company",,,"[""apollo""]",,,2025-10-22T04:26:46.039Z,2025-10-22T04:28:31.448Z,,,,,,,,,,https://app.apollo.io/#/organizations/672efe3ae4b4210001992a77?overrideScoreId=score,,
631,River City Painting,http://www.paintwichita.com,paintwichita.com,"painting service, painting company",,36,"[""apollo""]",,,2025-10-22T04:26:48.983Z,2025-10-22T04:28:31.448Z,,,,Wichita,Kansas,,,,,https://app.apollo.io/#/organizations/605e512808646700a454d6ed?overrideScoreId=score,,
632,ACE HOUSE PAINTING INC.,http://www.acehousepainting.com,acehousepainting.com,"painting service, painting company",,3,"[""apollo""]",,,2025-10-22T04:26:48.985Z,2025-10-22T04:28:31.448Z,,,,Olathe,Kansas,,,,,https://app.apollo.io/#/organizations/647053dca68d26000126fdd9?overrideScoreId=score,,
633,Absolute Painting,http://www.absolutehousepainters.com,absolutehousepainters.com,"painting service, painting company",,42,"[""apollo""]",,,2025-10-22T04:26:48.996Z,2025-10-22T04:28:31.448Z,,,,Lawrence,Kansas,,,,,https://app.apollo.io/#/organizations/5e5768e4f5f6f300017589bf?overrideScoreId=score,,
634,Bolden's Painting Company,http://www.paintingcontractorwichita.com,paintingcontractorwichita.com,"painting service, painting company",,2,"[""apollo""]",,,2025-10-22T04:26:48.997Z,2025-10-22T04:28:31.448Z,,,,Wichita,Kansas,,,,,https://app.apollo.io/#/organizations/688afade297c23000143a67f?overrideScoreId=score,,
635,Painting Service,http://www.painting-service-dubai.com,painting-service-dubai.com,"painting service, painting company",,8,"[""apollo""]",,,2025-10-22T04:26:48.998Z,2025-10-22T04:28:31.448Z,,,,Wichita,Kansas,,,,,https://app.apollo.io/#/organizations/674b352ec182f10001450b8b?overrideScoreId=score,,
636,MCKAY PAINTING SERVICE,http://www.mckaypaintingservice.com,mckaypaintingservice.com,"painting service, painting company",,1,"[""apollo""]",,,2025-10-22T04:26:48.998Z,2025-10-22T04:28:31.448Z,,,,Longford,Kansas,,,,,https://app.apollo.io/#/organizations/67144d50e5a2dc0001d828aa?overrideScoreId=score,,
637,River City Painting,,,"painting service, painting company",,,"[""apollo""]",,,2025-10-22T04:26:48.998Z,2025-10-22T04:28:31.448Z,,,,,,,,,,https://app.apollo.io/#/organizations/605e512808646700a454d6ed?overrideScoreId=score,,
638,ACE HOUSE PAINTING INC.,,,"painting service, painting company",,,"[""apollo""]",,,2025-10-22T04:26:48.999Z,2025-10-22T04:28:31.448Z,,,,,,,,,,https://app.apollo.io/#/organizations/647053dca68d26000126fdd9?overrideScoreId=score,,
639,Absolute Painting,,,"painting service, painting company",,,"[""apollo""]",,,2025-10-22T04:26:49.000Z,2025-10-22T04:28:31.448Z,,,,,,,,,,https://app.apollo.io/#/organizations/5e5768e4f5f6f300017589bf?overrideScoreId=score,,
640,Bolden's Painting Company,,,"painting service, painting company",,,"[""apollo""]",,,2025-10-22T04:26:49.001Z,2025-10-22T04:28:31.448Z,,,,,,,,,,https://app.apollo.io/#/organizations/688afade297c23000143a67f?overrideScoreId=score,,
641,Painting Service,,,"painting service, painting company",,,"[""apollo""]",,,2025-10-22T04:26:49.002Z,2025-10-22T04:28:31.448Z,,,,,,,,,,https://app.apollo.io/#/organizations/674b352ec182f10001450b8b?overrideScoreId=score,,
642,MCKAY PAINTING SERVICE,,,"painting service, painting company",,,"[""apollo""]",,,2025-10-22T04:26:49.002Z,2025-10-22T04:28:31.448Z,,,,,,,,,,https://app.apollo.io/#/organizations/67144d50e5a2dc0001d828aa?overrideScoreId=score,,
643,Winner's Circle Painting,http://www.winnerscirclepaint.com,winnerscirclepaint.com,"painting service, painting company",,13,"[""apollo""]",,,2025-10-22T04:26:52.150Z,2025-10-22T04:28:31.449Z,,,,Nicholasville,Kentucky,,,,,https://app.apollo.io/#/organizations/5e57eb0605b1890001ae5f3d?overrideScoreId=score,,
644,Redemption Painting Company,http://www.redemptionpainting.com,redemptionpainting.com,"painting service, painting company",,4,"[""apollo""]",,,2025-10-22T04:26:52.151Z,2025-10-22T04:28:31.449Z,,,,Louisville,Kentucky,,,,,https://app.apollo.io/#/organizations/67264cf94acbcd00012de8cb?overrideScoreId=score,,
645,Cardinal Painting Company,http://www.cardinalpaintingaz.com,cardinalpaintingaz.com,"painting service, painting company",,,"[""apollo""]",,,2025-10-22T04:26:52.151Z,2025-10-22T04:28:31.449Z,,,,Louisville,Kentucky,,,,,https://app.apollo.io/#/organizations/67ceb620ca78950001eef353?overrideScoreId=score,,
646,New Look Painting Service,http://www.newlookpainting.net,newlookpainting.net,"painting service, painting company",,,"[""apollo""]",,,2025-10-22T04:26:52.152Z,2025-10-22T04:28:31.449Z,,,,Flatwoods,Kentucky,,,,,https://app.apollo.io/#/organizations/673439c07f899e000111fead?overrideScoreId=score,,
647,Winner's Circle Painting,,,"painting service, painting company",,,"[""apollo""]",,,2025-10-22T04:26:52.152Z,2025-10-22T04:28:31.449Z,,,,,,,,,,https://app.apollo.io/#/organizations/5e57eb0605b1890001ae5f3d?overrideScoreId=score,,
648,Redemption Painting Company,,,"painting service, painting company",,,"[""apollo""]",,,2025-10-22T04:26:52.153Z,2025-10-22T04:28:31.449Z,,,,,,,,,,https://app.apollo.io/#/organizations/67264cf94acbcd00012de8cb?overrideScoreId=score,,
649,Cardinal Painting Company,,,"painting service, painting company",,,"[""apollo""]",,,2025-10-22T04:26:52.153Z,2025-10-22T04:28:31.449Z,,,,,,,,,,https://app.apollo.io/#/organizations/67ceb620ca78950001eef353?overrideScoreId=score,,
650,New Look Painting Service,,,"painting service, painting company",,,"[""apollo""]",,,2025-10-22T04:26:52.153Z,2025-10-22T04:28:31.449Z,,,,,,,,,,https://app.apollo.io/#/organizations/673439c07f899e000111fead?overrideScoreId=score,,
651,TASCH Painting Company,http://www.taschpainting.com,taschpainting.com,"painting service, painting company",,3,"[""apollo""]",,,2025-10-22T04:26:55.078Z,2025-10-22T04:28:31.449Z,,,,Metairie,Louisiana,,,,,https://app.apollo.io/#/organizations/56de2fcef3e5bb0130000dd6?overrideScoreId=score,,
652,Shreveport Painting Company,http://www.shreveportpaintingcompany.com,shreveportpaintingcompany.com,"painting service, painting company",,,"[""apollo""]",,,2025-10-22T04:26:55.080Z,2025-10-22T04:28:31.449Z,,,,Shreveport,Louisiana,,,,,https://app.apollo.io/#/organizations/640c01b8802e120001d5a9ce?overrideScoreId=score,,
653,Hart Painting Company,,,"painting service, painting company",,15,"[""apollo""]",,,2025-10-22T04:26:55.080Z,2025-10-22T04:28:31.449Z,,,,Farmerville,Louisiana,,,,,https://app.apollo.io/#/organizations/556d4dd2736964124f8fda00?overrideScoreId=score,,
654,BOB'S PAINTING COMPANY,http://www.bobspaintingbr.com,bobspaintingbr.com,"painting service, painting company",,4,"[""apollo""]",,,2025-10-22T04:26:55.081Z,2025-10-22T04:28:31.449Z,,,,Baton Rouge,Louisiana,,,,,https://app.apollo.io/#/organizations/67b32658210fb60001f9927f?overrideScoreId=score,,
655,Michaels Painting Service,http://www.michaelspaintingservice.com,michaelspaintingservice.com,"painting service, painting company",,1,"[""apollo""]",,,2025-10-22T04:26:55.081Z,2025-10-22T04:28:31.449Z,,,,Gretna,Louisiana,,,,,https://app.apollo.io/#/organizations/5592125e7369641981554f00?overrideScoreId=score,,
656,DR'S PAINTING SERVICE,http://www.paintconsultbydrs.com,paintconsultbydrs.com,"painting service, painting company",,1,"[""apollo""]",,,2025-10-22T04:26:55.081Z,2025-10-22T04:28:31.449Z,,,,Baton Rouge,Louisiana,,,,,https://app.apollo.io/#/organizations/672486c344ebd40001186095?overrideScoreId=score,,
657,FRANTZ-GIBSON PAINTING COMPANY,http://www.frantzgibson.com,frantzgibson.com,"painting service, painting company",,5,"[""apollo""]",,,2025-10-22T04:26:55.081Z,2025-10-22T04:28:31.450Z,,,,Baton Rouge,Louisiana,,,,,https://app.apollo.io/#/organizations/66e5e544050e580001ffa311?overrideScoreId=score,,
658,TASCH Painting Company,,,"painting service, painting company",,,"[""apollo""]",,,2025-10-22T04:26:55.081Z,2025-10-22T04:28:31.450Z,,,,,,,,,,https://app.apollo.io/#/organizations/56de2fcef3e5bb0130000dd6?overrideScoreId=score,,
659,Shreveport Painting Company,,,"painting service, painting company",,,"[""apollo""]",,,2025-10-22T04:26:55.082Z,2025-10-22T04:28:31.450Z,,,,,,,,,,https://app.apollo.io/#/organizations/640c01b8802e120001d5a9ce?overrideScoreId=score,,
660,BOB'S PAINTING COMPANY,,,"painting service, painting company",,,"[""apollo""]",,,2025-10-22T04:26:55.082Z,2025-10-22T04:28:31.450Z,,,,,,,,,,https://app.apollo.io/#/organizations/67b32658210fb60001f9927f?overrideScoreId=score,,
661,Michaels Painting Service,,,"painting service, painting company",,,"[""apollo""]",,,2025-10-22T04:26:55.082Z,2025-10-22T04:28:31.450Z,,,,,,,,,,https://app.apollo.io/#/organizations/5592125e7369641981554f00?overrideScoreId=score,,
662,DR'S PAINTING SERVICE,,,"painting service, painting company",,,"[""apollo""]",,,2025-10-22T04:26:55.082Z,2025-10-22T04:28:31.450Z,,,,,,,,,,https://app.apollo.io/#/organizations/672486c344ebd40001186095?overrideScoreId=score,,
663,FRANTZ-GIBSON PAINTING COMPANY,,,"painting service, painting company",,,"[""apollo""]",,,2025-10-22T04:26:55.083Z,2025-10-22T04:28:31.450Z,,,,,,,,,,https://app.apollo.io/#/organizations/66e5e544050e580001ffa311?overrideScoreId=score,,
664,Steve Caron Painting,http://www.stevecaronpaintingme.com,stevecaronpaintingme.com,"painting service, painting company",,2,"[""apollo""]",,,2025-10-22T04:26:58.009Z,2025-10-22T04:28:31.450Z,,,,Northport,Maine,,,,,https://app.apollo.io/#/organizations/6726aad293de3b0001af71e1?overrideScoreId=score,,
665,Jack's Painting Service,http://www.jackspaintingservice.com,jackspaintingservice.com,"painting service, painting company",,,"[""apollo""]",,,2025-10-22T04:26:58.010Z,2025-10-22T04:28:31.450Z,,,,South Portland,Maine,,,,,https://app.apollo.io/#/organizations/6867ea766247440001e724dd?overrideScoreId=score,,
666,D B Withrow Painting Company,http://www.dbwpaintit.com,dbwpaintit.com,"painting service, painting company",,2,"[""apollo""]",,,2025-10-22T04:26:58.011Z,2025-10-22T04:28:31.450Z,,,,Kennebunk,Maine,,,,,https://app.apollo.io/#/organizations/670210966dfbb700011a9efb?overrideScoreId=score,,
667,Steve Caron Painting,,,"painting service, painting company",,,"[""apollo""]",,,2025-10-22T04:26:58.011Z,2025-10-22T04:28:31.450Z,,,,,,,,,,https://app.apollo.io/#/organizations/6726aad293de3b0001af71e1?overrideScoreId=score,,
668,Jack's Painting Service,,,"painting service, painting company",,,"[""apollo""]",,,2025-10-22T04:26:58.012Z,2025-10-22T04:28:31.450Z,,,,,,,,,,https://app.apollo.io/#/organizations/6867ea766247440001e724dd?overrideScoreId=score,,
669,D B Withrow Painting Company,,,"painting service, painting company",,,"[""apollo""]",,,2025-10-22T04:26:58.012Z,2025-10-22T04:28:31.450Z,,,,,,,,,,https://app.apollo.io/#/organizations/670210966dfbb700011a9efb?overrideScoreId=score,,
670,Sheldon & Sons Painting,http://www.sheldonandsons.com,sheldonandsons.com,"painting service, painting company",,6,"[""apollo""]",,,2025-10-22T04:27:00.940Z,2025-10-22T04:28:31.451Z,,,,Owings Mills,Maryland,,,,,https://app.apollo.io/#/organizations/54a1c548746869586015ac0f?overrideScoreId=score,,
671,Phillip James Inc.,http://www.phillipjamesinc.com,phillipjamesinc.com,"painting service, painting company",,5,"[""apollo""]",,,2025-10-22T04:27:00.941Z,2025-10-22T04:28:31.451Z,,,,Cockeysville,Maryland,,,,,https://app.apollo.io/#/organizations/5fc9670c78a2b4000119f7e6?overrideScoreId=score,,
672,O'Connor's Painting Service,http://www.oconnorspainting.com,oconnorspainting.com,"painting service, painting company",,3,"[""apollo""]",,,2025-10-22T04:27:00.942Z,2025-10-22T04:28:31.451Z,,,,Gaithersburg,Maryland,,,,,https://app.apollo.io/#/organizations/54a23d197468693a7e84cb18?overrideScoreId=score,,
673,Roy's Painting Company,http://www.royspainting.com,royspainting.com,"painting service, painting company",,6,"[""apollo""]",,,2025-10-22T04:27:00.942Z,2025-10-22T04:28:31.451Z,,,,Clinton,Maryland,,,,,https://app.apollo.io/#/organizations/5fca919e3cfd3a0001c83345?overrideScoreId=score,,
674,Royal Painting Company LLC,,,"painting service, painting company",,15,"[""apollo""]",,,2025-10-22T04:27:00.943Z,2025-10-22T04:28:31.451Z,,,,Baltimore,Maryland,,,,,https://app.apollo.io/#/organizations/5592234e73696418dffb8d00?overrideScoreId=score,,
675,Owens Painting Company,http://www.owenspaintingcompany.com,owenspaintingcompany.com,"painting service, painting company",,4,"[""apollo""]",,,2025-10-22T04:27:00.943Z,2025-10-22T04:28:31.451Z,,,,Baltimore,Maryland,,,,,https://app.apollo.io/#/organizations/63c3b8a5fbb8360001158a5c?overrideScoreId=score,,
676,"Squarehead Painting Company, Inc.",http://www.squareheadpainting.com,squareheadpainting.com,"painting service, painting company",,3,"[""apollo""]",,,2025-10-22T04:27:00.944Z,2025-10-22T04:28:31.451Z,,,,Squarehead Painting Company,Inc.,,,,,https://app.apollo.io/#/organizations/556daee473696411d5706c01?overrideScoreId=score,,
677,"Blue Sky Painting & Carpentry, LLC",http://www.blueskypaintingpros.com,blueskypaintingpros.com,"painting service, painting company",,4,"[""apollo""]",,,2025-10-22T04:27:00.944Z,2025-10-22T04:28:31.451Z,,,,Columbia,Maryland,,,,,https://app.apollo.io/#/organizations/54a126de69702d9313c05000?overrideScoreId=score,,
678,"J.N.A PAINTING COMPANY, INC.",http://www.jnapaint.com,jnapaint.com,"painting service, painting company",,,"[""apollo""]",,,2025-10-22T04:27:00.945Z,2025-10-22T04:28:31.451Z,,,,Baltimore,Maryland,,,,,https://app.apollo.io/#/organizations/66f255cc604398000175990d?overrideScoreId=score,,
679,J.O. Painting Company,http://www.jopaintingcompany.com,jopaintingcompany.com,"painting service, painting company",,3,"[""apollo""]",,,2025-10-22T04:27:00.945Z,2025-10-22T04:28:31.451Z,,,,Hyattsville,Maryland,,,,,https://app.apollo.io/#/organizations/672744a662f46c0001c78562?overrideScoreId=score,,
680,HMR Painting Company,http://www.hmr-painting-company.com,hmr-painting-company.com,"painting service, painting company",,,"[""apollo""]",,,2025-10-22T04:27:00.946Z,2025-10-22T04:28:31.451Z,,,,Silver Spring,Maryland,,,,,https://app.apollo.io/#/organizations/6728aafa4193e90001e31d3b?overrideScoreId=score,,
681,Saylor's Painting Company,http://www.saylorspainting.com,saylorspainting.com,"painting service, painting company",,,"[""apollo""]",,,2025-10-22T04:27:00.946Z,2025-10-22T04:28:31.451Z,,,,Jarrettsville,Maryland,,,,,https://app.apollo.io/#/organizations/6713caea10222c0001ef1f60?overrideScoreId=score,,
682,DAVID MAHONEY PAINTING COMPANY,http://www.davidmahoneypainting.com,davidmahoneypainting.com,"painting service, painting company",,1,"[""apollo""]",,,2025-10-22T04:27:00.946Z,2025-10-22T04:28:31.451Z,,,,Bryantown,Maryland,,,,,https://app.apollo.io/#/organizations/66e90a02c017ab0001108333?overrideScoreId=score,,
683,Joshua’s Painting Service,http://www.joshuaspainting.com,joshuaspainting.com,"painting service, painting company",,,"[""apollo""]",,,2025-10-22T04:27:00.947Z,2025-10-22T04:28:31.451Z,,,,Columbia,Maryland,,,,,https://app.apollo.io/#/organizations/66e803c15719370001f8abca?overrideScoreId=score,,
684,O.C. Painting Company,http://www.ocpaintingcompany.com,ocpaintingcompany.com,"painting service, painting company",,,"[""apollo""]",,,2025-10-22T04:27:00.947Z,2025-10-22T04:28:31.451Z,,,,Rockville,Maryland,,,,,https://app.apollo.io/#/organizations/673a122a383ef400013fca9f?overrideScoreId=score,,
685,bright painting company,http://www.brightpaintingcompany.com,brightpaintingcompany.com,"painting service, painting company",,2,"[""apollo""]",,,2025-10-22T04:27:00.947Z,2025-10-22T04:28:31.452Z,,,,Bel Air,Maryland,,,,,https://app.apollo.io/#/organizations/66e3d99248a9da00018e8cb3?overrideScoreId=score,,
686,STB Painting Company,http://www.stbpaintingcompany.com,stbpaintingcompany.com,"painting service, painting company",,,"[""apollo""]",,,2025-10-22T04:27:00.948Z,2025-10-22T04:28:31.452Z,,,,Columbia,Maryland,,,,,https://app.apollo.io/#/organizations/672f5368cd1c1f0001769bb9?overrideScoreId=score,,
687,Mike S Painting Service,http://www.mikespaintingserviceinc.com,mikespaintingserviceinc.com,"painting service, painting company",,,"[""apollo""]",,,2025-10-22T04:27:00.948Z,2025-10-22T04:28:31.452Z,,,,Preston,Maryland,,,,,https://app.apollo.io/#/organizations/559213f67369641878dd5500?overrideScoreId=score,,
688,Harold Howard’s Painting Service,http://www.homepaintingmd.com,homepaintingmd.com,"painting service, painting company",,,"[""apollo""]",,,2025-10-22T04:27:00.948Z,2025-10-22T04:28:31.452Z,,,,Columbia,Maryland,,,,,https://app.apollo.io/#/organizations/674beac61114fc000151dd50?overrideScoreId=score,,
689,The Maryland Painting Company,http://www.marylandpaintingcompany.com,marylandpaintingcompany.com,"painting service, painting company",,,"[""apollo""]",,,2025-10-22T04:27:00.948Z,2025-10-22T04:28:31.452Z,,,,Upper Marlboro,Maryland,,,,,https://app.apollo.io/#/organizations/677fa818dff56002ce3d65b4?overrideScoreId=score,,
690,"Leon Ringeval Painting Company, LLC",http://www.leonringevalpainting.com,leonringevalpainting.com,"painting service, painting company",,1,"[""apollo""]",,,2025-10-22T04:27:00.948Z,2025-10-22T04:28:31.452Z,,,,Shady Side,Maryland,,,,,https://app.apollo.io/#/organizations/67402c5131c7620001b9a7f8?overrideScoreId=score,,
691,Sheldon & Sons Painting,,,"painting service, painting company",,,"[""apollo""]",,,2025-10-22T04:27:00.949Z,2025-10-22T04:28:31.452Z,,,,,,,,,,https://app.apollo.io/#/organizations/54a1c548746869586015ac0f?overrideScoreId=score,,
692,Phillip James Inc.,,,"painting service, painting company",,,"[""apollo""]",,,2025-10-22T04:27:00.949Z,2025-10-22T04:28:31.452Z,,,,,,,,,,https://app.apollo.io/#/organizations/5fc9670c78a2b4000119f7e6?overrideScoreId=score,,
693,O'Connor's Painting Service,,,"painting service, painting company",,,"[""apollo""]",,,2025-10-22T04:27:00.949Z,2025-10-22T04:28:31.452Z,,,,,,,,,,https://app.apollo.io/#/organizations/54a23d197468693a7e84cb18?overrideScoreId=score,,
694,Roy's Painting Company,,,"painting service, painting company",,,"[""apollo""]",,,2025-10-22T04:27:00.949Z,2025-10-22T04:28:31.452Z,,,,,,,,,,https://app.apollo.io/#/organizations/5fca919e3cfd3a0001c83345?overrideScoreId=score,,
695,Owens Painting Company,,,"painting service, painting company",,,"[""apollo""]",,,2025-10-22T04:27:00.950Z,2025-10-22T04:28:31.452Z,,,,,,,,,,https://app.apollo.io/#/organizations/63c3b8a5fbb8360001158a5c?overrideScoreId=score,,
696,"Squarehead Painting Company, Inc.",,,"painting service, painting company",,,"[""apollo""]",,,2025-10-22T04:27:00.950Z,2025-10-22T04:28:31.452Z,,,,,,,,,,https://app.apollo.io/#/organizations/556daee473696411d5706c01?overrideScoreId=score,,
697,"Blue Sky Painting & Carpentry, LLC",,,"painting service, painting company",,,"[""apollo""]",,,2025-10-22T04:27:00.950Z,2025-10-22T04:28:31.452Z,,,,,,,,,,https://app.apollo.io/#/organizations/54a126de69702d9313c05000?overrideScoreId=score,,
698,"J.N.A PAINTING COMPANY, INC.",,,"painting service, painting company",,,"[""apollo""]",,,2025-10-22T04:27:00.951Z,2025-10-22T04:28:31.453Z,,,,,,,,,,https://app.apollo.io/#/organizations/66f255cc604398000175990d?overrideScoreId=score,,
699,J.O. Painting Company,,,"painting service, painting company",,,"[""apollo""]",,,2025-10-22T04:27:00.951Z,2025-10-22T04:28:31.453Z,,,,,,,,,,https://app.apollo.io/#/organizations/672744a662f46c0001c78562?overrideScoreId=score,,
700,HMR Painting Company,,,"painting service, painting company",,,"[""apollo""]",,,2025-10-22T04:27:00.951Z,2025-10-22T04:28:31.453Z,,,,,,,,,,https://app.apollo.io/#/organizations/6728aafa4193e90001e31d3b?overrideScoreId=score,,
701,Saylor's Painting Company,,,"painting service, painting company",,,"[""apollo""]",,,2025-10-22T04:27:00.951Z,2025-10-22T04:28:31.453Z,,,,,,,,,,https://app.apollo.io/#/organizations/6713caea10222c0001ef1f60?overrideScoreId=score,,
702,DAVID MAHONEY PAINTING COMPANY,,,"painting service, painting company",,,"[""apollo""]",,,2025-10-22T04:27:00.952Z,2025-10-22T04:28:31.453Z,,,,,,,,,,https://app.apollo.io/#/organizations/66e90a02c017ab0001108333?overrideScoreId=score,,
703,Joshua’s Painting Service,,,"painting service, painting company",,,"[""apollo""]",,,2025-10-22T04:27:00.952Z,2025-10-22T04:28:31.453Z,,,,,,,,,,https://app.apollo.io/#/organizations/66e803c15719370001f8abca?overrideScoreId=score,,
704,O.C. Painting Company,,,"painting service, painting company",,,"[""apollo""]",,,2025-10-22T04:27:00.952Z,2025-10-22T04:28:31.453Z,,,,,,,,,,https://app.apollo.io/#/organizations/673a122a383ef400013fca9f?overrideScoreId=score,,
705,bright painting company,,,"painting service, painting company",,,"[""apollo""]",,,2025-10-22T04:27:00.952Z,2025-10-22T04:28:31.453Z,,,,,,,,,,https://app.apollo.io/#/organizations/66e3d99248a9da00018e8cb3?overrideScoreId=score,,
706,STB Painting Company,,,"painting service, painting company",,,"[""apollo""]",,,2025-10-22T04:27:00.953Z,2025-10-22T04:28:31.453Z,,,,,,,,,,https://app.apollo.io/#/organizations/672f5368cd1c1f0001769bb9?overrideScoreId=score,,
707,Mike S Painting Service,,,"painting service, painting company",,,"[""apollo""]",,,2025-10-22T04:27:00.953Z,2025-10-22T04:28:31.453Z,,,,,,,,,,https://app.apollo.io/#/organizations/559213f67369641878dd5500?overrideScoreId=score,,
708,Harold Howard’s Painting Service,,,"painting service, painting company",,,"[""apollo""]",,,2025-10-22T04:27:00.953Z,2025-10-22T04:28:31.453Z,,,,,,,,,,https://app.apollo.io/#/organizations/674beac61114fc000151dd50?overrideScoreId=score,,
709,The Maryland Painting Company,,,"painting service, painting company",,,"[""apollo""]",,,2025-10-22T04:27:00.954Z,2025-10-22T04:28:31.453Z,,,,,,,,,,https://app.apollo.io/#/organizations/677fa818dff56002ce3d65b4?overrideScoreId=score,,
710,"Leon Ringeval Painting Company, LLC",,,"painting service, painting company",,,"[""apollo""]",,,2025-10-22T04:27:00.954Z,2025-10-22T04:28:31.454Z,,,,,,,,,,https://app.apollo.io/#/organizations/67402c5131c7620001b9a7f8?overrideScoreId=score,,
711,"Northern Lights Painting Company, Inc.",http://www.northernlightspainting.com,northernlightspainting.com,"painting service, painting company",,21,"[""apollo""]",,,2025-10-22T04:27:03.897Z,2025-10-22T04:28:31.454Z,,,,Northern Lights Painting Company,Inc.,,,,,https://app.apollo.io/#/organizations/5da62c31e03360000106f69b?overrideScoreId=score,,
712,"M.A. Falvey Painting Service, Inc.",http://www.mafalveypainting.com,mafalveypainting.com,"painting service, painting company",,5,"[""apollo""]",,,2025-10-22T04:27:03.898Z,2025-10-22T04:28:31.454Z,,,,M.A. Falvey Painting Service,Inc.,,,,,https://app.apollo.io/#/organizations/5500c19e736964173dec3c00?overrideScoreId=score,,
713,"RB Painting Company, LLC",http://www.rbpaintingcompany.com,rbpaintingcompany.com,"painting service, painting company",,3,"[""apollo""]",,,2025-10-22T04:27:03.898Z,2025-10-22T04:28:31.454Z,,,,Cambridge,Massachusetts,,,,,https://app.apollo.io/#/organizations/54a11f3c69702d9d7e06c601?overrideScoreId=score,,
714,"Cosmos Painting Company, Inc.",http://www.cosmospainting.com,cosmospainting.com,"painting service, painting company",,2,"[""apollo""]",,,2025-10-22T04:27:03.899Z,2025-10-22T04:28:31.454Z,,,,Cosmos Painting Company,Inc.,,,,,https://app.apollo.io/#/organizations/6457d94507685e00011ec178?overrideScoreId=score,,
715,H.D.F. Painting,http://www.hdfpainting.com,hdfpainting.com,"painting service, painting company",,7,"[""apollo""]",,,2025-10-22T04:27:03.899Z,2025-10-22T04:28:31.454Z,,,,Concord,Massachusetts,,,,,https://app.apollo.io/#/organizations/63cd07a54c6ba800015514c8?overrideScoreId=score,,
716,Mikes Painting Company,,,"painting service, painting company",,38,"[""apollo""]",,,2025-10-22T04:27:03.899Z,2025-10-22T04:28:31.454Z,,,,Peabody,Massachusetts,,,,,https://app.apollo.io/#/organizations/664a571139db1c000114a74a?overrideScoreId=score,,
717,Mason Painting Company,http://www.masonpaintingco.com,masonpaintingco.com,"painting service, painting company",,23,"[""apollo""]",,,2025-10-22T04:27:03.900Z,2025-10-22T04:28:31.454Z,,,,Worcester,Massachusetts,,,,,https://app.apollo.io/#/organizations/60499efde8614700012d037e?overrideScoreId=score,,
718,Island Painting Company,http://www.islandpaintingcompany.com,islandpaintingcompany.com,"painting service, painting company",,8,"[""apollo""]",,,2025-10-22T04:27:03.900Z,2025-10-22T04:28:31.454Z,,,,Framingham,Massachusetts,,,,,https://app.apollo.io/#/organizations/5c1f45b0a3ae61f90790b41d?overrideScoreId=score,,
719,Home Project Gurus,http://www.homeprojectgurus.com,homeprojectgurus.com,"painting service, painting company",,10,"[""apollo""]",,,2025-10-22T04:27:03.900Z,2025-10-22T04:28:31.454Z,,,,Boston,Massachusetts,,,,,https://app.apollo.io/#/organizations/5ffeeb481412cc00fedb8c84?overrideScoreId=score,,
720,"All Pro Painters, Inc",http://www.allpropainters.net,allpropainters.net,"painting service, painting company",,8,"[""apollo""]",,,2025-10-22T04:27:03.900Z,2025-10-22T04:28:31.454Z,,,,All Pro Painters,Inc,,,,,https://app.apollo.io/#/organizations/54fca44b7369647fd2d62600?overrideScoreId=score,,
721,J Buote Painting Company Inc,http://www.jbuotepainting.com,jbuotepainting.com,"painting service, painting company",,3,"[""apollo""]",,,2025-10-22T04:27:03.900Z,2025-10-22T04:28:31.454Z,,,,Boston,Massachusetts,,,,,https://app.apollo.io/#/organizations/64b34af63488a60001250ec9?overrideScoreId=score,,
722,Tonal Painting and Contracting,http://www.tonalpainting.com,tonalpainting.com,"painting service, painting company",,1,"[""apollo""]",,,2025-10-22T04:27:03.900Z,2025-10-22T04:28:31.454Z,,,,Boston,Massachusetts,,,,,https://app.apollo.io/#/organizations/665d1064c1bd7400017c3c25?overrideScoreId=score,,
723,Northshore Painting LLC,http://www.northshorepaintingllc.com,northshorepaintingllc.com,"painting service, painting company",,1,"[""apollo""]",,,2025-10-22T04:27:03.901Z,2025-10-22T04:28:31.454Z,,,,North Reading,Massachusetts,,,,,https://app.apollo.io/#/organizations/66d15249f253ee01b22f0fc0?overrideScoreId=score,,
724,Scotland Painting Company,http://www.scotlandpaintingco.com,scotlandpaintingco.com,"painting service, painting company",,1,"[""apollo""]",,,2025-10-22T04:27:03.901Z,2025-10-22T04:28:31.454Z,,,,Cambridge,Massachusetts,,,,,https://app.apollo.io/#/organizations/6741be736c16840001cfe5f6?overrideScoreId=score,,
725,Debonair Painting Company,http://www.debonairpainting.com,debonairpainting.com,"painting service, painting company",,2,"[""apollo""]",,,2025-10-22T04:27:03.901Z,2025-10-22T04:28:31.454Z,,,,Haverhill,Massachusetts,,,,,https://app.apollo.io/#/organizations/67246f78d2de600001dfceac?overrideScoreId=score,,
726,JK Painting Service Corp,http://www.jk-paintingservice.com,jk-paintingservice.com,"painting service, painting company",,,"[""apollo""]",,,2025-10-22T04:27:03.901Z,2025-10-22T04:28:31.455Z,,,,Waltham,Massachusetts,,,,,https://app.apollo.io/#/organizations/673ab550da359b00014fe2c9?overrideScoreId=score,,
727,National Painting Service LLC.,http://www.nationalpaintingpro.com,nationalpaintingpro.com,"painting service, painting company",,1,"[""apollo""]",,,2025-10-22T04:27:03.901Z,2025-10-22T04:28:31.455Z,,,,Woburn,Massachusetts,,,,,https://app.apollo.io/#/organizations/67286ab462f46c0001d37dd6?overrideScoreId=score,,
728,P&H Painting Company,http://www.phpaintcompany.com,phpaintcompany.com,"painting service, painting company",,2,"[""apollo""]",,,2025-10-22T04:27:03.901Z,2025-10-22T04:28:31.455Z,,,,Danvers,Massachusetts,,,,,https://app.apollo.io/#/organizations/6689a9f230134d00010890e1?overrideScoreId=score,,
729,Fritz Painting Service,http://www.fritzpaintingservice.com,fritzpaintingservice.com,"painting service, painting company",,,"[""apollo""]",,,2025-10-22T04:27:03.902Z,2025-10-22T04:28:31.455Z,,,,Abington,Massachusetts,,,,,https://app.apollo.io/#/organizations/6725a9d72c391e00013367ad?overrideScoreId=score,,
730,Brascol Painting Service,http://www.painterlowellma.com,painterlowellma.com,"painting service, painting company",,,"[""apollo""]",,,2025-10-22T04:27:03.902Z,2025-10-22T04:28:31.455Z,,,,Lowell,Massachusetts,,,,,https://app.apollo.io/#/organizations/673af9d0a7035e00019c3f0f?overrideScoreId=score,,
731,Brockton Painting Company,http://www.brocktonpaintingcompany.com,brocktonpaintingcompany.com,"painting service, painting company",,,"[""apollo""]",,,2025-10-22T04:27:03.902Z,2025-10-22T04:28:31.455Z,,,,Brockton,Massachusetts,,,,,https://app.apollo.io/#/organizations/673474b861f02b0001e13f06?overrideScoreId=score,,
732,Batchelder Painting Company,http://www.batchelderpainting.com,batchelderpainting.com,"painting service, painting company",,,"[""apollo""]",,,2025-10-22T04:27:03.902Z,2025-10-22T04:28:31.455Z,,,,Carlisle,Massachusetts,,,,,https://app.apollo.io/#/organizations/66e3baf0879d530001e7aa96?overrideScoreId=score,,
733,Lima’s Painting Company,http://www.limaspainting.com,limaspainting.com,"painting service, painting company",,,"[""apollo""]",,,2025-10-22T04:27:03.902Z,2025-10-22T04:28:31.455Z,,,,Lowell,Massachusetts,,,,,https://app.apollo.io/#/organizations/672f2dc2cfd91b00010a4fea?overrideScoreId=score,,
734,"Northern Lights Painting Company, Inc.",,,"painting service, painting company",,,"[""apollo""]",,,2025-10-22T04:27:03.902Z,2025-10-22T04:28:31.455Z,,,,,,,,,,https://app.apollo.io/#/organizations/5da62c31e03360000106f69b?overrideScoreId=score,,
735,"M.A. Falvey Painting Service, Inc.",,,"painting service, painting company",,,"[""apollo""]",,,2025-10-22T04:27:03.902Z,2025-10-22T04:28:31.455Z,,,,,,,,,,https://app.apollo.io/#/organizations/5500c19e736964173dec3c00?overrideScoreId=score,,
736,"RB Painting Company, LLC",,,"painting service, painting company",,,"[""apollo""]",,,2025-10-22T04:27:03.902Z,2025-10-22T04:28:31.455Z,,,,,,,,,,https://app.apollo.io/#/organizations/54a11f3c69702d9d7e06c601?overrideScoreId=score,,
737,"Cosmos Painting Company, Inc.",,,"painting service, painting company",,,"[""apollo""]",,,2025-10-22T04:27:03.903Z,2025-10-22T04:28:31.455Z,,,,,,,,,,https://app.apollo.io/#/organizations/6457d94507685e00011ec178?overrideScoreId=score,,
738,H.D.F. Painting,,,"painting service, painting company",,,"[""apollo""]",,,2025-10-22T04:27:03.903Z,2025-10-22T04:28:31.455Z,,,,,,,,,,https://app.apollo.io/#/organizations/63cd07a54c6ba800015514c8?overrideScoreId=score,,
739,Mason Painting Company,,,"painting service, painting company",,,"[""apollo""]",,,2025-10-22T04:27:03.903Z,2025-10-22T04:28:31.455Z,,,,,,,,,,https://app.apollo.io/#/organizations/60499efde8614700012d037e?overrideScoreId=score,,
740,Island Painting Company,,,"painting service, painting company",,,"[""apollo""]",,,2025-10-22T04:27:03.903Z,2025-10-22T04:28:31.456Z,,,,,,,,,,https://app.apollo.io/#/organizations/5c1f45b0a3ae61f90790b41d?overrideScoreId=score,,
741,Home Project Gurus,,,"painting service, painting company",,,"[""apollo""]",,,2025-10-22T04:27:03.903Z,2025-10-22T04:28:31.456Z,,,,,,,,,,https://app.apollo.io/#/organizations/5ffeeb481412cc00fedb8c84?overrideScoreId=score,,
742,"All Pro Painters, Inc",,,"painting service, painting company",,,"[""apollo""]",,,2025-10-22T04:27:03.903Z,2025-10-22T04:28:31.456Z,,,,,,,,,,https://app.apollo.io/#/organizations/54fca44b7369647fd2d62600?overrideScoreId=score,,
743,J Buote Painting Company Inc,,,"painting service, painting company",,,"[""apollo""]",,,2025-10-22T04:27:03.904Z,2025-10-22T04:28:31.456Z,,,,,,,,,,https://app.apollo.io/#/organizations/64b34af63488a60001250ec9?overrideScoreId=score,,
744,Tonal Painting and Contracting,,,"painting service, painting company",,,"[""apollo""]",,,2025-10-22T04:27:03.904Z,2025-10-22T04:28:31.456Z,,,,,,,,,,https://app.apollo.io/#/organizations/665d1064c1bd7400017c3c25?overrideScoreId=score,,
745,Northshore Painting LLC,,,"painting service, painting company",,,"[""apollo""]",,,2025-10-22T04:27:03.904Z,2025-10-22T04:28:31.456Z,,,,,,,,,,https://app.apollo.io/#/organizations/66d15249f253ee01b22f0fc0?overrideScoreId=score,,
746,Scotland Painting Company,,,"painting service, painting company",,,"[""apollo""]",,,2025-10-22T04:27:03.904Z,2025-10-22T04:28:31.456Z,,,,,,,,,,https://app.apollo.io/#/organizations/6741be736c16840001cfe5f6?overrideScoreId=score,,
747,Debonair Painting Company,,,"painting service, painting company",,,"[""apollo""]",,,2025-10-22T04:27:03.904Z,2025-10-22T04:28:31.456Z,,,,,,,,,,https://app.apollo.io/#/organizations/67246f78d2de600001dfceac?overrideScoreId=score,,
748,JK Painting Service Corp,,,"painting service, painting company",,,"[""apollo""]",,,2025-10-22T04:27:03.905Z,2025-10-22T04:28:31.456Z,,,,,,,,,,https://app.apollo.io/#/organizations/673ab550da359b00014fe2c9?overrideScoreId=score,,
749,National Painting Service LLC.,,,"painting service, painting company",,,"[""apollo""]",,,2025-10-22T04:27:03.905Z,2025-10-22T04:28:31.456Z,,,,,,,,,,https://app.apollo.io/#/organizations/67286ab462f46c0001d37dd6?overrideScoreId=score,,
750,P&H Painting Company,,,"painting service, painting company",,,"[""apollo""]",,,2025-10-22T04:27:03.905Z,2025-10-22T04:28:31.456Z,,,,,,,,,,https://app.apollo.io/#/organizations/6689a9f230134d00010890e1?overrideScoreId=score,,
751,Fritz Painting Service,,,"painting service, painting company",,,"[""apollo""]",,,2025-10-22T04:27:03.905Z,2025-10-22T04:28:31.456Z,,,,,,,,,,https://app.apollo.io/#/organizations/6725a9d72c391e00013367ad?overrideScoreId=score,,
752,Brascol Painting Service,,,"painting service, painting company",,,"[""apollo""]",,,2025-10-22T04:27:03.905Z,2025-10-22T04:28:31.457Z,,,,,,,,,,https://app.apollo.io/#/organizations/673af9d0a7035e00019c3f0f?overrideScoreId=score,,
753,Brockton Painting Company,,,"painting service, painting company",,,"[""apollo""]",,,2025-10-22T04:27:03.906Z,2025-10-22T04:28:31.457Z,,,,,,,,,,https://app.apollo.io/#/organizations/673474b861f02b0001e13f06?overrideScoreId=score,,
754,Batchelder Painting Company,,,"painting service, painting company",,,"[""apollo""]",,,2025-10-22T04:27:03.906Z,2025-10-22T04:28:31.457Z,,,,,,,,,,https://app.apollo.io/#/organizations/66e3baf0879d530001e7aa96?overrideScoreId=score,,
755,Lima’s Painting Company,,,"painting service, painting company",,,"[""apollo""]",,,2025-10-22T04:27:03.906Z,2025-10-22T04:28:31.457Z,,,,,,,,,,https://app.apollo.io/#/organizations/672f2dc2cfd91b00010a4fea?overrideScoreId=score,,
756,Cabinet Painting Service,http://www.cabinetpaintshop.com,cabinetpaintshop.com,"painting service, painting company",,2,"[""apollo""]",,,2025-10-22T04:27:06.842Z,2025-10-22T04:28:31.457Z,,,,Plainwell,Michigan,,,,,https://app.apollo.io/#/organizations/54a25d957468693cdd373a1d?overrideScoreId=score,,
757,Painter's Marketing Pro LLC,http://www.paintersmarketingpro.com,paintersmarketingpro.com,"painting service, painting company",,1,"[""apollo""]",,,2025-10-22T04:27:06.843Z,2025-10-22T04:28:31.457Z,,,,Gaines,Michigan,,,,,https://app.apollo.io/#/organizations/5db0a6cb40413100011003f3?overrideScoreId=score,,
758,Midwest Painting Company,http://www.midwestpainting.net,midwestpainting.net,"painting service, painting company",,9,"[""apollo""]",,,2025-10-22T04:27:06.844Z,2025-10-22T04:28:31.457Z,,,,Brighton,Michigan,,,,,https://app.apollo.io/#/organizations/64045e1c46f4a400010763be?overrideScoreId=score,,
759,Crown Painting LLC,http://www.crownpaintingco.com,crownpaintingco.com,"painting service, painting company",,2,"[""apollo""]",,,2025-10-22T04:27:06.844Z,2025-10-22T04:28:31.457Z,,,,Saint Clair Shores,Michigan,,,,,https://app.apollo.io/#/organizations/6541ef4a498fbe00a3377154?overrideScoreId=score,,
760,Eugenio Painting Company,http://www.eugeniopainting.com,eugeniopainting.com,"painting service, painting company",,13,"[""apollo""]",,,2025-10-22T04:27:06.844Z,2025-10-22T04:28:31.457Z,,,,Grosse Pointe Woods,Michigan,,,,,https://app.apollo.io/#/organizations/56dc1513f3e5bb7ec20035d7?overrideScoreId=score,,
761,DuraPro Painting LLC,http://www.durapropainters.com,durapropainters.com,"painting service, painting company",,12,"[""apollo""]",,,2025-10-22T04:27:06.845Z,2025-10-22T04:28:31.457Z,,,,Grand Rapids,Michigan,,,,,https://app.apollo.io/#/organizations/5e57a2317eed1100011a5da4?overrideScoreId=score,,
762,Trio Painting Company,http://www.triopainting.com,triopainting.com,"painting service, painting company",,4,"[""apollo""]",,,2025-10-22T04:27:06.845Z,2025-10-22T04:28:31.457Z,,,,Bloomfield Hills,Michigan,,,,,https://app.apollo.io/#/organizations/640d87c7551e9d0001da06c3?overrideScoreId=score,,
763,"Wolf Painting Company, LLC",http://www.wolfpaintingcontractors.com,wolfpaintingcontractors.com,"painting service, painting company",,3,"[""apollo""]",,,2025-10-22T04:27:06.845Z,2025-10-22T04:28:31.458Z,,,,Madison Heights,Michigan,,,,,https://app.apollo.io/#/organizations/666d8b7ef364540001d21b37?overrideScoreId=score,,
764,Liberty Painting Company Inc.,http://www.libertyptg.com,libertyptg.com,"painting service, painting company",,5,"[""apollo""]",,,2025-10-22T04:27:06.845Z,2025-10-22T04:28:31.458Z,,,,Detroit,Michigan,,,,,https://app.apollo.io/#/organizations/66e2aa1032c787000187e3fc?overrideScoreId=score,,
765,Tanis and Wood Painting Company,http://www.twpainting.com,twpainting.com,"painting service, painting company",,,"[""apollo""]",,,2025-10-22T04:27:06.846Z,2025-10-22T04:28:31.458Z,,,,Wyoming,Michigan,,,,,https://app.apollo.io/#/organizations/54a1284869702da2207d0501?overrideScoreId=score,,
766,Natural Painting,http://www.naturalpainting.net,naturalpainting.net,"painting service, painting company",,6,"[""apollo""]",,,2025-10-22T04:27:06.846Z,2025-10-22T04:28:31.458Z,,,,Sterling Heights,Michigan,,,,,https://app.apollo.io/#/organizations/559238ad73696418c961da00?overrideScoreId=score,,
767,Keider Painting Company,http://www.keiderpainting.com,keiderpainting.com,"painting service, painting company",,2,"[""apollo""]",,,2025-10-22T04:27:06.846Z,2025-10-22T04:28:31.458Z,,,,Brighton,Michigan,,,,,https://app.apollo.io/#/organizations/670c30790985530001869a56?overrideScoreId=score,,
768,Accurate Painting Company,http://www.accuratepainting.com,accuratepainting.com,"painting service, painting company",,4,"[""apollo""]",,,2025-10-22T04:27:06.846Z,2025-10-22T04:28:31.458Z,,,,Warren,Michigan,,,,,https://app.apollo.io/#/organizations/67889a7d7392bb0001b6de08?overrideScoreId=score,,
769,GEORGE KOUNTOUPES PAINTING COMPANY,http://www.gkpainting.com,gkpainting.com,"painting service, painting company",,6,"[""apollo""]",,,2025-10-22T04:27:06.847Z,2025-10-22T04:28:31.458Z,,,,Lincoln Park,Michigan,,,,,https://app.apollo.io/#/organizations/67435d1069ee4100017f1b97?overrideScoreId=score,,
770,A2 Painting Company,http://www.a2paintingcompany.com,a2paintingcompany.com,"painting service, painting company",,4,"[""apollo""]",,,2025-10-22T04:27:06.847Z,2025-10-22T04:28:31.458Z,,,,Ann Arbor,Michigan,,,,,https://app.apollo.io/#/organizations/670b3692132fcc000105012c?overrideScoreId=score,,
771,Brothers of the Brush Painting Company,http://www.paintingcompanymichigan.com,paintingcompanymichigan.com,"painting service, painting company",,5,"[""apollo""]",,,2025-10-22T04:27:06.847Z,2025-10-22T04:28:31.458Z,,,,Leonard,Michigan,,,,,https://app.apollo.io/#/organizations/6701529d2fa6a6000143ec72?overrideScoreId=score,,
772,City Painting Service,http://www.citypaintinginc.com,citypaintinginc.com,"painting service, painting company",,3,"[""apollo""]",,,2025-10-22T04:27:06.847Z,2025-10-22T04:28:31.458Z,,,,Kalamazoo,Michigan,,,,,https://app.apollo.io/#/organizations/66ed4d0f41500b0001855210?overrideScoreId=score,,
773,Tim MacDonough Painting Company,http://www.timmacdonoughpainting.com,timmacdonoughpainting.com,"painting service, painting company",,1,"[""apollo""]",,,2025-10-22T04:27:06.848Z,2025-10-22T04:28:31.458Z,,,,,,,,,,https://app.apollo.io/#/organizations/6744452b6e3c8f00016850c3?overrideScoreId=score,,
774,Clarkston Painting Company,http://www.clarkstonepoxycompany.com,clarkstonepoxycompany.com,"painting service, painting company",,1,"[""apollo""]",,,2025-10-22T04:27:06.848Z,2025-10-22T04:28:31.458Z,,,,Clarkston,Michigan,,,,,https://app.apollo.io/#/organizations/67416c4d6bccaf000166c5b4?overrideScoreId=score,,
775,Sills Painting Service,http://www.sillspaintingservice.com,sillspaintingservice.com,"painting service, painting company",,,"[""apollo""]",,,2025-10-22T04:27:06.848Z,2025-10-22T04:28:31.458Z,,,,Davison,Michigan,,,,,https://app.apollo.io/#/organizations/67302eae9c24470001da11a5?overrideScoreId=score,,
776,Michigan Painting Company,http://www.michiganpaintingcompany.com,michiganpaintingcompany.com,"painting service, painting company",,1,"[""apollo""]",,,2025-10-22T04:27:06.848Z,2025-10-22T04:28:31.458Z,,,,Royal Oak,Michigan,,,,,https://app.apollo.io/#/organizations/66e2acd3c3469a00018a6293?overrideScoreId=score,,
777,Cabinet Painting Service,,,"painting service, painting company",,,"[""apollo""]",,,2025-10-22T04:27:06.849Z,2025-10-22T04:28:31.458Z,,,,,,,,,,https://app.apollo.io/#/organizations/54a25d957468693cdd373a1d?overrideScoreId=score,,
778,Painter's Marketing Pro LLC,,,"painting service, painting company",,,"[""apollo""]",,,2025-10-22T04:27:06.849Z,2025-10-22T04:28:31.458Z,,,,,,,,,,https://app.apollo.io/#/organizations/5db0a6cb40413100011003f3?overrideScoreId=score,,
779,Midwest Painting Company,,,"painting service, painting company",,,"[""apollo""]",,,2025-10-22T04:27:06.849Z,2025-10-22T04:28:31.459Z,,,,,,,,,,https://app.apollo.io/#/organizations/64045e1c46f4a400010763be?overrideScoreId=score,,
780,Crown Painting LLC,,,"painting service, painting company",,,"[""apollo""]",,,2025-10-22T04:27:06.850Z,2025-10-22T04:28:31.459Z,,,,,,,,,,https://app.apollo.io/#/organizations/6541ef4a498fbe00a3377154?overrideScoreId=score,,
781,Eugenio Painting Company,,,"painting service, painting company",,,"[""apollo""]",,,2025-10-22T04:27:06.850Z,2025-10-22T04:28:31.459Z,,,,,,,,,,https://app.apollo.io/#/organizations/56dc1513f3e5bb7ec20035d7?overrideScoreId=score,,
782,DuraPro Painting LLC,,,"painting service, painting company",,,"[""apollo""]",,,2025-10-22T04:27:06.850Z,2025-10-22T04:28:31.459Z,,,,,,,,,,https://app.apollo.io/#/organizations/5e57a2317eed1100011a5da4?overrideScoreId=score,,
783,Trio Painting Company,,,"painting service, painting company",,,"[""apollo""]",,,2025-10-22T04:27:06.850Z,2025-10-22T04:28:31.459Z,,,,,,,,,,https://app.apollo.io/#/organizations/640d87c7551e9d0001da06c3?overrideScoreId=score,,
784,"Wolf Painting Company, LLC",,,"painting service, painting company",,,"[""apollo""]",,,2025-10-22T04:27:06.851Z,2025-10-22T04:28:31.459Z,,,,,,,,,,https://app.apollo.io/#/organizations/666d8b7ef364540001d21b37?overrideScoreId=score,,
785,Liberty Painting Company Inc.,,,"painting service, painting company",,,"[""apollo""]",,,2025-10-22T04:27:06.851Z,2025-10-22T04:28:31.459Z,,,,,,,,,,https://app.apollo.io/#/organizations/66e2aa1032c787000187e3fc?overrideScoreId=score,,
786,Tanis and Wood Painting Company,,,"painting service, painting company",,,"[""apollo""]",,,2025-10-22T04:27:06.851Z,2025-10-22T04:28:31.459Z,,,,,,,,,,https://app.apollo.io/#/organizations/54a1284869702da2207d0501?overrideScoreId=score,,
787,Natural Painting,,,"painting service, painting company",,,"[""apollo""]",,,2025-10-22T04:27:06.851Z,2025-10-22T04:28:31.459Z,,,,,,,,,,https://app.apollo.io/#/organizations/559238ad73696418c961da00?overrideScoreId=score,,
788,Keider Painting Company,,,"painting service, painting company",,,"[""apollo""]",,,2025-10-22T04:27:06.852Z,2025-10-22T04:28:31.459Z,,,,,,,,,,https://app.apollo.io/#/organizations/670c30790985530001869a56?overrideScoreId=score,,
789,Accurate Painting Company,,,"painting service, painting company",,,"[""apollo""]",,,2025-10-22T04:27:06.852Z,2025-10-22T04:28:31.459Z,,,,,,,,,,https://app.apollo.io/#/organizations/67889a7d7392bb0001b6de08?overrideScoreId=score,,
790,GEORGE KOUNTOUPES PAINTING COMPANY,,,"painting service, painting company",,,"[""apollo""]",,,2025-10-22T04:27:06.852Z,2025-10-22T04:28:31.459Z,,,,,,,,,,https://app.apollo.io/#/organizations/67435d1069ee4100017f1b97?overrideScoreId=score,,
791,A2 Painting Company,,,"painting service, painting company",,,"[""apollo""]",,,2025-10-22T04:27:06.853Z,2025-10-22T04:28:31.460Z,,,,,,,,,,https://app.apollo.io/#/organizations/670b3692132fcc000105012c?overrideScoreId=score,,
792,Brothers of the Brush Painting Company,,,"painting service, painting company",,,"[""apollo""]",,,2025-10-22T04:27:06.853Z,2025-10-22T04:28:31.460Z,,,,,,,,,,https://app.apollo.io/#/organizations/6701529d2fa6a6000143ec72?overrideScoreId=score,,
793,City Painting Service,,,"painting service, painting company",,,"[""apollo""]",,,2025-10-22T04:27:06.853Z,2025-10-22T04:28:31.460Z,,,,,,,,,,https://app.apollo.io/#/organizations/66ed4d0f41500b0001855210?overrideScoreId=score,,
794,Tim MacDonough Painting Company,,,"painting service, painting company",,,"[""apollo""]",,,2025-10-22T04:27:06.853Z,2025-10-22T04:28:31.460Z,,,,,,,,,,https://app.apollo.io/#/organizations/6744452b6e3c8f00016850c3?overrideScoreId=score,,
795,Clarkston Painting Company,,,"painting service, painting company",,,"[""apollo""]",,,2025-10-22T04:27:06.854Z,2025-10-22T04:28:31.460Z,,,,,,,,,,https://app.apollo.io/#/organizations/67416c4d6bccaf000166c5b4?overrideScoreId=score,,
796,Sills Painting Service,,,"painting service, painting company",,,"[""apollo""]",,,2025-10-22T04:27:06.854Z,2025-10-22T04:28:31.460Z,,,,,,,,,,https://app.apollo.io/#/organizations/67302eae9c24470001da11a5?overrideScoreId=score,,
797,Michigan Painting Company,,,"painting service, painting company",,,"[""apollo""]",,,2025-10-22T04:27:06.854Z,2025-10-22T04:28:31.460Z,,,,,,,,,,https://app.apollo.io/#/organizations/66e2acd3c3469a00018a6293?overrideScoreId=score,,
798,Feedbackwrench Websites & Advertising,http://www.feedbackwrench.com,feedbackwrench.com,"painting service, painting company",,8,"[""apollo""]",,,2025-10-22T04:27:09.793Z,2025-10-22T04:28:31.460Z,,,,Saint Paul,Minnesota,,,,,https://app.apollo.io/#/organizations/5da4971c0f33d60001bc8a55?overrideScoreId=score,,
799,Straightline House Painting | straightlinemn.com,http://www.straightlinemn.com,straightlinemn.com,"painting service, painting company",,1,"[""apollo""]",,,2025-10-22T04:27:09.794Z,2025-10-22T04:28:31.460Z,,,,Minneapolis,Minnesota,,,,,https://app.apollo.io/#/organizations/5e56047607939b0001dfbf06?overrideScoreId=score,,
800,Complete Painting Services,http://www.completepaintingservicesinc.com,completepaintingservicesinc.com,"painting service, painting company",,5,"[""apollo""]",,,2025-10-22T04:27:09.795Z,2025-10-22T04:28:31.460Z,,,,Minneapolis,Minnesota,,,,,https://app.apollo.io/#/organizations/66a211ba042c4102d2092c72?overrideScoreId=score,,
801,J Painting,http://www.jpaintingmn.com,jpaintingmn.com,"painting service, painting company",,10,"[""apollo""]",,,2025-10-22T04:27:09.795Z,2025-10-22T04:28:31.460Z,,,,Elk River,Minnesota,,,,,https://app.apollo.io/#/organizations/6726d9af6893d60001097cc4?overrideScoreId=score,,
802,Roell Painting Company,,,"painting service, painting company",,7,"[""apollo""]",,,2025-10-22T04:27:09.795Z,2025-10-22T04:28:31.460Z,,,,Minneapolis,Minnesota,,,,,https://app.apollo.io/#/organizations/6733022d369a530001350e59?overrideScoreId=score,,
803,Svoboda Painting,http://www.svobodapainting.com,svobodapainting.com,"painting service, painting company",,1,"[""apollo""]",,,2025-10-22T04:27:09.796Z,2025-10-22T04:28:31.461Z,,,,Coon Rapids,Minnesota,,,,,https://app.apollo.io/#/organizations/66dce7f84bbff90001fcf9d3?overrideScoreId=score,,
804,Premium Painting,http://www.premiumpainting-msp.com,premiumpainting-msp.com,"painting service, painting company",,45,"[""apollo""]",,,2025-10-22T04:27:09.797Z,2025-10-22T04:28:31.461Z,,,,Minneapolis,Minnesota,,,,,https://app.apollo.io/#/organizations/54a129de69702db64841c901?overrideScoreId=score,,
805,Minnesota Craftsman Painting Company,http://www.minnesotacraftsman.com,minnesotacraftsman.com,"painting service, painting company",,2,"[""apollo""]",,,2025-10-22T04:27:09.797Z,2025-10-22T04:28:31.461Z,,,,Saint Paul,Minnesota,,,,,https://app.apollo.io/#/organizations/54a1356669702d352f07d600?overrideScoreId=score,,
806,America's Painting Company,http://www.americaspaintingco.com,americaspaintingco.com,"painting service, painting company",,5,"[""apollo""]",,,2025-10-22T04:27:09.797Z,2025-10-22T04:28:31.461Z,,,,Saint Louis Park,Minnesota,,,,,https://app.apollo.io/#/organizations/5f3efb2f7ea74c0001d1e9ef?overrideScoreId=score,,
807,Mill City Painting Company,http://www.mcpcmn.com,mcpcmn.com,"painting service, painting company",,1,"[""apollo""]",,,2025-10-22T04:27:09.797Z,2025-10-22T04:28:31.462Z,,,,Apple Valley,Minnesota,,,,,https://app.apollo.io/#/organizations/5a9cd5c6a6da98d98c6738a7?overrideScoreId=score,,
808,BODINE PAINTING COMPANY,http://www.bodinepainting.com,bodinepainting.com,"painting service, painting company",,,"[""apollo""]",,,2025-10-22T04:27:09.798Z,2025-10-22T04:28:31.462Z,,,,Minneapolis,Minnesota,,,,,https://app.apollo.io/#/organizations/67304012cd1c1f00017fafbc?overrideScoreId=score,,
809,Roell Painting Company,http://www.roellpainting.com,roellpainting.com,"painting service, painting company",,,"[""apollo""]",,,2025-10-22T04:27:09.798Z,2025-10-22T04:28:31.462Z,,,,Eden Prairie,Minnesota,,,,,https://app.apollo.io/#/organizations/6828dfa8cfefba00013fb084?overrideScoreId=score,,
810,Virnig Painting Company,http://www.virnigpainting.com,virnigpainting.com,"painting service, painting company",,1,"[""apollo""]",,,2025-10-22T04:27:09.798Z,2025-10-22T04:28:31.462Z,,,,Sauk Rapids,Minnesota,,,,,https://app.apollo.io/#/organizations/5592184b73696418e9f76400?overrideScoreId=score,,
811,Cato Painting Company,http://www.catopaint.co,catopaint.co,"painting service, painting company",,,"[""apollo""]",,,2025-10-22T04:27:09.798Z,2025-10-22T04:28:31.462Z,,,,Detroit Lakes,Minnesota,,,,,https://app.apollo.io/#/organizations/672fe7f00af9f60001d99d30?overrideScoreId=score,,
812,THE BRUSH'S END PAINTING COMPANY,http://www.thebrushsend.com,thebrushsend.com,"painting service, painting company",,,"[""apollo""]",,,2025-10-22T04:27:09.798Z,2025-10-22T04:28:31.462Z,,,,Moorhead,Minnesota,,,,,https://app.apollo.io/#/organizations/6730b489cb4dd60001ab0c3c?overrideScoreId=score,,
813,Feedbackwrench Websites & Advertising,,,"painting service, painting company",,,"[""apollo""]",,,2025-10-22T04:27:09.798Z,2025-10-22T04:28:31.462Z,,,,,,,,,,https://app.apollo.io/#/organizations/5da4971c0f33d60001bc8a55?overrideScoreId=score,,
814,Straightline House Painting | straightlinemn.com,,,"painting service, painting company",,,"[""apollo""]",,,2025-10-22T04:27:09.799Z,2025-10-22T04:28:31.462Z,,,,,,,,,,https://app.apollo.io/#/organizations/5e56047607939b0001dfbf06?overrideScoreId=score,,
815,Complete Painting Services,,,"painting service, painting company",,,"[""apollo""]",,,2025-10-22T04:27:09.799Z,2025-10-22T04:28:31.462Z,,,,,,,,,,https://app.apollo.io/#/organizations/66a211ba042c4102d2092c72?overrideScoreId=score,,
816,J Painting,,,"painting service, painting company",,,"[""apollo""]",,,2025-10-22T04:27:09.799Z,2025-10-22T04:28:31.462Z,,,,,,,,,,https://app.apollo.io/#/organizations/6726d9af6893d60001097cc4?overrideScoreId=score,,
817,Svoboda Painting,,,"painting service, painting company",,,"[""apollo""]",,,2025-10-22T04:27:09.799Z,2025-10-22T04:28:31.462Z,,,,,,,,,,https://app.apollo.io/#/organizations/66dce7f84bbff90001fcf9d3?overrideScoreId=score,,
818,Premium Painting,,,"painting service, painting company",,,"[""apollo""]",,,2025-10-22T04:27:09.799Z,2025-10-22T04:28:31.462Z,,,,,,,,,,https://app.apollo.io/#/organizations/54a129de69702db64841c901?overrideScoreId=score,,
819,Minnesota Craftsman Painting Company,,,"painting service, painting company",,,"[""apollo""]",,,2025-10-22T04:27:09.800Z,2025-10-22T04:28:31.463Z,,,,,,,,,,https://app.apollo.io/#/organizations/54a1356669702d352f07d600?overrideScoreId=score,,
820,America's Painting Company,,,"painting service, painting company",,,"[""apollo""]",,,2025-10-22T04:27:09.800Z,2025-10-22T04:28:31.463Z,,,,,,,,,,https://app.apollo.io/#/organizations/5f3efb2f7ea74c0001d1e9ef?overrideScoreId=score,,
821,Mill City Painting Company,,,"painting service, painting company",,,"[""apollo""]",,,2025-10-22T04:27:09.800Z,2025-10-22T04:28:31.463Z,,,,,,,,,,https://app.apollo.io/#/organizations/5a9cd5c6a6da98d98c6738a7?overrideScoreId=score,,
822,BODINE PAINTING COMPANY,,,"painting service, painting company",,,"[""apollo""]",,,2025-10-22T04:27:09.800Z,2025-10-22T04:28:31.463Z,,,,,,,,,,https://app.apollo.io/#/organizations/67304012cd1c1f00017fafbc?overrideScoreId=score,,
823,Virnig Painting Company,,,"painting service, painting company",,,"[""apollo""]",,,2025-10-22T04:27:09.800Z,2025-10-22T04:28:31.463Z,,,,,,,,,,https://app.apollo.io/#/organizations/5592184b73696418e9f76400?overrideScoreId=score,,
824,Cato Painting Company,,,"painting service, painting company",,,"[""apollo""]",,,2025-10-22T04:27:09.800Z,2025-10-22T04:28:31.463Z,,,,,,,,,,https://app.apollo.io/#/organizations/672fe7f00af9f60001d99d30?overrideScoreId=score,,
825,THE BRUSH'S END PAINTING COMPANY,,,"painting service, painting company",,,"[""apollo""]",,,2025-10-22T04:27:09.800Z,2025-10-22T04:28:31.463Z,,,,,,,,,,https://app.apollo.io/#/organizations/6730b489cb4dd60001ab0c3c?overrideScoreId=score,,
826,A1 Painting Service,http://www.a1painting.com,a1painting.com,"painting service, painting company",,5,"[""apollo""]",,,2025-10-22T04:27:12.745Z,2025-10-22T04:28:31.463Z,,,,Jackson,Mississippi,,,,,https://app.apollo.io/#/organizations/55920a5873696419814d3300?overrideScoreId=score,,
827,Calhoun Painting Company,http://www.housepaintersgermantown.com,housepaintersgermantown.com,"painting service, painting company",,,"[""apollo""]",,,2025-10-22T04:27:12.746Z,2025-10-22T04:28:31.463Z,,,,Southaven,Mississippi,,,,,https://app.apollo.io/#/organizations/6048ad4440a2f8000155e2f4?overrideScoreId=score,,
828,David Busby Painting Company,http://www.davidbusbypaintingco.com,davidbusbypaintingco.com,"painting service, painting company",,,"[""apollo""]",,,2025-10-22T04:27:12.746Z,2025-10-22T04:28:31.463Z,,,,Southaven,Mississippi,,,,,https://app.apollo.io/#/organizations/674b75e96d97730001777d6c?overrideScoreId=score,,
829,A1 Painting Service,,,"painting service, painting company",,,"[""apollo""]",,,2025-10-22T04:27:12.746Z,2025-10-22T04:28:31.463Z,,,,,,,,,,https://app.apollo.io/#/organizations/55920a5873696419814d3300?overrideScoreId=score,,
830,Calhoun Painting Company,,,"painting service, painting company",,,"[""apollo""]",,,2025-10-22T04:27:12.753Z,2025-10-22T04:28:31.464Z,,,,,,,,,,https://app.apollo.io/#/organizations/6048ad4440a2f8000155e2f4?overrideScoreId=score,,
831,David Busby Painting Company,,,"painting service, painting company",,,"[""apollo""]",,,2025-10-22T04:27:12.754Z,2025-10-22T04:28:31.464Z,,,,,,,,,,https://app.apollo.io/#/organizations/674b75e96d97730001777d6c?overrideScoreId=score,,
832,HARTMAN-WALSH PAINTING COMPANY,,,"painting service, painting company",,25,"[""apollo""]",,,2025-10-22T04:27:15.678Z,2025-10-22T04:28:31.464Z,,,,Saint Louis,Missouri,,,,,https://app.apollo.io/#/organizations/664184bac4411200019ab714?overrideScoreId=score,,
833,Midwest Superior Painting LLC,http://www.midwestsuperiorpainting.com,midwestsuperiorpainting.com,"painting service, painting company",,1,"[""apollo""]",,,2025-10-22T04:27:15.679Z,2025-10-22T04:28:31.464Z,,,,Kansas City,Missouri,,,,,https://app.apollo.io/#/organizations/60495678666ef700011a33c1?overrideScoreId=score,,
834,Cutting Edge Painter LLC,http://www.cuttingedgepainter.com,cuttingedgepainter.com,"painting service, painting company",,2,"[""apollo""]",,,2025-10-22T04:27:15.680Z,2025-10-22T04:28:31.464Z,,,,Saint Louis,Missouri,,,,,https://app.apollo.io/#/organizations/65431b30851e730001998701?overrideScoreId=score,,
835,Gateway Custom Painting LLC,http://www.gatewaycustompainting.com,gatewaycustompainting.com,"painting service, painting company",,2,"[""apollo""]",,,2025-10-22T04:27:15.680Z,2025-10-22T04:28:31.464Z,,,,Creve Coeur,Missouri,,,,,https://app.apollo.io/#/organizations/646efe6dbff36300019b771e?overrideScoreId=score,,
836,"Switzer Brother's Painting, LLC",http://www.switzerbrothers.com,switzerbrothers.com,"painting service, painting company",,5,"[""apollo""]",,,2025-10-22T04:27:15.681Z,2025-10-22T04:28:31.465Z,,,,Kansas City,Missouri,,,,,https://app.apollo.io/#/organizations/55eaae84f3e5bb0bdb001118?overrideScoreId=score,,
837,Astra Painters LLC,,,"painting service, painting company",,,"[""apollo""]",,,2025-10-22T04:27:15.681Z,2025-10-22T04:28:31.465Z,,,,Ballwin,Missouri,,,,,https://app.apollo.io/#/organizations/5e5747d8896222000125eedf?overrideScoreId=score,,
838,"Fearing Painting Company, INC.",http://www.fearingpainting.com,fearingpainting.com,"painting service, painting company",,3,"[""apollo""]",,,2025-10-22T04:27:15.681Z,2025-10-22T04:28:31.465Z,,,,Springfield,Missouri,,,,,https://app.apollo.io/#/organizations/64a1ed055b5e0200017dba45?overrideScoreId=score,,
839,"Mural Gal Painting, LLC",http://www.muralgal.com,muralgal.com,"painting service, painting company",,1,"[""apollo""]",,,2025-10-22T04:27:15.682Z,2025-10-22T04:28:31.465Z,,,,Springfield,Missouri,,,,,https://app.apollo.io/#/organizations/673152dc93cdbb0001e60c5b?overrideScoreId=score,,
840,Improovy Painters St Louis,,,"painting service, painting company",,,"[""apollo""]",,,2025-10-22T04:27:15.682Z,2025-10-22T04:28:31.465Z,,,,St. Louis,Missouri,,,,,https://app.apollo.io/#/organizations/6656a1e70016730001c9f4cd?overrideScoreId=score,,
841,MyHouse Painting Company,http://www.callmyhouse.com,callmyhouse.com,"painting service, painting company",,1,"[""apollo""]",,,2025-10-22T04:27:15.682Z,2025-10-22T04:28:31.465Z,,,,St. Louis,Missouri,,,,,https://app.apollo.io/#/organizations/65cb0f8c986f0705742fe315?overrideScoreId=score,,
842,Runge Painting Company Inc,http://www.cocopainting.com,cocopainting.com,"painting service, painting company",,1,"[""apollo""]",,,2025-10-22T04:27:15.682Z,2025-10-22T04:28:31.465Z,,,,St. Louis,Missouri,,,,,https://app.apollo.io/#/organizations/67287fd62db1f90001f2b4c4?overrideScoreId=score,,
843,Smitty’s Painting Company,http://www.premierwalldesign.com,premierwalldesign.com,"painting service, painting company",,,"[""apollo""]",,,2025-10-22T04:27:15.683Z,2025-10-22T04:28:31.465Z,,,,Fredericktown,Missouri,,,,,https://app.apollo.io/#/organizations/66f515b4cc24db000172dbe5?overrideScoreId=score,,
844,Bell's Painting Company,http://www.bellspaintingstl.com,bellspaintingstl.com,"painting service, painting company",,,"[""apollo""]",,,2025-10-22T04:27:15.683Z,2025-10-22T04:28:31.465Z,,,,Florissant,Missouri,,,,,https://app.apollo.io/#/organizations/5fd1adb6a012390001c80882?overrideScoreId=score,,
845,"Goens Brothers Painting Company, Inc.",,,"painting service, painting company",,27,"[""apollo""]",,,2025-10-22T04:27:15.683Z,2025-10-22T04:28:31.465Z,,,,Goens Brothers Painting Company,Inc.,,,,,https://app.apollo.io/#/organizations/559214627369641878405700?overrideScoreId=score,,
846,Midwest Superior Painting LLC,,,"painting service, painting company",,,"[""apollo""]",,,2025-10-22T04:27:15.684Z,2025-10-22T04:28:31.465Z,,,,,,,,,,https://app.apollo.io/#/organizations/60495678666ef700011a33c1?overrideScoreId=score,,
847,Cutting Edge Painter LLC,,,"painting service, painting company",,,"[""apollo""]",,,2025-10-22T04:27:15.684Z,2025-10-22T04:28:31.465Z,,,,,,,,,,https://app.apollo.io/#/organizations/65431b30851e730001998701?overrideScoreId=score,,
848,Gateway Custom Painting LLC,,,"painting service, painting company",,,"[""apollo""]",,,2025-10-22T04:27:15.684Z,2025-10-22T04:28:31.465Z,,,,,,,,,,https://app.apollo.io/#/organizations/646efe6dbff36300019b771e?overrideScoreId=score,,
849,"Switzer Brother's Painting, LLC",,,"painting service, painting company",,,"[""apollo""]",,,2025-10-22T04:27:15.685Z,2025-10-22T04:28:31.466Z,,,,,,,,,,https://app.apollo.io/#/organizations/55eaae84f3e5bb0bdb001118?overrideScoreId=score,,
850,"Fearing Painting Company, INC.",,,"painting service, painting company",,,"[""apollo""]",,,2025-10-22T04:27:15.685Z,2025-10-22T04:28:31.466Z,,,,,,,,,,https://app.apollo.io/#/organizations/64a1ed055b5e0200017dba45?overrideScoreId=score,,
851,"Mural Gal Painting, LLC",,,"painting service, painting company",,,"[""apollo""]",,,2025-10-22T04:27:15.686Z,2025-10-22T04:28:31.466Z,,,,,,,,,,https://app.apollo.io/#/organizations/673152dc93cdbb0001e60c5b?overrideScoreId=score,,
852,MyHouse Painting Company,,,"painting service, painting company",,,"[""apollo""]",,,2025-10-22T04:27:15.686Z,2025-10-22T04:28:31.466Z,,,,,,,,,,https://app.apollo.io/#/organizations/65cb0f8c986f0705742fe315?overrideScoreId=score,,
853,Runge Painting Company Inc,,,"painting service, painting company",,,"[""apollo""]",,,2025-10-22T04:27:15.687Z,2025-10-22T04:28:31.466Z,,,,,,,,,,https://app.apollo.io/#/organizations/67287fd62db1f90001f2b4c4?overrideScoreId=score,,
854,Smitty’s Painting Company,,,"painting service, painting company",,,"[""apollo""]",,,2025-10-22T04:27:15.687Z,2025-10-22T04:28:31.466Z,,,,,,,,,,https://app.apollo.io/#/organizations/66f515b4cc24db000172dbe5?overrideScoreId=score,,
855,Bell's Painting Company,,,"painting service, painting company",,,"[""apollo""]",,,2025-10-22T04:27:15.687Z,2025-10-22T04:28:31.466Z,,,,,,,,,,https://app.apollo.io/#/organizations/5fd1adb6a012390001c80882?overrideScoreId=score,,
856,Westslope Painting,http://www.westslopepainting.com,westslopepainting.com,"painting service, painting company",,1,"[""apollo""]",,,2025-10-22T04:27:18.618Z,2025-10-22T04:28:31.466Z,,,,Bozeman,Montana,,,,,https://app.apollo.io/#/organizations/64fe0d4373374c0001cff937?overrideScoreId=score,,
857,Missoula Painting Company,http://www.missoulapaintingcompany.com,missoulapaintingcompany.com,"painting service, painting company",,,"[""apollo""]",,,2025-10-22T04:27:18.618Z,2025-10-22T04:28:31.466Z,,,,Missoula,Montana,,,,,https://app.apollo.io/#/organizations/68ae16ad7b469a0019ca6d99?overrideScoreId=score,,
858,Joey D Painting Service,http://www.joeydpaintingservice.com,joeydpaintingservice.com,"painting service, painting company",,1,"[""apollo""]",,,2025-10-22T04:27:18.619Z,2025-10-22T04:28:31.466Z,,,,Billings,Montana,,,,,https://app.apollo.io/#/organizations/66f660f1e7ef54000139e50a?overrideScoreId=score,,
859,Dan S Painting Service,http://www.danspainting.com,danspainting.com,"painting service, painting company",,,"[""apollo""]",,,2025-10-22T04:27:18.619Z,2025-10-22T04:28:31.466Z,,,,Billings,Montana,,,,,https://app.apollo.io/#/organizations/55eaa2adf3e5bb6f01001267?overrideScoreId=score,,
860,Westslope Painting,,,"painting service, painting company",,,"[""apollo""]",,,2025-10-22T04:27:18.619Z,2025-10-22T04:28:31.466Z,,,,,,,,,,https://app.apollo.io/#/organizations/64fe0d4373374c0001cff937?overrideScoreId=score,,
861,Joey D Painting Service,,,"painting service, painting company",,,"[""apollo""]",,,2025-10-22T04:27:18.620Z,2025-10-22T04:28:31.466Z,,,,,,,,,,https://app.apollo.io/#/organizations/66f660f1e7ef54000139e50a?overrideScoreId=score,,
862,Dan S Painting Service,,,"painting service, painting company",,,"[""apollo""]",,,2025-10-22T04:27:18.620Z,2025-10-22T04:28:31.466Z,,,,,,,,,,https://app.apollo.io/#/organizations/55eaa2adf3e5bb6f01001267?overrideScoreId=score,,
863,Wyman Painting™,http://www.wymanpainting.net,wymanpainting.net,"painting service, painting company",,2,"[""apollo""]",,,2025-10-22T04:27:21.537Z,2025-10-22T04:28:31.467Z,,,,Omaha,Nebraska,,,,,https://app.apollo.io/#/organizations/54fca4d273696401a7432400?overrideScoreId=score,,
864,Shaver Painting & Decorating,http://www.shaverdecorating.com,shaverdecorating.com,"painting service, painting company",,5,"[""apollo""]",,,2025-10-22T04:27:21.538Z,2025-10-22T04:28:31.467Z,,,,Omaha,Nebraska,,,,,https://app.apollo.io/#/organizations/64037261d89e1e00012d2743?overrideScoreId=score,,
865,Wyman Painting™,,,"painting service, painting company",,,"[""apollo""]",,,2025-10-22T04:27:21.539Z,2025-10-22T04:28:31.467Z,,,,,,,,,,https://app.apollo.io/#/organizations/54fca4d273696401a7432400?overrideScoreId=score,,
866,Shaver Painting & Decorating,,,"painting service, painting company",,,"[""apollo""]",,,2025-10-22T04:27:21.540Z,2025-10-22T04:28:31.467Z,,,,,,,,,,https://app.apollo.io/#/organizations/64037261d89e1e00012d2743?overrideScoreId=score,,
867,Tamaras Painting Company,http://www.tpcnevada.com,tpcnevada.com,"painting service, painting company",,1,"[""apollo""]",,,2025-10-22T04:27:24.478Z,2025-10-22T04:28:31.467Z,,,,Reno,Nevada,,,,,https://app.apollo.io/#/organizations/66e161cf13278300011ec73f?overrideScoreId=score,,
868,Tamaras Painting Company,,,"painting service, painting company",,,"[""apollo""]",,,2025-10-22T04:27:24.479Z,2025-10-22T04:28:31.467Z,,,,,,,,,,https://app.apollo.io/#/organizations/66e161cf13278300011ec73f?overrideScoreId=score,,
869,Portsmouth Painting Company,http://www.portsmouthpaintingcompany.com,portsmouthpaintingcompany.com,"painting service, painting company",,2,"[""apollo""]",,,2025-10-22T04:27:27.395Z,2025-10-22T04:28:31.467Z,,,,Portsmouth,New Hampshire,,,,,https://app.apollo.io/#/organizations/6503ce057a24f3000138692d?overrideScoreId=score,,
870,"White Diamond Painting, LLC",http://www.whitediamondpainting.com,whitediamondpainting.com,"painting service, painting company",,3,"[""apollo""]",,,2025-10-22T04:27:27.395Z,2025-10-22T04:28:31.467Z,,,,Barrington,New Hampshire,,,,,https://app.apollo.io/#/organizations/54a1344469702d2f9f725e00?overrideScoreId=score,,
871,Crepeau Painting Company,http://www.crepeaupainting.com,crepeaupainting.com,"painting service, painting company",,2,"[""apollo""]",,,2025-10-22T04:27:27.396Z,2025-10-22T04:28:31.467Z,,,,Salem,New Hampshire,,,,,https://app.apollo.io/#/organizations/67270fd86919ee0001304c34?overrideScoreId=score,,
872,Rite Finish Painting Company Inc,http://www.ritefinish.com,ritefinish.com,"painting service, painting company",,,"[""apollo""]",,,2025-10-22T04:27:27.396Z,2025-10-22T04:28:31.467Z,,,,Manchester,New Hampshire,,,,,https://app.apollo.io/#/organizations/66e5bd641435f6000106f551?overrideScoreId=score,,
873,Portsmouth Painting Company,,,"painting service, painting company",,,"[""apollo""]",,,2025-10-22T04:27:27.396Z,2025-10-22T04:28:31.467Z,,,,,,,,,,https://app.apollo.io/#/organizations/6503ce057a24f3000138692d?overrideScoreId=score,,
874,"White Diamond Painting, LLC",,,"painting service, painting company",,,"[""apollo""]",,,2025-10-22T04:27:27.397Z,2025-10-22T04:28:31.467Z,,,,,,,,,,https://app.apollo.io/#/organizations/54a1344469702d2f9f725e00?overrideScoreId=score,,
875,Crepeau Painting Company,,,"painting service, painting company",,,"[""apollo""]",,,2025-10-22T04:27:27.397Z,2025-10-22T04:28:31.467Z,,,,,,,,,,https://app.apollo.io/#/organizations/67270fd86919ee0001304c34?overrideScoreId=score,,
876,Rite Finish Painting Company Inc,,,"painting service, painting company",,,"[""apollo""]",,,2025-10-22T04:27:27.397Z,2025-10-22T04:28:31.468Z,,,,,,,,,,https://app.apollo.io/#/organizations/66e5bd641435f6000106f551?overrideScoreId=score,,
877,Elite Painting Services,http://www.elitepaintingservices.net,elitepaintingservices.net,"painting service, painting company",,53,"[""apollo""]",,,2025-10-22T04:27:30.321Z,2025-10-22T04:28:31.468Z,,,,Cherry Hill,New Jersey,,,,,https://app.apollo.io/#/organizations/5da3f5b97e5db600018e364e?overrideScoreId=score,,
878,"Greenleaf Painters, LLC",http://www.greenleafpainters.com,greenleafpainters.com,"painting service, painting company",,2,"[""apollo""]",,,2025-10-22T04:27:30.322Z,2025-10-22T04:28:31.468Z,,,,Lawrence Township,New Jersey,,,,,https://app.apollo.io/#/organizations/5a9e1a8da6da98d93569ee34?overrideScoreId=score,,
879,Paint Tile Etcetera Painting Service,http://www.paintiletc.com,paintiletc.com,"painting service, painting company",,1,"[""apollo""]",,,2025-10-22T04:27:30.322Z,2025-10-22T04:28:31.468Z,,,,Somerville,New Jersey,,,,,https://app.apollo.io/#/organizations/54fca4e5736964015ee42800?overrideScoreId=score,,
880,EDP Painting Company - Painter,http://www.edp-painting.com,edp-painting.com,"painting service, painting company",,2,"[""apollo""]",,,2025-10-22T04:27:30.322Z,2025-10-22T04:28:31.468Z,,,,Bedminster Township,New Jersey,,,,,https://app.apollo.io/#/organizations/5e57a5eb3f9e640001186634?overrideScoreId=score,,
881,J. Canabe's Painting Company,http://www.canabecolorexpert.com,canabecolorexpert.com,"painting service, painting company",,1,"[""apollo""]",,,2025-10-22T04:27:30.322Z,2025-10-22T04:28:31.468Z,,,,Morristown,New Jersey,,,,,https://app.apollo.io/#/organizations/6726631c3ca5f7000195239a?overrideScoreId=score,,
882,Jewett Painting Contractors,http://www.jewettpainting.com,jewettpainting.com,"painting service, painting company",,2,"[""apollo""]",,,2025-10-22T04:27:30.322Z,2025-10-22T04:28:31.468Z,,,,Butler,New Jersey,,,,,https://app.apollo.io/#/organizations/559206517369641927572300?overrideScoreId=score,,
883,"Able Painting Company, LLC",,,"painting service, painting company",,6,"[""apollo""]",,,2025-10-22T04:27:30.323Z,2025-10-22T04:28:31.468Z,,,,Trenton,New Jersey,,,,,https://app.apollo.io/#/organizations/54a138eb69702d2a1e741500?overrideScoreId=score,,
884,Rainbow G & J Painting,http://www.rainbowgjpainting.com,rainbowgjpainting.com,"painting service, painting company",,7,"[""apollo""]",,,2025-10-22T04:27:30.323Z,2025-10-22T04:28:31.468Z,,,,Bridgewater,New Jersey,,,,,https://app.apollo.io/#/organizations/5b15ec5aa6da9869338baa71?overrideScoreId=score,,
885,Enhance Painting Company,http://www.enhancepainting.com.au,enhancepainting.com.au,"painting service, painting company",,4,"[""apollo""]",,,2025-10-22T04:27:30.324Z,2025-10-22T04:28:31.468Z,,,,Morris Plains,New Jersey,,,,,https://app.apollo.io/#/organizations/57c4f3e4a6da986a77cda5fd?overrideScoreId=score,,
886,Rainer Painting Company,http://www.rainerpainting.com,rainerpainting.com,"painting service, painting company",,4,"[""apollo""]",,,2025-10-22T04:27:30.324Z,2025-10-22T04:28:31.468Z,,,,Cinnaminson,New Jersey,,,,,https://app.apollo.io/#/organizations/67089790ef9459000129e9fe?overrideScoreId=score,,
887,Halo Painting Company,http://www.halopaintingcompany.com,halopaintingcompany.com,"painting service, painting company",,,"[""apollo""]",,,2025-10-22T04:27:30.324Z,2025-10-22T04:28:31.468Z,,,,Somerville,New Jersey,,,,,https://app.apollo.io/#/organizations/6729a2ce2bce890001d3894a?overrideScoreId=score,,
888,A-General Painting Service,http://www.ageneralpainting.com,ageneralpainting.com,"painting service, painting company",,1,"[""apollo""]",,,2025-10-22T04:27:30.324Z,2025-10-22T04:28:31.468Z,,,,Dover,New Jersey,,,,,https://app.apollo.io/#/organizations/670638fd2028250001f74c5f?overrideScoreId=score,,
889,All Jersey Painting Company,http://www.newjerseypainter.com,newjerseypainter.com,"painting service, painting company",,2,"[""apollo""]",,,2025-10-22T04:27:30.324Z,2025-10-22T04:28:31.468Z,,,,Lincoln Park,New Jersey,,,,,https://app.apollo.io/#/organizations/5500cc1b7369646067487200?overrideScoreId=score,,
890,LAYNE PAINTING SERVICE,http://www.laynepaintingservice.com,laynepaintingservice.com,"painting service, painting company",,,"[""apollo""]",,,2025-10-22T04:27:30.325Z,2025-10-22T04:28:31.468Z,,,,Newark,New Jersey,,,,,https://app.apollo.io/#/organizations/66e919c9c017ab00011106d6?overrideScoreId=score,,
891,PQ Painting Service,http://www.pqpaintingservice.blogspot.com,pqpaintingservice.blogspot.com,"painting service, painting company",,,"[""apollo""]",,,2025-10-22T04:27:30.325Z,2025-10-22T04:28:31.469Z,,,,Toms River,New Jersey,,,,,https://app.apollo.io/#/organizations/671481e2489d5a00018ea3d4?overrideScoreId=score,,
892,Julius H Gross Painting Company,http://www.juliushgrosspainting.com,juliushgrosspainting.com,"painting service, painting company",,1,"[""apollo""]",,,2025-10-22T04:27:30.325Z,2025-10-22T04:28:31.469Z,,,,Princeton,New Jersey,,,,,https://app.apollo.io/#/organizations/678c4ca4320fdb0001fd0014?overrideScoreId=score,,
893,GP PAINTING SERVICE,http://www.gppaintingservice.com,gppaintingservice.com,"painting service, painting company",,,"[""apollo""]",,,2025-10-22T04:27:30.325Z,2025-10-22T04:28:31.469Z,,,,Clifton,New Jersey,,,,,https://app.apollo.io/#/organizations/670149f4d344bc0001875b83?overrideScoreId=score,,
894,kronewitter painting company,http://www.kronewitterpainting.net,kronewitterpainting.net,"painting service, painting company",,,"[""apollo""]",,,2025-10-22T04:27:30.325Z,2025-10-22T04:28:31.469Z,,,,Westwood,New Jersey,,,,,https://app.apollo.io/#/organizations/66ed1a88596b9d000108ec2b?overrideScoreId=score,,
895,Andrechick Painting Company,http://www.andrechick-painting.com,andrechick-painting.com,"painting service, painting company",,1,"[""apollo""]",,,2025-10-22T04:27:30.326Z,2025-10-22T04:28:31.469Z,,,,Woodbridge Township,New Jersey,,,,,https://app.apollo.io/#/organizations/672c7339b137ac00018f7e73?overrideScoreId=score,,
896,AJ Trenton Painting Service,http://www.ajpaintingservicenj.com,ajpaintingservicenj.com,"painting service, painting company",,,"[""apollo""]",,,2025-10-22T04:27:30.326Z,2025-10-22T04:28:31.469Z,,,,Trenton,New Jersey,,,,,https://app.apollo.io/#/organizations/66ff9567ed2f060001fb8a4d?overrideScoreId=score,,
897,Andy Painting Service Contractor,http://www.andy-painting.com,andy-painting.com,"painting service, painting company",,,"[""apollo""]",,,2025-10-22T04:27:30.326Z,2025-10-22T04:28:31.469Z,,,,Dover,New Jersey,,,,,https://app.apollo.io/#/organizations/6731871b0af9f60001eb28ae?overrideScoreId=score,,
898,Don Coleman Painting Company,http://www.doncolemanpainting.com,doncolemanpainting.com,"painting service, painting company",,,"[""apollo""]",,,2025-10-22T04:27:30.326Z,2025-10-22T04:28:31.469Z,,,,Metuchen,New Jersey,,,,,https://app.apollo.io/#/organizations/63ba0e80c3acd400015ee5f2?overrideScoreId=score,,
899,Elite Painting Services,,,"painting service, painting company",,,"[""apollo""]",,,2025-10-22T04:27:30.326Z,2025-10-22T04:28:31.469Z,,,,,,,,,,https://app.apollo.io/#/organizations/5da3f5b97e5db600018e364e?overrideScoreId=score,,
900,"Greenleaf Painters, LLC",,,"painting service, painting company",,,"[""apollo""]",,,2025-10-22T04:27:30.327Z,2025-10-22T04:28:31.469Z,,,,,,,,,,https://app.apollo.io/#/organizations/5a9e1a8da6da98d93569ee34?overrideScoreId=score,,
901,Paint Tile Etcetera Painting Service,,,"painting service, painting company",,,"[""apollo""]",,,2025-10-22T04:27:30.327Z,2025-10-22T04:28:31.469Z,,,,,,,,,,https://app.apollo.io/#/organizations/54fca4e5736964015ee42800?overrideScoreId=score,,
902,EDP Painting Company - Painter,,,"painting service, painting company",,,"[""apollo""]",,,2025-10-22T04:27:30.327Z,2025-10-22T04:28:31.469Z,,,,,,,,,,https://app.apollo.io/#/organizations/5e57a5eb3f9e640001186634?overrideScoreId=score,,
903,J. Canabe's Painting Company,,,"painting service, painting company",,,"[""apollo""]",,,2025-10-22T04:27:30.328Z,2025-10-22T04:28:31.469Z,,,,,,,,,,https://app.apollo.io/#/organizations/6726631c3ca5f7000195239a?overrideScoreId=score,,
904,Jewett Painting Contractors,,,"painting service, painting company",,,"[""apollo""]",,,2025-10-22T04:27:30.328Z,2025-10-22T04:28:31.469Z,,,,,,,,,,https://app.apollo.io/#/organizations/559206517369641927572300?overrideScoreId=score,,
905,Rainbow G & J Painting,,,"painting service, painting company",,,"[""apollo""]",,,2025-10-22T04:27:30.328Z,2025-10-22T04:28:31.469Z,,,,,,,,,,https://app.apollo.io/#/organizations/5b15ec5aa6da9869338baa71?overrideScoreId=score,,
906,Enhance Painting Company,,,"painting service, painting company",,,"[""apollo""]",,,2025-10-22T04:27:30.328Z,2025-10-22T04:28:31.470Z,,,,,,,,,,https://app.apollo.io/#/organizations/57c4f3e4a6da986a77cda5fd?overrideScoreId=score,,
907,Rainer Painting Company,,,"painting service, painting company",,,"[""apollo""]",,,2025-10-22T04:27:30.328Z,2025-10-22T04:28:31.470Z,,,,,,,,,,https://app.apollo.io/#/organizations/67089790ef9459000129e9fe?overrideScoreId=score,,
908,Halo Painting Company,,,"painting service, painting company",,,"[""apollo""]",,,2025-10-22T04:27:30.328Z,2025-10-22T04:28:31.470Z,,,,,,,,,,https://app.apollo.io/#/organizations/6729a2ce2bce890001d3894a?overrideScoreId=score,,
909,A-General Painting Service,,,"painting service, painting company",,,"[""apollo""]",,,2025-10-22T04:27:30.328Z,2025-10-22T04:28:31.470Z,,,,,,,,,,https://app.apollo.io/#/organizations/670638fd2028250001f74c5f?overrideScoreId=score,,
910,All Jersey Painting Company,,,"painting service, painting company",,,"[""apollo""]",,,2025-10-22T04:27:30.329Z,2025-10-22T04:28:31.470Z,,,,,,,,,,https://app.apollo.io/#/organizations/5500cc1b7369646067487200?overrideScoreId=score,,
911,LAYNE PAINTING SERVICE,,,"painting service, painting company",,,"[""apollo""]",,,2025-10-22T04:27:30.329Z,2025-10-22T04:28:31.470Z,,,,,,,,,,https://app.apollo.io/#/organizations/66e919c9c017ab00011106d6?overrideScoreId=score,,
912,PQ Painting Service,,,"painting service, painting company",,,"[""apollo""]",,,2025-10-22T04:27:30.329Z,2025-10-22T04:28:31.470Z,,,,,,,,,,https://app.apollo.io/#/organizations/671481e2489d5a00018ea3d4?overrideScoreId=score,,
913,Julius H Gross Painting Company,,,"painting service, painting company",,,"[""apollo""]",,,2025-10-22T04:27:30.329Z,2025-10-22T04:28:31.470Z,,,,,,,,,,https://app.apollo.io/#/organizations/678c4ca4320fdb0001fd0014?overrideScoreId=score,,
914,GP PAINTING SERVICE,,,"painting service, painting company",,,"[""apollo""]",,,2025-10-22T04:27:30.329Z,2025-10-22T04:28:31.470Z,,,,,,,,,,https://app.apollo.io/#/organizations/670149f4d344bc0001875b83?overrideScoreId=score,,
915,kronewitter painting company,,,"painting service, painting company",,,"[""apollo""]",,,2025-10-22T04:27:30.329Z,2025-10-22T04:28:31.470Z,,,,,,,,,,https://app.apollo.io/#/organizations/66ed1a88596b9d000108ec2b?overrideScoreId=score,,
916,Andrechick Painting Company,,,"painting service, painting company",,,"[""apollo""]",,,2025-10-22T04:27:30.329Z,2025-10-22T04:28:31.470Z,,,,,,,,,,https://app.apollo.io/#/organizations/672c7339b137ac00018f7e73?overrideScoreId=score,,
917,AJ Trenton Painting Service,,,"painting service, painting company",,,"[""apollo""]",,,2025-10-22T04:27:30.330Z,2025-10-22T04:28:31.470Z,,,,,,,,,,https://app.apollo.io/#/organizations/66ff9567ed2f060001fb8a4d?overrideScoreId=score,,
918,Andy Painting Service Contractor,,,"painting service, painting company",,,"[""apollo""]",,,2025-10-22T04:27:30.330Z,2025-10-22T04:28:31.471Z,,,,,,,,,,https://app.apollo.io/#/organizations/6731871b0af9f60001eb28ae?overrideScoreId=score,,
919,Don Coleman Painting Company,,,"painting service, painting company",,,"[""apollo""]",,,2025-10-22T04:27:30.330Z,2025-10-22T04:28:31.471Z,,,,,,,,,,https://app.apollo.io/#/organizations/63ba0e80c3acd400015ee5f2?overrideScoreId=score,,
920,Andy's Painting Company,http://www.andyspainting.com,andyspainting.com,"painting service, painting company",,16,"[""apollo""]",,,2025-10-22T04:27:33.257Z,2025-10-22T04:28:31.471Z,,,,Albuquerque,New Mexico,,,,,https://app.apollo.io/#/organizations/63a7bea8f7c09800a349acd5?overrideScoreId=score,,
921,Andy's Painting Company,,,"painting service, painting company",,,"[""apollo""]",,,2025-10-22T04:27:33.259Z,2025-10-22T04:28:31.471Z,,,,,,,,,,https://app.apollo.io/#/organizations/63a7bea8f7c09800a349acd5?overrideScoreId=score,,
922,Level Up Painting,http://www.leveluppainting.com,leveluppainting.com,"painting service, painting company",,7,"[""apollo""]",,,2025-10-22T04:27:36.181Z,2025-10-22T04:28:31.471Z,,,,Rochester,New York,,,,,https://app.apollo.io/#/organizations/63797762dc030c00016126c5?overrideScoreId=score,,
923,PAINT POWER,http://www.paintpower.net,paintpower.net,"painting service, painting company",,9,"[""apollo""]",,,2025-10-22T04:27:36.182Z,2025-10-22T04:28:31.471Z,,,,New York,New York,,,,,https://app.apollo.io/#/organizations/55f11456f3e5bb500c000da2?overrideScoreId=score,,
924,City Zen Painting,http://www.cityzenpainting.com,cityzenpainting.com,"painting service, painting company",,2,"[""apollo""]",,,2025-10-22T04:27:36.182Z,2025-10-22T04:28:31.471Z,,,,New York,New York,,,,,https://app.apollo.io/#/organizations/5fc94559c3ba3100015beae4?overrideScoreId=score,,
925,Sitepod,http://www.sitepod.com,sitepod.com,"painting service, painting company",,3,"[""apollo""]",,,2025-10-22T04:27:36.183Z,2025-10-22T04:28:31.471Z,,,,New York,New York,,,,,https://app.apollo.io/#/organizations/5ed32e641b901500011687b6?overrideScoreId=score,,
926,MBS construction,http://www.mbscontractor.com,mbscontractor.com,"painting service, painting company",,5,"[""apollo""]",,,2025-10-22T04:27:36.183Z,2025-10-22T04:28:31.471Z,,,,Hicksville,New York,,,,,https://app.apollo.io/#/organizations/6160030c33b0ea0001832007?overrideScoreId=score,,
927,WCM Painting Company,http://www.wcmpainting.com,wcmpainting.com,"painting service, painting company",,3,"[""apollo""]",,,2025-10-22T04:27:36.183Z,2025-10-22T04:28:31.471Z,,,,Horseheads,New York,,,,,https://app.apollo.io/#/organizations/5500c49e7369646139644b00?overrideScoreId=score,,
928,Williams Painting Company,http://www.williamspaintingco.com,williamspaintingco.com,"painting service, painting company",,7,"[""apollo""]",,,2025-10-22T04:27:36.184Z,2025-10-22T04:28:31.471Z,,,,Sandy Creek,New York,,,,,https://app.apollo.io/#/organizations/6715679e4725f50001110ee9?overrideScoreId=score,,
929,Kostusiak Coatings LLC,http://www.kostusiakcoatings.com,kostusiakcoatings.com,"painting service, painting company",,5,"[""apollo""]",,,2025-10-22T04:27:36.184Z,2025-10-22T04:28:31.471Z,,,,Elma,New York,,,,,https://app.apollo.io/#/organizations/5fe57d948dffac00a4204bc8?overrideScoreId=score,,
930,Accent Painting Company,http://www.accentpaintingabq.com,accentpaintingabq.com,"painting service, painting company",,2,"[""apollo""]",,,2025-10-22T04:27:36.184Z,2025-10-22T04:28:31.471Z,,,,Farmingville,New York,,,,,https://app.apollo.io/#/organizations/559228aa736964185f7ba200?overrideScoreId=score,,
931,GOTHAM PAINTING COMPANY INC.,,,"painting service, painting company",,11,"[""apollo""]",,,2025-10-22T04:27:36.185Z,2025-10-22T04:28:31.471Z,,,,New York,New York,,,,,https://app.apollo.io/#/organizations/672c5575ddd5e600014fcbe7?overrideScoreId=score,,
932,FH Renovation NYC,http://www.fhrenovationnyc.com,fhrenovationnyc.com,"painting service, painting company",,,"[""apollo""]",,,2025-10-22T04:27:36.185Z,2025-10-22T04:28:31.472Z,,,,New York,New York,,,,,https://app.apollo.io/#/organizations/604aacfb8dfb9d00011e9bd1?overrideScoreId=score,,
933,The Brooklyn Painting Company,http://www.thebrooklynpaintingcompany.com,thebrooklynpaintingcompany.com,"painting service, painting company",,,"[""apollo""]",,,2025-10-22T04:27:36.186Z,2025-10-22T04:28:31.472Z,,,,New York,New York,,,,,https://app.apollo.io/#/organizations/68ae0cc75d9ad90021d53e20?overrideScoreId=score,,
934,Cogan Painting Company,http://www.coganpainting.com,coganpainting.com,"painting service, painting company",,,"[""apollo""]",,,2025-10-22T04:27:36.186Z,2025-10-22T04:28:31.472Z,,,,Keeseville,New York,,,,,https://app.apollo.io/#/organizations/66ed0f8ff386ba000162ffeb?overrideScoreId=score,,
935,KATONAH PAINTING COMPANY,http://www.katonahpainting.com,katonahpainting.com,"painting service, painting company",,1,"[""apollo""]",,,2025-10-22T04:27:36.186Z,2025-10-22T04:28:31.472Z,,,,Cross River,New York,,,,,https://app.apollo.io/#/organizations/6726f58a3ca5f700019af809?overrideScoreId=score,,
936,Madia’s Painting Company,http://www.madiaspainting.com,madiaspainting.com,"painting service, painting company",,,"[""apollo""]",,,2025-10-22T04:27:36.187Z,2025-10-22T04:28:31.472Z,,,,Uniondale,New York,,,,,https://app.apollo.io/#/organizations/66f0ab17692f03000188b1a1?overrideScoreId=score,,
937,Premier Painting Company,http://www.premierpaintingco.com,premierpaintingco.com,"painting service, painting company",,,"[""apollo""]",,,2025-10-22T04:27:36.187Z,2025-10-22T04:28:31.472Z,,,,Brewster,New York,,,,,https://app.apollo.io/#/organizations/5fd1a91c4298fa0001aa6623?overrideScoreId=score,,
938,R.J. Ritacco Painting Company,http://www.ritaccopainting.com,ritaccopainting.com,"painting service, painting company",,1,"[""apollo""]",,,2025-10-22T04:27:36.187Z,2025-10-22T04:28:31.472Z,,,,Gardiner,New York,,,,,https://app.apollo.io/#/organizations/66e7476ed18deb00011150d4?overrideScoreId=score,,
939,Level Up Painting,,,"painting service, painting company",,,"[""apollo""]",,,2025-10-22T04:27:36.188Z,2025-10-22T04:28:31.472Z,,,,,,,,,,https://app.apollo.io/#/organizations/63797762dc030c00016126c5?overrideScoreId=score,,
940,PAINT POWER,,,"painting service, painting company",,,"[""apollo""]",,,2025-10-22T04:27:36.188Z,2025-10-22T04:28:31.472Z,,,,,,,,,,https://app.apollo.io/#/organizations/55f11456f3e5bb500c000da2?overrideScoreId=score,,
941,City Zen Painting,,,"painting service, painting company",,,"[""apollo""]",,,2025-10-22T04:27:36.189Z,2025-10-22T04:28:31.472Z,,,,,,,,,,https://app.apollo.io/#/organizations/5fc94559c3ba3100015beae4?overrideScoreId=score,,
942,Sitepod,,,"painting service, painting company",,,"[""apollo""]",,,2025-10-22T04:27:36.189Z,2025-10-22T04:28:31.472Z,,,,,,,,,,https://app.apollo.io/#/organizations/5ed32e641b901500011687b6?overrideScoreId=score,,
943,MBS construction,,,"painting service, painting company",,,"[""apollo""]",,,2025-10-22T04:27:36.190Z,2025-10-22T04:28:31.472Z,,,,,,,,,,https://app.apollo.io/#/organizations/6160030c33b0ea0001832007?overrideScoreId=score,,
944,WCM Painting Company,,,"painting service, painting company",,,"[""apollo""]",,,2025-10-22T04:27:36.191Z,2025-10-22T04:28:31.472Z,,,,,,,,,,https://app.apollo.io/#/organizations/5500c49e7369646139644b00?overrideScoreId=score,,
945,Williams Painting Company,,,"painting service, painting company",,,"[""apollo""]",,,2025-10-22T04:27:36.191Z,2025-10-22T04:28:31.472Z,,,,,,,,,,https://app.apollo.io/#/organizations/6715679e4725f50001110ee9?overrideScoreId=score,,
946,Kostusiak Coatings LLC,,,"painting service, painting company",,,"[""apollo""]",,,2025-10-22T04:27:36.192Z,2025-10-22T04:28:31.473Z,,,,,,,,,,https://app.apollo.io/#/organizations/5fe57d948dffac00a4204bc8?overrideScoreId=score,,
947,Accent Painting Company,,,"painting service, painting company",,,"[""apollo""]",,,2025-10-22T04:27:36.193Z,2025-10-22T04:28:31.473Z,,,,,,,,,,https://app.apollo.io/#/organizations/559228aa736964185f7ba200?overrideScoreId=score,,
948,FH Renovation NYC,,,"painting service, painting company",,,"[""apollo""]",,,2025-10-22T04:27:36.195Z,2025-10-22T04:28:31.473Z,,,,,,,,,,https://app.apollo.io/#/organizations/604aacfb8dfb9d00011e9bd1?overrideScoreId=score,,
949,The Brooklyn Painting Company,,,"painting service, painting company",,,"[""apollo""]",,,2025-10-22T04:27:36.195Z,2025-10-22T04:28:31.473Z,,,,,,,,,,https://app.apollo.io/#/organizations/68ae0cc75d9ad90021d53e20?overrideScoreId=score,,
950,Cogan Painting Company,,,"painting service, painting company",,,"[""apollo""]",,,2025-10-22T04:27:36.195Z,2025-10-22T04:28:31.473Z,,,,,,,,,,https://app.apollo.io/#/organizations/66ed0f8ff386ba000162ffeb?overrideScoreId=score,,
951,KATONAH PAINTING COMPANY,,,"painting service, painting company",,,"[""apollo""]",,,2025-10-22T04:27:36.196Z,2025-10-22T04:28:31.473Z,,,,,,,,,,https://app.apollo.io/#/organizations/6726f58a3ca5f700019af809?overrideScoreId=score,,
952,Madia’s Painting Company,,,"painting service, painting company",,,"[""apollo""]",,,2025-10-22T04:27:36.196Z,2025-10-22T04:28:31.473Z,,,,,,,,,,https://app.apollo.io/#/organizations/66f0ab17692f03000188b1a1?overrideScoreId=score,,
953,Premier Painting Company,,,"painting service, painting company",,,"[""apollo""]",,,2025-10-22T04:27:36.196Z,2025-10-22T04:28:31.473Z,,,,,,,,,,https://app.apollo.io/#/organizations/5fd1a91c4298fa0001aa6623?overrideScoreId=score,,
954,R.J. Ritacco Painting Company,,,"painting service, painting company",,,"[""apollo""]",,,2025-10-22T04:27:36.197Z,2025-10-22T04:28:31.473Z,,,,,,,,,,https://app.apollo.io/#/organizations/66e7476ed18deb00011150d4?overrideScoreId=score,,
955,Zarazua Painting,http://www.zarazuapainting.com,zarazuapainting.com,"painting service, painting company",,2,"[""apollo""]",,,2025-10-22T04:27:39.122Z,2025-10-22T04:28:31.473Z,,,,Durham,North Carolina,,,,,https://app.apollo.io/#/organizations/5a9ec927a6da98d98c6fe1b6?overrideScoreId=score,,
956,Design Interventions,http://www.d-interventions.com,d-interventions.com,"painting service, painting company",,4,"[""apollo""]",,,2025-10-22T04:27:39.123Z,2025-10-22T04:28:31.473Z,,,,Wilmington,North Carolina,,,,,https://app.apollo.io/#/organizations/646717b0914b7d000102adfe?overrideScoreId=score,,
957,"Good Faith Paint Company, LLC",http://www.goodfaithpaint.com,goodfaithpaint.com,"painting service, painting company",,3,"[""apollo""]",,,2025-10-22T04:27:39.124Z,2025-10-22T04:28:31.473Z,,,,Raleigh,North Carolina,,,,,https://app.apollo.io/#/organizations/5500be297369641708da2e00?overrideScoreId=score,,
958,Triangle Painting & Siding,http://www.paintthetriangle.com,paintthetriangle.com,"painting service, painting company",,9,"[""apollo""]",,,2025-10-22T04:27:39.124Z,2025-10-22T04:28:31.473Z,,,,Apex,North Carolina,,,,,https://app.apollo.io/#/organizations/5da34db2c7968e0001628d18?overrideScoreId=score,,
959,"Worth Painting, LLC",http://www.worthpaintingllc.com,worthpaintingllc.com,"painting service, painting company",,6,"[""apollo""]",,,2025-10-22T04:27:39.124Z,2025-10-22T04:28:31.473Z,,,,King,North Carolina,,,,,https://app.apollo.io/#/organizations/672448868b4541000185fd08?overrideScoreId=score,,
960,Prep-Rite Painting,http://www.prepritepainting.com,prepritepainting.com,"painting service, painting company",,1,"[""apollo""]",,,2025-10-22T04:27:39.124Z,2025-10-22T04:28:31.474Z,,,,Cary,North Carolina,,,,,https://app.apollo.io/#/organizations/6487790821090100a3075d5e?overrideScoreId=score,,
961,Ukie Painting,http://www.ukiepainting.com,ukiepainting.com,"painting service, painting company",,4,"[""apollo""]",,,2025-10-22T04:27:39.124Z,2025-10-22T04:28:31.474Z,,,,Mint Hill,North Carolina,,,,,https://app.apollo.io/#/organizations/616d7bdcf3b2a400dade1cf7?overrideScoreId=score,,
962,Triangle Pro Painting,http://www.trianglepropainting.com,trianglepropainting.com,"painting service, painting company",,6,"[""apollo""]",,,2025-10-22T04:27:39.124Z,2025-10-22T04:28:31.474Z,,,,Raleigh,North Carolina,,,,,https://app.apollo.io/#/organizations/60b513ed11e23700c1c7983f?overrideScoreId=score,,
963,Accents Painting Company,http://www.accentspaintingclt.com,accentspaintingclt.com,"painting service, painting company",,5,"[""apollo""]",,,2025-10-22T04:27:39.124Z,2025-10-22T04:28:31.474Z,,,,Indian Trail,North Carolina,,,,,https://app.apollo.io/#/organizations/64fe6f24994c160001ff9c38?overrideScoreId=score,,
964,Trailblaze Paints,http://www.trailblazepaintsnc.com,trailblazepaintsnc.com,"painting service, painting company",,1,"[""apollo""]",,,2025-10-22T04:27:39.125Z,2025-10-22T04:28:31.474Z,,,,Mooresville,North Carolina,,,,,https://app.apollo.io/#/organizations/64f36c56fde7080001e476ca?overrideScoreId=score,,
965,Mays Painting Company,http://www.mayspaintingcompany.com,mayspaintingcompany.com,"painting service, painting company",,6,"[""apollo""]",,,2025-10-22T04:27:39.125Z,2025-10-22T04:28:31.474Z,,,,High Point,North Carolina,,,,,https://app.apollo.io/#/organizations/5fcadb51a1424200010e694c?overrideScoreId=score,,
966,FLEET PAINTING SERVICE INC,http://www.fleetpaintingservice.com,fleetpaintingservice.com,"painting service, painting company",,2,"[""apollo""]",,,2025-10-22T04:27:39.125Z,2025-10-22T04:28:31.474Z,,,,Sophia,North Carolina,,,,,https://app.apollo.io/#/organizations/6726d0187efe3d0001d22261?overrideScoreId=score,,
967,Garner’s Painting Service,http://www.garnerspaintingservice.com,garnerspaintingservice.com,"painting service, painting company",,1,"[""apollo""]",,,2025-10-22T04:27:39.125Z,2025-10-22T04:28:31.474Z,,,,Fayetteville,North Carolina,,,,,https://app.apollo.io/#/organizations/67038cada752050001f2aa7d?overrideScoreId=score,,
968,Carolina Southern Painting Company,http://www.carolinasoutherncompany.com,carolinasoutherncompany.com,"painting service, painting company",,2,"[""apollo""]",,,2025-10-22T04:27:39.125Z,2025-10-22T04:28:31.474Z,,,,Pfafftown,North Carolina,,,,,https://app.apollo.io/#/organizations/670f7f62b3b04b0001ce2554?overrideScoreId=score,,
969,Johnson Painting Company & More,http://www.johnsonpaintingcoandmore.com,johnsonpaintingcoandmore.com,"painting service, painting company",,3,"[""apollo""]",,,2025-10-22T04:27:39.126Z,2025-10-22T04:28:31.474Z,,,,Kernersville,North Carolina,,,,,https://app.apollo.io/#/organizations/67384074f9a0930001a4b14a?overrideScoreId=score,,
970,Expressway Painting,http://www.expresswaypainting.com,expresswaypainting.com,"painting service, painting company",,,"[""apollo""]",,,2025-10-22T04:27:39.126Z,2025-10-22T04:28:31.474Z,,,,Charlotte,North Carolina,,,,,https://app.apollo.io/#/organizations/6593a5e5e30dbc000134c2ad?overrideScoreId=score,,
971,Kidd’s Painting Service,http://www.kidscreationsart.com,kidscreationsart.com,"painting service, painting company",,,"[""apollo""]",,,2025-10-22T04:27:39.126Z,2025-10-22T04:28:31.474Z,,,,China Grove,North Carolina,,,,,https://app.apollo.io/#/organizations/673a8689d119420001c9eae3?overrideScoreId=score,,
972,Cawley Painting Company,http://www.raleigh-cary-apex-painting.com,raleigh-cary-apex-painting.com,"painting service, painting company",,,"[""apollo""]",,,2025-10-22T04:27:39.126Z,2025-10-22T04:28:31.474Z,,,,Moncure,North Carolina,,,,,https://app.apollo.io/#/organizations/66f2351620771b00018d4264?overrideScoreId=score,,
973,Zarazua Painting,,,"painting service, painting company",,,"[""apollo""]",,,2025-10-22T04:27:39.126Z,2025-10-22T04:28:31.474Z,,,,,,,,,,https://app.apollo.io/#/organizations/5a9ec927a6da98d98c6fe1b6?overrideScoreId=score,,
974,Design Interventions,,,"painting service, painting company",,,"[""apollo""]",,,2025-10-22T04:27:39.126Z,2025-10-22T04:28:31.474Z,,,,,,,,,,https://app.apollo.io/#/organizations/646717b0914b7d000102adfe?overrideScoreId=score,,
975,"Good Faith Paint Company, LLC",,,"painting service, painting company",,,"[""apollo""]",,,2025-10-22T04:27:39.127Z,2025-10-22T04:28:31.474Z,,,,,,,,,,https://app.apollo.io/#/organizations/5500be297369641708da2e00?overrideScoreId=score,,
976,Triangle Painting & Siding,,,"painting service, painting company",,,"[""apollo""]",,,2025-10-22T04:27:39.127Z,2025-10-22T04:28:31.475Z,,,,,,,,,,https://app.apollo.io/#/organizations/5da34db2c7968e0001628d18?overrideScoreId=score,,
977,"Worth Painting, LLC",,,"painting service, painting company",,,"[""apollo""]",,,2025-10-22T04:27:39.127Z,2025-10-22T04:28:31.475Z,,,,,,,,,,https://app.apollo.io/#/organizations/672448868b4541000185fd08?overrideScoreId=score,,
978,Prep-Rite Painting,,,"painting service, painting company",,,"[""apollo""]",,,2025-10-22T04:27:39.127Z,2025-10-22T04:28:31.475Z,,,,,,,,,,https://app.apollo.io/#/organizations/6487790821090100a3075d5e?overrideScoreId=score,,
979,Ukie Painting,,,"painting service, painting company",,,"[""apollo""]",,,2025-10-22T04:27:39.128Z,2025-10-22T04:28:31.475Z,,,,,,,,,,https://app.apollo.io/#/organizations/616d7bdcf3b2a400dade1cf7?overrideScoreId=score,,
980,Triangle Pro Painting,,,"painting service, painting company",,,"[""apollo""]",,,2025-10-22T04:27:39.128Z,2025-10-22T04:28:31.475Z,,,,,,,,,,https://app.apollo.io/#/organizations/60b513ed11e23700c1c7983f?overrideScoreId=score,,
981,Accents Painting Company,,,"painting service, painting company",,,"[""apollo""]",,,2025-10-22T04:27:39.128Z,2025-10-22T04:28:31.475Z,,,,,,,,,,https://app.apollo.io/#/organizations/64fe6f24994c160001ff9c38?overrideScoreId=score,,
982,Trailblaze Paints,,,"painting service, painting company",,,"[""apollo""]",,,2025-10-22T04:27:39.128Z,2025-10-22T04:28:31.475Z,,,,,,,,,,https://app.apollo.io/#/organizations/64f36c56fde7080001e476ca?overrideScoreId=score,,
983,Mays Painting Company,,,"painting service, painting company",,,"[""apollo""]",,,2025-10-22T04:27:39.128Z,2025-10-22T04:28:31.475Z,,,,,,,,,,https://app.apollo.io/#/organizations/5fcadb51a1424200010e694c?overrideScoreId=score,,
984,FLEET PAINTING SERVICE INC,,,"painting service, painting company",,,"[""apollo""]",,,2025-10-22T04:27:39.128Z,2025-10-22T04:28:31.475Z,,,,,,,,,,https://app.apollo.io/#/organizations/6726d0187efe3d0001d22261?overrideScoreId=score,,
985,Garner’s Painting Service,,,"painting service, painting company",,,"[""apollo""]",,,2025-10-22T04:27:39.128Z,2025-10-22T04:28:31.475Z,,,,,,,,,,https://app.apollo.io/#/organizations/67038cada752050001f2aa7d?overrideScoreId=score,,
986,Carolina Southern Painting Company,,,"painting service, painting company",,,"[""apollo""]",,,2025-10-22T04:27:39.129Z,2025-10-22T04:28:31.475Z,,,,,,,,,,https://app.apollo.io/#/organizations/670f7f62b3b04b0001ce2554?overrideScoreId=score,,
987,Johnson Painting Company & More,,,"painting service, painting company",,,"[""apollo""]",,,2025-10-22T04:27:39.129Z,2025-10-22T04:28:31.476Z,,,,,,,,,,https://app.apollo.io/#/organizations/67384074f9a0930001a4b14a?overrideScoreId=score,,
988,Expressway Painting,,,"painting service, painting company",,,"[""apollo""]",,,2025-10-22T04:27:39.129Z,2025-10-22T04:28:31.476Z,,,,,,,,,,https://app.apollo.io/#/organizations/6593a5e5e30dbc000134c2ad?overrideScoreId=score,,
989,Kidd’s Painting Service,,,"painting service, painting company",,,"[""apollo""]",,,2025-10-22T04:27:39.129Z,2025-10-22T04:28:31.476Z,,,,,,,,,,https://app.apollo.io/#/organizations/673a8689d119420001c9eae3?overrideScoreId=score,,
990,Cawley Painting Company,,,"painting service, painting company",,,"[""apollo""]",,,2025-10-22T04:27:39.129Z,2025-10-22T04:28:31.476Z,,,,,,,,,,https://app.apollo.io/#/organizations/66f2351620771b00018d4264?overrideScoreId=score,,
991,The Fargo Painting Company,http://www.thefargopaintingcompany.com,thefargopaintingcompany.com,"painting service, painting company",,,"[""apollo""]",,,2025-10-22T04:27:42.060Z,2025-10-22T04:28:31.476Z,,,,Fargo,North Dakota,,,,,https://app.apollo.io/#/organizations/68ae0d16a83bb60015729327?overrideScoreId=score,,
992,Hanson Painting Service Llp,http://www.hansonpaintingservice.com,hansonpaintingservice.com,"painting service, painting company",,,"[""apollo""]",,,2025-10-22T04:27:42.061Z,2025-10-22T04:28:31.476Z,,,,Devils Lake,North Dakota,,,,,https://app.apollo.io/#/organizations/63bbfac4881a6a00011e7bd4?overrideScoreId=score,,
993,The Fargo Painting Company,,,"painting service, painting company",,,"[""apollo""]",,,2025-10-22T04:27:42.061Z,2025-10-22T04:28:31.476Z,,,,,,,,,,https://app.apollo.io/#/organizations/68ae0d16a83bb60015729327?overrideScoreId=score,,
994,Hanson Painting Service Llp,,,"painting service, painting company",,,"[""apollo""]",,,2025-10-22T04:27:42.062Z,2025-10-22T04:28:31.476Z,,,,,,,,,,https://app.apollo.io/#/organizations/63bbfac4881a6a00011e7bd4?overrideScoreId=score,,
995,Sharper Impressions Painting,http://www.sharperimpressionspainting.com,sharperimpressionspainting.com,"painting service, painting company",,15,"[""apollo""]",,,2025-10-22T04:27:44.980Z,2025-10-22T04:28:31.476Z,,,,Plain City,Ohio,,,,,https://app.apollo.io/#/organizations/54a1293c69702db878615201?overrideScoreId=score,,
996,FORJAK Industrial,http://www.forjakindustrial.com,forjakindustrial.com,"painting service, painting company",,37,"[""apollo""]",,,2025-10-22T04:27:44.981Z,2025-10-22T04:28:31.476Z,,,,Columbus,Ohio,,,,,https://app.apollo.io/#/organizations/55923984736964199b7fdd00?overrideScoreId=score,,
997,Performance Painting,http://www.performancepainting.com.au,performancepainting.com.au,"painting service, painting company",,24,"[""apollo""]",,,2025-10-22T04:27:44.982Z,2025-10-22T04:28:31.476Z,,,,Columbus,Ohio,,,,,https://app.apollo.io/#/organizations/6615c83f1796580007a95776?overrideScoreId=score,,
998,American Star Painting Company,http://www.americanstarcoatings.com,americanstarcoatings.com,"painting service, painting company",,3,"[""apollo""]",,,2025-10-22T04:27:44.982Z,2025-10-22T04:28:31.476Z,,,,Marietta,Ohio,,,,,https://app.apollo.io/#/organizations/5500bc7373696417912d2700?overrideScoreId=score,,
999,ServiceSold.com,http://www.servicesold.com,servicesold.com,"painting service, painting company",,1,"[""apollo""]",,,2025-10-22T04:27:44.983Z,2025-10-22T04:28:31.476Z,,,,North Ridgeville,Ohio,,,,,https://app.apollo.io/#/organizations/55f3cc93f3e5bb1de1002785?overrideScoreId=score,,
1000,Vimas Painting Company Inc,,,"painting service, painting company",,8,"[""apollo""]",,,2025-10-22T04:27:44.983Z,2025-10-22T04:28:31.477Z,,,,Campbell,Ohio,,,,,https://app.apollo.io/#/organizations/55921cb87369644785735400?overrideScoreId=score,,
1001,Dynamic Painting LLC,http://www.dynamicpainting.net,dynamicpainting.net,"painting service, painting company",,15,"[""apollo""]",,,2025-10-22T04:27:44.983Z,2025-10-22T04:28:31.477Z,,,,Lewis Center,Ohio,,,,,https://app.apollo.io/#/organizations/54a12a6f69702d8cfc384602?overrideScoreId=score,,
1002,Painters Now,http://www.painterscompany.com,painterscompany.com,"painting service, painting company",,,"[""apollo""]",,,2025-10-22T04:27:44.984Z,2025-10-22T04:28:31.477Z,,,,Dayton,Ohio,,,,,https://app.apollo.io/#/organizations/67280ff52db1f90001ee5484?overrideScoreId=score,,
1003,Fryer & Sons Painting Company,,,"painting service, painting company",,3,"[""apollo""]",,,2025-10-22T04:27:44.984Z,2025-10-22T04:28:31.477Z,,,,Franklin,Ohio,,,,,https://app.apollo.io/#/organizations/6548cc8212ff990001f2c3e1?overrideScoreId=score,,
1004,Bridges R Us Painting Company,,,"painting service, painting company",,4,"[""apollo""]",,,2025-10-22T04:27:44.984Z,2025-10-22T04:28:31.477Z,,,,Campbell,Ohio,,,,,https://app.apollo.io/#/organizations/55922d2a73696448592d5100?overrideScoreId=score,,
1005,Paint 4 You,http://www.paint4youcolumbus.com,paint4youcolumbus.com,"painting service, painting company",,15,"[""apollo""]",,,2025-10-22T04:27:44.985Z,2025-10-22T04:28:31.477Z,,,,Columbus,Ohio,,,,,https://app.apollo.io/#/organizations/54a1393e69702d267a394c00?overrideScoreId=score,,
1006,Cincy Paint,http://www.cincypaint.com,cincypaint.com,"painting service, painting company",,,"[""apollo""]",,,2025-10-22T04:27:44.985Z,2025-10-22T04:28:31.477Z,,,,Cincinnati,Ohio,,,,,https://app.apollo.io/#/organizations/67b2be39b82ad800151b65fc?overrideScoreId=score,,
1007,HLE Coatings LLC,http://www.hlecoatings.com,hlecoatings.com,"painting service, painting company",,2,"[""apollo""]",,,2025-10-22T04:27:44.986Z,2025-10-22T04:28:31.477Z,,,,Xenia,Ohio,,,,,https://app.apollo.io/#/organizations/66d45cabe042a300011c6706?overrideScoreId=score,,
1008,Xclusive Painting Company,http://www.xclusivepaintingcompany.com,xclusivepaintingcompany.com,"painting service, painting company",,2,"[""apollo""]",,,2025-10-22T04:27:44.986Z,2025-10-22T04:28:31.477Z,,,,Peninsula,Ohio,,,,,https://app.apollo.io/#/organizations/640724840cab770001d8eaab?overrideScoreId=score,,
1009,Masterpiece Painting Company Inc.,http://www.masterpiecepaintingcompany.com,masterpiecepaintingcompany.com,"painting service, painting company",,3,"[""apollo""]",,,2025-10-22T04:27:44.986Z,2025-10-22T04:28:31.477Z,,,,Warren,Ohio,,,,,https://app.apollo.io/#/organizations/67345c17ab0b1100010866b9?overrideScoreId=score,,
1010,Sharper Impressions Painting,,,"painting service, painting company",,,"[""apollo""]",,,2025-10-22T04:27:44.987Z,2025-10-22T04:28:31.478Z,,,,,,,,,,https://app.apollo.io/#/organizations/54a1293c69702db878615201?overrideScoreId=score,,
1011,FORJAK Industrial,,,"painting service, painting company",,,"[""apollo""]",,,2025-10-22T04:27:44.987Z,2025-10-22T04:28:31.478Z,,,,,,,,,,https://app.apollo.io/#/organizations/55923984736964199b7fdd00?overrideScoreId=score,,
1012,Performance Painting,,,"painting service, painting company",,,"[""apollo""]",,,2025-10-22T04:27:44.987Z,2025-10-22T04:28:31.478Z,,,,,,,,,,https://app.apollo.io/#/organizations/6615c83f1796580007a95776?overrideScoreId=score,,
1013,American Star Painting Company,,,"painting service, painting company",,,"[""apollo""]",,,2025-10-22T04:27:44.988Z,2025-10-22T04:28:31.478Z,,,,,,,,,,https://app.apollo.io/#/organizations/5500bc7373696417912d2700?overrideScoreId=score,,
1014,ServiceSold.com,,,"painting service, painting company",,,"[""apollo""]",,,2025-10-22T04:27:44.988Z,2025-10-22T04:28:31.478Z,,,,,,,,,,https://app.apollo.io/#/organizations/55f3cc93f3e5bb1de1002785?overrideScoreId=score,,
1015,Dynamic Painting LLC,,,"painting service, painting company",,,"[""apollo""]",,,2025-10-22T04:27:44.988Z,2025-10-22T04:28:31.478Z,,,,,,,,,,https://app.apollo.io/#/organizations/54a12a6f69702d8cfc384602?overrideScoreId=score,,
1016,Painters Now,,,"painting service, painting company",,,"[""apollo""]",,,2025-10-22T04:27:44.989Z,2025-10-22T04:28:31.478Z,,,,,,,,,,https://app.apollo.io/#/organizations/67280ff52db1f90001ee5484?overrideScoreId=score,,
1017,Paint 4 You,,,"painting service, painting company",,,"[""apollo""]",,,2025-10-22T04:27:44.989Z,2025-10-22T04:28:31.478Z,,,,,,,,,,https://app.apollo.io/#/organizations/54a1393e69702d267a394c00?overrideScoreId=score,,
1018,Cincy Paint,,,"painting service, painting company",,,"[""apollo""]",,,2025-10-22T04:27:44.990Z,2025-10-22T04:28:31.479Z,,,,,,,,,,https://app.apollo.io/#/organizations/67b2be39b82ad800151b65fc?overrideScoreId=score,,
1019,HLE Coatings LLC,,,"painting service, painting company",,,"[""apollo""]",,,2025-10-22T04:27:44.990Z,2025-10-22T04:28:31.479Z,,,,,,,,,,https://app.apollo.io/#/organizations/66d45cabe042a300011c6706?overrideScoreId=score,,
1020,Xclusive Painting Company,,,"painting service, painting company",,,"[""apollo""]",,,2025-10-22T04:27:44.990Z,2025-10-22T04:28:31.479Z,,,,,,,,,,https://app.apollo.io/#/organizations/640724840cab770001d8eaab?overrideScoreId=score,,
1021,Masterpiece Painting Company Inc.,,,"painting service, painting company",,,"[""apollo""]",,,2025-10-22T04:27:44.991Z,2025-10-22T04:28:31.479Z,,,,,,,,,,https://app.apollo.io/#/organizations/67345c17ab0b1100010866b9?overrideScoreId=score,,
1022,Performance Painting Company,http://www.performancepainting.co,performancepainting.co,"painting service, painting company",,10,"[""apollo""]",,,2025-10-22T04:27:47.903Z,2025-10-22T04:28:31.479Z,,,,Oklahoma City,Oklahoma,,,,,https://app.apollo.io/#/organizations/5d3455d680f93e3a27062ce1?overrideScoreId=score,,
1023,Eds Painting Service,,,"painting service, painting company",,6,"[""apollo""]",,,2025-10-22T04:27:47.904Z,2025-10-22T04:28:31.479Z,,,,Yukon,Oklahoma,,,,,https://app.apollo.io/#/organizations/55920e4073696419121b4100?overrideScoreId=score,,
1024,Edmond Painting Company,http://www.edmondpaintingco.com,edmondpaintingco.com,"painting service, painting company",,1,"[""apollo""]",,,2025-10-22T04:27:47.905Z,2025-10-22T04:28:31.479Z,,,,Edmond,Oklahoma,,,,,https://app.apollo.io/#/organizations/6732dbb448bc8400019b950e?overrideScoreId=score,,
1025,Performance Painting Company,,,"painting service, painting company",,,"[""apollo""]",,,2025-10-22T04:27:47.906Z,2025-10-22T04:28:31.479Z,,,,,,,,,,https://app.apollo.io/#/organizations/5d3455d680f93e3a27062ce1?overrideScoreId=score,,
1026,Edmond Painting Company,,,"painting service, painting company",,,"[""apollo""]",,,2025-10-22T04:27:47.907Z,2025-10-22T04:28:31.480Z,,,,,,,,,,https://app.apollo.io/#/organizations/6732dbb448bc8400019b950e?overrideScoreId=score,,
1027,G&R Painting Company,http://www.gnrpainting.co,gnrpainting.co,"painting service, painting company",,12,"[""apollo""]",,,2025-10-22T04:27:50.835Z,2025-10-22T04:28:31.480Z,,,,Hillsboro,Oregon,,,,,https://app.apollo.io/#/organizations/5ed35283f2ab0d000110b7d9?overrideScoreId=score,,
1028,"Oregon, Deschutes Painting LLC.",http://www.oregondeschutespainting.com,oregondeschutespainting.com,"painting service, painting company",,1,"[""apollo""]",,,2025-10-22T04:27:50.836Z,2025-10-22T04:28:31.480Z,,,,Oregon,Deschutes Painting LLC.,,,,,https://app.apollo.io/#/organizations/64aab147ec20f80001de563b?overrideScoreId=score,,
1029,Veenhuizen Painting Inc,,,"painting service, painting company",,2,"[""apollo""]",,,2025-10-22T04:27:50.836Z,2025-10-22T04:28:31.480Z,,,,Portland,Oregon,,,,,https://app.apollo.io/#/organizations/5592220773696419d8358800?overrideScoreId=score,,
1030,"ESP Painting, Inc",http://www.esppainting.com,esppainting.com,"painting service, painting company",,10,"[""apollo""]",,,2025-10-22T04:27:50.837Z,2025-10-22T04:28:31.480Z,,,,ESP Painting,Inc,,,,,https://app.apollo.io/#/organizations/54a134a869702d3a9cd04e00?overrideScoreId=score,,
1031,Corey Robbins Painting Company,http://www.coreyrobbins.com,coreyrobbins.com,"painting service, painting company",,4,"[""apollo""]",,,2025-10-22T04:27:50.845Z,2025-10-22T04:28:31.480Z,,,,Medford,Oregon,,,,,https://app.apollo.io/#/organizations/54a1a1307468695860fe4503?overrideScoreId=score,,
1032,The Oregon Painting Company LLC,http://www.theoregonpaintingcompany.com,theoregonpaintingcompany.com,"painting service, painting company",,3,"[""apollo""]",,,2025-10-22T04:27:50.846Z,2025-10-22T04:28:31.480Z,,,,Grants Pass,Oregon,,,,,https://app.apollo.io/#/organizations/5f4aae29a6e73b000175816a?overrideScoreId=score,,
1033,WRIGHT PAINTING COMPANY LLC,,,"painting service, painting company",,6,"[""apollo""]",,,2025-10-22T04:27:50.847Z,2025-10-22T04:28:31.480Z,,,,Salem,Oregon,,,,,https://app.apollo.io/#/organizations/66e28dd0a7929e00019e378f?overrideScoreId=score,,
1034,A.H. Portland Painting Company,http://www.ahportlandpaintingcompany.com,ahportlandpaintingcompany.com,"painting service, painting company",,,"[""apollo""]",,,2025-10-22T04:27:50.847Z,2025-10-22T04:28:31.480Z,,,,Portland,Oregon,,,,,https://app.apollo.io/#/organizations/659234d737f10b0001f7978b?overrideScoreId=score,,
1035,"Maller Painting Company - Beaverton, OR",http://www.mallerpainting.com,mallerpainting.com,"painting service, painting company",,1,"[""apollo""]",,,2025-10-22T04:27:50.847Z,2025-10-22T04:28:31.480Z,,,,Beaverton,Oregon,,,,,https://app.apollo.io/#/organizations/670e4a830aa69d0001c79694?overrideScoreId=score,,
1036,Zenith Painting Company,http://www.zenithpaintingcompany.co,zenithpaintingcompany.co,"painting service, painting company",,1,"[""apollo""]",,,2025-10-22T04:27:50.847Z,2025-10-22T04:28:31.480Z,,,,Central Point,Oregon,,,,,https://app.apollo.io/#/organizations/67285410ed6bc20001925a2b?overrideScoreId=score,,
1037,"BENTLEYS PAINTING COMPANY, LLC",http://www.bentleyspainting.com,bentleyspainting.com,"painting service, painting company",,,"[""apollo""]",,,2025-10-22T04:27:50.847Z,2025-10-22T04:28:31.480Z,,,,Portland,Oregon,,,,,https://app.apollo.io/#/organizations/66efb177f5259400012ddb08?overrideScoreId=score,,
1038,G&R Painting Company,,,"painting service, painting company",,,"[""apollo""]",,,2025-10-22T04:27:50.848Z,2025-10-22T04:28:31.480Z,,,,,,,,,,https://app.apollo.io/#/organizations/5ed35283f2ab0d000110b7d9?overrideScoreId=score,,
1039,"Oregon, Deschutes Painting LLC.",,,"painting service, painting company",,,"[""apollo""]",,,2025-10-22T04:27:50.848Z,2025-10-22T04:28:31.481Z,,,,,,,,,,https://app.apollo.io/#/organizations/64aab147ec20f80001de563b?overrideScoreId=score,,
1040,"ESP Painting, Inc",,,"painting service, painting company",,,"[""apollo""]",,,2025-10-22T04:27:50.848Z,2025-10-22T04:28:31.481Z,,,,,,,,,,https://app.apollo.io/#/organizations/54a134a869702d3a9cd04e00?overrideScoreId=score,,
1041,Corey Robbins Painting Company,,,"painting service, painting company",,,"[""apollo""]",,,2025-10-22T04:27:50.849Z,2025-10-22T04:28:31.481Z,,,,,,,,,,https://app.apollo.io/#/organizations/54a1a1307468695860fe4503?overrideScoreId=score,,
1042,The Oregon Painting Company LLC,,,"painting service, painting company",,,"[""apollo""]",,,2025-10-22T04:27:50.849Z,2025-10-22T04:28:31.481Z,,,,,,,,,,https://app.apollo.io/#/organizations/5f4aae29a6e73b000175816a?overrideScoreId=score,,
1043,A.H. Portland Painting Company,,,"painting service, painting company",,,"[""apollo""]",,,2025-10-22T04:27:50.849Z,2025-10-22T04:28:31.481Z,,,,,,,,,,https://app.apollo.io/#/organizations/659234d737f10b0001f7978b?overrideScoreId=score,,
1044,"Maller Painting Company - Beaverton, OR",,,"painting service, painting company",,,"[""apollo""]",,,2025-10-22T04:27:50.849Z,2025-10-22T04:28:31.481Z,,,,,,,,,,https://app.apollo.io/#/organizations/670e4a830aa69d0001c79694?overrideScoreId=score,,
1045,Zenith Painting Company,,,"painting service, painting company",,,"[""apollo""]",,,2025-10-22T04:27:50.850Z,2025-10-22T04:28:31.481Z,,,,,,,,,,https://app.apollo.io/#/organizations/67285410ed6bc20001925a2b?overrideScoreId=score,,
1046,"BENTLEYS PAINTING COMPANY, LLC",,,"painting service, painting company",,,"[""apollo""]",,,2025-10-22T04:27:50.850Z,2025-10-22T04:28:31.481Z,,,,,,,,,,https://app.apollo.io/#/organizations/66efb177f5259400012ddb08?overrideScoreId=score,,
1047,Artisan Painting llc,http://www.artisanpaintingllc.com,artisanpaintingllc.com,"painting service, painting company",,13,"[""apollo""]",,,2025-10-22T04:27:53.775Z,2025-10-22T04:28:31.481Z,,,,Media,Pennsylvania,,,,,https://app.apollo.io/#/organizations/6458d68d18675c00dc79713d?overrideScoreId=score,,
1048,Final Touch Painting Company,,,"painting service, painting company",,2,"[""apollo""]",,,2025-10-22T04:27:53.776Z,2025-10-22T04:28:31.481Z,,,,Wexford,Pennsylvania,,,,,https://app.apollo.io/#/organizations/55f5b75df3e5bb07680013a1?overrideScoreId=score,,
1049,Burge Painting Company,http://www.burgepainting.com,burgepainting.com,"painting service, painting company",,5,"[""apollo""]",,,2025-10-22T04:27:53.777Z,2025-10-22T04:28:31.481Z,,,,Lansdale,Pennsylvania,,,,,https://app.apollo.io/#/organizations/5b84c3ddf874f74a1abe68ea?overrideScoreId=score,,
1050,Dino Painting,http://www.dinopainting.com,dinopainting.com,"painting service, painting company",,2,"[""apollo""]",,,2025-10-22T04:27:53.777Z,2025-10-22T04:28:31.481Z,,,,Pittsburgh,Pennsylvania,,,,,https://app.apollo.io/#/organizations/668aa0e37ebc9f00013795e6?overrideScoreId=score,,
1051,Painting Service Of Pittsburgh,http://www.paintingservicepittsburgh.com,paintingservicepittsburgh.com,"painting service, painting company",,2,"[""apollo""]",,,2025-10-22T04:27:53.778Z,2025-10-22T04:28:31.482Z,,,,Pittsburgh,Pennsylvania,,,,,https://app.apollo.io/#/organizations/615eb8faf8fc9b000145e9a4?overrideScoreId=score,,
1052,"Ruby's Painting & Contracting Services, LLC",http://www.rubyspaintingcontracting.com,rubyspaintingcontracting.com,"painting service, painting company",,4,"[""apollo""]",,,2025-10-22T04:27:53.778Z,2025-10-22T04:28:31.482Z,,,,East McKeesport,Pennsylvania,,,,,https://app.apollo.io/#/organizations/5da2930c9ab26b0001499fd6?overrideScoreId=score,,
1053,Arena Painting & Contracting,http://www.arenapaintingpgh.com,arenapaintingpgh.com,"painting service, painting company",,,"[""apollo""]",,,2025-10-22T04:27:53.778Z,2025-10-22T04:28:31.482Z,,,,Coraopolis,Pennsylvania,,,,,https://app.apollo.io/#/organizations/66e16e7bd0208a00018684ea?overrideScoreId=score,,
1054,Steve's Painting Service LLC,http://www.stevespaintingbiz.com,stevespaintingbiz.com,"painting service, painting company",,20,"[""apollo""]",,,2025-10-22T04:27:53.778Z,2025-10-22T04:28:31.482Z,,,,Allentown,Pennsylvania,,,,,https://app.apollo.io/#/organizations/5500c5c973696460805c5100?overrideScoreId=score,,
1055,Uhrig's Professional Painting & Paper Hanging,http://www.uhrig.com,uhrig.com,"painting service, painting company",,3,"[""apollo""]",,,2025-10-22T04:27:53.779Z,2025-10-22T04:28:31.482Z,,,,Reading,Pennsylvania,,,,,https://app.apollo.io/#/organizations/5a9ec732a6da98d97e7e9c51?overrideScoreId=score,,
1056,Four Pillars Paint LLC,http://www.fourpillarspaint.com,fourpillarspaint.com,"painting service, painting company",,3,"[""apollo""]",,,2025-10-22T04:27:53.779Z,2025-10-22T04:28:31.482Z,,,,Pittsburgh,Pennsylvania,,,,,https://app.apollo.io/#/organizations/61ed62b07cba130001131301?overrideScoreId=score,,
1057,Sarandis Painting Company Inc,http://www.sarandispainting.com,sarandispainting.com,"painting service, painting company",,2,"[""apollo""]",,,2025-10-22T04:27:53.781Z,2025-10-22T04:28:31.482Z,,,,Monroeville,Pennsylvania,,,,,https://app.apollo.io/#/organizations/55f7699df3e5bb16d8001f3a?overrideScoreId=score,,
1058,Mojo Painting Company,http://www.mojopaintingco.com,mojopaintingco.com,"painting service, painting company",,2,"[""apollo""]",,,2025-10-22T04:27:53.781Z,2025-10-22T04:28:31.482Z,,,,Phoenixville,Pennsylvania,,,,,https://app.apollo.io/#/organizations/67a9a570b6a23b0021b02d5a?overrideScoreId=score,,
1059,AWG Painting Company,http://www.awgpainting.com,awgpainting.com,"painting service, painting company",,3,"[""apollo""]",,,2025-10-22T04:27:53.781Z,2025-10-22T04:28:31.482Z,,,,Bala Cynwyd,Pennsylvania,,,,,https://app.apollo.io/#/organizations/674bf03a1114fc000151f76f?overrideScoreId=score,,
1060,Yinzer Painting Company,http://www.yinzerpainting.com,yinzerpainting.com,"painting service, painting company",,,"[""apollo""]",,,2025-10-22T04:27:53.781Z,2025-10-22T04:28:31.483Z,,,,Homestead,Pennsylvania,,,,,https://app.apollo.io/#/organizations/641c1dfe728e9500017941e2?overrideScoreId=score,,
1061,HERCULES PAINTING COMPANY INC,http://www.herculespainting.com,herculespainting.com,"painting service, painting company",,4,"[""apollo""]",,,2025-10-22T04:27:53.782Z,2025-10-22T04:28:31.483Z,,,,New Castle,Pennsylvania,,,,,https://app.apollo.io/#/organizations/670a9a10132fcc0001fe59c8?overrideScoreId=score,,
1062,POSTUPAK PAINTING COMPANY INC,http://www.postupakpainting.com,postupakpainting.com,"painting service, painting company",,2,"[""apollo""]",,,2025-10-22T04:27:53.782Z,2025-10-22T04:28:31.483Z,,,,Wilkes-Barre,Pennsylvania,,,,,https://app.apollo.io/#/organizations/6703adbd87d46200017dbd5e?overrideScoreId=score,,
1063,Guldin Painting Company,http://www.guldinpainting.com,guldinpainting.com,"painting service, painting company",,,"[""apollo""]",,,2025-10-22T04:27:53.782Z,2025-10-22T04:28:31.483Z,,,,Lansdale,Pennsylvania,,,,,https://app.apollo.io/#/organizations/6393487aa856b000016ba5d0?overrideScoreId=score,,
1064,Jwd Painting Service,http://www.jwdpainting.com,jwdpainting.com,"painting service, painting company",,3,"[""apollo""]",,,2025-10-22T04:27:53.782Z,2025-10-22T04:28:31.483Z,,,,Hazleton,Pennsylvania,,,,,https://app.apollo.io/#/organizations/55f8eb4cf3e5bb56bf0011f4?overrideScoreId=score,,
1065,Sullivan’s Painting Service,http://www.sullivanspaintingservice.com,sullivanspaintingservice.com,"painting service, painting company",,2,"[""apollo""]",,,2025-10-22T04:27:53.782Z,2025-10-22T04:28:31.483Z,,,,Croydon,Pennsylvania,,,,,https://app.apollo.io/#/organizations/66de89a9fc0a380001e6bca5?overrideScoreId=score,,
1066,UMAR Painting Company,http://www.affordablephillypainters.com,affordablephillypainters.com,"painting service, painting company",,,"[""apollo""]",,,2025-10-22T04:27:53.782Z,2025-10-22T04:28:31.483Z,,,,Philadelphia,Pennsylvania,,,,,https://app.apollo.io/#/organizations/673d92fe45acbe0001ca86e9?overrideScoreId=score,,
1067,Artisan Painting llc,,,"painting service, painting company",,,"[""apollo""]",,,2025-10-22T04:27:53.783Z,2025-10-22T04:28:31.483Z,,,,,,,,,,https://app.apollo.io/#/organizations/6458d68d18675c00dc79713d?overrideScoreId=score,,
1068,Burge Painting Company,,,"painting service, painting company",,,"[""apollo""]",,,2025-10-22T04:27:53.783Z,2025-10-22T04:28:31.483Z,,,,,,,,,,https://app.apollo.io/#/organizations/5b84c3ddf874f74a1abe68ea?overrideScoreId=score,,
1069,Dino Painting,,,"painting service, painting company",,,"[""apollo""]",,,2025-10-22T04:27:53.783Z,2025-10-22T04:28:31.483Z,,,,,,,,,,https://app.apollo.io/#/organizations/668aa0e37ebc9f00013795e6?overrideScoreId=score,,
1070,Painting Service Of Pittsburgh,,,"painting service, painting company",,,"[""apollo""]",,,2025-10-22T04:27:53.784Z,2025-10-22T04:28:31.483Z,,,,,,,,,,https://app.apollo.io/#/organizations/615eb8faf8fc9b000145e9a4?overrideScoreId=score,,
1071,"Ruby's Painting & Contracting Services, LLC",,,"painting service, painting company",,,"[""apollo""]",,,2025-10-22T04:27:53.784Z,2025-10-22T04:28:31.484Z,,,,,,,,,,https://app.apollo.io/#/organizations/5da2930c9ab26b0001499fd6?overrideScoreId=score,,
1072,Arena Painting & Contracting,,,"painting service, painting company",,,"[""apollo""]",,,2025-10-22T04:27:53.784Z,2025-10-22T04:28:31.484Z,,,,,,,,,,https://app.apollo.io/#/organizations/66e16e7bd0208a00018684ea?overrideScoreId=score,,
1073,Steve's Painting Service LLC,,,"painting service, painting company",,,"[""apollo""]",,,2025-10-22T04:27:53.785Z,2025-10-22T04:28:31.484Z,,,,,,,,,,https://app.apollo.io/#/organizations/5500c5c973696460805c5100?overrideScoreId=score,,
1074,Uhrig's Professional Painting & Paper Hanging,,,"painting service, painting company",,,"[""apollo""]",,,2025-10-22T04:27:53.785Z,2025-10-22T04:28:31.484Z,,,,,,,,,,https://app.apollo.io/#/organizations/5a9ec732a6da98d97e7e9c51?overrideScoreId=score,,
1075,Four Pillars Paint LLC,,,"painting service, painting company",,,"[""apollo""]",,,2025-10-22T04:27:53.785Z,2025-10-22T04:28:31.484Z,,,,,,,,,,https://app.apollo.io/#/organizations/61ed62b07cba130001131301?overrideScoreId=score,,
1076,Sarandis Painting Company Inc,,,"painting service, painting company",,,"[""apollo""]",,,2025-10-22T04:27:53.786Z,2025-10-22T04:28:31.484Z,,,,,,,,,,https://app.apollo.io/#/organizations/55f7699df3e5bb16d8001f3a?overrideScoreId=score,,
1077,Mojo Painting Company,,,"painting service, painting company",,,"[""apollo""]",,,2025-10-22T04:27:53.786Z,2025-10-22T04:28:31.484Z,,,,,,,,,,https://app.apollo.io/#/organizations/67a9a570b6a23b0021b02d5a?overrideScoreId=score,,
1078,AWG Painting Company,,,"painting service, painting company",,,"[""apollo""]",,,2025-10-22T04:27:53.786Z,2025-10-22T04:28:31.484Z,,,,,,,,,,https://app.apollo.io/#/organizations/674bf03a1114fc000151f76f?overrideScoreId=score,,
1079,Yinzer Painting Company,,,"painting service, painting company",,,"[""apollo""]",,,2025-10-22T04:27:53.787Z,2025-10-22T04:28:31.484Z,,,,,,,,,,https://app.apollo.io/#/organizations/641c1dfe728e9500017941e2?overrideScoreId=score,,
1080,HERCULES PAINTING COMPANY INC,,,"painting service, painting company",,,"[""apollo""]",,,2025-10-22T04:27:53.787Z,2025-10-22T04:28:31.484Z,,,,,,,,,,https://app.apollo.io/#/organizations/670a9a10132fcc0001fe59c8?overrideScoreId=score,,
1081,POSTUPAK PAINTING COMPANY INC,,,"painting service, painting company",,,"[""apollo""]",,,2025-10-22T04:27:53.787Z,2025-10-22T04:28:31.484Z,,,,,,,,,,https://app.apollo.io/#/organizations/6703adbd87d46200017dbd5e?overrideScoreId=score,,
1082,Guldin Painting Company,,,"painting service, painting company",,,"[""apollo""]",,,2025-10-22T04:27:53.787Z,2025-10-22T04:28:31.485Z,,,,,,,,,,https://app.apollo.io/#/organizations/6393487aa856b000016ba5d0?overrideScoreId=score,,
1083,Jwd Painting Service,,,"painting service, painting company",,,"[""apollo""]",,,2025-10-22T04:27:53.788Z,2025-10-22T04:28:31.485Z,,,,,,,,,,https://app.apollo.io/#/organizations/55f8eb4cf3e5bb56bf0011f4?overrideScoreId=score,,
1084,Sullivan’s Painting Service,,,"painting service, painting company",,,"[""apollo""]",,,2025-10-22T04:27:53.788Z,2025-10-22T04:28:31.485Z,,,,,,,,,,https://app.apollo.io/#/organizations/66de89a9fc0a380001e6bca5?overrideScoreId=score,,
1085,UMAR Painting Company,,,"painting service, painting company",,,"[""apollo""]",,,2025-10-22T04:27:53.788Z,2025-10-22T04:28:31.485Z,,,,,,,,,,https://app.apollo.io/#/organizations/673d92fe45acbe0001ca86e9?overrideScoreId=score,,
1086,Pawtucket Family YMCA,http://www.goymca.com,goymca.com,"painting service, painting company",,26,"[""apollo""]",,,2025-10-22T04:27:56.705Z,2025-10-22T04:28:31.485Z,,,,Health,Wellness & Fitness,,,,,https://app.apollo.io/#/organizations/5d0a30da80f93e0ee5b7563a?overrideScoreId=score,,
1087,"Levine Painting Company, Inc.",http://www.levinepainting.com,levinepainting.com,"painting service, painting company",,5,"[""apollo""]",,,2025-10-22T04:27:56.706Z,2025-10-22T04:28:31.485Z,,,,Levine Painting Company,Inc.,,,,,https://app.apollo.io/#/organizations/5db1282f0dd2c00001411374?overrideScoreId=score,,
1088,The Right Brush Co.,http://www.therightbrushinc.com,therightbrushinc.com,"painting service, painting company",,,"[""apollo""]",,,2025-10-22T04:27:56.707Z,2025-10-22T04:28:31.485Z,,,,Warren,Rhode Island,,,,,https://app.apollo.io/#/organizations/54a1294c69702da220158801?overrideScoreId=score,,
1089,Smyth Painting Company,http://www.smythpainting.com,smythpainting.com,"painting service, painting company",,6,"[""apollo""]",,,2025-10-22T04:27:56.707Z,2025-10-22T04:28:31.485Z,,,,Middletown,Rhode Island,,,,,https://app.apollo.io/#/organizations/66e58e6f74f84e0001cf11fb?overrideScoreId=score,,
1090,Rumford Painting Company,http://www.titanpaintingcompany.com,titanpaintingcompany.com,"painting service, painting company",,,"[""apollo""]",,,2025-10-22T04:27:56.708Z,2025-10-22T04:28:31.485Z,,,,East Providence,Rhode Island,,,,,https://app.apollo.io/#/organizations/66dd9bd4671a860001ff0ab7?overrideScoreId=score,,
1091,Pawtucket Family YMCA,,,"painting service, painting company",,,"[""apollo""]",,,2025-10-22T04:27:56.708Z,2025-10-22T04:28:31.485Z,,,,,,,,,,https://app.apollo.io/#/organizations/5d0a30da80f93e0ee5b7563a?overrideScoreId=score,,
1092,"Levine Painting Company, Inc.",,,"painting service, painting company",,,"[""apollo""]",,,2025-10-22T04:27:56.708Z,2025-10-22T04:28:31.485Z,,,,,,,,,,https://app.apollo.io/#/organizations/5db1282f0dd2c00001411374?overrideScoreId=score,,
1093,The Right Brush Co.,,,"painting service, painting company",,,"[""apollo""]",,,2025-10-22T04:27:56.709Z,2025-10-22T04:28:31.486Z,,,,,,,,,,https://app.apollo.io/#/organizations/54a1294c69702da220158801?overrideScoreId=score,,
1094,Smyth Painting Company,,,"painting service, painting company",,,"[""apollo""]",,,2025-10-22T04:27:56.709Z,2025-10-22T04:28:31.486Z,,,,,,,,,,https://app.apollo.io/#/organizations/66e58e6f74f84e0001cf11fb?overrideScoreId=score,,
1095,Rumford Painting Company,,,"painting service, painting company",,,"[""apollo""]",,,2025-10-22T04:27:56.709Z,2025-10-22T04:28:31.486Z,,,,,,,,,,https://app.apollo.io/#/organizations/66dd9bd4671a860001ff0ab7?overrideScoreId=score,,
1096,Paint Rx,http://www.paint-rx.com,paint-rx.com,"painting service, painting company",,3,"[""apollo""]",,,2025-10-22T04:27:59.637Z,2025-10-22T04:28:31.486Z,,,,Myrtle Beach,South Carolina,,,,,https://app.apollo.io/#/organizations/63bb98268da6c40001305e51?overrideScoreId=score,,
1097,Taylor's Painting Company,http://www.taylorspaintingcompanysc.com,taylorspaintingcompanysc.com,"painting service, painting company",,6,"[""apollo""]",,,2025-10-22T04:27:59.638Z,2025-10-22T04:28:31.486Z,,,,Lexington,South Carolina,,,,,https://app.apollo.io/#/organizations/673955ebaad7d500011641ad?overrideScoreId=score,,
1098,Blue Nile Home Services,http://www.bluenilehomeservices.com,bluenilehomeservices.com,"painting service, painting company",,1,"[""apollo""]",,,2025-10-22T04:27:59.639Z,2025-10-22T04:28:31.486Z,,,,Charleston,South Carolina,,,,,https://app.apollo.io/#/organizations/636251dca4948a00a3092833?overrideScoreId=score,,
1099,Skyline Services LLC,http://www.skylineservicessc.com,skylineservicessc.com,"painting service, painting company",,7,"[""apollo""]",,,2025-10-22T04:27:59.640Z,2025-10-22T04:28:31.486Z,,,,Bluffton,South Carolina,,,,,https://app.apollo.io/#/organizations/55ee4f75f3e5bb226c000ac9?overrideScoreId=score,,
1100,Diaz Painting Service,http://www.diazpaintingserviceinc.com,diazpaintingserviceinc.com,"painting service, painting company",,1,"[""apollo""]",,,2025-10-22T04:27:59.640Z,2025-10-22T04:28:31.486Z,,,,Seneca,South Carolina,,,,,https://app.apollo.io/#/organizations/6780c549f05bc50001ab43b5?overrideScoreId=score,,
1101,Cannon’s Painting Company,http://www.cannonspainting.com,cannonspainting.com,"painting service, painting company",,1,"[""apollo""]",,,2025-10-22T04:27:59.640Z,2025-10-22T04:28:31.486Z,,,,Rock Hill,South Carolina,,,,,https://app.apollo.io/#/organizations/66ef3056758a070001cbda41?overrideScoreId=score,,
1102,Rock Hill Painting Company,http://www.rockhillpaintingcompany.com,rockhillpaintingcompany.com,"painting service, painting company",,,"[""apollo""]",,,2025-10-22T04:27:59.641Z,2025-10-22T04:28:31.486Z,,,,Rock Hill,South Carolina,,,,,https://app.apollo.io/#/organizations/66f391d58df4fe0001b0d0f1?overrideScoreId=score,,
1103,"Carolinas Premier Painting Company, Llc",http://www.carolinasppc.com,carolinasppc.com,"painting service, painting company",,,"[""apollo""]",,,2025-10-22T04:27:59.641Z,2025-10-22T04:28:31.486Z,,,,Carolinas Premier Painting Company,Llc,,,,,https://app.apollo.io/#/organizations/639234ef005e0800016b815a?overrideScoreId=score,,
1104,Paint Rx,,,"painting service, painting company",,,"[""apollo""]",,,2025-10-22T04:27:59.641Z,2025-10-22T04:28:31.486Z,,,,,,,,,,https://app.apollo.io/#/organizations/63bb98268da6c40001305e51?overrideScoreId=score,,
1105,Taylor's Painting Company,,,"painting service, painting company",,,"[""apollo""]",,,2025-10-22T04:27:59.642Z,2025-10-22T04:28:31.486Z,,,,,,,,,,https://app.apollo.io/#/organizations/673955ebaad7d500011641ad?overrideScoreId=score,,
1106,Blue Nile Home Services,,,"painting service, painting company",,,"[""apollo""]",,,2025-10-22T04:27:59.642Z,2025-10-22T04:28:31.486Z,,,,,,,,,,https://app.apollo.io/#/organizations/636251dca4948a00a3092833?overrideScoreId=score,,
1107,Skyline Services LLC,,,"painting service, painting company",,,"[""apollo""]",,,2025-10-22T04:27:59.643Z,2025-10-22T04:28:31.487Z,,,,,,,,,,https://app.apollo.io/#/organizations/55ee4f75f3e5bb226c000ac9?overrideScoreId=score,,
1108,Diaz Painting Service,,,"painting service, painting company",,,"[""apollo""]",,,2025-10-22T04:27:59.644Z,2025-10-22T04:28:31.487Z,,,,,,,,,,https://app.apollo.io/#/organizations/6780c549f05bc50001ab43b5?overrideScoreId=score,,
1109,Cannon’s Painting Company,,,"painting service, painting company",,,"[""apollo""]",,,2025-10-22T04:27:59.644Z,2025-10-22T04:28:31.487Z,,,,,,,,,,https://app.apollo.io/#/organizations/66ef3056758a070001cbda41?overrideScoreId=score,,
1110,Rock Hill Painting Company,,,"painting service, painting company",,,"[""apollo""]",,,2025-10-22T04:27:59.645Z,2025-10-22T04:28:31.487Z,,,,,,,,,,https://app.apollo.io/#/organizations/66f391d58df4fe0001b0d0f1?overrideScoreId=score,,
1111,"Carolinas Premier Painting Company, Llc",,,"painting service, painting company",,,"[""apollo""]",,,2025-10-22T04:27:59.645Z,2025-10-22T04:28:31.487Z,,,,,,,,,,https://app.apollo.io/#/organizations/639234ef005e0800016b815a?overrideScoreId=score,,
1112,Canberra Painting Company PTY LTD,http://www.canberrapaintingcompany.com.au,canberrapaintingcompany.com.au,"painting service, painting company",,1,"[""apollo""]",,,2025-10-22T04:28:02.580Z,2025-10-22T04:28:31.487Z,,,,Mitchell,South Dakota,,,,,https://app.apollo.io/#/organizations/670a4f370d75880001d0e09c?overrideScoreId=score,,
1113,Canberra Painting Company PTY LTD,,,"painting service, painting company",,,"[""apollo""]",,,2025-10-22T04:28:02.581Z,2025-10-22T04:28:31.487Z,,,,,,,,,,https://app.apollo.io/#/organizations/670a4f370d75880001d0e09c?overrideScoreId=score,,
1114,Croxall Painting and Property Improvement,http://www.croxallpainting.com,croxallpainting.com,"painting service, painting company",,4,"[""apollo""]",,,2025-10-22T04:28:05.516Z,2025-10-22T04:28:31.487Z,,,,Chattanooga,Tennessee,,,,,https://app.apollo.io/#/organizations/62c86bc420372700b32f110d?overrideScoreId=score,,
1115,Nash Painting Company of Fairview,http://www.fairviewpaintingcompany.com,fairviewpaintingcompany.com,"painting service, painting company",,,"[""apollo""]",,,2025-10-22T04:28:05.517Z,2025-10-22T04:28:31.487Z,,,,Fairview,Tennessee,,,,,https://app.apollo.io/#/organizations/68020472923dd6000d5a0b12?overrideScoreId=score,,
1116,Nolensville Painting Company,http://www.nolensvillepaintingcompany.com,nolensvillepaintingcompany.com,"painting service, painting company",,,"[""apollo""]",,,2025-10-22T04:28:05.518Z,2025-10-22T04:28:31.487Z,,,,Nolensville,Tennessee,,,,,https://app.apollo.io/#/organizations/670f772cf5a38802cf6c8a92?overrideScoreId=score,,
1117,"PAINT CORPS of Hendersonville, TN",http://www.torrespaintingco.com,torrespaintingco.com,"painting service, painting company",,5,"[""apollo""]",,,2025-10-22T04:28:05.519Z,2025-10-22T04:28:31.487Z,,,,Hendersonville,Tennessee,,,,,https://app.apollo.io/#/organizations/62f2c6b573b30c00b69b267e?overrideScoreId=score,,
1118,The Best Painters - La Vergne Painting Company,http://www.lavergnepaintingcompany.com,lavergnepaintingcompany.com,"painting service, painting company",,,"[""apollo""]",,,2025-10-22T04:28:05.519Z,2025-10-22T04:28:31.487Z,,,,La Vergne,Tennessee,,,,,https://app.apollo.io/#/organizations/67b40fa77541e400016ba55e?overrideScoreId=score,,
1119,Hanks Painting Service Inc,http://www.hanksbodyshop.com,hanksbodyshop.com,"painting service, painting company",,3,"[""apollo""]",,,2025-10-22T04:28:05.519Z,2025-10-22T04:28:31.487Z,,,,Rockvale,Tennessee,,,,,https://app.apollo.io/#/organizations/6700efd36a1ca000014e9920?overrideScoreId=score,,
1120,Tony V. Taylor Painting Company LLC,http://www.tvtpainting.com,tvtpainting.com,"painting service, painting company",,1,"[""apollo""]",,,2025-10-22T04:28:05.520Z,2025-10-22T04:28:31.487Z,,,,Oakfield,Tennessee,,,,,https://app.apollo.io/#/organizations/673826320c75e70001979023?overrideScoreId=score,,
1121,"SUNSET PAINTING SERVICE, INC.",http://www.sunsetpainting.org,sunsetpainting.org,"painting service, painting company",,1,"[""apollo""]",,,2025-10-22T04:28:05.520Z,2025-10-22T04:28:31.488Z,,,,Maryville,Tennessee,,,,,https://app.apollo.io/#/organizations/66d7e176e6e05700018fe5ad?overrideScoreId=score,,
1122,The Exquisite Decor Painting Company,http://www.exquisitedecorpainting.com,exquisitedecorpainting.com,"painting service, painting company",,1,"[""apollo""]",,,2025-10-22T04:28:05.521Z,2025-10-22T04:28:31.488Z,,,,Nashville,Tennessee,,,,,https://app.apollo.io/#/organizations/66dddd16950eb400012d1dab?overrideScoreId=score,,
1123,Jeffrey's Painting Service,http://www.jeffreyspaintingservice.com,jeffreyspaintingservice.com,"painting service, painting company",,1,"[""apollo""]",,,2025-10-22T04:28:05.521Z,2025-10-22T04:28:31.488Z,,,,Smyrna,Tennessee,,,,,https://app.apollo.io/#/organizations/674bd203c9379b0001683467?overrideScoreId=score,,
1124,Restored Painting Company,http://www.restoredpaintingcompany.com,restoredpaintingcompany.com,"painting service, painting company",,,"[""apollo""]",,,2025-10-22T04:28:05.521Z,2025-10-22T04:28:31.488Z,,,,Maryville,Tennessee,,,,,https://app.apollo.io/#/organizations/6703b795606e410001466681?overrideScoreId=score,,
1125,"VFL Painting Company, LLC",http://www.vflpainting.com,vflpainting.com,"painting service, painting company",,1,"[""apollo""]",,,2025-10-22T04:28:05.524Z,2025-10-22T04:28:31.488Z,,,,Knoxville,Tennessee,,,,,https://app.apollo.io/#/organizations/66e95f264b0de900013ac73f?overrideScoreId=score,,
1126,Williams Painting Company LLC,http://www.williamspaintingcompany.com,williamspaintingcompany.com,"painting service, painting company",,,"[""apollo""]",,,2025-10-22T04:28:05.525Z,2025-10-22T04:28:31.488Z,,,,Chattanooga,Tennessee,,,,,https://app.apollo.io/#/organizations/5fd86e06830508000125ba6a?overrideScoreId=score,,
1127,Croxall Painting and Property Improvement,,,"painting service, painting company",,,"[""apollo""]",,,2025-10-22T04:28:05.525Z,2025-10-22T04:28:31.488Z,,,,,,,,,,https://app.apollo.io/#/organizations/62c86bc420372700b32f110d?overrideScoreId=score,,
1128,Nash Painting Company of Fairview,,,"painting service, painting company",,,"[""apollo""]",,,2025-10-22T04:28:05.526Z,2025-10-22T04:28:31.488Z,,,,,,,,,,https://app.apollo.io/#/organizations/68020472923dd6000d5a0b12?overrideScoreId=score,,
1129,Nolensville Painting Company,,,"painting service, painting company",,,"[""apollo""]",,,2025-10-22T04:28:05.527Z,2025-10-22T04:28:31.488Z,,,,,,,,,,https://app.apollo.io/#/organizations/670f772cf5a38802cf6c8a92?overrideScoreId=score,,
1130,"PAINT CORPS of Hendersonville, TN",,,"painting service, painting company",,,"[""apollo""]",,,2025-10-22T04:28:05.527Z,2025-10-22T04:28:31.488Z,,,,,,,,,,https://app.apollo.io/#/organizations/62f2c6b573b30c00b69b267e?overrideScoreId=score,,
1131,The Best Painters - La Vergne Painting Company,,,"painting service, painting company",,,"[""apollo""]",,,2025-10-22T04:28:05.528Z,2025-10-22T04:28:31.488Z,,,,,,,,,,https://app.apollo.io/#/organizations/67b40fa77541e400016ba55e?overrideScoreId=score,,
1132,Hanks Painting Service Inc,,,"painting service, painting company",,,"[""apollo""]",,,2025-10-22T04:28:05.528Z,2025-10-22T04:28:31.488Z,,,,,,,,,,https://app.apollo.io/#/organizations/6700efd36a1ca000014e9920?overrideScoreId=score,,
1133,Tony V. Taylor Painting Company LLC,,,"painting service, painting company",,,"[""apollo""]",,,2025-10-22T04:28:05.528Z,2025-10-22T04:28:31.489Z,,,,,,,,,,https://app.apollo.io/#/organizations/673826320c75e70001979023?overrideScoreId=score,,
1134,"SUNSET PAINTING SERVICE, INC.",,,"painting service, painting company",,,"[""apollo""]",,,2025-10-22T04:28:05.529Z,2025-10-22T04:28:31.489Z,,,,,,,,,,https://app.apollo.io/#/organizations/66d7e176e6e05700018fe5ad?overrideScoreId=score,,
1135,The Exquisite Decor Painting Company,,,"painting service, painting company",,,"[""apollo""]",,,2025-10-22T04:28:05.529Z,2025-10-22T04:28:31.489Z,,,,,,,,,,https://app.apollo.io/#/organizations/66dddd16950eb400012d1dab?overrideScoreId=score,,
1136,Jeffrey's Painting Service,,,"painting service, painting company",,,"[""apollo""]",,,2025-10-22T04:28:05.529Z,2025-10-22T04:28:31.489Z,,,,,,,,,,https://app.apollo.io/#/organizations/674bd203c9379b0001683467?overrideScoreId=score,,
1137,Restored Painting Company,,,"painting service, painting company",,,"[""apollo""]",,,2025-10-22T04:28:05.529Z,2025-10-22T04:28:31.489Z,,,,,,,,,,https://app.apollo.io/#/organizations/6703b795606e410001466681?overrideScoreId=score,,
1138,"VFL Painting Company, LLC",,,"painting service, painting company",,,"[""apollo""]",,,2025-10-22T04:28:05.529Z,2025-10-22T04:28:31.489Z,,,,,,,,,,https://app.apollo.io/#/organizations/66e95f264b0de900013ac73f?overrideScoreId=score,,
1139,Williams Painting Company LLC,,,"painting service, painting company",,,"[""apollo""]",,,2025-10-22T04:28:05.530Z,2025-10-22T04:28:31.489Z,,,,,,,,,,https://app.apollo.io/#/organizations/5fd86e06830508000125ba6a?overrideScoreId=score,,
1140,State 28 Painting Company,http://www.state28painting.com,state28painting.com,"painting service, painting company",,3,"[""apollo""]",,,2025-10-22T04:28:10.525Z,2025-10-22T04:28:31.489Z,,,,Grapevine,Texas,,,,,https://app.apollo.io/#/organizations/61600e0cd951c70001a6673a?overrideScoreId=score,,
1141,Ready My Property,http://www.readymyproperty.com,readymyproperty.com,"painting service, painting company",,1,"[""apollo""]",,,2025-10-22T04:28:10.526Z,2025-10-22T04:28:31.489Z,,,,Dallas,Texas,,,,,https://app.apollo.io/#/organizations/6440adee45b5ae0001301b7a?overrideScoreId=score,,
1142,CHERRY PAINTING COMPANY,,,"painting service, painting company",,12,"[""apollo""]",,,2025-10-22T04:28:10.529Z,2025-10-22T04:28:31.489Z,,,,Carrollton,Texas,,,,,https://app.apollo.io/#/organizations/67275ea062f46c0001c87d3d?overrideScoreId=score,,
1143,Slater Painting Company Inc,http://www.slaterpainting.com,slaterpainting.com,"painting service, painting company",,7,"[""apollo""]",,,2025-10-22T04:28:10.547Z,2025-10-22T04:28:31.490Z,,,,Austin,Texas,,,,,https://app.apollo.io/#/organizations/5d0a2b4fa3ae61e1332c21d3?overrideScoreId=score,,
1144,Houston Texas Painters,http://www.houstontexaspainters.com,houstontexaspainters.com,"painting service, painting company",,2,"[""apollo""]",,,2025-10-22T04:28:10.548Z,2025-10-22T04:28:31.490Z,,,,Houston,Texas,,,,,https://app.apollo.io/#/organizations/5e570413913acc00010637c9?overrideScoreId=score,,
1145,Advanced Painting Service,http://www.advancedpaint.com,advancedpaint.com,"painting service, painting company",,5,"[""apollo""]",,,2025-10-22T04:28:10.548Z,2025-10-22T04:28:31.490Z,,,,North Richland Hills,Texas,,,,,https://app.apollo.io/#/organizations/54a1a91c74686945fa369705?overrideScoreId=score,,
1146,LIME Painting of San Antonio,,,"painting service, painting company",,4,"[""apollo""]",,,2025-10-22T04:28:10.550Z,2025-10-22T04:28:31.490Z,,,,San Antonio,Texas,,,,,https://app.apollo.io/#/organizations/64a25cbfc07d60000138284b?overrideScoreId=score,,
1147,1+Multi,http://www.1plusmulti.com,1plusmulti.com,"painting service, painting company",,1,"[""apollo""]",,,2025-10-22T04:28:10.550Z,2025-10-22T04:28:31.490Z,,,,Houston,Texas,,,,,https://app.apollo.io/#/organizations/6161b1da28ecc30001beb80a?overrideScoreId=score,,
1148,Paper Moon Painting,http://www.papermoonpainting.com,papermoonpainting.com,"painting service, painting company",,11,"[""apollo""]",,,2025-10-22T04:28:10.551Z,2025-10-22T04:28:31.490Z,,,,San Antonio,Texas,,,,,https://app.apollo.io/#/organizations/5fca250562cea0000187b751?overrideScoreId=score,,
1149,Texas Painting Company,http://www.repaintingtexas.com,repaintingtexas.com,"painting service, painting company",,14,"[""apollo""]",,,2025-10-22T04:28:10.551Z,2025-10-22T04:28:31.490Z,,,,Austin,Texas,,,,,https://app.apollo.io/#/organizations/54a1354569702d36c962bd00?overrideScoreId=score,,
1150,Alexandris Painting,http://www.wepaintdfw.com,wepaintdfw.com,"painting service, painting company",,3,"[""apollo""]",,,2025-10-22T04:28:10.551Z,2025-10-22T04:28:31.490Z,,,,Plano,Texas,,,,,https://app.apollo.io/#/organizations/54a13a1c69702dac84169700?overrideScoreId=score,,
1151,Brazos Painting Company,,,"painting service, painting company",,1,"[""apollo""]",,,2025-10-22T04:28:10.551Z,2025-10-22T04:28:31.490Z,,,,Granbury,Texas,,,,,https://app.apollo.io/#/organizations/6450aed2ec04a40001b88649?overrideScoreId=score,,
1152,Hendrick Painting,http://www.hendrickpainting.com,hendrickpainting.com,"painting service, painting company",,2,"[""apollo""]",,,2025-10-22T04:28:10.551Z,2025-10-22T04:28:31.490Z,,,,San Antonio,Texas,,,,,https://app.apollo.io/#/organizations/5e5787b29c01df00011f1d74?overrideScoreId=score,,
1153,JSL Painting Company,http://www.jslpaintingcompany.com,jslpaintingcompany.com,"painting service, painting company",,4,"[""apollo""]",,,2025-10-22T04:28:10.551Z,2025-10-22T04:28:31.490Z,,,,Houston,Texas,,,,,https://app.apollo.io/#/organizations/640d94bb4da0ed00017ded8e?overrideScoreId=score,,
1154,Southern Painting – North Dallas | Plano/Allen/McKinney,,,"painting service, painting company",,6,"[""apollo""]",,,2025-10-22T04:28:10.552Z,2025-10-22T04:28:31.490Z,,,,Plano,Texas,,,,,https://app.apollo.io/#/organizations/56da0666f3e5bb706c0010bb?overrideScoreId=score,,
1155,Dallas Pro Paint & Drywall LLC,http://www.dallaspropaint.com,dallaspropaint.com,"painting service, painting company",,6,"[""apollo""]",,,2025-10-22T04:28:10.552Z,2025-10-22T04:28:31.490Z,,,,Carrollton,Texas,,,,,https://app.apollo.io/#/organizations/6139d41af041420001fdf6b1?overrideScoreId=score,,
1156,Lopez Painting Company,http://www.jlopezpaintandfinish.com,jlopezpaintandfinish.com,"painting service, painting company",,9,"[""apollo""]",,,2025-10-22T04:28:10.552Z,2025-10-22T04:28:31.491Z,,,,Temple,Texas,,,,,https://app.apollo.io/#/organizations/5500b0ce7369642db6c41200?overrideScoreId=score,,
1157,Annie Admin,http://www.annieadmin.com,annieadmin.com,"painting service, painting company",,9,"[""apollo""]",,,2025-10-22T04:28:10.552Z,2025-10-22T04:28:31.491Z,,,,Keller,Texas,,,,,https://app.apollo.io/#/organizations/5e55ab126fcac5000117b33b?overrideScoreId=score,,
1158,State 28 Painting Company,,,"painting service, painting company",,,"[""apollo""]",,,2025-10-22T04:28:10.552Z,2025-10-22T04:28:31.491Z,,,,,,,,,,https://app.apollo.io/#/organizations/61600e0cd951c70001a6673a?overrideScoreId=score,,
1159,Ready My Property,,,"painting service, painting company",,,"[""apollo""]",,,2025-10-22T04:28:10.552Z,2025-10-22T04:28:31.491Z,,,,,,,,,,https://app.apollo.io/#/organizations/6440adee45b5ae0001301b7a?overrideScoreId=score,,
1160,Slater Painting Company Inc,,,"painting service, painting company",,,"[""apollo""]",,,2025-10-22T04:28:10.553Z,2025-10-22T04:28:31.491Z,,,,,,,,,,https://app.apollo.io/#/organizations/5d0a2b4fa3ae61e1332c21d3?overrideScoreId=score,,
1161,Houston Texas Painters,,,"painting service, painting company",,,"[""apollo""]",,,2025-10-22T04:28:10.553Z,2025-10-22T04:28:31.491Z,,,,,,,,,,https://app.apollo.io/#/organizations/5e570413913acc00010637c9?overrideScoreId=score,,
1162,Advanced Painting Service,,,"painting service, painting company",,,"[""apollo""]",,,2025-10-22T04:28:10.553Z,2025-10-22T04:28:31.491Z,,,,,,,,,,https://app.apollo.io/#/organizations/54a1a91c74686945fa369705?overrideScoreId=score,,
1163,1+Multi,,,"painting service, painting company",,,"[""apollo""]",,,2025-10-22T04:28:10.553Z,2025-10-22T04:28:31.491Z,,,,,,,,,,https://app.apollo.io/#/organizations/6161b1da28ecc30001beb80a?overrideScoreId=score,,
1164,Paper Moon Painting,,,"painting service, painting company",,,"[""apollo""]",,,2025-10-22T04:28:10.554Z,2025-10-22T04:28:31.491Z,,,,,,,,,,https://app.apollo.io/#/organizations/5fca250562cea0000187b751?overrideScoreId=score,,
1165,Texas Painting Company,,,"painting service, painting company",,,"[""apollo""]",,,2025-10-22T04:28:10.554Z,2025-10-22T04:28:31.491Z,,,,,,,,,,https://app.apollo.io/#/organizations/54a1354569702d36c962bd00?overrideScoreId=score,,
1166,Alexandris Painting,,,"painting service, painting company",,,"[""apollo""]",,,2025-10-22T04:28:10.554Z,2025-10-22T04:28:31.491Z,,,,,,,,,,https://app.apollo.io/#/organizations/54a13a1c69702dac84169700?overrideScoreId=score,,
1167,Hendrick Painting,,,"painting service, painting company",,,"[""apollo""]",,,2025-10-22T04:28:10.554Z,2025-10-22T04:28:31.492Z,,,,,,,,,,https://app.apollo.io/#/organizations/5e5787b29c01df00011f1d74?overrideScoreId=score,,
1168,JSL Painting Company,,,"painting service, painting company",,,"[""apollo""]",,,2025-10-22T04:28:10.554Z,2025-10-22T04:28:31.492Z,,,,,,,,,,https://app.apollo.io/#/organizations/640d94bb4da0ed00017ded8e?overrideScoreId=score,,
1169,Dallas Pro Paint & Drywall LLC,,,"painting service, painting company",,,"[""apollo""]",,,2025-10-22T04:28:10.555Z,2025-10-22T04:28:31.492Z,,,,,,,,,,https://app.apollo.io/#/organizations/6139d41af041420001fdf6b1?overrideScoreId=score,,
1170,Lopez Painting Company,,,"painting service, painting company",,,"[""apollo""]",,,2025-10-22T04:28:10.555Z,2025-10-22T04:28:31.492Z,,,,,,,,,,https://app.apollo.io/#/organizations/5500b0ce7369642db6c41200?overrideScoreId=score,,
1171,Annie Admin,,,"painting service, painting company",,,"[""apollo""]",,,2025-10-22T04:28:10.555Z,2025-10-22T04:28:31.492Z,,,,,,,,,,https://app.apollo.io/#/organizations/5e55ab126fcac5000117b33b?overrideScoreId=score,,
1172,Ruiz Painting Service,,,"painting service, painting company",,8,"[""apollo""]",,,2025-10-22T04:28:10.555Z,2025-10-22T04:28:31.492Z,,,,Mesquite,Texas,,,,,https://app.apollo.io/#/organizations/5592101b7369641881014800?overrideScoreId=score,,
1173,Scott Derr Painting Company,http://www.scottderr.com,scottderr.com,"painting service, painting company",,6,"[""apollo""]",,,2025-10-22T04:28:10.555Z,2025-10-22T04:28:31.492Z,,,,Friendswood,Texas,,,,,https://app.apollo.io/#/organizations/57c49046a6da981605b35619?overrideScoreId=score,,
1174,Tri-Mex Commercial Painting Company,http://www.trimexcommercial.com,trimexcommercial.com,"painting service, painting company",,3,"[""apollo""]",,,2025-10-22T04:28:10.555Z,2025-10-22T04:28:31.492Z,,,,Corpus Christi,Texas,,,,,https://app.apollo.io/#/organizations/63d4ca7a9633ed00013ac688?overrideScoreId=score,,
1175,Platinum Painting,http://www.platinumpainting.com,platinumpainting.com,"painting service, painting company",,57,"[""apollo""]",,,2025-10-22T04:28:10.556Z,2025-10-22T04:28:31.492Z,,,,Keller,Texas,,,,,https://app.apollo.io/#/organizations/5e57d403108ba90001fa63f7?overrideScoreId=score,,
1176,Specialized Painting Service,,,"painting service, painting company",,7,"[""apollo""]",,,2025-10-22T04:28:10.556Z,2025-10-22T04:28:31.492Z,,,,Houston,Texas,,,,,https://app.apollo.io/#/organizations/66de0cf84bbff90001020a90?overrideScoreId=score,,
1177,Curly and Daisy,http://www.curlyanddaisy.com,curlyanddaisy.com,"painting service, painting company",,1,"[""apollo""]",,,2025-10-22T04:28:10.556Z,2025-10-22T04:28:31.492Z,,,,Houston,Texas,,,,,https://app.apollo.io/#/organizations/66ee53c2584ea2000148098c?overrideScoreId=score,,
1178,'Ohana Painting Company,http://www.ohanaconstruction.com,ohanaconstruction.com,"painting service, painting company",,2,"[""apollo""]",,,2025-10-22T04:28:10.556Z,2025-10-22T04:28:31.493Z,,,,Austin,Texas,,,,,https://app.apollo.io/#/organizations/65b5d003200782000119c3cd?overrideScoreId=score,,
1179,Jsr Painting Company,http://www.jsrpainting.com,jsrpainting.com,"painting service, painting company",,1,"[""apollo""]",,,2025-10-22T04:28:10.557Z,2025-10-22T04:28:31.493Z,,,,Fort Worth,Texas,,,,,https://app.apollo.io/#/organizations/688ae869b799070001fcb081?overrideScoreId=score,,
1180,Just Paint It! Painting Company,http://www.justpaintitpaintingcompany.com,justpaintitpaintingcompany.com,"painting service, painting company",,,"[""apollo""]",,,2025-10-22T04:28:10.557Z,2025-10-22T04:28:31.493Z,,,,Magnolia,Texas,,,,,https://app.apollo.io/#/organizations/66e67b2a3ce0e4000168e737?overrideScoreId=score,,
1181,Bratcher Painting Company,http://www.bratcherpainting.com,bratcherpainting.com,"painting service, painting company",,8,"[""apollo""]",,,2025-10-22T04:28:10.557Z,2025-10-22T04:28:31.493Z,,,,Georgetown,Texas,,,,,https://app.apollo.io/#/organizations/66e6c7b76f45cf0001f355b5?overrideScoreId=score,,
1182,Ngansequitur LLC,http://www.ngansequitur.com,ngansequitur.com,"painting service, painting company",,1,"[""apollo""]",,,2025-10-22T04:28:10.557Z,2025-10-22T04:28:31.493Z,,,,Austin,Texas,,,,,https://app.apollo.io/#/organizations/66373da066f42f000148c8d5?overrideScoreId=score,,
1183,Southern Painting - San Antonio West,http://www.southernpainting.com,southernpainting.com,"painting service, painting company",,1,"[""apollo""]",,,2025-10-22T04:28:10.557Z,2025-10-22T04:28:31.493Z,,,,Fair Oaks Ranch,Texas,,,,,https://app.apollo.io/#/organizations/670ba055132fcc000109934c?overrideScoreId=score,,
1184,Pedro Hernandez Painting Company,http://www.dallaspainteranddrywallrepair.com,dallaspainteranddrywallrepair.com,"painting service, painting company",,3,"[""apollo""]",,,2025-10-22T04:28:10.557Z,2025-10-22T04:28:31.493Z,,,,Dallas,Texas,,,,,https://app.apollo.io/#/organizations/66f66c48592db1000103c7e7?overrideScoreId=score,,
1185,Alsobrook Painting Company,http://www.alsobrookpainting.com,alsobrookpainting.com,"painting service, painting company",,4,"[""apollo""]",,,2025-10-22T04:28:10.558Z,2025-10-22T04:28:31.494Z,,,,Dallas,Texas,,,,,https://app.apollo.io/#/organizations/674d7f096eb63a00010606dd?overrideScoreId=score,,
1186,"Old World Painting Company, Inc.",http://www.owpainting.com,owpainting.com,"painting service, painting company",,2,"[""apollo""]",,,2025-10-22T04:28:10.558Z,2025-10-22T04:28:31.494Z,,,,Old World Painting Company,Inc.,,,,,https://app.apollo.io/#/organizations/66eee4d512ef530001f4bfa2?overrideScoreId=score,,
1187,The Greater Texas Painting Company,http://www.thegtpco.com,thegtpco.com,"painting service, painting company",,1,"[""apollo""]",,,2025-10-22T04:28:10.558Z,2025-10-22T04:28:31.494Z,,,,Houston,Texas,,,,,https://app.apollo.io/#/organizations/67de29ae32bb170001c76d42?overrideScoreId=score,,
1188,Tito Perez Painting Company,http://www.titoperezpaintingcompany.com,titoperezpaintingcompany.com,"painting service, painting company",,1,"[""apollo""]",,,2025-10-22T04:28:10.558Z,2025-10-22T04:28:31.494Z,,,,Sugar Land,Texas,,,,,https://app.apollo.io/#/organizations/67346be252ecbc0001475c4b?overrideScoreId=score,,
1189,"A BETTER PAINTING SERVICE, INC.",http://www.abetterpaintingservice.com,abetterpaintingservice.com,"painting service, painting company",,1,"[""apollo""]",,,2025-10-22T04:28:10.558Z,2025-10-22T04:28:31.494Z,,,,Houston,Texas,,,,,https://app.apollo.io/#/organizations/6738ee546e4ecf00014873c2?overrideScoreId=score,,
1190,Choice Painting Service,http://www.choicepaintingservice.com,choicepaintingservice.com,"painting service, painting company",,,"[""apollo""]",,,2025-10-22T04:28:10.558Z,2025-10-22T04:28:31.494Z,,,,Keller,Texas,,,,,https://app.apollo.io/#/organizations/673d663ece8aa600015291b8?overrideScoreId=score,,
1191,Jb-painting service,http://www.jb-paintingservice.net,jb-paintingservice.net,"painting service, painting company",,,"[""apollo""]",,,2025-10-22T04:28:10.559Z,2025-10-22T04:28:31.494Z,,,,Longview,Texas,,,,,https://app.apollo.io/#/organizations/67af0b2c14bbc2001baec68b?overrideScoreId=score,,
1192,LYF Painting Service,http://www.lyf-painting-service.com,lyf-painting-service.com,"painting service, painting company",,,"[""apollo""]",,,2025-10-22T04:28:10.559Z,2025-10-22T04:28:31.494Z,,,,Richmond,Texas,,,,,https://app.apollo.io/#/organizations/66e56c813b116900019d09ec?overrideScoreId=score,,
1193,Rick’s Painting Service,http://www.rickspaintingservice.com,rickspaintingservice.com,"painting service, painting company",,,"[""apollo""]",,,2025-10-22T04:28:10.559Z,2025-10-22T04:28:31.494Z,,,,Harker Heights,Texas,,,,,https://app.apollo.io/#/organizations/66e6bc1bedcdbd000164ec12?overrideScoreId=score,,
1194,Affordable Painting Service,http://www.affordablepaintingsa.com,affordablepaintingsa.com,"painting service, painting company",,,"[""apollo""]",,,2025-10-22T04:28:10.559Z,2025-10-22T04:28:31.494Z,,,,San Antonio,Texas,,,,,https://app.apollo.io/#/organizations/672b34c900f39900019ca797?overrideScoreId=score,,
1195,Joice Painting Company,http://www.joicepaintingcompany.com,joicepaintingcompany.com,"painting service, painting company",,,"[""apollo""]",,,2025-10-22T04:28:10.559Z,2025-10-22T04:28:31.494Z,,,,Coldspring,Texas,,,,,https://app.apollo.io/#/organizations/6736cde505c5030001e45de5?overrideScoreId=score,,
1196,GA Meza Painting Service,http://www.paintingcontractorarlington.com,paintingcontractorarlington.com,"painting service, painting company",,,"[""apollo""]",,,2025-10-22T04:28:10.559Z,2025-10-22T04:28:31.494Z,,,,Arlington,Texas,,,,,https://app.apollo.io/#/organizations/67038ccc3ed40200016c7c7c?overrideScoreId=score,,
1197,Scott Derr Painting Company,,,"painting service, painting company",,,"[""apollo""]",,,2025-10-22T04:28:10.559Z,2025-10-22T04:28:31.495Z,,,,,,,,,,https://app.apollo.io/#/organizations/57c49046a6da981605b35619?overrideScoreId=score,,
1198,Tri-Mex Commercial Painting Company,,,"painting service, painting company",,,"[""apollo""]",,,2025-10-22T04:28:10.560Z,2025-10-22T04:28:31.495Z,,,,,,,,,,https://app.apollo.io/#/organizations/63d4ca7a9633ed00013ac688?overrideScoreId=score,,
1199,Platinum Painting,,,"painting service, painting company",,,"[""apollo""]",,,2025-10-22T04:28:10.560Z,2025-10-22T04:28:31.495Z,,,,,,,,,,https://app.apollo.io/#/organizations/5e57d403108ba90001fa63f7?overrideScoreId=score,,
1200,Curly and Daisy,,,"painting service, painting company",,,"[""apollo""]",,,2025-10-22T04:28:10.560Z,2025-10-22T04:28:31.495Z,,,,,,,,,,https://app.apollo.io/#/organizations/66ee53c2584ea2000148098c?overrideScoreId=score,,
1201,'Ohana Painting Company,,,"painting service, painting company",,,"[""apollo""]",,,2025-10-22T04:28:10.561Z,2025-10-22T04:28:31.495Z,,,,,,,,,,https://app.apollo.io/#/organizations/65b5d003200782000119c3cd?overrideScoreId=score,,
1202,Jsr Painting Company,,,"painting service, painting company",,,"[""apollo""]",,,2025-10-22T04:28:10.561Z,2025-10-22T04:28:31.495Z,,,,,,,,,,https://app.apollo.io/#/organizations/688ae869b799070001fcb081?overrideScoreId=score,,
1203,Just Paint It! Painting Company,,,"painting service, painting company",,,"[""apollo""]",,,2025-10-22T04:28:10.561Z,2025-10-22T04:28:31.495Z,,,,,,,,,,https://app.apollo.io/#/organizations/66e67b2a3ce0e4000168e737?overrideScoreId=score,,
1204,Bratcher Painting Company,,,"painting service, painting company",,,"[""apollo""]",,,2025-10-22T04:28:10.562Z,2025-10-22T04:28:31.495Z,,,,,,,,,,https://app.apollo.io/#/organizations/66e6c7b76f45cf0001f355b5?overrideScoreId=score,,
1205,Ngansequitur LLC,,,"painting service, painting company",,,"[""apollo""]",,,2025-10-22T04:28:10.562Z,2025-10-22T04:28:31.496Z,,,,,,,,,,https://app.apollo.io/#/organizations/66373da066f42f000148c8d5?overrideScoreId=score,,
1206,Southern Painting - San Antonio West,,,"painting service, painting company",,,"[""apollo""]",,,2025-10-22T04:28:10.562Z,2025-10-22T04:28:31.496Z,,,,,,,,,,https://app.apollo.io/#/organizations/670ba055132fcc000109934c?overrideScoreId=score,,
1207,Pedro Hernandez Painting Company,,,"painting service, painting company",,,"[""apollo""]",,,2025-10-22T04:28:10.562Z,2025-10-22T04:28:31.496Z,,,,,,,,,,https://app.apollo.io/#/organizations/66f66c48592db1000103c7e7?overrideScoreId=score,,
1208,Alsobrook Painting Company,,,"painting service, painting company",,,"[""apollo""]",,,2025-10-22T04:28:10.562Z,2025-10-22T04:28:31.496Z,,,,,,,,,,https://app.apollo.io/#/organizations/674d7f096eb63a00010606dd?overrideScoreId=score,,
1209,"Old World Painting Company, Inc.",,,"painting service, painting company",,,"[""apollo""]",,,2025-10-22T04:28:10.563Z,2025-10-22T04:28:31.496Z,,,,,,,,,,https://app.apollo.io/#/organizations/66eee4d512ef530001f4bfa2?overrideScoreId=score,,
1210,The Greater Texas Painting Company,,,"painting service, painting company",,,"[""apollo""]",,,2025-10-22T04:28:10.563Z,2025-10-22T04:28:31.496Z,,,,,,,,,,https://app.apollo.io/#/organizations/67de29ae32bb170001c76d42?overrideScoreId=score,,
1211,Tito Perez Painting Company,,,"painting service, painting company",,,"[""apollo""]",,,2025-10-22T04:28:10.563Z,2025-10-22T04:28:31.496Z,,,,,,,,,,https://app.apollo.io/#/organizations/67346be252ecbc0001475c4b?overrideScoreId=score,,
1212,"A BETTER PAINTING SERVICE, INC.",,,"painting service, painting company",,,"[""apollo""]",,,2025-10-22T04:28:10.563Z,2025-10-22T04:28:31.496Z,,,,,,,,,,https://app.apollo.io/#/organizations/6738ee546e4ecf00014873c2?overrideScoreId=score,,
1213,Choice Painting Service,,,"painting service, painting company",,,"[""apollo""]",,,2025-10-22T04:28:10.563Z,2025-10-22T04:28:31.496Z,,,,,,,,,,https://app.apollo.io/#/organizations/673d663ece8aa600015291b8?overrideScoreId=score,,
1214,Jb-painting service,,,"painting service, painting company",,,"[""apollo""]",,,2025-10-22T04:28:10.564Z,2025-10-22T04:28:31.497Z,,,,,,,,,,https://app.apollo.io/#/organizations/67af0b2c14bbc2001baec68b?overrideScoreId=score,,
1215,LYF Painting Service,,,"painting service, painting company",,,"[""apollo""]",,,2025-10-22T04:28:10.564Z,2025-10-22T04:28:31.497Z,,,,,,,,,,https://app.apollo.io/#/organizations/66e56c813b116900019d09ec?overrideScoreId=score,,
1216,Rick’s Painting Service,,,"painting service, painting company",,,"[""apollo""]",,,2025-10-22T04:28:10.564Z,2025-10-22T04:28:31.497Z,,,,,,,,,,https://app.apollo.io/#/organizations/66e6bc1bedcdbd000164ec12?overrideScoreId=score,,
1217,Affordable Painting Service,,,"painting service, painting company",,,"[""apollo""]",,,2025-10-22T04:28:10.564Z,2025-10-22T04:28:31.497Z,,,,,,,,,,https://app.apollo.io/#/organizations/672b34c900f39900019ca797?overrideScoreId=score,,
1218,Joice Painting Company,,,"painting service, painting company",,,"[""apollo""]",,,2025-10-22T04:28:10.564Z,2025-10-22T04:28:31.497Z,,,,,,,,,,https://app.apollo.io/#/organizations/6736cde505c5030001e45de5?overrideScoreId=score,,
1219,GA Meza Painting Service,,,"painting service, painting company",,,"[""apollo""]",,,2025-10-22T04:28:10.565Z,2025-10-22T04:28:31.497Z,,,,,,,,,,https://app.apollo.io/#/organizations/67038ccc3ed40200016c7c7c?overrideScoreId=score,,
1220,Petersen Painting,http://www.petersenpainting.net,petersenpainting.net,"painting service, painting company",,22,"[""apollo""]",,,2025-10-22T04:28:13.504Z,2025-10-22T04:28:31.498Z,,,,Lehi,Utah,,,,,https://app.apollo.io/#/organizations/674bc3f1a7e4e50001a21112?overrideScoreId=score,,
1221,LIME Painting of Salt Lake,http://www.limepaintingofsaltlake.com,limepaintingofsaltlake.com,"painting service, painting company",,2,"[""apollo""]",,,2025-10-22T04:28:13.505Z,2025-10-22T04:28:31.498Z,,,,Draper,Utah,,,,,https://app.apollo.io/#/organizations/614d6d7a8e3fae00017e6fb7?overrideScoreId=score,,
1222,Fred Marshall Painting,http://www.fredmarshallpainting.com,fredmarshallpainting.com,"painting service, painting company",,2,"[""apollo""]",,,2025-10-22T04:28:13.506Z,2025-10-22T04:28:31.498Z,,,,Park City,Utah,,,,,https://app.apollo.io/#/organizations/54a1289f69702db878300a01?overrideScoreId=score,,
1223,Petersen Painting,,,"painting service, painting company",,,"[""apollo""]",,,2025-10-22T04:28:13.506Z,2025-10-22T04:28:31.498Z,,,,,,,,,,https://app.apollo.io/#/organizations/674bc3f1a7e4e50001a21112?overrideScoreId=score,,
1224,LIME Painting of Salt Lake,,,"painting service, painting company",,,"[""apollo""]",,,2025-10-22T04:28:13.507Z,2025-10-22T04:28:31.498Z,,,,,,,,,,https://app.apollo.io/#/organizations/614d6d7a8e3fae00017e6fb7?overrideScoreId=score,,
1225,Fred Marshall Painting,,,"painting service, painting company",,,"[""apollo""]",,,2025-10-22T04:28:13.508Z,2025-10-22T04:28:31.499Z,,,,,,,,,,https://app.apollo.io/#/organizations/54a1289f69702db878300a01?overrideScoreId=score,,
1226,VT Painting Company,http://www.vtpaintingcompany.com,vtpaintingcompany.com,"painting service, painting company",,,"[""apollo""]",,,2025-10-22T04:28:16.423Z,2025-10-22T04:28:31.499Z,,,,South Burlington,Vermont,,,,,https://app.apollo.io/#/organizations/6727d5e962f46c0001cd6baa?overrideScoreId=score,,
1227,VT Painting Company,,,"painting service, painting company",,,"[""apollo""]",,,2025-10-22T04:28:16.424Z,2025-10-22T04:28:31.499Z,,,,,,,,,,https://app.apollo.io/#/organizations/6727d5e962f46c0001cd6baa?overrideScoreId=score,,
1228,Murray Painting,http://www.murraypaint.net,murraypaint.net,"painting service, painting company",,15,"[""apollo""]",,,2025-10-22T04:28:19.355Z,2025-10-22T04:28:31.499Z,,,,Richmond,Virginia,,,,,https://app.apollo.io/#/organizations/60b2503f7ea2d90001ba6f87?overrideScoreId=score,,
1229,D&V Autobody,http://www.dandvautobody.com,dandvautobody.com,"painting service, painting company",,21,"[""apollo""]",,,2025-10-22T04:28:19.356Z,2025-10-22T04:28:31.499Z,,,,Sterling,Virginia,,,,,https://app.apollo.io/#/organizations/56e743dcf3e5bb791a00abe7?overrideScoreId=score,,
1230,Moving is Easy,http://www.itiseasy.com,itiseasy.com,"painting service, painting company",,2,"[""apollo""]",,,2025-10-22T04:28:19.357Z,2025-10-22T04:28:31.499Z,,,,Chantilly,Virginia,,,,,https://app.apollo.io/#/organizations/57c48b6ca6da981591908b61?overrideScoreId=score,,
1231,Rainbow Painting Service,http://www.rainbowpaintingservices.com,rainbowpaintingservices.com,"painting service, painting company",,10,"[""apollo""]",,,2025-10-22T04:28:19.357Z,2025-10-22T04:28:31.499Z,,,,Fredericksburg,Virginia,,,,,https://app.apollo.io/#/organizations/674d843b3471db000134278c?overrideScoreId=score,,
1232,Handy Manny's Painting,http://www.handymannyspainting.com,handymannyspainting.com,"painting service, painting company",,7,"[""apollo""]",,,2025-10-22T04:28:19.358Z,2025-10-22T04:28:31.500Z,,,,Arlington,Virginia,,,,,https://app.apollo.io/#/organizations/63baeb31941ae80001f789b8?overrideScoreId=score,,
1233,CG Painting Company LLC,,,"painting service, painting company",,6,"[""apollo""]",,,2025-10-22T04:28:19.358Z,2025-10-22T04:28:31.500Z,,,,Chester,Virginia,,,,,https://app.apollo.io/#/organizations/645c9bf3b0b88900010dc68b?overrideScoreId=score,,
1234,CRESCENT PAINTING COMPANY,http://www.crescentpainting.com,crescentpainting.com,"painting service, painting company",,5,"[""apollo""]",,,2025-10-22T04:28:19.359Z,2025-10-22T04:28:31.500Z,,,,Fredericksburg,Virginia,,,,,https://app.apollo.io/#/organizations/5fd1ba714ca858000170db91?overrideScoreId=score,,
1235,Johnsons Painting Service,http://www.johnsonpainting.com,johnsonpainting.com,"painting service, painting company",,3,"[""apollo""]",,,2025-10-22T04:28:19.359Z,2025-10-22T04:28:31.500Z,,,,Portsmouth,Virginia,,,,,https://app.apollo.io/#/organizations/66fb7ad19c314d0001316c3a?overrideScoreId=score,,
1236,James River Painting Company,,,"painting service, painting company",,9,"[""apollo""]",,,2025-10-22T04:28:19.359Z,2025-10-22T04:28:31.500Z,,,,Richmond,Virginia,,,,,https://app.apollo.io/#/organizations/66dcaf264bbff90001fc0938?overrideScoreId=score,,
1237,Action Painting Service,http://www.actionpaintingservice.com,actionpaintingservice.com,"painting service, painting company",,1,"[""apollo""]",,,2025-10-22T04:28:19.360Z,2025-10-22T04:28:31.500Z,,,,Newport News,Virginia,,,,,https://app.apollo.io/#/organizations/66e642b090eedb000145c9c1?overrideScoreId=score,,
1238,CD Painting Service,http://www.cdpaintingonline.com,cdpaintingonline.com,"painting service, painting company",,1,"[""apollo""]",,,2025-10-22T04:28:19.360Z,2025-10-22T04:28:31.501Z,,,,Falls Church,Virginia,,,,,https://app.apollo.io/#/organizations/6709fd9c0c9f68000193f515?overrideScoreId=score,,
1239,Monolith Painting Company,http://www.bluemontpaintingcontractor.com,bluemontpaintingcontractor.com,"painting service, painting company",,1,"[""apollo""]",,,2025-10-22T04:28:19.360Z,2025-10-22T04:28:31.501Z,,,,Bluemont,Virginia,,,,,https://app.apollo.io/#/organizations/674fd754112bea00013895ef?overrideScoreId=score,,
1240,Friendly Painting & Contracting Inc.,http://www.friendly-painting-contracting.com,friendly-painting-contracting.com,"painting service, painting company",,,"[""apollo""]",,,2025-10-22T04:28:19.360Z,2025-10-22T04:28:31.501Z,,,,Annandale,Virginia,,,,,https://app.apollo.io/#/organizations/66ea2e657a108d01b2aad83c?overrideScoreId=score,,
1241,"Rochester Painting Company, LLC.",http://www.rochesterpaintingco.com,rochesterpaintingco.com,"painting service, painting company",,,"[""apollo""]",,,2025-10-22T04:28:19.361Z,2025-10-22T04:28:31.501Z,,,,Broadway,Virginia,,,,,https://app.apollo.io/#/organizations/67ee577356a013000d133d75?overrideScoreId=score,,
1242,M & M Drywall And Painting Company,http://www.mandmdrywallandpaintingco.com,mandmdrywallandpaintingco.com,"painting service, painting company",,3,"[""apollo""]",,,2025-10-22T04:28:19.361Z,2025-10-22T04:28:31.501Z,,,,Lynchburg,Virginia,,,,,https://app.apollo.io/#/organizations/6708cb94a60fce0001db9c78?overrideScoreId=score,,
1243,Superior Pressure Washing & Painting Company,http://www.superiorpnp.com,superiorpnp.com,"painting service, painting company",,1,"[""apollo""]",,,2025-10-22T04:28:19.361Z,2025-10-22T04:28:31.501Z,,,,Virginia Beach,Virginia,,,,,https://app.apollo.io/#/organizations/6700c531906fe40001be0baa?overrideScoreId=score,,
1244,Total Painting Service,http://www.totalpaintingservice.com,totalpaintingservice.com,"painting service, painting company",,1,"[""apollo""]",,,2025-10-22T04:28:19.362Z,2025-10-22T04:28:31.502Z,,,,Fairfax,Virginia,,,,,https://app.apollo.io/#/organizations/55eb96c0f3e5bb237900060b?overrideScoreId=score,,
1245,Edwin Painting Company,http://www.edwinpainting.com,edwinpainting.com,"painting service, painting company",,,"[""apollo""]",,,2025-10-22T04:28:19.362Z,2025-10-22T04:28:31.502Z,,,,South Riding,Virginia,,,,,https://app.apollo.io/#/organizations/6715ce353721b20001d5bb40?overrideScoreId=score,,
1246,Rtr Painting & Service Inc,http://www.rtrpainting.com,rtrpainting.com,"painting service, painting company",,1,"[""apollo""]",,,2025-10-22T04:28:19.362Z,2025-10-22T04:28:31.502Z,,,,Virginia Beach,Virginia,,,,,https://app.apollo.io/#/organizations/67d8e721219d1600015bf656?overrideScoreId=score,,
1247,T.R. YOUNG PAINTING COMPANY,http://www.tryoungservices.com,tryoungservices.com,"painting service, painting company",,,"[""apollo""]",,,2025-10-22T04:28:19.362Z,2025-10-22T04:28:31.502Z,,,,Fairfax,Virginia,,,,,https://app.apollo.io/#/organizations/6714b19de73ec000013d12c4?overrideScoreId=score,,
1248,Wade Bros Painting Company,http://www.wadebrospainting.com,wadebrospainting.com,"painting service, painting company",,,"[""apollo""]",,,2025-10-22T04:28:19.362Z,2025-10-22T04:28:31.502Z,,,,Virginia Beach,Virginia,,,,,https://app.apollo.io/#/organizations/66de9b5f154ebe00017a5430?overrideScoreId=score,,
1249,Broad Run Painting Company LLC,http://www.brpcs.com,brpcs.com,"painting service, painting company",,,"[""apollo""]",,,2025-10-22T04:28:19.363Z,2025-10-22T04:28:31.502Z,,,,Sterling,Virginia,,,,,https://app.apollo.io/#/organizations/66e77afecdedb40001045ce5?overrideScoreId=score,,
1250,Murray Painting,,,"painting service, painting company",,,"[""apollo""]",,,2025-10-22T04:28:19.363Z,2025-10-22T04:28:31.503Z,,,,,,,,,,https://app.apollo.io/#/organizations/60b2503f7ea2d90001ba6f87?overrideScoreId=score,,
1251,D&V Autobody,,,"painting service, painting company",,,"[""apollo""]",,,2025-10-22T04:28:19.363Z,2025-10-22T04:28:31.503Z,,,,,,,,,,https://app.apollo.io/#/organizations/56e743dcf3e5bb791a00abe7?overrideScoreId=score,,
1252,Moving is Easy,,,"painting service, painting company",,,"[""apollo""]",,,2025-10-22T04:28:19.363Z,2025-10-22T04:28:31.503Z,,,,,,,,,,https://app.apollo.io/#/organizations/57c48b6ca6da981591908b61?overrideScoreId=score,,
1253,Rainbow Painting Service,,,"painting service, painting company",,,"[""apollo""]",,,2025-10-22T04:28:19.364Z,2025-10-22T04:28:31.503Z,,,,,,,,,,https://app.apollo.io/#/organizations/674d843b3471db000134278c?overrideScoreId=score,,
1254,Handy Manny's Painting,,,"painting service, painting company",,,"[""apollo""]",,,2025-10-22T04:28:19.364Z,2025-10-22T04:28:31.504Z,,,,,,,,,,https://app.apollo.io/#/organizations/63baeb31941ae80001f789b8?overrideScoreId=score,,
1255,CRESCENT PAINTING COMPANY,,,"painting service, painting company",,,"[""apollo""]",,,2025-10-22T04:28:19.364Z,2025-10-22T04:28:31.504Z,,,,,,,,,,https://app.apollo.io/#/organizations/5fd1ba714ca858000170db91?overrideScoreId=score,,
1256,Johnsons Painting Service,,,"painting service, painting company",,,"[""apollo""]",,,2025-10-22T04:28:19.365Z,2025-10-22T04:28:31.504Z,,,,,,,,,,https://app.apollo.io/#/organizations/66fb7ad19c314d0001316c3a?overrideScoreId=score,,
1257,Action Painting Service,,,"painting service, painting company",,,"[""apollo""]",,,2025-10-22T04:28:19.365Z,2025-10-22T04:28:31.504Z,,,,,,,,,,https://app.apollo.io/#/organizations/66e642b090eedb000145c9c1?overrideScoreId=score,,
1258,CD Painting Service,,,"painting service, painting company",,,"[""apollo""]",,,2025-10-22T04:28:19.365Z,2025-10-22T04:28:31.504Z,,,,,,,,,,https://app.apollo.io/#/organizations/6709fd9c0c9f68000193f515?overrideScoreId=score,,
1259,Monolith Painting Company,,,"painting service, painting company",,,"[""apollo""]",,,2025-10-22T04:28:19.366Z,2025-10-22T04:28:31.504Z,,,,,,,,,,https://app.apollo.io/#/organizations/674fd754112bea00013895ef?overrideScoreId=score,,
1260,Friendly Painting & Contracting Inc.,,,"painting service, painting company",,,"[""apollo""]",,,2025-10-22T04:28:19.366Z,2025-10-22T04:28:31.505Z,,,,,,,,,,https://app.apollo.io/#/organizations/66ea2e657a108d01b2aad83c?overrideScoreId=score,,
1261,"Rochester Painting Company, LLC.",,,"painting service, painting company",,,"[""apollo""]",,,2025-10-22T04:28:19.366Z,2025-10-22T04:28:31.505Z,,,,,,,,,,https://app.apollo.io/#/organizations/67ee577356a013000d133d75?overrideScoreId=score,,
1262,M & M Drywall And Painting Company,,,"painting service, painting company",,,"[""apollo""]",,,2025-10-22T04:28:19.367Z,2025-10-22T04:28:31.505Z,,,,,,,,,,https://app.apollo.io/#/organizations/6708cb94a60fce0001db9c78?overrideScoreId=score,,
1263,Superior Pressure Washing & Painting Company,,,"painting service, painting company",,,"[""apollo""]",,,2025-10-22T04:28:19.367Z,2025-10-22T04:28:31.505Z,,,,,,,,,,https://app.apollo.io/#/organizations/6700c531906fe40001be0baa?overrideScoreId=score,,
1264,Total Painting Service,,,"painting service, painting company",,,"[""apollo""]",,,2025-10-22T04:28:19.367Z,2025-10-22T04:28:31.505Z,,,,,,,,,,https://app.apollo.io/#/organizations/55eb96c0f3e5bb237900060b?overrideScoreId=score,,
1265,Edwin Painting Company,,,"painting service, painting company",,,"[""apollo""]",,,2025-10-22T04:28:19.368Z,2025-10-22T04:28:31.505Z,,,,,,,,,,https://app.apollo.io/#/organizations/6715ce353721b20001d5bb40?overrideScoreId=score,,
1266,Rtr Painting & Service Inc,,,"painting service, painting company",,,"[""apollo""]",,,2025-10-22T04:28:19.368Z,2025-10-22T04:28:31.505Z,,,,,,,,,,https://app.apollo.io/#/organizations/67d8e721219d1600015bf656?overrideScoreId=score,,
1267,T.R. YOUNG PAINTING COMPANY,,,"painting service, painting company",,,"[""apollo""]",,,2025-10-22T04:28:19.368Z,2025-10-22T04:28:31.505Z,,,,,,,,,,https://app.apollo.io/#/organizations/6714b19de73ec000013d12c4?overrideScoreId=score,,
1268,Wade Bros Painting Company,,,"painting service, painting company",,,"[""apollo""]",,,2025-10-22T04:28:19.368Z,2025-10-22T04:28:31.505Z,,,,,,,,,,https://app.apollo.io/#/organizations/66de9b5f154ebe00017a5430?overrideScoreId=score,,
1269,Broad Run Painting Company LLC,,,"painting service, painting company",,,"[""apollo""]",,,2025-10-22T04:28:19.369Z,2025-10-22T04:28:31.505Z,,,,,,,,,,https://app.apollo.io/#/organizations/66e77afecdedb40001045ce5?overrideScoreId=score,,
1270,Tacoma House Painters,http://www.tacomahousepainter.com,tacomahousepainter.com,"painting service, painting company",,,"[""apollo""]",,,2025-10-22T04:28:22.296Z,2025-10-22T04:28:31.506Z,,,,Tacoma,Washington,,,,,https://app.apollo.io/#/organizations/64172457e4fdbb0001daa276?overrideScoreId=score,,
1271,Arclight Painting,http://www.arclightpainting.com,arclightpainting.com,"painting service, painting company",,6,"[""apollo""]",,,2025-10-22T04:28:22.297Z,2025-10-22T04:28:31.506Z,,,,Bothell,Washington,,,,,https://app.apollo.io/#/organizations/63b6b8dde0b7a10001280461?overrideScoreId=score,,
1272,All Pro Painting,http://www.allpropainting.com,allpropainting.com,"painting service, painting company",,94,"[""apollo""]",,,2025-10-22T04:28:22.297Z,2025-10-22T04:28:31.506Z,,,,Seattle,Washington,,,,,https://app.apollo.io/#/organizations/54a12aa869702db648c02302?overrideScoreId=score,,
1273,"JT Painting Company, LLC",http://www.jtpaintingcompany.com,jtpaintingcompany.com,"painting service, painting company",,8,"[""apollo""]",,,2025-10-22T04:28:22.297Z,2025-10-22T04:28:31.506Z,,,,Tumwater,Washington,,,,,https://app.apollo.io/#/organizations/5e583f5dc2f6da0001412716?overrideScoreId=score,,
1274,Olympia Painting Company,http://www.olympiapaintingco.com,olympiapaintingco.com,"painting service, painting company",,6,"[""apollo""]",,,2025-10-22T04:28:22.297Z,2025-10-22T04:28:31.506Z,,,,Olympia,Washington,,,,,https://app.apollo.io/#/organizations/556ce2f173696412580d4300?overrideScoreId=score,,
1275,FITZ PAINTING,http://www.fitzpainting.net,fitzpainting.net,"painting service, painting company",,3,"[""apollo""]",,,2025-10-22T04:28:22.298Z,2025-10-22T04:28:31.506Z,,,,Kent,Washington,,,,,https://app.apollo.io/#/organizations/6452372559851d000129772d?overrideScoreId=score,,
1276,Tinney's Painting,http://www.tinneyspainting.com,tinneyspainting.com,"painting service, painting company",,3,"[""apollo""]",,,2025-10-22T04:28:22.298Z,2025-10-22T04:28:31.506Z,,,,Puyallup,Washington,,,,,https://app.apollo.io/#/organizations/615bfaec6820570001919630?overrideScoreId=score,,
1277,"Pro Paints, LLC | Painting Company",http://www.propaintsnw.com,propaintsnw.com,"painting service, painting company",,2,"[""apollo""]",,,2025-10-22T04:28:22.298Z,2025-10-22T04:28:31.507Z,,,,Spokane,Washington,,,,,https://app.apollo.io/#/organizations/6509191eb300a600017c7061?overrideScoreId=score,,
1278,Vanhousing Painters LLC,http://www.vanhousingpainters.com,vanhousingpainters.com,"painting service, painting company",,,"[""apollo""]",,,2025-10-22T04:28:22.298Z,2025-10-22T04:28:31.507Z,,,,Covington,Washington,,,,,https://app.apollo.io/#/organizations/67df7de01db03600206acb3a?overrideScoreId=score,,
1279,"D.W. Hutchinson, Builders        and Kiss of Kolor Painting",http://www.kissofkolorpainting.com,kissofkolorpainting.com,"painting service, painting company",,,"[""apollo""]",,,2025-10-22T04:28:22.298Z,2025-10-22T04:28:31.508Z,,,,Renton,Washington,,,,,https://app.apollo.io/#/organizations/64f70955dff1750001164af9?overrideScoreId=score,,
1280,Capitol Painting Company,http://www.capitolpaintingcompany.com,capitolpaintingcompany.com,"painting service, painting company",,7,"[""apollo""]",,,2025-10-22T04:28:22.298Z,2025-10-22T04:28:31.508Z,,,,Tumwater,Washington,,,,,https://app.apollo.io/#/organizations/5ed17f1dbeff4a0001cf5b30?overrideScoreId=score,,
1281,Johns Painting Service,http://www.johnspaintingservice.com,johnspaintingservice.com,"painting service, painting company",,6,"[""apollo""]",,,2025-10-22T04:28:22.298Z,2025-10-22T04:28:31.508Z,,,,Marysville,Washington,,,,,https://app.apollo.io/#/organizations/663f780ca07d2600016edc26?overrideScoreId=score,,
1282,Pacific Painting Company,http://www.pacpaint.com,pacpaint.com,"painting service, painting company",,11,"[""apollo""]",,,2025-10-22T04:28:22.298Z,2025-10-22T04:28:31.508Z,,,,Issaquah,Washington,,,,,https://app.apollo.io/#/organizations/674b107fc0db0800013e8018?overrideScoreId=score,,
1283,CLEFT PAINTING COMPANY LLC,http://www.cleftpaintingcompany.com,cleftpaintingcompany.com,"painting service, painting company",,1,"[""apollo""]",,,2025-10-22T04:28:22.299Z,2025-10-22T04:28:31.508Z,,,,Seattle,Washington,,,,,https://app.apollo.io/#/organizations/6714fedfe73ec000014058db?overrideScoreId=score,,
1284,Valley Painting Service,http://www.allvalleypainting.net,allvalleypainting.net,"painting service, painting company",,4,"[""apollo""]",,,2025-10-22T04:28:22.299Z,2025-10-22T04:28:31.509Z,,,,Wenatchee,Washington,,,,,https://app.apollo.io/#/organizations/55f7b5a1f3e5bb6a5700008d?overrideScoreId=score,,
1285,Tacoma House Painters,,,"painting service, painting company",,,"[""apollo""]",,,2025-10-22T04:28:22.299Z,2025-10-22T04:28:31.509Z,,,,,,,,,,https://app.apollo.io/#/organizations/64172457e4fdbb0001daa276?overrideScoreId=score,,
1286,Arclight Painting,,,"painting service, painting company",,,"[""apollo""]",,,2025-10-22T04:28:22.299Z,2025-10-22T04:28:31.509Z,,,,,,,,,,https://app.apollo.io/#/organizations/63b6b8dde0b7a10001280461?overrideScoreId=score,,
1287,All Pro Painting,,,"painting service, painting company",,,"[""apollo""]",,,2025-10-22T04:28:22.300Z,2025-10-22T04:28:31.509Z,,,,,,,,,,https://app.apollo.io/#/organizations/54a12aa869702db648c02302?overrideScoreId=score,,
1288,"JT Painting Company, LLC",,,"painting service, painting company",,,"[""apollo""]",,,2025-10-22T04:28:22.300Z,2025-10-22T04:28:31.509Z,,,,,,,,,,https://app.apollo.io/#/organizations/5e583f5dc2f6da0001412716?overrideScoreId=score,,
1289,Olympia Painting Company,,,"painting service, painting company",,,"[""apollo""]",,,2025-10-22T04:28:22.300Z,2025-10-22T04:28:31.509Z,,,,,,,,,,https://app.apollo.io/#/organizations/556ce2f173696412580d4300?overrideScoreId=score,,
1290,FITZ PAINTING,,,"painting service, painting company",,,"[""apollo""]",,,2025-10-22T04:28:22.301Z,2025-10-22T04:28:31.510Z,,,,,,,,,,https://app.apollo.io/#/organizations/6452372559851d000129772d?overrideScoreId=score,,
1291,Tinney's Painting,,,"painting service, painting company",,,"[""apollo""]",,,2025-10-22T04:28:22.301Z,2025-10-22T04:28:31.510Z,,,,,,,,,,https://app.apollo.io/#/organizations/615bfaec6820570001919630?overrideScoreId=score,,
1292,"Pro Paints, LLC | Painting Company",,,"painting service, painting company",,,"[""apollo""]",,,2025-10-22T04:28:22.301Z,2025-10-22T04:28:31.510Z,,,,,,,,,,https://app.apollo.io/#/organizations/6509191eb300a600017c7061?overrideScoreId=score,,
1293,Vanhousing Painters LLC,,,"painting service, painting company",,,"[""apollo""]",,,2025-10-22T04:28:22.301Z,2025-10-22T04:28:31.511Z,,,,,,,,,,https://app.apollo.io/#/organizations/67df7de01db03600206acb3a?overrideScoreId=score,,
1294,"D.W. Hutchinson, Builders        and Kiss of Kolor Painting",,,"painting service, painting company",,,"[""apollo""]",,,2025-10-22T04:28:22.301Z,2025-10-22T04:28:31.511Z,,,,,,,,,,https://app.apollo.io/#/organizations/64f70955dff1750001164af9?overrideScoreId=score,,
1295,Capitol Painting Company,,,"painting service, painting company",,,"[""apollo""]",,,2025-10-22T04:28:22.301Z,2025-10-22T04:28:31.511Z,,,,,,,,,,https://app.apollo.io/#/organizations/5ed17f1dbeff4a0001cf5b30?overrideScoreId=score,,
1296,Johns Painting Service,,,"painting service, painting company",,,"[""apollo""]",,,2025-10-22T04:28:22.301Z,2025-10-22T04:28:31.511Z,,,,,,,,,,https://app.apollo.io/#/organizations/663f780ca07d2600016edc26?overrideScoreId=score,,
1297,Pacific Painting Company,,,"painting service, painting company",,,"[""apollo""]",,,2025-10-22T04:28:22.302Z,2025-10-22T04:28:31.512Z,,,,,,,,,,https://app.apollo.io/#/organizations/674b107fc0db0800013e8018?overrideScoreId=score,,
1298,CLEFT PAINTING COMPANY LLC,,,"painting service, painting company",,,"[""apollo""]",,,2025-10-22T04:28:22.302Z,2025-10-22T04:28:31.512Z,,,,,,,,,,https://app.apollo.io/#/organizations/6714fedfe73ec000014058db?overrideScoreId=score,,
1299,Valley Painting Service,,,"painting service, painting company",,,"[""apollo""]",,,2025-10-22T04:28:22.302Z,2025-10-22T04:28:31.512Z,,,,,,,,,,https://app.apollo.io/#/organizations/55f7b5a1f3e5bb6a5700008d?overrideScoreId=score,,
1300,Pro Painter USA-North Shore,,,"painting service, painting company",,,"[""apollo""]",,,2025-10-22T04:28:28.403Z,2025-10-22T04:28:31.512Z,,,,Wauwatosa,Wisconsin,,,,,https://app.apollo.io/#/organizations/67d8f250985ee000012f5abb?overrideScoreId=score,,
1301,Ambrick Painting Company Inc.,http://www.ambrickpaintingcompany.com,ambrickpaintingcompany.com,"painting service, painting company",,3,"[""apollo""]",,,2025-10-22T04:28:28.405Z,2025-10-22T04:28:31.513Z,,,,Greenfield,Wisconsin,,,,,https://app.apollo.io/#/organizations/54a11ec169702d77c2a8a501?overrideScoreId=score,,
1302,New Life Painting WI,http://www.newlifepaintingwi.com,newlifepaintingwi.com,"painting service, painting company",,1,"[""apollo""]",,,2025-10-22T04:28:28.406Z,2025-10-22T04:28:31.513Z,,,,Madison,Wisconsin,,,,,https://app.apollo.io/#/organizations/62a62d5028951700f75baa55?overrideScoreId=score,,
1303,STATE PAINTING COMPANY,http://www.st8ptg.com,st8ptg.com,"painting service, painting company",,12,"[""apollo""]",,,2025-10-22T04:28:28.406Z,2025-10-22T04:28:31.513Z,,,,West Allis,Wisconsin,,,,,https://app.apollo.io/#/organizations/66e90c9eba65b70001413cb8?overrideScoreId=score,,
1304,Carls Painting Service,http://www.carls-painting.com,carls-painting.com,"painting service, painting company",,11,"[""apollo""]",,,2025-10-22T04:28:28.407Z,2025-10-22T04:28:31.513Z,,,,Hubertus,Wisconsin,,,,,https://app.apollo.io/#/organizations/670156942fa6a60001441819?overrideScoreId=score,,
1305,Bills Painting Service,http://www.billspaintingllc.com,billspaintingllc.com,"painting service, painting company",,4,"[""apollo""]",,,2025-10-22T04:28:28.407Z,2025-10-22T04:28:31.513Z,,,,Eagle River,Wisconsin,,,,,https://app.apollo.io/#/organizations/68c51d2d268e4700016bdbdb?overrideScoreId=score,,
1306,Atlas Painting Company,http://www.atlas-painting.com,atlas-painting.com,"painting service, painting company",,6,"[""apollo""]",,,2025-10-22T04:28:28.407Z,2025-10-22T04:28:31.513Z,,,,Madison,Wisconsin,,,,,https://app.apollo.io/#/organizations/5d0a3f33a3ae61089773edc7?overrideScoreId=score,,
1307,Best Painting Service LLC,,,"painting service, painting company",,7,"[""apollo""]",,,2025-10-22T04:28:28.408Z,2025-10-22T04:28:31.513Z,,,,Madison,Wisconsin,,,,,https://app.apollo.io/#/organizations/66ebaf660c42ba0001177d47?overrideScoreId=score,,
1308,SDS PAINTING COMPANY - COMMERCIAL CONTRACTOR,http://www.sdspaintingcompany.com,sdspaintingcompany.com,"painting service, painting company",,,"[""apollo""]",,,2025-10-22T04:28:28.408Z,2025-10-22T04:28:31.514Z,,,,Stevens Point,Wisconsin,,,,,https://app.apollo.io/#/organizations/67159979ad0eb40001abe048?overrideScoreId=score,,
1309,T J’s Painting Service,http://www.tjspaintingservice.com,tjspaintingservice.com,"painting service, painting company",,,"[""apollo""]",,,2025-10-22T04:28:28.409Z,2025-10-22T04:28:31.514Z,,,,Lyndon Station,Wisconsin,,,,,https://app.apollo.io/#/organizations/67390c2aaad7d5000114aaa3?overrideScoreId=score,,
1310,Signature Painting Service LLC,http://www.signaturepainting.biz,signaturepainting.biz,"painting service, painting company",,,"[""apollo""]",,,2025-10-22T04:28:28.410Z,2025-10-22T04:28:31.514Z,,,,Green Bay,Wisconsin,,,,,https://app.apollo.io/#/organizations/672afa52e9b38b0001fe708c?overrideScoreId=score,,
1311,"Eagle Painting Company, Llc",http://www.osbornmaine.org,osbornmaine.org,"painting service, painting company",,,"[""apollo""]",,,2025-10-22T04:28:28.410Z,2025-10-22T04:28:31.514Z,,,,Eagle Painting Company,Llc,,,,,https://app.apollo.io/#/organizations/5fd1af1f4f331d0001fecf12?overrideScoreId=score,,
1312,Superior Werk Painting Company,http://www.superiorwerkpainting.com,superiorwerkpainting.com,"painting service, painting company",,1,"[""apollo""]",,,2025-10-22T04:28:28.411Z,2025-10-22T04:28:31.515Z,,,,Deerfield,Wisconsin,,,,,https://app.apollo.io/#/organizations/672484256dfe63000126fe50?overrideScoreId=score,,
1313,Ambrick Painting Company Inc.,,,"painting service, painting company",,,"[""apollo""]",,,2025-10-22T04:28:28.411Z,2025-10-22T04:28:31.515Z,,,,,,,,,,https://app.apollo.io/#/organizations/54a11ec169702d77c2a8a501?overrideScoreId=score,,
1314,New Life Painting WI,,,"painting service, painting company",,,"[""apollo""]",,,2025-10-22T04:28:28.412Z,2025-10-22T04:28:31.515Z,,,,,,,,,,https://app.apollo.io/#/organizations/62a62d5028951700f75baa55?overrideScoreId=score,,
1315,STATE PAINTING COMPANY,,,"painting service, painting company",,,"[""apollo""]",,,2025-10-22T04:28:28.413Z,2025-10-22T04:28:31.515Z,,,,,,,,,,https://app.apollo.io/#/organizations/66e90c9eba65b70001413cb8?overrideScoreId=score,,
1316,Carls Painting Service,,,"painting service, painting company",,,"[""apollo""]",,,2025-10-22T04:28:28.413Z,2025-10-22T04:28:31.515Z,,,,,,,,,,https://app.apollo.io/#/organizations/670156942fa6a60001441819?overrideScoreId=score,,
1317,Bills Painting Service,,,"painting service, painting company",,,"[""apollo""]",,,2025-10-22T04:28:28.413Z,2025-10-22T04:28:31.515Z,,,,,,,,,,https://app.apollo.io/#/organizations/68c51d2d268e4700016bdbdb?overrideScoreId=score,,
1318,Atlas Painting Company,,,"painting service, painting company",,,"[""apollo""]",,,2025-10-22T04:28:28.414Z,2025-10-22T04:28:31.515Z,,,,,,,,,,https://app.apollo.io/#/organizations/5d0a3f33a3ae61089773edc7?overrideScoreId=score,,
1319,SDS PAINTING COMPANY - COMMERCIAL CONTRACTOR,,,"painting service, painting company",,,"[""apollo""]",,,2025-10-22T04:28:28.414Z,2025-10-22T04:28:31.515Z,,,,,,,,,,https://app.apollo.io/#/organizations/67159979ad0eb40001abe048?overrideScoreId=score,,
1320,T J’s Painting Service,,,"painting service, painting company",,,"[""apollo""]",,,2025-10-22T04:28:28.415Z,2025-10-22T04:28:31.515Z,,,,,,,,,,https://app.apollo.io/#/organizations/67390c2aaad7d5000114aaa3?overrideScoreId=score,,
1321,Signature Painting Service LLC,,,"painting service, painting company",,,"[""apollo""]",,,2025-10-22T04:28:28.415Z,2025-10-22T04:28:31.515Z,,,,,,,,,,https://app.apollo.io/#/organizations/672afa52e9b38b0001fe708c?overrideScoreId=score,,
1322,"Eagle Painting Company, Llc",,,"painting service, painting company",,,"[""apollo""]",,,2025-10-22T04:28:28.415Z,2025-10-22T04:28:31.516Z,,,,,,,,,,https://app.apollo.io/#/organizations/5fd1af1f4f331d0001fecf12?overrideScoreId=score,,
1323,Superior Werk Painting Company,,,"painting service, painting company",,,"[""apollo""]",,,2025-10-22T04:28:28.416Z,2025-10-22T04:28:31.516Z,,,,,,,,,,https://app.apollo.io/#/organizations/672484256dfe63000126fe50?overrideScoreId=score,,
1324,Pavement Markings LLC,http://www.sheridanpavementmarkings.com,sheridanpavementmarkings.com,"painting service, painting company",,64,"[""apollo""]",,,2025-10-22T04:28:31.368Z,2025-10-22T04:28:31.516Z,,,,Sheridan,Wyoming,,,,,https://app.apollo.io/#/organizations/5da3ee217e5db600018e0b45?overrideScoreId=score,,
1325,Western View Painting LLC,http://www.westernviewpainting.com,westernviewpainting.com,"painting service, painting company",,3,"[""apollo""]",,,2025-10-22T04:28:31.370Z,2025-10-22T04:28:31.516Z,,,,Laramie,Wyoming,,,,,https://app.apollo.io/#/organizations/62a5d7f2f095a700a325ffe1?overrideScoreId=score,,
1326,Pavement Markings LLC,,,"painting service, painting company",,,"[""apollo""]",,,2025-10-22T04:28:31.370Z,2025-10-22T04:28:31.516Z,,,,,,,,,,https://app.apollo.io/#/organizations/5da3ee217e5db600018e0b45?overrideScoreId=score,,
1327,Western View Painting LLC,,,"painting service, painting company",,,"[""apollo""]",,,2025-10-22T04:28:31.371Z,2025-10-22T04:28:31.516Z,,,,,,,,,,https://app.apollo.io/#/organizations/62a5d7f2f095a700a325ffe1?overrideScoreId=score,,