Name,Website,Phone,Address,City,State,PostalCode,Rating,Reviews,Categories,Email,Source,Query,Apollo,Revenue,Employees,Keywords,LinkedIn,Facebook,Twitter,Hours,Description,SocialProfiles
Ritchie Bros.,http://www.ritchiebros.com,,,Westchester,Illinois,,,,,,apollo,"Painting services, painting company - Illinois",https://app.apollo.io/#/organizations/54a23b947468693fda2e3218?overrideScoreId=score,,,auctions+110,http://www.linkedin.com/company/ritchie-bros,,,,,
Standard Drywall Inc.,http://www.standarddrywall.com,,,Corona,California,,,,,,apollo,"Painting services, painting company - California",https://app.apollo.io/#/organizations/54a19e1474686945faba4302?overrideScoreId=score,,,acoustical+123,http://www.linkedin.com/company/standard-drywall-inc.,https://facebook.com/standard-drywall-inc-2224929251061835,,,,
College Works Painting,http://www.collegeworks.com,,,Irvine,California,,,,,,apollo,"Painting services, painting company - California",https://app.apollo.io/#/organizations/54a1341b69702d2db4495e00?overrideScoreId=score,9.5M,,paintingleading+62,http://www.linkedin.com/company/college-works-painting,https://facebook.com/collegeworks,https://twitter.com/College_Works,,,
Vivax Pros,http://www.vivaxpros.com,,,Denver,Colorado,,,,,,apollo,"Painting services, painting company - Colorado",https://app.apollo.io/#/organizations/5da448f510ef7e00014d4a1a?overrideScoreId=score,25M,,painting company+57,http://www.linkedin.com/company/vivax-pro-painting,https://facebook.com/vivaxpros,https://twitter.com/Vivax_Pros,,,
J & J Construction,http://www.jandjconst.net,,,Westminster,Maryland,,,,,,apollo,"Painting services, painting company - Maryland",https://app.apollo.io/#/organizations/5d345b27f65125ec423670ab?overrideScoreId=score,,,construction+59,http://www.linkedin.com/company/j-j-construction,https://www.facebook.com/JJ2000Inc,,,,
Stucco Repair Phoenix,http://www.stuccorepairphoenix.com,,,Phoenix,Arizona,,,,,,apollo,"Painting services, painting company - Arizona",https://app.apollo.io/#/organizations/645e10f1fa1d730001e4008b?overrideScoreId=score,,,,http://www.linkedin.com/company/stucco-repair-phoenix,,,,,
Creek Valley Construction,http://www.creekvalleyconstruction.com,,,Franklin,Tennessee,,,,,,apollo,"Painting services, painting company - Tennessee",https://app.apollo.io/#/organizations/637b79bbd30deb00b9d1d207?overrideScoreId=score,,,carpentry+66,http://www.linkedin.com/company/creekvalleyconstruction,,,,,
painting contractor,http://www.wellspaintservice.com,,,Kiowa,Kansas,,,,,,apollo,"Painting services, painting company - Kansas",https://app.apollo.io/#/organizations/56d978fff3e5bb731d002ade?overrideScoreId=score,,,painting contractor,http://www.linkedin.com/company/painting-contractor,,,,,
Painter Bros,http://www.painterbros.com,,,American Fork,Utah,,,,,,apollo,"Painting services, painting company - Utah",https://app.apollo.io/#/organizations/60f648f7c0fda10001b16b6f?overrideScoreId=score,,,interior painting+59,http://www.linkedin.com/company/painter-bros-franchising,,,,,
Reynolds Construction Company,http://www.reynoldsconstructioncompany.com,,,Pine Bluff,Arkansas,,,,,,apollo,"Painting services, painting company - Arkansas",https://app.apollo.io/#/organizations/5ed179d1d694a4000192322b?overrideScoreId=score,,,commercial roofing+53,http://www.linkedin.com/company/reynolds-construction-company,https://www.facebook.com/ReynoldsConstructionAndCommercialRoofing/,https://twitter.com/reynoldsconstr2,,,
Professional Painting,http://www.professionalpainting.com,,,Redding,California,,,,,,apollo,"Painting services, painting company - California",https://app.apollo.io/#/organizations/5c260a2aa3ae6149eb9264d9?overrideScoreId=score,,,exterior painting+47,http://www.linkedin.com/company/professional-paintingredding,https://www.facebook.com/professionalpaintingredding/,https://twitter.com/propaintredding,,,
Painting Contractor USA,http://www.paintingcontractorusa.com,,,Fort Wayne,Indiana,,,,,,apollo,"Painting services, painting company - Indiana",https://app.apollo.io/#/organizations/54a1bb977468695475b1090c?overrideScoreId=score,48.8M,,agricultural painting+58,http://www.linkedin.com/company/painting-contractor-usa,https://facebook.com/PaintingContractorUSA,https://twitter.com/PContractorUSA,,,
Chaparral Company,http://www.chaparralco.com,,,Waco,Texas,,,,,,apollo,"Painting services, painting company - Texas",https://app.apollo.io/#/organizations/5f9966c75503ee008c51b0cf?overrideScoreId=score,33.4M,,piping insulation+49,http://www.linkedin.com/company/chaparral-company,,https://twitter.com/chaparral_is_ps,,,
Pete King Construction,http://www.petekingaz.com,,,Phoenix,Arizona,,,,,,apollo,"Painting services, painting company - Arizona",https://app.apollo.io/#/organizations/5d09707080f93e32feb7662e?overrideScoreId=score,25.6M,,drywall+65,http://www.linkedin.com/company/pete-king-construction,https://www.facebook.com/petekingconstruction/,,,,
ATG Construction Services,http://www.atgweb.com,,,Hillsboro,Oregon,,,,,,apollo,"Painting services, painting company - Oregon",https://app.apollo.io/#/organizations/5500c3b47369641710974600?overrideScoreId=score,10M,,architectural services+79,http://www.linkedin.com/company/advanced-technology-group-inc-,https://www.facebook.com/ATGWebInc/,,,,
Maguire,http://www.maguirewater.com,,,Sioux Falls,South Dakota,,,,,,apollo,"Painting services, painting company - South Dakota",https://app.apollo.io/#/organizations/64585912762c7200012ed2df?overrideScoreId=score,,,water tower experts+54,http://www.linkedin.com/company/maguire-inc,,,,,
HandyPro,http://www.handypro.com,,,Farmington,Michigan,,,,,,apollo,"Painting services, painting company - Michigan",https://app.apollo.io/#/organizations/6065d9a26d288200e2af8a36?overrideScoreId=score,2M,,fully licensed+76,http://www.linkedin.com/company/handypro,https://www.facebook.com/HandyProFans,https://twitter.com/HandyPro,,,
Armstrong Construction,http://www.jarmstrongconstruction.com,,,Covina,California,,,,,,apollo,"Painting services, painting company - California",https://app.apollo.io/#/organizations/54a138a569702d2851ff0000?overrideScoreId=score,26.4M,,,http://www.linkedin.com/company/armstrong-construction,,,,,
Axis Industries,http://www.axisindustries.com,,,La Porte,Texas,,,,,,apollo,"Painting services, painting company - Texas",https://app.apollo.io/#/organizations/6217060000442b0001b15498?overrideScoreId=score,,,scaffolding+63,http://www.linkedin.com/company/axis-industries,,,,,
PCM Services,http://www.pcmservices.com,,,Beltsville,Maryland,,,,,,apollo,"Painting services, painting company - Maryland",https://app.apollo.io/#/organizations/54a12a8669702d9b8be42702?overrideScoreId=score,1.9M,,asphaltconcrete+62,http://www.linkedin.com/company/pcm-services,https://facebook.com/ExceedingClientExpectations,https://twitter.com/PCMServices92,,,
MC Painting,http://www.mc-painting.com,,,Oceanside,California,,,,,,apollo,"Painting services, painting company - California",https://app.apollo.io/#/organizations/54a11be469702d8aa1205d00?overrideScoreId=score,,,painting+52,http://www.linkedin.com/company/mc-painting,,,,,
Stewart Richey Contracting Group,http://www.stewartrichey.com,,,Bowling Green,Kentucky,,,,,,apollo,"Painting services, painting company - Kentucky",https://app.apollo.io/#/organizations/54a19b1e74686954753d2901?overrideScoreId=score,4.9M,,concretepainting+66,http://www.linkedin.com/company/stewart-richey-construction-inc-,https://facebook.com/StewartRichey,https://twitter.com/StewartRichey,,,
Long Painting Company,http://www.longpainting.com,,,Kent,Washington,,,,,,apollo,"Painting services, painting company - Washington",https://app.apollo.io/#/organizations/54a1206969702d8aa13d4102?overrideScoreId=score,4.4M,,tank linings+57,http://www.linkedin.com/company/long-painting-company,https://facebook.com/longpaintingcompany,https://twitter.com/LongPaintingCo,,,
A&K Painting Company,http://www.akpainting.com,,,Charlotte,North Carolina,,,,,,apollo,"Painting services, painting company - North Carolina",https://app.apollo.io/#/organizations/54a11eb469702d77c29b9b01?overrideScoreId=score,4.1M,,,http://www.linkedin.com/company/a&k-painting,https://facebook.com/pages/AK-Painting-Company/257140764912,https://twitter.com/AKPaint,,,
"CENTURY DRYWALL, INC.",http://www.centurydrywallinc.com,,,Lincoln,Rhode Island,,,,,,apollo,"Painting services, painting company - Rhode Island",https://app.apollo.io/#/organizations/6656e22b48b4440001a0755d?overrideScoreId=score,80M,,,http://www.linkedin.com/company/century-drywall-inc.,,,,,
"Omni Glass & Paint, LLC",http://www.omnigp.com,,,Oshkosh,Wisconsin,,,,,,apollo,"Painting services, painting company - Wisconsin",https://app.apollo.io/#/organizations/55f00f51f3e5bb0e5c003d20?overrideScoreId=score,1.3M,,commercial glass+59,http://www.linkedin.com/company/omni-glass-&-paint-inc-,http://facebook.com/omnigp,https://twitter.com/omniglasspaint,,,
Fisher Tank Company,http://www.fishertank.com,,,Chester,Pennsylvania,,,,,,apollo,"Painting services, painting company - Pennsylvania",https://app.apollo.io/#/organizations/54a1afab746869401293ff07?overrideScoreId=score,24.3M,,api 650api 653+65,http://www.linkedin.com/company/fisher-tank-company,http://www.facebook.com/FisherTankCompany/,https://twitter.com/fishertankco/,,,
"Swanson & Youngdale, Inc.",http://www.swansonyoungdale.com,,,Swanson & Youngdale,Inc.,,,,,,apollo,"Painting services, painting company - Inc.",https://app.apollo.io/#/organizations/54a19e137468694012a44002?overrideScoreId=score,11.6M,,commercial painting+46,http://www.linkedin.com/company/swanson-&-youngdale-inc.,https://www.facebook.com/Swanson-Youngdale-Inc-249764911736118/,https://twitter.com/SY_SYINC,,,
"Graydaze Contracting, Inc.",http://www.graydaze.com,,,Graydaze Contracting,Inc.,,,,,,apollo,"Painting services, painting company - Inc.",https://app.apollo.io/#/organizations/54a1297a69702db6481a9701?overrideScoreId=score,100M,,painting+57,http://www.linkedin.com/company/graydaze,https://www.facebook.com/GraydazeContracting,,,,
Stancil Services,http://www.stancilservices.com,,,Concord,North Carolina,,,,,,apollo,"Painting services, painting company - North Carolina",https://app.apollo.io/#/organizations/54a1281369702d8eeb913201?overrideScoreId=score,35.1M,,inc 5000+46,http://www.linkedin.com/company/stancil-services,,,,,
Pro Painters,http://www.mypropainters.com,,,Houston,Texas,,,,,,apollo,"Painting services, painting company - Texas",https://app.apollo.io/#/organizations/55ed8641f3e5bb227b0016f5?overrideScoreId=score,,,interior painting+62,http://www.linkedin.com/company/pro-painters,https://www.facebook.com/mypropainters,,,,
Superior Contracting & Maintenance,http://www.superior-maintenance.com,,,Marietta,Georgia,,,,,,apollo,"Painting services, painting company - Georgia",https://app.apollo.io/#/organizations/5da3c1da3e9e680001c76474?overrideScoreId=score,,,plumbingelectrical+83,http://www.linkedin.com/company/superior-contracting-maintenance,,,,,
Precision Painting Plus,http://www.precisionpaintingplus.net,,,Westbury,New York,,,,,,apollo,"Painting services, painting company - New York",https://app.apollo.io/#/organizations/559215e473696418f65a5c00?overrideScoreId=score,12.3M,,painting interior+75,http://www.linkedin.com/company/precision-painting-plus,https://facebook.com/precisionpaintingplus/,https://twitter.com/precisionpp,,,
Nolan Painting,http://www.nolanpainting.com,,,Havertown,Pennsylvania,,,,,,apollo,"Painting services, painting company - Pennsylvania",https://app.apollo.io/#/organizations/54a1b02574686958600c5508?overrideScoreId=score,13.4M,,,http://www.linkedin.com/company/nolan-painting,https://www.facebook.com/NolanPaintingContractor,https://twitter.com/nolan_painting,,,
"Ascher Brothers Co., Inc.",http://www.ascherbrothers.com,,,Chicago,Illinois,,,,,,apollo,"Painting services, painting company - Illinois",https://app.apollo.io/#/organizations/61ec33991e83ed0001ec33ef?overrideScoreId=score,31.8M,,,http://www.linkedin.com/company/ascherbrothers,https://facebook.com/AscherBrothersCoInc,,,,
Whitecap Construction Services,http://www.whitecapconstructionservices.com,,,Manassas,Virginia,,,,,,apollo,"Painting services, painting company - Virginia",https://app.apollo.io/#/organizations/61eb8515ab01540001e837df?overrideScoreId=score,,,remodelswindows+93,http://www.linkedin.com/company/whitecap-construction-services,https://www.facebook.com/WhitecapConstructionServices/,,,,
IOC Construction,http://www.iocconstruction.com,,,Batavia,Illinois,,,,,,apollo,"Painting services, painting company - Illinois",https://app.apollo.io/#/organizations/54a135fe69702d46f0c7ea00?overrideScoreId=score,,,interior+69,http://www.linkedin.com/company/inside-out-company,,,,,
"Arch Painting, Inc.",http://www.archpainting.com,,,Arch Painting,Inc.,,,,,,apollo,"Painting services, painting company - Inc.",https://app.apollo.io/#/accounts/68f0199cc13bac00210d6d46?overrideScoreId=score,9.1M,,corporateretail+81,http://www.linkedin.com/company/arch-painting-inc-,https://facebook.com/archpainting,https://twitter.com/archpainting,,,
PRESTIGE PAINTING,http://www.prestigepainting1.com,,,Venetia,Pennsylvania,,,,,,apollo,"Painting services, painting company - Pennsylvania",https://app.apollo.io/#/organizations/54a1bfab7468694f8fa8cb0d?overrideScoreId=score,,,interior painting+49,http://www.linkedin.com/company/prestige-painting,,,,,
Johnson Contracting Company,http://www.jccinc.com,,,East Moline,Illinois,,,,,,apollo,"Painting services, painting company - Illinois",https://app.apollo.io/#/organizations/54a1a0b674686945fa261b03?overrideScoreId=score,27.4M,,plumbingheating+63,http://www.linkedin.com/company/johnson-contracting-co--inc,,,,,
International Decorators Inc.,http://www.4idi.com,,,Barrington,Illinois,,,,,,apollo,"Painting services, painting company - Illinois",https://app.apollo.io/#/organizations/54a199577468695860099f00?overrideScoreId=score,64.0M,,,http://www.linkedin.com/company/international-decorators-inc-,https://www.facebook.com/internationaldecorators/,,,,
JC Painting Co,http://www.jcpaintingusa.com,,,Austin,Texas,,,,,,apollo,"Painting services, painting company - Texas",https://app.apollo.io/#/organizations/55f9bb3ef3e5bb7c48001dd3?overrideScoreId=score,,,,http://www.linkedin.com/company/jc-painting-co,,,,,
"Jamestown Painting, Inc",http://www.jamestownpainting.com,,,Jamestown Painting,Inc,,,,,,apollo,"Painting services, painting company - Inc",https://app.apollo.io/#/organizations/5ed4b0ede82ab60001a50ed9?overrideScoreId=score,32.8M,,joint expansions+76,http://www.linkedin.com/company/jamestown-painting,https://facebook.com/jamestownpaintinginc,https://twitter.com/jamestownpaint,,,
VPI,http://www.vpi.net,,,Sacramento,California,,,,,,apollo,"Painting services, painting company - California",https://app.apollo.io/#/organizations/5e297c6d9577ad00e05e9c9c?overrideScoreId=score,,,project management+50,http://www.linkedin.com/company/vpipro,https://www.facebook.com/VPIpro/,,,,
General Coatings Corporation,http://www.gencoat.com,,,San Diego,California,,,,,,apollo,"Painting services, painting company - California",https://app.apollo.io/#/organizations/673e4e5271ff6a01b0b0f13d?overrideScoreId=score,6.5M,,waterproof coatings+47,http://www.linkedin.com/company/general-coatings-corporation,https://facebook.com/GenCoat,https://twitter.com/gencoat,,,
My Handyman,http://www.myhandymancolumbus.com,,,Westerville,Ohio,,,,,,apollo,"Painting services, painting company - Ohio",https://app.apollo.io/#/organizations/55f1c537f3e5bb15d6003ae2?overrideScoreId=score,,,exterior repairs+81,http://www.linkedin.com/company/my-handyman-columbus,https://www.facebook.com/HandymanColumbus,https://twitter.com/MyHandyman_Cbus,,,
American Exteriors,http://www.americanexteriors.com,,,Lorton,Virginia,,,,,,apollo,"Painting services, painting company - Virginia",https://app.apollo.io/#/organizations/5592139d7369641865a05400?overrideScoreId=score,,,timely completion+88,http://www.linkedin.com/company/american-exteriors,,,,,
Williams Professional Painting,http://www.williamsprofessionalpainting.com,,,Alexandria,Virginia,,,,,,apollo,"Painting services, painting company - Virginia",https://app.apollo.io/#/organizations/54a1b7047468695c822f320a?overrideScoreId=score,30.1M,,,http://www.linkedin.com/company/williams-professional-painting,https://www.facebook.com/williamsprofessionalpainting/,https://twitter.com/WilliamsPaint,,,
Painting Plus,http://www.paintingplus.com,,,Marietta,Georgia,,,,,,apollo,"Painting services, painting company - Georgia",https://app.apollo.io/#/organizations/54a127d369702db878558b00?overrideScoreId=score,5.1M,,siding contractor+98,http://www.linkedin.com/company/paintingplus,https://www.facebook.com/PaintingPlusGa/,,,,
SpecSys Inc.,http://www.specsys.com,,,Montevideo,Minnesota,,,,,,apollo,"Painting services, painting company - Minnesota",https://app.apollo.io/#/organizations/5c2539a1f65125e24633ca2e?overrideScoreId=score,,,contract manufacturing+61,http://www.linkedin.com/company/specsys-inc,https://www.facebook.com/specsys/,https://twitter.com/specsys_inc,,,
New Life Painting,http://www.new-life-painting.com,,,San Marcos,California,,,,,,apollo,"Painting services, painting company - California",https://app.apollo.io/#/organizations/54a13c9069702d231f533702?overrideScoreId=score,,,stucco repair+47,http://www.linkedin.com/company/new-life-painting,https://www.facebook.com/NewLifePaint/,https://twitter.com/newlifepainting,,,
Davis Painting,http://www.davispaintingco.com,,,Deer Park,Washington,,,,,,apollo,"Painting services, painting company - Washington",https://app.apollo.io/#/organizations/645684109fd4b400a36471b9?overrideScoreId=score,,,residential painting+91,http://www.linkedin.com/company/davis-painting,https://www.facebook.com/Davis-Painting-104383998949913,,,,
Copperhead Inc.,http://www.copperheadconstruction.com,,,Nashville,Tennessee,,,,,,apollo,"Painting services, painting company - Tennessee",https://app.apollo.io/#/organizations/5da3821aba58a30001181650?overrideScoreId=score,,,design/build+33,http://www.linkedin.com/company/copperheadinc,,,,,
"TMI Coatings, LLC",http://www.tmicoatings.com,,,Saint Paul,Minnesota,,,,,,apollo,"Painting services, painting company - Minnesota",https://app.apollo.io/#/organizations/54a19d6a74686945fad10202?overrideScoreId=score,5.8M,,,http://www.linkedin.com/company/tmi-coatings-llc,https://facebook.com/TMICoatings,https://twitter.com/TMICoatings,,,
Pavement Markings LLC,http://www.sheridanpavementmarkings.com,,,Sheridan,Wyoming,,,,,,apollo,"Painting services, painting company - Wyoming",https://app.apollo.io/#/organizations/5da3ee217e5db600018e0b45?overrideScoreId=score,,,pavement striping+42,http://www.linkedin.com/company/pavement-markings-llc,https://www.facebook.com/Pavementmarkingsllc/,,,,
Service Painting Corporation,http://www.servicepainting.com,,,Tampa,Florida,,,,,,apollo,"Painting services, painting company - Florida",https://app.apollo.io/#/organizations/55923d947369642393579100?overrideScoreId=score,5.8M,,commercial painting+54,http://www.linkedin.com/company/service-painting-corporation,,,,,
"Metro Construction, Inc",http://www.mymetroconstruction.com,,,Metro Construction,Inc,,,,,,apollo,"Painting services, painting company - Inc",https://app.apollo.io/#/organizations/54a12b1f69702decc5f50000?overrideScoreId=score,7.2M,,general contracting+56,http://www.linkedin.com/company/metro-construction-inc,https://facebook.com/MetroConstruction,https://twitter.com/MyMetroCon,,,
Excel Roofing,http://www.excelroofing.com,,,Englewood,Colorado,,,,,,apollo,"Painting services, painting company - Colorado",https://app.apollo.io/#/organizations/5a9e0d79a6da98d935698f66?overrideScoreId=score,26.9M,,roofingwindows+87,http://www.linkedin.com/company/excel-roofing,https://www.facebook.com/ExcelRoofingInc,https://twitter.com/excelroofinginc,,,
"Mark Beamish Waterproofing, Inc.",http://www.markbeamish.com,,,Mark Beamish Waterproofing,Inc.,,,,,,apollo,"Painting services, painting company - Inc.",https://app.apollo.io/#/organizations/54a25e7574686935beeba21d?overrideScoreId=score,13.0M,,,http://www.linkedin.com/company/mark-beamish-waterproofing,https://facebook.com/markbeamishwaterproofing,https://twitter.com/mbw_1981,,,
Optiline Enterprises,http://www.optiline.com,,,Nashua,New Hampshire,,,,,,apollo,"Painting services, painting company - New Hampshire",https://app.apollo.io/#/organizations/5b8631f3f874f72e47be89d6?overrideScoreId=score,,,,http://www.linkedin.com/company/optiline-enterprises,,https://twitter.com/OptilineEnt,,,
"NJR CONSTRUCTION, LLC",http://www.njr-construction.com,,,Gastonia,North Carolina,,,,,,apollo,"Painting services, painting company - North Carolina",https://app.apollo.io/#/organizations/5da470cce3ed0a00019a8047?overrideScoreId=score,,,metal framing+59,http://www.linkedin.com/company/njr-construction-llc,https://www.facebook.com/profile.php,,,,
Dl Construction,http://www.dl-constructiongroup.com,,,Warren,Ohio,,,,,,apollo,"Painting services, painting company - Ohio",https://app.apollo.io/#/organizations/65fbca7bcac7f800073a8655?overrideScoreId=score,,,,http://www.linkedin.com/company/dl-construction,,,,,
Painter Ready Group,http://www.painter-ready.com,,,Nashville,Tennessee,,,,,,apollo,"Painting services, painting company - Tennessee",https://app.apollo.io/#/organizations/54a1b75f746869401240a20a?overrideScoreId=score,,,retail painting+50,http://www.linkedin.com/company/painter-ready-group,https://facebook.com/PainterReadyChattanooga,,,,
Cobra Electric,http://www.cobraelectric.com,,,Baton Rouge,Louisiana,,,,,,apollo,"Painting services, painting company - Louisiana",https://app.apollo.io/#/organizations/55ee7e31f3e5bb22c8001d09?overrideScoreId=score,12.4M,,traffic sensors+46,http://www.linkedin.com/company/cobra-electric,,,,,
"Common Links Construction, LLC",http://www.clcbuild.com,,,Brookfield,Wisconsin,,,,,,apollo,"Painting services, painting company - Wisconsin",https://app.apollo.io/#/organizations/54a1273f69702dc841641500?overrideScoreId=score,31.5M,,,http://www.linkedin.com/company/common-links-construction-llc,,,,,
Platinum Painting,http://www.platinumpainting.com,,,Keller,Texas,,,,,,apollo,"Painting services, painting company - Texas",https://app.apollo.io/#/organizations/5e57d403108ba90001fa63f7?overrideScoreId=score,33.6M,,,http://www.linkedin.com/company/platinum-painting-dfw,https://www.facebook.com/Platinum-Painting-494890083984252/,,,,
"Advanced Exteriors, Inc.",http://www.advancedexteriors.com,,,Advanced Exteriors,Inc.,,,,,,apollo,"Painting services, painting company - Inc.",https://app.apollo.io/#/organizations/54fca55f73696401764f2e00?overrideScoreId=score,7.9M,,roofingsiding+63,http://www.linkedin.com/company/advanced-exteriors-inc-,https://www.facebook.com/AdvancedExteriors/,,,,
Prime Painting,http://www.primepaintingphoenix.com,,,Tempe,Arizona,,,,,,apollo,"Painting services, painting company - Arizona",https://app.apollo.io/#/organizations/60f2f03f6cb0ad000199aabc?overrideScoreId=score,,,exterior painting+68,http://www.linkedin.com/company/myprimepainting,https://www.facebook.com/myprimepainting,https://twitter.com/myprimepainting,,,
The Painting Company,http://www.gopaintingcompany.com,,,Bellevue,Nebraska,,,,,,apollo,"Painting services, painting company - Nebraska",https://app.apollo.io/#/organizations/5e56b2f652e7ad0001f55c3b?overrideScoreId=score,,,surface repair+103,http://www.linkedin.com/company/the-painting-company-omaha,https://www.facebook.com/gopaintingcompany,https://twitter.com/gopaintingco,,,
DeSimone Construction,http://www.desimoneconstruct.com,,,Sayreville,New Jersey,,,,,,apollo,"Painting services, painting company - New Jersey",https://app.apollo.io/#/organizations/5e56af251f91be00015678e1?overrideScoreId=score,,,quality workmanship+56,http://www.linkedin.com/company/desimoneconstruction,,,,,
Rumsey Construction & Restoration,http://www.rumseycr.com,,,Columbia,South Carolina,,,,,,apollo,"Painting services, painting company - South Carolina",https://app.apollo.io/#/organizations/5e55e70f7eadb10001712a7c?overrideScoreId=score,,,water damage+60,http://www.linkedin.com/company/rumsey-construction-restoration,https://facebook.com/rumseycrclt,https://twitter.com/rumseycr_clt,,,
Empire Painting,http://www.empirepaintingwi.com,,,Delafield,Wisconsin,,,,,,apollo,"Painting services, painting company - Wisconsin",https://app.apollo.io/#/organizations/5b143c17a6da98dce2ea2c21?overrideScoreId=score,2.4M,,interior painting+71,http://www.linkedin.com/company/empirepaintingwi,https://facebook.com/EmpirePaintingWI,https://twitter.com/EPaintingWI,,,
"YellowHammer, LLC",http://www.yellowhammerconstruction.com,,,Hoover,Alabama,,,,,,apollo,"Painting services, painting company - Alabama",https://app.apollo.io/#/organizations/5fc965c502961e0001509f1e?overrideScoreId=score,,,custom home building+65,http://www.linkedin.com/company/yellowhammer-llc,https://www.facebook.com/yellowhammerconstruction/,https://twitter.com/yellowhammerllc,,,
Zack Painting Company,http://www.zackpainting.com,,,Woodbridge Township,New Jersey,,,,,,apollo,"Painting services, painting company - New Jersey",https://app.apollo.io/#/organizations/5500c3da73696460fc534900?overrideScoreId=score,10M,,painting+66,http://www.linkedin.com/company/zack-painting-company,,,,,
Heggem-Lundquist,http://www.heggem-lundquist.com,,,Denver,Colorado,,,,,,apollo,"Painting services, painting company - Colorado",https://app.apollo.io/#/organizations/54a11c4569702d77c24aa200?overrideScoreId=score,29.2M,,quality work+34,http://www.linkedin.com/company/heggem-lundquist,https://facebook.com/HeggemLundquist,,,,
Prestige Painting,http://www.prestigepaintingpa.com,,,Kinzers,Pennsylvania,,,,,,apollo,"Painting services, painting company - Pennsylvania",https://app.apollo.io/#/organizations/61342dea6442b20001691644?overrideScoreId=score,,,dri-one flame retardant+51,http://www.linkedin.com/company/prestige-painting-pa,https://www.facebook.com/prestigepaintingpa/,,,,
Elite Painting Services,http://www.elitepaintingservices.net,,,Cherry Hill,New Jersey,,,,,,apollo,"Painting services, painting company - New Jersey",https://app.apollo.io/#/organizations/5da3f5b97e5db600018e364e?overrideScoreId=score,,,project management+49,http://www.linkedin.com/company/elite-painting-services-l-l-c,https://www.facebook.com/Elite-Painting-Services-336806490501375,,,,
Gonzalez Painting,http://www.edgonzalezpainting.com,,,Twin Falls,Idaho,,,,,,apollo,"Painting services, painting company - Idaho",https://app.apollo.io/#/organizations/55e81e6ff3e5bb15ff0008a0?overrideScoreId=score,,,,http://www.linkedin.com/company/gonzalez-painting,,,,,
Final Touch Painting Services,http://www.ftpaint.com,,,Delaware,Ohio,,,,,,apollo,"Painting services, painting company - Ohio",https://app.apollo.io/#/organizations/556d268b73696411b63fa100?overrideScoreId=score,,,fences & siding+52,http://www.linkedin.com/company/final-touch-painting-services,https://www.facebook.com/FinalTouchPaintingServices,,,,
Masterpiece Painting CO,http://www.masterpiecepainting.com,,,Fort Collins,Colorado,,,,,,apollo,"Painting services, painting company - Colorado",https://app.apollo.io/#/organizations/55f84cfaf3e5bb7643004c05?overrideScoreId=score,,,residential repainting+44,http://www.linkedin.com/company/masterpiece-painting-co,,,,,
Handy Man Repairs,http://www.fixsl.com,,,Saint Louis,Missouri,,,,,,apollo,"Painting services, painting company - Missouri",https://app.apollo.io/#/organizations/5592053573696418bc312000?overrideScoreId=score,,,window installation+124,http://www.linkedin.com/company/handy-man-repairs,,,,,
Phillips Home Improvements,http://www.phillipshomeimprovements.com,,,Allen,Texas,,,,,,apollo,"Painting services, painting company - Texas",https://app.apollo.io/#/organizations/5b84bc61324d44720b138047?overrideScoreId=score,,,roofinggutters+59,http://www.linkedin.com/company/phillips-home-improvements,https://facebook.com/phillipshomeimprovements,https://twitter.com/phillipspaint,,,
Handy Helper,http://www.homefronthandymantc.com,,,Traverse City,Michigan,,,,,,apollo,"Painting services, painting company - Michigan",https://app.apollo.io/#/organizations/55e8d29df3e5bb5cf40001f9?overrideScoreId=score,,,fence repair+50,http://www.linkedin.com/company/handy-helper,,,,,
Painters Plus,http://www.paintersplus.us,,,Encinitas,California,,,,,,apollo,"Painting services, painting company - California",https://app.apollo.io/#/organizations/673d8a51d2ed6201b024c4c5?overrideScoreId=score,,,business painting+53,http://www.linkedin.com/company/painters-plus-wny,,,,,
SKY EDIFICE,http://www.skyedifice.com,,,Cerritos,California,,,,,,apollo,"Painting services, painting company - California",https://app.apollo.io/#/organizations/61616eed8bfbd30001b43792?overrideScoreId=score,,,construction company+18,http://www.linkedin.com/company/sky-edifice,,,,,
LA Contractors and Builders,http://www.lacontractorsbuilders.com,,,Los Angeles,California,,,,,,apollo,"Painting services, painting company - California",https://app.apollo.io/#/organizations/604a7663a1a8d700018dc6a4?overrideScoreId=score,,,plumbingstucco+77,http://www.linkedin.com/company/lacontractors-andbuilders,https://www.facebook.com/lacontractorsandbuilders/,https://twitter.com/la_builders,,,
PRO Painting LLC,http://www.dfwpropainting.com,,,Plano,Texas,,,,,,apollo,"Painting services, painting company - Texas",https://app.apollo.io/#/organizations/5da378e1da23c000012ae3b3?overrideScoreId=score,,,residential+77,http://www.linkedin.com/company/propaintingllc,https://www.facebook.com/dfwpropainting/,https://twitter.com/DFWPROPAINTING,,,
"R.L. James, Inc. General Contractor",http://www.rljames.com,,,R.L. James,Inc. General Contractor,,,,,,apollo,"Painting services, painting company - Inc. General Contractor",https://app.apollo.io/#/organizations/56dcad48f3e5bb548a0000e5?overrideScoreId=score,10.1M,,general contractor+56,http://www.linkedin.com/company/r-l--james-inc--general-contractor,https://www.facebook.com/RLJAMESINC,,,,
PERFECT TOUCH PAINTING COMPANY LLC,http://www.perfecttouchp.com,,,Washington,District of Columbia,,,,,,apollo,"Painting services, painting company - District of Columbia",https://app.apollo.io/#/organizations/672664e63ca5f70001953294?overrideScoreId=score,,,,http://www.linkedin.com/company/perfect-touch-painting-company-llc,https://www.facebook.com/perfecttouchllc,,,,
Rainbow Painting Company,http://www.rainbowpaintingcompany.com,,,O'Fallon,Missouri,,,,,,apollo,"Painting services, painting company - Missouri",https://app.apollo.io/#/organizations/5e5972b114af6900013741a9?overrideScoreId=score,,,paintingstaining+47,http://www.linkedin.com/company/rainbow-painting-company,,,,,
Zebby Sulecki Inc.,http://www.zebbysuleckiinc.com,,,Broomall,Pennsylvania,,,,,,apollo,"Painting services, painting company - Pennsylvania",https://app.apollo.io/#/organizations/5e56cf1d81ca9300014ec9c6?overrideScoreId=score,,,structural framing+24,http://www.linkedin.com/company/zebbysuleckiinc,https://www.facebook.com/zebbysuleckiinc/,,,,
DK Painting,http://www.dkpaintinghawaii.com,,,Austin,Texas,,,,,,apollo,"Painting services, painting company - Texas",https://app.apollo.io/#/organizations/55f0b7cff3e5bb16c5000bcc?overrideScoreId=score,,,water repellents+48,http://www.linkedin.com/company/dk-painting,,,,,
Tradewinds Construction,http://www.tradewindsconstruction.com,,,Las Vegas,Nevada,,,,,,apollo,"Painting services, painting company - Nevada",https://app.apollo.io/#/organizations/55f061e1f3e5bb4b09002d6f?overrideScoreId=score,15.8M,,construction safety+33,http://www.linkedin.com/company/tradewinds-construction-inc,https://facebook.com/tradewinds-construction-790380831089317,https://twitter.com/tradewindscons1,,,
Brooks Painting Inc.,http://www.brookspainting.com,,,Davis,California,,,,,,apollo,"Painting services, painting company - California",https://app.apollo.io/#/organizations/54a12b1469702d95481e5a02?overrideScoreId=score,22.0M,,painting+60,http://www.linkedin.com/company/brooks-painting-inc.,https://facebook.com/brookspainting,,,,
"Interfinish, LLC",http://www.interfinish.net,,,Hanover,Maryland,,,,,,apollo,"Painting services, painting company - Maryland",https://app.apollo.io/#/organizations/57c4da8aa6da986a2f6fecb0?overrideScoreId=score,,,flooringpainting+53,http://www.linkedin.com/company/interfinish-interiors,,,,,
Reliable Painting,http://www.reliablepainting.com,,,San Diego,California,,,,,,apollo,"Painting services, painting company - California",https://app.apollo.io/#/organizations/54a135b469702d4494c7c300?overrideScoreId=score,,,induastrial coatings+81,http://www.linkedin.com/company/reliable-painting,https://www.facebook.com/RELIABLEPAINTINGSD/,,,,
Ancon Construction,http://www.anconconstruction.com,,,Goshen,Indiana,,,,,,apollo,"Painting services, painting company - Indiana",https://app.apollo.io/#/organizations/54a1288469702d8cfc235501?overrideScoreId=score,10.7M,,design build+65,http://www.linkedin.com/company/ancon-construction-company,https://facebook.com/pages/Ancon-Construction-Inc/144013052880,https://twitter.com/anconconst,,,
"DC Painting, Inc.",http://www.dcpaint.com,,,DC Painting,Inc.,,,,,,apollo,"Painting services, painting company - Inc.",https://app.apollo.io/#/organizations/54a209e67468693fda8d4507?overrideScoreId=score,,,property management+29,http://www.linkedin.com/company/dc-painting-inc-,,,,,
Performance Insulation Contractors,http://www.pic-inc.com,,,La Porte,Texas,,,,,,apollo,"Painting services, painting company - Texas",https://app.apollo.io/#/organizations/54a1ce5174686945faa04012?overrideScoreId=score,,,insulation+57,http://www.linkedin.com/company/performance-insulation-contractors,,,,,
Southwest Exteriors,http://www.southwestexteriors.com,,,San Antonio,Texas,,,,,,apollo,"Painting services, painting company - Texas",https://app.apollo.io/#/organizations/54a12ae669702d8eebd6a202?overrideScoreId=score,29M,,,http://www.linkedin.com/company/southwest-exteriors,https://facebook.com/southwestexteriors,https://twitter.com/TeamSWEx,,,
Penington Painting Company,http://www.teamppc.com,,,Chandler,Arizona,,,,,,apollo,"Painting services, painting company - Arizona",https://app.apollo.io/#/organizations/66e5e8f4d82df900011d66ba?overrideScoreId=score,13.1M,,,http://www.linkedin.com/company/penington-painting-company,https://facebook.com/peningtonpainting,,,,
Gonzalez Construction,http://www.gonzalez-kc.com,,,Kansas City,Missouri,,,,,,apollo,"Painting services, painting company - Missouri",https://app.apollo.io/#/organizations/5e58ce17ff35de000111fe89?overrideScoreId=score,,,,http://www.linkedin.com/company/gonzalezconstructionkc,,,,,
"Restore Construction Group, Inc.",http://www.rcg-us.com,,,Restore Construction Group,Inc.,,,,,,apollo,"Painting services, painting company - Inc.",https://app.apollo.io/#/organizations/5e582e7b9c01df0001b04344?overrideScoreId=score,43.8M,,concrete restoration+41,http://www.linkedin.com/company/restore-construction-group-inc-2006,https://facebook.com/RestoreConstructionGroup/,https://twitter.com/restorecgi,,,
EXOVATIONS®,http://www.exovations.com,,,Cumming,Georgia,,,,,,apollo,"Painting services, painting company - Georgia",https://app.apollo.io/#/organizations/54a1a0a674686945fa4c1303?overrideScoreId=score,13.6M,,siding contractor+65,http://www.linkedin.com/company/exovations,https://www.facebook.com/EXOVATIONS/,https://twitter.com/@exovations,,,
Premium Painting,http://www.premiumpainting-msp.com,,,Minneapolis,Minnesota,,,,,,apollo,"Painting services, painting company - Minnesota",https://app.apollo.io/#/organizations/54a129de69702db64841c901?overrideScoreId=score,,,wallpaper removal+62,http://www.linkedin.com/company/premium-painting,,,,,
Paint EZ,http://www.paintez.com,,,Provo,Utah,,,,,,apollo,"Painting services, painting company - Utah",https://app.apollo.io/#/organizations/614ed9a60d18890001f7dfb5?overrideScoreId=score,15.1M,,interior painting+55,http://www.linkedin.com/company/paintez,https://facebook.com/pages/About-The-House-Painting-and-Repair/712556578780965,https://twitter.com/paint_ez,,,
"Unforgettable Coatings, Inc.",http://www.unforgettablecoatings.com,,,Unforgettable Coatings,Inc.,,,,,,apollo,"Painting services, painting company - Inc.",https://app.apollo.io/#/organizations/556d263f7369641261faa200?overrideScoreId=score,,,,http://www.linkedin.com/company/unforgettable-coatings-inc-,,,,,
Ktn Construction,http://www.ktnbuilders.com,,,North Port,Florida,,,,,,apollo,"Painting services, painting company - Florida",https://app.apollo.io/#/organizations/556969007369642541d61f00?overrideScoreId=score,,,site management+113,http://www.linkedin.com/company/ktn-construction,,,,,
PPD Painting,http://www.ppdpainting.com,,,Bellwood,Illinois,,,,,,apollo,"Painting services, painting company - Illinois",https://app.apollo.io/#/organizations/54a1b93d7468694f8fbf6e0b?overrideScoreId=score,2.6M,,,http://www.linkedin.com/company/precision-painting-&-decorating-llc-,https://www.facebook.com/PrecisionPaintingDecorating,https://twitter.com/PPDPainting1,,,
Universal Industrial Painting,http://www.universalpainting.com,,,Lakeland,Florida,,,,,,apollo,"Painting services, painting company - Florida",https://app.apollo.io/#/organizations/54a1343969702d38bb671e00?overrideScoreId=score,6.2M,,paintingcoatings+59,http://www.linkedin.com/company/universal-painting-corporation,https://facebook.com/UIPCL/info,https://twitter.com/universalpaint,,,
Evolve Construction & Restoration,http://www.evolveconstruction.com,,,Naples,Florida,,,,,,apollo,"Painting services, painting company - Florida",https://app.apollo.io/#/organizations/63e0d95cffd9c301485ac108?overrideScoreId=score,,,roofing+51,http://www.linkedin.com/company/evolveconstruction,https://www.facebook.com/evolveconstructioncompany,https://twitter.com/evolveBuild,,,
Duggan and Associates,http://www.dugganla.com,,,Los Angeles,California,,,,,,apollo,"Painting services, painting company - California",https://app.apollo.io/#/organizations/5d33f360f651253558fc210e?overrideScoreId=score,3.9M,,commercial painting+99,http://www.linkedin.com/company/dugganla,https://facebook.com/DugganAndAssoc,https://twitter.com/DugganGLA,,,
Mike's Quality Painting,http://www.mikesqualitypainting.com,,,Albuquerque,New Mexico,,,,,,apollo,"Painting services, painting company - New Mexico",https://app.apollo.io/#/organizations/5500afb27369642da1440600?overrideScoreId=score,3.2M,,interior painting+51,http://www.linkedin.com/company/mike's-quality-painting,https://www.facebook.com/MikesQualityPainting/,https://twitter.com/MQPABQ,,,
"United Painting Services, Inc",http://www.unitedpaintingservices.com,,,United Painting Services,Inc,,,,,,apollo,"Painting services, painting company - Inc",https://app.apollo.io/#/organizations/54a12b1769702d93136b8302?overrideScoreId=score,4.0M,,warehouse coatings+61,http://www.linkedin.com/company/united-painting-services-inc,https://facebook.com/pages/United-Painting-Services-Inc/132995103435468,https://twitter.com/UPainting,,,
Apex Painting,http://www.apexpainting.biz,,,Owatonna,Minnesota,,,,,,apollo,"Painting services, painting company - Minnesota",https://app.apollo.io/#/organizations/5e58392ad5bd4a00015bd99d?overrideScoreId=score,,,maintenance painting+45,http://www.linkedin.com/company/apexpainting,,,,,
Absolute Painting,http://www.absolutehousepainters.com,,,Lawrence,Kansas,,,,,,apollo,"Painting services, painting company - Kansas",https://app.apollo.io/#/organizations/5e5768e4f5f6f300017589bf?overrideScoreId=score,1.8M,,historic exterior+113,http://www.linkedin.com/company/absolute-painting,https://facebook.com/pages/Absolute-Painting-LLC/247124858761131,https://twitter.com/painterabsolute,,,
Cor-Ray Painting Co.,http://www.corraypainting.com,,,Santa Fe Springs,California,,,,,,apollo,"Painting services, painting company - California",https://app.apollo.io/#/organizations/5e5594e646ce93000115c84f?overrideScoreId=score,15.7M,,corrosion control+51,http://www.linkedin.com/company/cor-ray-painting-co,,,,,
Pennsylvania Tool Sales and Service,http://www.penntoolsalesandservice.com,,,Youngstown,Ohio,,,,,,apollo,"Painting services, painting company - Ohio",https://app.apollo.io/#/organizations/54a1a3327468694f8fc1d203?overrideScoreId=score,,,construction supplies+53,http://www.linkedin.com/company/pennsylvania-tool-sales-and-service,https://facebook.com/pennsylvania-tool-sales-service-126311624089807,,,,
Protective Coatings Inc,http://www.pci-corp.biz,,,Dayton,Ohio,,,,,,apollo,"Painting services, painting company - Ohio",https://app.apollo.io/#/organizations/5f47dc911a2d9600011133c2?overrideScoreId=score,,,,http://www.linkedin.com/company/protective-coatings-inc,,,,,
Affordable Renovations,http://www.affordablerenovationssa.com,,,New York,New York,,,,,,apollo,"Painting services, painting company - New York",https://app.apollo.io/#/organizations/5d0a86acf65125d0ed8157bf?overrideScoreId=score,,,remodeling services+38,http://www.linkedin.com/company/affordable-renovations,,,,,
"Mid America Steel, Inc.",http://www.midamsteel.com,,,Mid America Steel,Inc.,,,,,,apollo,"Painting services, painting company - Inc.",https://app.apollo.io/#/organizations/5c237485f65125b9b9562757?overrideScoreId=score,,,,http://www.linkedin.com/company/mid-america-steel-inc.,,,,,
Base Construction,http://www.baseconstructionca.com,,,Buena Park,California,,,,,,apollo,"Painting services, painting company - California",https://app.apollo.io/#/organizations/54a20dd17468693cdd819a08?overrideScoreId=score,,,process piping+56,http://www.linkedin.com/company/base-construction,,https://twitter.com/base_coninc,,,
"Campbell Painting, Inc.",http://www.campbellpaintinginc.com,,,Campbell Painting,Inc.,,,,,,apollo,"Painting services, painting company - Inc.",https://app.apollo.io/#/organizations/54a1d02b746869547526d412?overrideScoreId=score,,,,http://www.linkedin.com/company/campbell-painting-inc.,,,,,
Three Stone,http://www.threestone.com,,,Franklin,Tennessee,,,,,,apollo,"Painting services, painting company - Tennessee",https://app.apollo.io/#/organizations/65a9081852f7bd0001b1a31c?overrideScoreId=score,,,roofingwindows+49,http://www.linkedin.com/company/threestoneexteriors,,,,,
Coast to Coast General Contractors,http://www.coasttocoastgc.com,,,Hollywood,Florida,,,,,,apollo,"Painting services, painting company - Florida",https://app.apollo.io/#/organizations/5e55c2248a71b100016edc25?overrideScoreId=score,5.6M,,structural restoration+53,http://www.linkedin.com/company/ctcgc,http://www.facebook.com/coasttocoastgc,http://www.twitter.com/coasttocoastgc,,,
RAL Construction,http://www.ral-construction.com,,,Ardmore,Alabama,,,,,,apollo,"Painting services, painting company - Alabama",https://app.apollo.io/#/organizations/5569cc0e7369642541189700?overrideScoreId=score,,,home improvement+46,http://www.linkedin.com/company/ral-construction,,,,,
"Sundeleaf Painting, Inc.",http://www.sundeleafpainting.com,,,Sundeleaf Painting,Inc.,,,,,,apollo,"Painting services, painting company - Inc.",https://app.apollo.io/#/organizations/54a1349069702d48e2621d00?overrideScoreId=score,10.5M,,,http://www.linkedin.com/company/sundeleaf-painting-inc-,https://facebook.com/pages/Sundeleaf-Painting/110848662270932,,,,
Jmy Construction Inc,http://www.jmyconstruction.com,,,Harvest,Alabama,,,,,,apollo,"Painting services, painting company - Alabama",https://app.apollo.io/#/organizations/55920b73736964185f413700?overrideScoreId=score,,,electrical work+34,http://www.linkedin.com/company/jmy-construction-inc,,,,,
"Teague Construction Systems, Inc. - TCSI",http://www.teaguecsi.com,,,Teague Construction Systems,Inc. - TCSI,,,,,,apollo,"Painting services, painting company - Inc. - TCSI",https://app.apollo.io/#/organizations/6138582d54ec1e00a4ae117f?overrideScoreId=score,,,modified roofing+63,http://www.linkedin.com/company/teaguecsi,,,,,
"Stanley Smith Drywall, Inc.",http://www.stanleysmithdrywall.com,,,Stanley Smith Drywall,Inc.,,,,,,apollo,"Painting services, painting company - Inc.",https://app.apollo.io/#/organizations/5ed93744bc12b60001f28408?overrideScoreId=score,,,regional construction+47,http://www.linkedin.com/company/stanley-smith-drywall-inc.,,,,,
Home Repair Service,http://www.hrsbham.com,,,Pelham,Alabama,,,,,,apollo,"Painting services, painting company - Alabama",https://app.apollo.io/#/organizations/663332c1dc445707f5f4d9fb?overrideScoreId=score,,,bathroom remodeling+110,http://www.linkedin.com/company/hrsbham,https://www.facebook.com/hrsbham/,,,,
Martin Painting Services,,,,Dothan,Alabama,,,,,,apollo,"Painting services, painting company - Alabama",https://app.apollo.io/#/organizations/55923f6a736964191240f300?overrideScoreId=score,,,,http://www.linkedin.com/company/martin-painting-services,,,,,
Chavez Painting Services,http://www.chavezpaintingrva.com,,,Huntsville,Alabama,,,,,,apollo,"Painting services, painting company - Alabama",https://app.apollo.io/#/organizations/5592065f736964191e632500?overrideScoreId=score,,,,http://www.linkedin.com/company/chavez-painting-services,,,,,
Select Drywall Systems Inc.,http://www.selectdrywallsystem.com,,,Helena,Alabama,,,,,,apollo,"Painting services, painting company - Alabama",https://app.apollo.io/#/organizations/641920798dbcf60001e24186?overrideScoreId=score,,,acoustical contractor+98,http://www.linkedin.com/company/select-drywalll-systems-inc,,,,,
Fox Painting Services,http://www.foxpaintingservices.com,,,Birmingham,Alabama,,,,,,apollo,"Painting services, painting company - Alabama",https://app.apollo.io/#/organizations/5a9cb7d9a6da98d9852829fe?overrideScoreId=score,,,commercialexterior+2,http://www.linkedin.com/company/fox-painting-services,,,,,
Tidal Touch,http://www.tidaltouchpaint.com,,,Daphne,Alabama,,,,,,apollo,"Painting services, painting company - Alabama",https://app.apollo.io/#/organizations/683ad516b0aa290001a445d1?overrideScoreId=score,,,,http://www.linkedin.com/company/tidal-touch-painting,,,,,
"MNM Painting and Roofing, LLC",http://www.mnmpaintandroof.com,,,Tuscaloosa,Alabama,,,,,,apollo,"Painting services, painting company - Alabama",https://app.apollo.io/#/organizations/6654438a669fc10001f8cead?overrideScoreId=score,,,roofing materials+48,http://www.linkedin.com/company/mnm-painting-and-roofing-llc,https://www.facebook.com/people/MNM-Painting-Roofing-LLC,,,,
Alaska Painting Services,http://www.alaskapaintingonline.com,,,Anchorage,Alaska,,,,,,apollo,"Painting services, painting company - Alaska",https://app.apollo.io/#/organizations/57c4f10fa6da986a87fbf581?overrideScoreId=score,,,home servicespainters,http://www.linkedin.com/company/alaska-painting-services,https://www.facebook.com/miamipaintingcontractors,https://twitter.com/alaskapainting,,,
Patronas Home Repair LLC,http://www.patronashomerepair.com,,,Anchorage,Alaska,,,,,,apollo,"Painting services, painting company - Alaska",https://app.apollo.io/#/organizations/6100ed658b43e2000183b555?overrideScoreId=score,,,handyman services+55,http://www.linkedin.com/company/patronas-home-repair,,,,,
Paint Kings,http://www.paintkings.com,,,Tucson,Arizona,,,,,,apollo,"Painting services, painting company - Arizona",https://app.apollo.io/#/organizations/54a1b6c07468694f8f0c810a?overrideScoreId=score,18.9M,,painting contractor+45,http://www.linkedin.com/company/paint-kings,https://facebook.com/pages/The-Paint-Kings-Inc/233721226781289,https://twitter.com/paintkings,,,
Roadrunner Drywall & Paint Corp,http://www.roadrunnerdrywall.com,,,Scottsdale,Arizona,,,,,,apollo,"Painting services, painting company - Arizona",https://app.apollo.io/#/organizations/54a1ba1d74686942d3149c0b?overrideScoreId=score,,,customer service+88,http://www.linkedin.com/company/roadrunner-drywall-corp,,,,,
"Extreme Drywall Concepts, LLC",http://www.extremedrywallconcepts.com,,,Phoenix,Arizona,,,,,,apollo,"Painting services, painting company - Arizona",https://app.apollo.io/#/organizations/5da53c2e91250a0001da6a0d?overrideScoreId=score,,,metal stud framing+57,http://www.linkedin.com/company/extremedrywallconcepts,https://www.facebook.com/extremedrywallconcepts,,,,
"Design Drywall West, Inc.",http://www.designdrywallwest.com,,,Design Drywall West,Inc.,,,,,,apollo,"Painting services, painting company - Inc.",https://app.apollo.io/#/organizations/5d095460f65125d6974a0101?overrideScoreId=score,17.5M,,construction+40,http://www.linkedin.com/company/design-drywall-west-inc,https://www.facebook.com/designdrywallwest,,,,
"JOHANSEN INTERIORS, LLC",http://www.johanseninteriors.net,,,Chandler,Arizona,,,,,,apollo,"Painting services, painting company - Arizona",https://app.apollo.io/#/organizations/5b14a9b5a6da98712ec048a6?overrideScoreId=score,,,retail construction+91,http://www.linkedin.com/company/johansen-interiors-llc,https://www.facebook.com/Johanseninteriors/,,,,
LUXOR PAINTING INC.,http://www.luxorpaintinginc.com,,,Tempe,Arizona,,,,,,apollo,"Painting services, painting company - Arizona",https://app.apollo.io/#/organizations/54fca42b7369647e12331d00?overrideScoreId=score,197K,,house painting+69,http://www.linkedin.com/company/luxor-painting-inc-,https://www.facebook.com/LuxorPaintingInc,https://twitter.com/painting_luxor,,,
Coyles Painting,http://www.coylespainting.com,,,Mesa,Arizona,,,,,,apollo,"Painting services, painting company - Arizona",https://app.apollo.io/#/organizations/5592306f736964191ec1bd00?overrideScoreId=score,,,,http://www.linkedin.com/company/coyles-painting,,,,,
"CDS Framing, Inc.",http://www.cdsframing.com,,,CDS Framing,Inc.,,,,,,apollo,"Painting services, painting company - Inc.",https://app.apollo.io/#/organizations/54a12a4b69702db6487cfb01?overrideScoreId=score,9.5M,,drywall+54,http://www.linkedin.com/company/cds-framing-inc.,,,,,
Evolution Construction Services,,,,Phoenix,Arizona,,,,,,apollo,"Painting services, painting company - Arizona",https://app.apollo.io/#/organizations/624f0905b46ac300a59b9b6a?overrideScoreId=score,,,property maintenance+23,http://www.linkedin.com/company/evolutionarizona,,,,,
Wall Assemblies,http://www.wallassemblies.com,,,Phoenix,Arizona,,,,,,apollo,"Painting services, painting company - Arizona",https://app.apollo.io/#/organizations/5e55a3768184b40001fd8fbc?overrideScoreId=score,,,drywall+50,http://www.linkedin.com/company/wallassemblies,,,,,
AO Services LLC,http://www.aoservicesco.com,,,Tempe,Arizona,,,,,,apollo,"Painting services, painting company - Arizona",https://app.apollo.io/#/organizations/5fcab031b6fa100001d6d101?overrideScoreId=score,,,mold remediation+67,http://www.linkedin.com/company/aoservicesllc,,,,,
Fine Point Finishes,http://www.finepointfinishes.com,,,Phoenix,Arizona,,,,,,apollo,"Painting services, painting company - Arizona",https://app.apollo.io/#/organizations/5e55a1002361de000119e0ff?overrideScoreId=score,,,remodeling+67,http://www.linkedin.com/company/fine-point-finishes-az,https://facebook.com/finepointfinishes,,,,
"Skyline Builders & Restoration, Inc.",http://www.azsbr.com,,,Skyline Builders & Restoration,Inc.,,,,,,apollo,"Painting services, painting company - Inc.",https://app.apollo.io/#/organizations/65c9f9125095f70001b97aa2?overrideScoreId=score,22.1M,,client relationships+52,http://www.linkedin.com/company/skyline-builders-&-restoration-inc.,,,,,
AKP SERVICES,http://www.akpservices.com,,,Tempe,Arizona,,,,,,apollo,"Painting services, painting company - Arizona",https://app.apollo.io/#/organizations/5e55d162f453b00001843a6c?overrideScoreId=score,,,painting+65,http://www.linkedin.com/company/akpservices,https://www.facebook.com/AKPServicesUSA/,https://twitter.com/AkpServices,,,
Danny White Painting Inc.,http://www.dannywhitepainting.com,,,Phoenix,Arizona,,,,,,apollo,"Painting services, painting company - Arizona",https://app.apollo.io/#/organizations/55f73256f3e5bb190e023f43?overrideScoreId=score,14.2M,,quality workmanship+34,http://www.linkedin.com/company/danny-white-painting-inc-,,,,,
Alder Home Craft,http://www.alderhomecraft.com,,,Gilbert,Arizona,,,,,,apollo,"Painting services, painting company - Arizona",https://app.apollo.io/#/organizations/665687234cebd8034a8f473a?overrideScoreId=score,,,home improvement+63,http://www.linkedin.com/company/alderhomecraft,,,,,
Painting Solutions Inc.,http://www.paintingsolutionsaz.com,,,Phoenix,Arizona,,,,,,apollo,"Painting services, painting company - Arizona",https://app.apollo.io/#/organizations/614d81da3a98da000123ce57?overrideScoreId=score,,,epoxy coatings+82,http://www.linkedin.com/company/painting-solutions-inc,https://www.facebook.com/PaintingSolutionsAZ/,,,,
Gilbert's Arizona Painting Contractors,http://www.gilbertspainting.com,,,Gilbert,Arizona,,,,,,apollo,"Painting services, painting company - Arizona",https://app.apollo.io/#/organizations/5e55a3217013e9000129585a?overrideScoreId=score,,,industrial facilities+74,http://www.linkedin.com/company/gilberts-arizona-painting-contractors,https://facebook.com/GilbertsPainting,https://twitter.com/GilbertPainting,,,
Country Boys Painting,http://www.countryboyspainting.com,,,Phoenix,Arizona,,,,,,apollo,"Painting services, painting company - Arizona",https://app.apollo.io/#/organizations/56e6ea80f3e5bb3a24013090?overrideScoreId=score,,,hoa properties+54,http://www.linkedin.com/company/country-boys-painting,,,,,
Arizona Professional Painting,http://www.azpropaint.com,,,Phoenix,Arizona,,,,,,apollo,"Painting services, painting company - Arizona",https://app.apollo.io/#/organizations/54a11c2969702d84c5458200?overrideScoreId=score,14.5M,,,http://www.linkedin.com/company/arizona-professional-painting,https://www.facebook.com/AZProPaint/,,,,
"ALLSTAR PRO PAINTING, LLC",http://www.allstarpropainting.com,,,Gilbert,Arizona,,,,,,apollo,"Painting services, painting company - Arizona",https://app.apollo.io/#/organizations/60aec6571c8ffa000192b6d0?overrideScoreId=score,,,,http://www.linkedin.com/company/allstarpropainting,,,,,
PINON PAINTING,http://www.pinonpainting.com,,,Prescott,Arizona,,,,,,apollo,"Painting services, painting company - Arizona",https://app.apollo.io/#/organizations/55eaadc9f3e5bb5ef400206c?overrideScoreId=score,16.6M,,commercial+94,http://www.linkedin.com/company/pinon-painting,https://facebook.com/pages/Pinon-Painting/154851881221682,,,,
Metzger's Painting Professionals,http://www.metzgerspainting.com,,,Phoenix,Arizona,,,,,,apollo,"Painting services, painting company - Arizona",https://app.apollo.io/#/organizations/63b6b09e9e5f6900a3595530?overrideScoreId=score,,,commerical painting+74,http://www.linkedin.com/company/metzgerspainting,https://facebook.com/metzgerspainting/,https://twitter.com/MetzgersPaint,,,
Albrecht And Son LLC,http://www.albrechtandson.com,,,Youngtown,Arizona,,,,,,apollo,"Painting services, painting company - Arizona",https://app.apollo.io/#/organizations/54a1a36c7468695475e9be03?overrideScoreId=score,34.2M,,project consulation+68,http://www.linkedin.com/company/albrecht-and-son,https://www.facebook.com/albrecht&sonllc,https://twitter.com/albrechtandson,,,
"Leach Painting, Inc.",http://www.leachpainting.com,,,Leach Painting,Inc.,,,,,,apollo,"Painting services, painting company - Inc.",https://app.apollo.io/#/organizations/54a1347869702d2f9f097900?overrideScoreId=score,6.5M,,residential painting+31,http://www.linkedin.com/company/leach-painting-inc.,https://facebook.com/pages/Leach-Painting-Inc/186871581343157,https://twitter.com/LeachPaint,,,
"Daisy Mountain Painting Services, LLC",http://www.daisymountainpainting.com,,,Phoenix,Arizona,,,,,,apollo,"Painting services, painting company - Arizona",https://app.apollo.io/#/organizations/674cd6c0abc19b0001bac0cc?overrideScoreId=score,,,,http://www.linkedin.com/company/daisy-mountain-painting-services-llc,,,,,
"1 BY 1 ROOF, SOLAR, & PAINT",http://www.1by1roof.com,,,Tucson,Arizona,,,,,,apollo,"Painting services, painting company - Arizona",https://app.apollo.io/#/organizations/6396b9be0f44bd00a34467b0?overrideScoreId=score,,,residential roofing+75,http://www.linkedin.com/company/1-by-1-roof,https://www.facebook.com/1by1Roof,,,,
"Miko, LLC",http://www.mikollc.com,,,Phoenix,Arizona,,,,,,apollo,"Painting services, painting company - Arizona",https://app.apollo.io/#/organizations/6360f461a7c99700b4939e7f?overrideScoreId=score,,,remodels+74,http://www.linkedin.com/company/miko-llc,https://www.facebook.com/mikollc/,,,,
"Ganado Painting and Wallcovering, Inc.",http://www.ganadopainting.com,,,Ganado Painting and Wallcovering,Inc.,,,,,,apollo,"Painting services, painting company - Inc.",https://app.apollo.io/#/organizations/54a128db69702d979c5c5f01?overrideScoreId=score,18M,,,http://www.linkedin.com/company/ganado-painting-and-wallcovering-inc-,https://facebook.com/pages/Ganado-Painting-and-Wallcovering-Inc/147125292059484,,,,
Infinity Paving,http://www.infinitypavingaz.com,,,Phoenix,Arizona,,,,,,apollo,"Painting services, painting company - Arizona",https://app.apollo.io/#/organizations/619e086cc590b500daf18c68?overrideScoreId=score,,,,http://www.linkedin.com/company/infinitypaving,,,,,
Repair Masters,http://www.repairmastersarizona.com,,,Gilbert,Arizona,,,,,,apollo,"Painting services, painting company - Arizona",https://app.apollo.io/#/organizations/65c92ddebf5dbb00017cfad2?overrideScoreId=score,,,property flips+37,http://www.linkedin.com/company/repair-masters-az,,,,,
COe-Renovation,http://www.coerenovation.com,,,Phoenix,Arizona,,,,,,apollo,"Painting services, painting company - Arizona",https://app.apollo.io/#/organizations/5b86fd59f874f708f3d78269?overrideScoreId=score,,,hotel conversion+70,http://www.linkedin.com/company/coe-renovation,https://www.facebook.com/1845791319069098,,,,
Dougherty Painting Company,http://www.dohertypainting.com,,,Phoenix,Arizona,,,,,,apollo,"Painting services, painting company - Arizona",https://app.apollo.io/#/organizations/556d8fb77369641226d03a01?overrideScoreId=score,,,,http://www.linkedin.com/company/dougherty-painting-company,,,,,
WILDCAT PAINTING COMPANY L.L.C.,http://www.wildcatpaintingcompany.com,,,Tucson,Arizona,,,,,,apollo,"Painting services, painting company - Arizona",https://app.apollo.io/#/organizations/66f52b695a44f10001b41200?overrideScoreId=score,,,,http://www.linkedin.com/company/wildcat-painting-company-l.l.c.,,,,,
Adix Painting - Dedicated to Raising the Standard for Residential Interior and Exterior Painting,http://www.adixpainting.com,,,Phoenix,Arizona,,,,,,apollo,"Painting services, painting company - Arizona",https://app.apollo.io/#/organizations/5b13331da6da98dcb5c7d637?overrideScoreId=score,,,coaching+14,http://www.linkedin.com/company/adix-painting-phoenix-az,,,,,
K&M Painting and Decorating,http://www.kandm-painting.com,,,Scottsdale,Arizona,,,,,,apollo,"Painting services, painting company - Arizona",https://app.apollo.io/#/organizations/556d3719736964123814c000?overrideScoreId=score,22.1M,,acoustical ceilings+27,http://www.linkedin.com/company/k&m-painting-and-decorating,https://facebook.com/kmpainting,,,,
"LIFE IN COLOR PAINTING SERVICES, LLC",http://www.lifeincolorpainting.com,,,San Tan Valley,Arizona,,,,,,apollo,"Painting services, painting company - Arizona",https://app.apollo.io/#/organizations/6731955424c32c0001d29e1b?overrideScoreId=score,18.7M,,,http://www.linkedin.com/company/life-in-color-painting-services-llc,https://facebook.com/lifeincolorpainting,,,,
Elizarraraz Painting,http://www.elizarrarazpainting.com,,,Mesa,Arizona,,,,,,apollo,"Painting services, painting company - Arizona",https://app.apollo.io/#/organizations/65eaf7f91f08d10007f60591?overrideScoreId=score,,,,http://www.linkedin.com/company/elizarraraz-painting,,,,,
"The Experts Service Systems, LLC",http://www.expertsservicesystems.com,,,Peoria,Arizona,,,,,,apollo,"Painting services, painting company - Arizona",https://app.apollo.io/#/organizations/5ed26bdd2fba0d0001e28def?overrideScoreId=score,,,renovations+6,http://www.linkedin.com/company/the-experts-service-systems-llc,,,,,
ECO-LIFE CLEANING & PAINTING,http://www.eco-lifecleaningandpainting.com,,,Scottsdale,Arizona,,,,,,apollo,"Painting services, painting company - Arizona",https://app.apollo.io/#/organizations/55eb98c9f3e5bb237900119a?overrideScoreId=score,,,,http://www.linkedin.com/company/eco-life-cleaning,,,,,
EVO Construction Services,http://www.evogc.com,,,Phoenix,Arizona,,,,,,apollo,"Painting services, painting company - Arizona",https://app.apollo.io/#/organizations/68d1051d0a145d0015061103?overrideScoreId=score,,,construction+27,http://www.linkedin.com/company/evo-construction-services,,,,,
CAPITAL PAINTING COMPANY LLC,http://www.capitalpaintingcompany.com,,,Gilbert,Arizona,,,,,,apollo,"Painting services, painting company - Arizona",https://app.apollo.io/#/organizations/66f8d0bde0d5a00001b4789d?overrideScoreId=score,,,,http://www.linkedin.com/company/capital-painting-company-llc,https://www.facebook.com/CapitalPaintingCompany,,,,
MCCORMICK PAINTING COMPANY,http://www.mccormickequipmentrentals.com,,,Little Rock,Arkansas,,,,,,apollo,"Painting services, painting company - Arkansas",https://app.apollo.io/#/organizations/672dd53ba379130001a6aeb9?overrideScoreId=score,4.0M,,,http://www.linkedin.com/company/mccormick-painting-company,https://facebook.com/pages/Maven/219081551481695,https://twitter.com/mavensf,,,
Turpin Painting Company Inc,,,,Little Rock,Arkansas,,,,,,apollo,"Painting services, painting company - Arkansas",https://app.apollo.io/#/organizations/55921aff73696418f64c6f00?overrideScoreId=score,,,,http://www.linkedin.com/company/turpin-painting-company-inc,,,,,
Quality Painting Company,http://www.adamroepaint.com,,,Camden,Arkansas,,,,,,apollo,"Painting services, painting company - Arkansas",https://app.apollo.io/#/organizations/674810bf3e0e4200017de341?overrideScoreId=score,,,,http://www.linkedin.com/company/quality-painting-company,,,,,
Brian Miller Painting Company,http://www.brianmillerpaintingcompany.com,,,San Marcos,California,,,,,,apollo,"Painting services, painting company - California",https://app.apollo.io/#/organizations/673158230af9f60001e9248d?overrideScoreId=score,,,,http://www.linkedin.com/company/brian-miller-painting-company,,,,,
Modern Masters Painting,http://www.modernmasterspainting.com,,,San Diego,California,,,,,,apollo,"Painting services, painting company - California",https://app.apollo.io/#/organizations/673088bb8c7edd0001be31f4?overrideScoreId=score,,,exterior painting+74,http://www.linkedin.com/company/modern-masters-painting,,,,,
"PEACOCK PAINTING COMPANY, INC.",http://www.peacockpaintingco.com,,,Novato,California,,,,,,apollo,"Painting services, painting company - California",https://app.apollo.io/#/organizations/66f83cf74a9bbc00012149cd?overrideScoreId=score,,,,http://www.linkedin.com/company/peacock-painting-company-inc.,,,,,
C.P.P. Painting / Color Pros Painting & Coatings Inc.,http://www.cpppainting.com,,,San Jose,California,,,,,,apollo,"Painting services, painting company - California",https://app.apollo.io/#/organizations/6648f4297895c400010caaf6?overrideScoreId=score,,,hoamulti family+57,http://www.linkedin.com/company/c-p-p-painting-color-pros-painting-coatings-inc,,,,,
PalmView Custom Homes,http://www.palmview.ca,,,Concord,California,,,,,,apollo,"Painting services, painting company - California",https://app.apollo.io/#/organizations/6531f27a7cd5620001c8e0df?overrideScoreId=score,,,,http://www.linkedin.com/company/palmview,https://www.facebook.com/p/PalmView-Contracting-100086109079915/,,,,
"S. SCURTI & SONS, INC.",http://www.scurtipainting.com,,,San Jose,California,,,,,,apollo,"Painting services, painting company - California",https://app.apollo.io/#/organizations/646f22788ab3380001f857f5?overrideScoreId=score,,,wallcoverings+41,http://www.linkedin.com/company/s.-scurti-&-sons-inc.,,,,,
Paint Blast US,http://www.paintblastus.com,,,Long Beach,California,,,,,,apollo,"Painting services, painting company - California",https://app.apollo.io/#/organizations/61ec6b2a4fec27000163f3e0?overrideScoreId=score,,,sandblasting stencils+56,http://www.linkedin.com/company/paintblastus,https://www.facebook.com/stencilsus/,,,,
Intrinsic Home Painting Services,http://www.intrinsicpainting.com,,,Los Angeles,California,,,,,,apollo,"Painting services, painting company - California",https://app.apollo.io/#/organizations/614e991dcb891e0001fda201?overrideScoreId=score,,,texture match+41,http://www.linkedin.com/company/intrinsicpaintingla,,,,,
PaintPros of Napa Valley,http://www.paintprosnapa.com,,,Napa,California,,,,,,apollo,"Painting services, painting company - California",https://app.apollo.io/#/organizations/5edbac7c4d8c35000196485a?overrideScoreId=score,,,,http://www.linkedin.com/company/paint-pros-napa-valley-inc,,,,,
"Endure Painting, Inc.",http://www.endurepainting.com,,,Endure Painting,Inc.,,,,,,apollo,"Painting services, painting company - Inc.",https://app.apollo.io/#/organizations/5ed1f65a2fba0d0001e0fed5?overrideScoreId=score,,,painting services+50,http://www.linkedin.com/company/endure-painting,https://www.facebook.com/endurepaintinginc/,,,,
Mark Bellingham Painting,http://www.markbellinghampainting.com,,,Moraga,California,,,,,,apollo,"Painting services, painting company - California",https://app.apollo.io/#/organizations/54fca11e7369647de9ae0100?overrideScoreId=score,,,,http://www.linkedin.com/company/mark-bellingham-painting,https://facebook.com/markbellinghampainting,,,,
Kent Painting Company Inc.,http://www.kentpaintinginc.com,,,Fresno,California,,,,,,apollo,"Painting services, painting company - California",https://app.apollo.io/#/organizations/54a12a3969702d8cfc3f3002?overrideScoreId=score,,,epoxy+8,http://www.linkedin.com/company/kent-painting-company-inc.,,,,,
Lead Paint Inspections,http://www.magicbrush.net,,,San Francisco,California,,,,,,apollo,"Painting services, painting company - California",https://app.apollo.io/#/organizations/54a1206f69702d7fe6127702?overrideScoreId=score,,,,http://www.linkedin.com/company/lead-paint-inspections,,,,,
Eco-Clean Painting,http://www.ecocleanpainting.com,,,Atascadero,California,,,,,,apollo,"Painting services, painting company - California",https://app.apollo.io/#/organizations/6761644024da9f01b1278e9c?overrideScoreId=score,,,interior painting+10,http://www.linkedin.com/company/eco-clean-painting-commercial-residential-paso-robles-san-luis-obispo,https://www.facebook.com/ECO.CLEAN.PAINTERS,,,,
Lee's Painting Co.,http://www.leespainting.com,,,Huntington Beach,California,,,,,,apollo,"Painting services, painting company - California",https://app.apollo.io/#/organizations/6757afe48ce90301b0aa3f70?overrideScoreId=score,,,paintingestimates+56,http://www.linkedin.com/company/leespaintingco,https://www.facebook.com/LeesPaint,,,,
"Primus Paint Worx, Inc.",http://www.primuspaint.com,,,Primus Paint Worx,Inc.,,,,,,apollo,"Painting services, painting company - Inc.",https://app.apollo.io/#/organizations/6745f74025b2d602d03c4130?overrideScoreId=score,,,exteriorrepaint+24,http://www.linkedin.com/company/primus-paint-worx-inc,https://www.facebook.com/profile.php,,,,
Web’s Painting Company,http://www.webspainting.com,,,Los Angeles,California,,,,,,apollo,"Painting services, painting company - California",https://app.apollo.io/#/organizations/673f0b0f7199f900018dffb1?overrideScoreId=score,,,,http://www.linkedin.com/company/web%e2%80%99s-painting-company,,,,,
Mamba Stripes Corporation,http://www.mambastripes.com,,,Windsor,California,,,,,,apollo,"Painting services, painting company - California",https://app.apollo.io/#/organizations/673a5a59cd909c0001431d3d?overrideScoreId=score,,,free quotes+47,http://www.linkedin.com/company/mambastripes,https://www.facebook.com/MambaStripesCorporation,,,,
Applied Artistry A Painting Company,http://www.appliedartistry.com,,,Huntington Beach,California,,,,,,apollo,"Painting services, painting company - California",https://app.apollo.io/#/organizations/6731143ccfd91b00011cc7d4?overrideScoreId=score,9.7M,,,http://www.linkedin.com/company/applied-artistry-a-painting-company,https://facebook.com/appliedartistry,,,,
"MARZ PAINTING COMPANY, THE",http://www.marzpaintingco.com,,,Sacramento,California,,,,,,apollo,"Painting services, painting company - California",https://app.apollo.io/#/organizations/672ef78ccd1c1f000173c259?overrideScoreId=score,5.5M,,,http://www.linkedin.com/company/marz-painting-company-the,https://facebook.com/pages/Marz-Painting-Co/1483150408583282,https://twitter.com/MarzPaintingCo,,,
Yes Painting Services,http://www.yespainting.net,,,San Jose,California,,,,,,apollo,"Painting services, painting company - California",https://app.apollo.io/#/organizations/672dafe025d5ab00012b7e08?overrideScoreId=score,,,,http://www.linkedin.com/company/yes-painting-services,,,,,
NEALS PAINTING COMPANY INC,http://www.nealspainting.com,,,Fairfield,California,,,,,,apollo,"Painting services, painting company - California",https://app.apollo.io/#/organizations/67269a4393de3b0001aeb812?overrideScoreId=score,34.3M,,,http://www.linkedin.com/company/neals-painting-company-inc,https://www.facebook.com/Neals-Painting-194579834221145/,,,,
Mr. Painter Painting Company,http://www.paintingcontractorturlock.com,,,Keyes,California,,,,,,apollo,"Painting services, painting company - California",https://app.apollo.io/#/organizations/6714bdc7e73ec000013dab9c?overrideScoreId=score,35.9M,,,http://www.linkedin.com/company/mr.-painter-painting-company,https://facebook.com/pages/Mr-painter-painting-co/929805607034929,,,,
Guzman Painting Services,http://www.guzmanpaintingservices.com,,,Los Angeles,California,,,,,,apollo,"Painting services, painting company - California",https://app.apollo.io/#/organizations/6701f75d4860cf000131427a?overrideScoreId=score,,,,http://www.linkedin.com/company/guzman-painting-services,,,,,
Moya Painting,http://www.moyapaintinganddecorating.com,,,San Francisco,California,,,,,,apollo,"Painting services, painting company - California",https://app.apollo.io/#/organizations/65f7e96e1aec6a01c680c2be?overrideScoreId=score,,,paintingdesign+56,http://www.linkedin.com/company/moya-painting-and-decorating,,,,,
ALL LOS ANGELES PAINTING COMPANY INC.,http://www.alllosangelespaintingcompany.com,,,Los Angeles,California,,,,,,apollo,"Painting services, painting company - California",https://app.apollo.io/#/organizations/65c494825b212b0001d9c2b9?overrideScoreId=score,,,paint color selection+52,http://www.linkedin.com/company/all-los-angeles-painting-company-inc.,,,,,
Build And Decor Construction,http://www.buildanddecorconstruction.com,,,Los Angeles,California,,,,,,apollo,"Painting services, painting company - California",https://app.apollo.io/#/organizations/64e6d910a1925900015a6579?overrideScoreId=score,,,general contracting+62,http://www.linkedin.com/company/build-and-decor-construction,https://www.facebook.com/100076504697921,,,,
"Handydads Construction, Inc.",http://www.handydads.net,,,Handydads Construction,Inc.,,,,,,apollo,"Painting services, painting company - Inc.",https://app.apollo.io/#/organizations/63372e36ce6bad00a3288dd8?overrideScoreId=score,,,home improvement+56,http://www.linkedin.com/company/handydads-construction-inc,https://www.facebook.com/Handydads-LLC-812411208813474/,,,,
"Najib Paint & Decorations, LLC",http://www.npdpaints.com,,,Oakland,California,,,,,,apollo,"Painting services, painting company - California",https://app.apollo.io/#/organizations/62e3b699cfcebc00a3704e81?overrideScoreId=score,,,residential remodeling+81,http://www.linkedin.com/company/nn-home-renovation,https://www.facebook.com/622286547639306,,,,
U.S National Corp dba Jimenez Painting Company,,,,Los Angeles,California,,,,,,apollo,"Painting services, painting company - California",https://app.apollo.io/#/organizations/5e57bbde5c00fd000191cdaf?overrideScoreId=score,,,paintingarts & crafts+1,http://www.linkedin.com/company/u-s-national-corp-dba-jimenez-painting-company,,,,,
California Skyline Remodeling Inc.,http://www.californiaskylineremodeling.com,,,Los Angeles,California,,,,,,apollo,"Painting services, painting company - California",https://app.apollo.io/#/organizations/5e55b858c678320001b801bf?overrideScoreId=score,,,remodeling+82,http://www.linkedin.com/company/california-skyline-remodeling-inc,,,,,
TSW Builders,http://www.pro-gressivebuilders.com,,,Brea,California,,,,,,apollo,"Painting services, painting company - California",https://app.apollo.io/#/organizations/5569dbc7736964255d37a100?overrideScoreId=score,31M,,,http://www.linkedin.com/company/tsw-builders,https://www.facebook.com/tswpro/,,,,
KRM International Trading Group LTD,http://www.krmitg.com,,,London,California,,,,,,apollo,"Painting services, painting company - California",https://app.apollo.io/#/organizations/54a23b867468693825885118?overrideScoreId=score,,,firefighting solutions+54,http://www.linkedin.com/company/krm-international-trading-group-fzc,https://www.facebook.com/KRMITG,,,,
ER Painting Services Inc,http://www.erpsocal.com,,,Santa Ana,California,,,,,,apollo,"Painting services, painting company - California",https://app.apollo.io/#/organizations/674ff27b2e526f00011d2e6f?overrideScoreId=score,,,,http://www.linkedin.com/company/er-painting-services-inc,,,,,
Condor National Painting Company,http://www.condornationalpainting.com,,,Los Angeles,California,,,,,,apollo,"Painting services, painting company - California",https://app.apollo.io/#/organizations/674ce06ca3c1bb00010e1a1f?overrideScoreId=score,,,,http://www.linkedin.com/company/condor-national-painting-company,,,,,
Melodi Major Design and Home Painting Services,http://www.melodimajordesign.com,,,Marina del Rey,California,,,,,,apollo,"Painting services, painting company - California",https://app.apollo.io/#/organizations/674c0ce4dd39f80001f61636?overrideScoreId=score,,,,http://www.linkedin.com/company/melodi-major-design-and-home-painting-services,,,,,
ITALIAN PAINTING SERVICES INC,http://www.italianpaintingservices.com,,,Los Angeles,California,,,,,,apollo,"Painting services, painting company - California",https://app.apollo.io/#/organizations/6700dcf07482bf0001220a31?overrideScoreId=score,26.4M,,,http://www.linkedin.com/company/italian-painting-services-inc,https://facebook.com/pages/Italian-Painting-Services/321002244742327,,,,
najeraspaintingllc,http://www.najeraspainting.com,,,Fontana,California,,,,,,apollo,"Painting services, painting company - California",https://app.apollo.io/#/organizations/66e28782a7929e00019e100e?overrideScoreId=score,,,najeraspaintingllc,http://www.linkedin.com/company/najeraspaintingllc,,,,,
B.E.S. Painting Company,http://www.bespainting.com,,,Long Beach,California,,,,,,apollo,"Painting services, painting company - California",https://app.apollo.io/#/organizations/66d4b36170ecc9000134b5c0?overrideScoreId=score,,,,http://www.linkedin.com/company/b.e.s.-painting-company,https://facebook.com/bespainting,,,,
Best Property Management Painting Services,http://www.bpmpaintingservices.com,,,Vista,California,,,,,,apollo,"Painting services, painting company - California",https://app.apollo.io/#/organizations/665377d69d08570001022100?overrideScoreId=score,,,,http://www.linkedin.com/company/best-property-management-painting-services,,,,,
Design Systems Painting Company,http://www.designsystemspainting.com,,,Carmichael,California,,,,,,apollo,"Painting services, painting company - California",https://app.apollo.io/#/organizations/6642f96a701ae60001901c62?overrideScoreId=score,,,commercial painting+3,http://www.linkedin.com/company/design-systems-painting-inc,https://www.facebook.com/107847251768627,,,,
Finish Line Painting Services,http://www.finishlinepainting.com,,,Encinitas,California,,,,,,apollo,"Painting services, painting company - California",https://app.apollo.io/#/organizations/6641449aa3807c00019af69b?overrideScoreId=score,12.5M,,commercial painting & residential painting,http://www.linkedin.com/company/finishlinepaintingservices,https://facebook.com/FinishLinePaintingServices,,,,
Speck Painting,http://www.speckpainting.ca,,,Richmond,California,,,,,,apollo,"Painting services, painting company - California",https://app.apollo.io/#/organizations/663884445ac33f00013ee18c?overrideScoreId=score,,,polyurethane injection+52,http://www.linkedin.com/company/speck-painting,,,,,
NJ Kann Painting,http://www.njkannpainting.com,,,San Jose,California,,,,,,apollo,"Painting services, painting company - California",https://app.apollo.io/#/organizations/66348b550888d104386cf741?overrideScoreId=score,,,highend residential+65,http://www.linkedin.com/company/njkannpainting,,,,,
Expressions Painting Company,http://www.expressionspaintingco.com,,,Stockton,California,,,,,,apollo,"Painting services, painting company - California",https://app.apollo.io/#/organizations/65546a731a843a0001c72c1c?overrideScoreId=score,,,,http://www.linkedin.com/company/expressions-painting-company,https://www.facebook.com/Expressionspaintingcompany/,,,,
Great Walls Painting Inc,http://www.greatwallspainting.com,,,San Jose,California,,,,,,apollo,"Painting services, painting company - California",https://app.apollo.io/#/organizations/654dcfb2dd1ecf0001aed7d4?overrideScoreId=score,,,residential+70,http://www.linkedin.com/company/great-walls-painting-inc,https://www.facebook.com/Commercial.Residential.Painting,,,,
Maintenance Plus (San Diego),http://www.maintenanceplussd.com,,,San Diego,California,,,,,,apollo,"Painting services, painting company - California",https://app.apollo.io/#/organizations/6509764d203e1a000135d480?overrideScoreId=score,,,technology adoption+61,http://www.linkedin.com/company/maintenance-plus-san-diego,,,,,
Georgetown Student Painting,http://www.georgetownstudentpainting.ca,,,Georgetown,California,,,,,,apollo,"Painting services, painting company - California",https://app.apollo.io/#/organizations/63c6698b96751a0001b68cb1?overrideScoreId=score,,,commercial painting+60,http://www.linkedin.com/company/georgetown-student-painting,https://www.facebook.com/Georgetownstudentpainting/services,,,,
Third Generation Painters,http://www.thirdgenerationpainters.ca,,,Vernon,California,,,,,,apollo,"Painting services, painting company - California",https://app.apollo.io/#/organizations/6248884908719d00dcb20f93?overrideScoreId=score,,,,http://www.linkedin.com/company/third-generation-painters,,,,,
NIDACO Inc. Paint Group,http://www.nidaco.ca,,,London,California,,,,,,apollo,"Painting services, painting company - California",https://app.apollo.io/#/organizations/5e5757e78d755a00014a385f?overrideScoreId=score,,,kitchen cabinets+67,http://www.linkedin.com/company/nidacoinc,https://www.facebook.com/nidacoinc,,,,
Remodel Repair Replace,http://www.remodelrepairreplace.com,,,San Ramon,California,,,,,,apollo,"Painting services, painting company - California",https://app.apollo.io/#/organizations/5e55eab196cd410001ff41d0?overrideScoreId=score,,,contractor services+39,http://www.linkedin.com/company/remodel-repair-replace,,,,,
Tilt Up Painting Inc. San Diego,http://www.tiltuppainting.com,,,San Diego,California,,,,,,apollo,"Painting services, painting company - California",https://app.apollo.io/#/organizations/5da52b22959a900001ca3e54?overrideScoreId=score,,,painting+69,http://www.linkedin.com/company/tilt-up-painting,,,,,
B & R CREATIVE BUILDERS INC,http://www.creativebuilders.com,,,Los Angeles,California,,,,,,apollo,"Painting services, painting company - California",https://app.apollo.io/#/organizations/5a9eaf4da6da98d96646c4fd?overrideScoreId=score,,,custom home builder+49,http://www.linkedin.com/company/b-&-r-creative-builders-inc,http://facebook.com/bnrcreativebuilders,,,,
Walls n Beyond Painting Company,http://www.wallsnbeyond.com,,,San Mateo,California,,,,,,apollo,"Painting services, painting company - California",https://app.apollo.io/#/organizations/54fca1e27369647d9b740c00?overrideScoreId=score,,,barbequeburgers+4,http://www.linkedin.com/company/walls-n-beyond,,,,,
Ultimate Design & Construction,http://www.ultimatedesignconstruction.com,,,Riverside,California,,,,,,apollo,"Painting services, painting company - California",https://app.apollo.io/#/organizations/54a1297369702d8cfc75d301?overrideScoreId=score,,,kitchen+60,http://www.linkedin.com/company/ultimate-design-&-construction,,,,,
Jacobs Ladder Painting Services,http://www.jacobsladderpainting.com,,,San Diego,California,,,,,,apollo,"Painting services, painting company - California",https://app.apollo.io/#/organizations/674c10d590dfc40001969c00?overrideScoreId=score,,,,http://www.linkedin.com/company/jacobs-ladder-painting-services,,,,,
Pasion Painting Services Inc.,http://www.pasionpainting.com,,,Rodeo,California,,,,,,apollo,"Painting services, painting company - California",https://app.apollo.io/#/organizations/674180cda3b1ed0001ae126f?overrideScoreId=score,,,exterior painting+4,http://www.linkedin.com/company/pasion-painting-services-inc,https://www.facebook.com/Pasion-Painting-Service-Inc-105836780776746/,https://twitter.com/PasionPainting,,,
NELAN PAINTING COMPANY INC.,http://www.nelanpainting.com,,,Laguna Beach,California,,,,,,apollo,"Painting services, painting company - California",https://app.apollo.io/#/organizations/67318eef9c24470001e6fbd6?overrideScoreId=score,,,,http://www.linkedin.com/company/nelan-painting-company-inc.,,,,,
Painting Services Of Mountain View,http://www.paintingservicesofmountainview.com,,,Mountain View,California,,,,,,apollo,"Painting services, painting company - California",https://app.apollo.io/#/organizations/672b5210ef1b850001d31a0f?overrideScoreId=score,,,,http://www.linkedin.com/company/painting-services-of-mountain-view,,,,,
"RINGLEVER PAINTING COMPANY, INC.",http://www.ringleverpainting.com,,,Oceanside,California,,,,,,apollo,"Painting services, painting company - California",https://app.apollo.io/#/organizations/6727063d0426250001775b20?overrideScoreId=score,,,,http://www.linkedin.com/company/ringlever-painting-company-inc.,,,,,
D’Art Painting Services,http://www.painterssf.com,,,San Francisco,California,,,,,,apollo,"Painting services, painting company - California",https://app.apollo.io/#/organizations/672646b64acbcd00012dabc1?overrideScoreId=score,,,,http://www.linkedin.com/company/d%e2%80%99art-painting-services,,,,,
"PEPPERLING PAINTING COMPANY, INC.",http://www.peppaints.com,,,Torrance,California,,,,,,apollo,"Painting services, painting company - California",https://app.apollo.io/#/organizations/672477a6a93e7e000192655c?overrideScoreId=score,,,,http://www.linkedin.com/company/pepperling-painting-company-inc.,,,,,
Anselm Painting Company,http://www.paintthesky.biz,,,Arroyo Grande,California,,,,,,apollo,"Painting services, painting company - California",https://app.apollo.io/#/organizations/6715cf41eb99680001e00ef5?overrideScoreId=score,,,,http://www.linkedin.com/company/anselm-painting-company,,,,,
"PRO IMAGE PAINTING SERVICES, INC.",http://www.proimagepainting.com,,,Lemon Grove,California,,,,,,apollo,"Painting services, painting company - California",https://app.apollo.io/#/organizations/66f518034e2bbd0001ba3138?overrideScoreId=score,,,,http://www.linkedin.com/company/pro-image-painting-services-inc.,,,,,
Master Glow Painting Company,http://www.masterglowpainting.com,,,Sunnyvale,California,,,,,,apollo,"Painting services, painting company - California",https://app.apollo.io/#/organizations/66f29cb14065b00001602fee?overrideScoreId=score,,,,http://www.linkedin.com/company/master-glow-painting-company,,,,,
Montano’s Painting Company,http://www.montanos-painting.com,,,Anaheim,California,,,,,,apollo,"Painting services, painting company - California",https://app.apollo.io/#/organizations/66eea173858f5600016fdb66?overrideScoreId=score,,,,http://www.linkedin.com/company/montano%e2%80%99s-painting-company,,,,,
U & S Painting Company,http://www.unspainting.net,,,Los Angeles,California,,,,,,apollo,"Painting services, painting company - California",https://app.apollo.io/#/organizations/66ed41eeb5a29a000169f073?overrideScoreId=score,,,,http://www.linkedin.com/company/u-&-s-painting-company,,,,,
2020 Painting Company,http://www.2020paintingcompany.com,,,La Mesa,California,,,,,,apollo,"Painting services, painting company - California",https://app.apollo.io/#/organizations/66d3f2443f06c50001ff869e?overrideScoreId=score,,,,http://www.linkedin.com/company/2020-painting-company,,,,,
The Better Painting Company,http://www.thebetterpaintingco.com,,,San Diego,California,,,,,,apollo,"Painting services, painting company - California",https://app.apollo.io/#/organizations/641a8fddfa64490001c646a5?overrideScoreId=score,,,house painting+4,http://www.linkedin.com/company/the-better-painting-company,,,,,
CH Painting Company,http://www.chinohillspainting.com,,,Chino Hills,California,,,,,,apollo,"Painting services, painting company - California",https://app.apollo.io/#/organizations/674b22abc0db0800013ee8f3?overrideScoreId=score,,,,http://www.linkedin.com/company/ch-painting-company,,,,,
Ryan Painting Services,http://www.ryanpaintingservices.com,,,South Pasadena,California,,,,,,apollo,"Painting services, painting company - California",https://app.apollo.io/#/organizations/673329b24503e30001ffc349?overrideScoreId=score,,,,http://www.linkedin.com/company/ryan-painting-services,,,,,
Marin Painting Company,http://www.marinpainting.com,,,Novato,California,,,,,,apollo,"Painting services, painting company - California",https://app.apollo.io/#/organizations/66fd0fffcfaef40001d842a6?overrideScoreId=score,,,,http://www.linkedin.com/company/marin-painting-company,,,,,
Flores Painting and Drywall,http://www.florespd.com,,,San Jose,California,,,,,,apollo,"Painting services, painting company - California",https://app.apollo.io/#/organizations/664f5a3ab99e63075f31c5f4?overrideScoreId=score,,,specialty finishes+40,http://www.linkedin.com/company/flores-painting-and-drywall,,,,,
Browder Painting Company,http://www.browderpainting.com,,,San Luis Obispo,California,,,,,,apollo,"Painting services, painting company - California",https://app.apollo.io/#/organizations/664965a3f22ed9000176daa0?overrideScoreId=score,6.0M,,power washing+11,http://www.linkedin.com/company/browder-painting,https://facebook.com/browderpainting,https://twitter.com/BrowderPainting,,,
Promodeling Inc,http://www.promodelinginc.com,,,El Cerrito,California,,,,,,apollo,"Painting services, painting company - California",https://app.apollo.io/#/organizations/61174145844fdf0001bd91d5?overrideScoreId=score,,,home improvement+65,http://www.linkedin.com/company/promodeling-inc,,,,,
Sunwest Painting,http://www.sunwestpainting.net,,,San Jose,California,,,,,,apollo,"Painting services, painting company - California",https://app.apollo.io/#/organizations/5f3e76ad0615e7008c8f1f4b?overrideScoreId=score,,,commercial painting+64,http://www.linkedin.com/company/sunwestpainting,,,,,
Prestige Paint & Decorative,http://www.prestigepaintdeco.com,,,Corona,California,,,,,,apollo,"Painting services, painting company - California",https://app.apollo.io/#/organizations/5e579f8a54c3e10001a3bfd9?overrideScoreId=score,,,hilow rise+62,http://www.linkedin.com/company/prestige-paint-decorative,https://www.facebook.com/prestigepaintdeco,https://twitter.com/PrestigePaint08,,,
"J. Davis Construction Management, Inc.",http://www.jdcminc.com,,,J. Davis Construction Management,Inc.,,,,,,apollo,"Painting services, painting company - Inc.",https://app.apollo.io/#/organizations/673ee5b17f69bd00013cb28b?overrideScoreId=score,,,concrete work+51,http://www.linkedin.com/company/j.-davis-construction-management-inc.,,,,,
JK Painting Services,http://www.jkpaintingservices.com,,,Alpine,California,,,,,,apollo,"Painting services, painting company - California",https://app.apollo.io/#/organizations/66e523ebf07a5600019d7b14?overrideScoreId=score,,,,http://www.linkedin.com/company/jk-painting-services,,,,,
CertaPro Painters of Orange County,http://www.cppainters-orangecounty.com,,,Orange,California,,,,,,apollo,"Painting services, painting company - California",https://app.apollo.io/#/organizations/6547289ecb6ad7000174d389?overrideScoreId=score,,,,http://www.linkedin.com/company/certapro-painters-of-orange-county,,,,,
Generation Homes and Commercial,http://www.generation-homes.com,,,Clovis,California,,,,,,apollo,"Painting services, painting company - California",https://app.apollo.io/#/organizations/641d535cd3f1890001efecd7?overrideScoreId=score,22.7M,,,http://www.linkedin.com/company/generation-commercial,https://facebook.com/pages/Generation-Homes/210356869008904,,,,
Basurto Painting,http://www.basurtopainting.com,,,San Jose,California,,,,,,apollo,"Painting services, painting company - California",https://app.apollo.io/#/organizations/64167ecbc35c1f0001f915ab?overrideScoreId=score,,,paint protection+36,http://www.linkedin.com/company/basurto-painting,,,,,
RSL Construction Group Inc.,http://www.rslconstructiongroup.com,,,Costa Mesa,California,,,,,,apollo,"Painting services, painting company - California",https://app.apollo.io/#/organizations/6162150f98d72b00012ef0f7?overrideScoreId=score,,,polish concrete+2,http://www.linkedin.com/company/rsl-construction-group,,,,,
CCP PAINTING INC.,http://www.ccp-painting.com,,,Concord,California,,,,,,apollo,"Painting services, painting company - California",https://app.apollo.io/#/organizations/6089d28214e34800e28a134d?overrideScoreId=score,,,fence restoration+58,http://www.linkedin.com/company/ccp-painting-inc,,,,,
"HiTech Painting, Inc.",http://www.hitechpaint.com,,,HiTech Painting,Inc.,,,,,,apollo,"Painting services, painting company - Inc.",https://app.apollo.io/#/organizations/5e56e9f93233cb00017c5416?overrideScoreId=score,,,vapor blasting+63,http://www.linkedin.com/company/hitechpaintinginc,https://www.facebook.com/hitechpaintsandiego,,,,
Pinnacle Painting and Decorating,http://www.paintwithpinnacle.com,,,,,,,,,,apollo,"Painting services, painting company",https://app.apollo.io/#/organizations/5da6bb4146748d0001956f42?overrideScoreId=score,,,epoxy flooring+54,http://www.linkedin.com/company/paintwithpinnacle,https://www.facebook.com/paintwithpinnacle,,,,
Trico Painting,http://www.tricopainting.com,,,Roseville,California,,,,,,apollo,"Painting services, painting company - California",https://app.apollo.io/#/organizations/55e83dd9f3e5bb092b000462?overrideScoreId=score,,,,http://www.linkedin.com/company/tricopainting,https://facebook.com/tricopainting,https://twitter.com/tricopainting,,,
"Unlimited Property Services, Inc",http://www.upsionline.com,,,Unlimited Property Services,Inc,,,,,,apollo,"Painting services, painting company - Inc",https://app.apollo.io/#/organizations/54a129b569702d931370d401?overrideScoreId=score,,,,http://www.linkedin.com/company/unlimited-property-services-inc,,,,,
"A.A. Paint & Custom Finishes, Inc.",http://www.aapaint.com,,,A.A. Paint & Custom Finishes,Inc.,,,,,,apollo,"Painting services, painting company - Inc.",https://app.apollo.io/#/organizations/54a11f8369702da42501da01?overrideScoreId=score,27.4M,,repaints+74,http://www.linkedin.com/company/a-a-paint-&-custom-finishes-inc-,,,,,
Sierra West Painting Company,http://www.sierrawestpainting.com,,,Costa Mesa,California,,,,,,apollo,"Painting services, painting company - California",https://app.apollo.io/#/organizations/673daf2988b2320001466d26?overrideScoreId=score,4.2M,,,http://www.linkedin.com/company/sierra-west-painting-company,https://facebook.com/pages/Sierra-West-Painting-Co/335900239915153,https://twitter.com/_SWPainting,,,
Next Level Painting Bay Area,http://www.nextlevelpaint.com,,,Oakland,California,,,,,,apollo,"Painting services, painting company - California",https://app.apollo.io/#/organizations/645681868bc45f02a62fc0bb?overrideScoreId=score,,,home improvement+51,http://www.linkedin.com/company/next-level-painting-bay-area,https://facebook.com/NextLevelPaintingCA,,,,
Loyalty Technical Services LLC,http://www.loyaltyuae.com,,,Dublin,California,,,,,,apollo,"Painting services, painting company - California",https://app.apollo.io/#/organizations/5ed681eba49269000158b2ab?overrideScoreId=score,,,,http://www.linkedin.com/company/loyalty-technical-services,http://www.facebook.com/loyaltytechnicalservices,,,,
TCI Striping,http://www.tcistriping.com,,,Riverside,California,,,,,,apollo,"Painting services, painting company - California",https://app.apollo.io/#/organizations/55f469b4f3e5bb1de1008a24?overrideScoreId=score,,,wareshouse striping+27,http://www.linkedin.com/company/tci-striping,,,,,
Award Painting Company,http://www.awardpaintingco.com,,,Fairfield,California,,,,,,apollo,"Painting services, painting company - California",https://app.apollo.io/#/organizations/55e8c19ff3e5bb144800006f?overrideScoreId=score,,,,http://www.linkedin.com/company/award-painting-co,,,,,
Brescia Stone Painting,http://www.bsptg.com,,,Novato,California,,,,,,apollo,"Painting services, painting company - California",https://app.apollo.io/#/organizations/55923c5d73696418d784e700?overrideScoreId=score,,,industrial painting+78,http://www.linkedin.com/company/brescia-stone-painting,https://www.facebook.com/bresciastonepainting,,,,
HouseSavers,http://www.housesavers.com,,,San Rafael,California,,,,,,apollo,"Painting services, painting company - California",https://app.apollo.io/#/organizations/54fca5f57369647dd42f3800?overrideScoreId=score,,,eco-conscious+64,http://www.linkedin.com/company/housesavers,https://www.facebook.com/profile.php,,,,
"Terry Hunt Painting & Decorating, Inc.",http://www.thpd.com,,,Terry Hunt Painting & Decorating,Inc.,,,,,,apollo,"Painting services, painting company - Inc.",https://app.apollo.io/#/organizations/54a1bcd074686945fa84890c?overrideScoreId=score,3M,,,http://www.linkedin.com/company/terry-hunt-painting-&-decorating-inc-,http://www.facebook.com/pages/Terry-Hunt-Painting-Decorating-Inc/230868526972288,https://twitter.com/HuntPainting,,,
Kolorama Coatings,http://www.koloramacoatings.com,,,Oxnard,California,,,,,,apollo,"Painting services, painting company - California",https://app.apollo.io/#/organizations/63db851206446500daac7640?overrideScoreId=score,,,painting services+9,http://www.linkedin.com/company/kolorama-coatings,https://www.facebook.com/p/Kolorama-Coatings-100086328588054/,,,,
Stark Remodeling Los Angeles,http://www.starkremodelingservices.com,,,Los Angeles,California,,,,,,apollo,"Painting services, painting company - California",https://app.apollo.io/#/organizations/6311dddd9a5618008b2f9053?overrideScoreId=score,,,bathroom remodeling+50,http://www.linkedin.com/company/stark-remodeling-los-angeles,,,,,
Moorhouse,http://www.moorhousecoating.com,,,Palm Desert,California,,,,,,apollo,"Painting services, painting company - California",https://app.apollo.io/#/organizations/60d70bae21ec6f008ca9977d?overrideScoreId=score,,,,http://www.linkedin.com/company/moorhouse-coating,,,,,
"ADL PAINTING AND WALL COVERING, INC",http://www.adlpainting.com,,,Corona,California,,,,,,apollo,"Painting services, painting company - California",https://app.apollo.io/#/organizations/5ed1a167fc64a30001a31fc7?overrideScoreId=score,,,acoustic panels+51,http://www.linkedin.com/company/adl-painting-and-wall-covering-inc,,,,,
"Brad Stoner Painting, Inc.",http://www.bradstonerpainting.com,,,Brad Stoner Painting,Inc.,,,,,,apollo,"Painting services, painting company - Inc.",https://app.apollo.io/#/organizations/54a1a2bf7468695860febc03?overrideScoreId=score,25.5M,,interior painting+47,http://www.linkedin.com/company/brad-stoner-painting,https://facebook.com/BradStonerPainting,,,,
New Life Bath & Kitchen,http://www.newlifehi.com,,,Santa Maria,California,,,,,,apollo,"Painting services, painting company - California",https://app.apollo.io/#/organizations/54a135b369702d2f9fb62d01?overrideScoreId=score,,,customer satisfaction+54,,https://www.facebook.com/newlifehi,,,,
Partnership Painting,http://www.partnershippainting.com,,,Pasadena,California,,,,,,apollo,"Painting services, painting company - California",https://app.apollo.io/#/organizations/54a12ad969702d9313675f02?overrideScoreId=score,21.7M,,interior paint+76,http://www.linkedin.com/company/partnership-painting,https://facebook.com/pages/Partnership-Painting-Inc/342152141803,https://twitter.com/partnerspaint,,,
Best Value Home Improvements,http://www.bestvaluehomeimprovements.com,,,Oakland,California,,,,,,apollo,"Painting services, painting company - California",https://app.apollo.io/#/organizations/54a1271969702d9313607000?overrideScoreId=score,34.6M,,termite repair+43,http://www.linkedin.com/company/best-value-home-improvements,,,,,
Creative Design & Build,http://www.creativedesignandbuildinc.com,,,San Diego,California,,,,,,apollo,"Painting services, painting company - California",https://app.apollo.io/#/organizations/6569b1b325cf190001db957f?overrideScoreId=score,,,hardscape installation+95,http://www.linkedin.com/company/creative-design-build1,,,,,
"Canin Coatings, Inc.",http://www.canincoatings.com,,,Canin Coatings,Inc.,,,,,,apollo,"Painting services, painting company - Inc.",https://app.apollo.io/#/organizations/61ad3296d1633a0001d9c58e?overrideScoreId=score,,,elastomericcoating+53,http://www.linkedin.com/company/canin-coatings-inc.,https://facebook.com/canincoatings,,,,
San Diego Paint Pros,http://www.sandiegopaintpros.com,,,San Diego,California,,,,,,apollo,"Painting services, painting company - California",https://app.apollo.io/#/organizations/614ef70f6c4e6b0001853625?overrideScoreId=score,,,painting+34,http://www.linkedin.com/company/san-diego-paint-pros,,,,,
"QCP, Inc.",http://www.qcpconstruction.com,,,Ventura,California,,,,,,apollo,"Painting services, painting company - California",https://app.apollo.io/#/organizations/56e11e64f3e5bb3f5d00016b?overrideScoreId=score,,,construction+54,http://www.linkedin.com/company/qcp-inc-,https://www.facebook.com/QCPConstruction/,,,,
"Select Painting & Construction, Inc.",http://www.select-painting.com,,,Select Painting & Construction,Inc.,,,,,,apollo,"Painting services, painting company - Inc.",https://app.apollo.io/#/organizations/56d388b6f3e5bb15f7002cdb?overrideScoreId=score,19.3M,,paintinghoa+73,http://www.linkedin.com/company/select-painting-&-construction,https://www.facebook.com/1751039315002139,,,,
"D AND B PAINTING COMPANY, INC.",http://www.dbpaint.com,,,Oakland,California,,,,,,apollo,"Painting services, painting company - California",https://app.apollo.io/#/organizations/55ef63dff3e5bb49b10005c7?overrideScoreId=score,,,,http://www.linkedin.com/company/d-and-b-painting-company-inc-,,,,,
Joaquin Painting,http://www.joaquinpainting.com,,,Modesto,California,,,,,,apollo,"Painting services, painting company - California",https://app.apollo.io/#/organizations/5592355e73696419d880cd00?overrideScoreId=score,,,commercial painting+50,http://www.linkedin.com/company/joaquin-painting,https://www.facebook.com/JoaquinPainting,,,,
Foxtrot Construction,http://www.foxtco.com,,,Ontario,California,,,,,,apollo,"Painting services, painting company - California",https://app.apollo.io/#/organizations/67c88e0acb8fcb000d2731ee?overrideScoreId=score,,,project management+53,http://www.linkedin.com/company/foxtco,,,,,
JLM Painting Inc,http://www.jlmpaintinginc.com,,,Petaluma,California,,,,,,apollo,"Painting services, painting company - California",https://app.apollo.io/#/organizations/63b3df5342ae1c00fcbc5443?overrideScoreId=score,,,dry rot repair+55,http://www.linkedin.com/company/jlm-painting-inc,,,,,
"Majestic Life General Contracting, Inc. / Majestic Life Painting",http://www.majesticlifecontracting.com,,,Rancho Cordova,California,,,,,,apollo,"Painting services, painting company - California",https://app.apollo.io/#/organizations/5ed5827645fca50001eae84c?overrideScoreId=score,,,exterior prep+37,http://www.linkedin.com/company/majestic-life-contracting-inc,,,,,
Fenn Construction Services,http://www.fenncsi.com,,,Anaheim,California,,,,,,apollo,"Painting services, painting company - California",https://app.apollo.io/#/organizations/5a9cf300a6da98d98529692c?overrideScoreId=score,,,,http://www.linkedin.com/company/fenn-construction-services-inc,https://www.facebook.com/FennConstructionServicesInc,,,,
Kelley Painting Services,,,,Murrieta,California,,,,,,apollo,"Painting services, painting company - California",https://app.apollo.io/#/organizations/57c4cfbaa6da986a7fc94aa0?overrideScoreId=score,,,,http://www.linkedin.com/company/kelley-painting-services-inc,,,,,
MIGALE PAINTING COMPANY,http://www.migalepainting.com,,,Novato,California,,,,,,apollo,"Painting services, painting company - California",https://app.apollo.io/#/organizations/66f1070d3a3bc5000178f9bf?overrideScoreId=score,,,,http://www.linkedin.com/company/migale-painting-company,,,,,
RA PAINTING & SERVICES INC,http://www.rapaint.com,,,El Cajon,California,,,,,,apollo,"Painting services, painting company - California",https://app.apollo.io/#/organizations/66d4870696c434000160abf5?overrideScoreId=score,,,,http://www.linkedin.com/company/ra-painting-&-services-inc,,,,,
Basile Interiors Ltd,http://www.basileinteriors.com,,,Windsor,California,,,,,,apollo,"Painting services, painting company - California",https://app.apollo.io/#/organizations/6368e2c410bbcf000132e8dc?overrideScoreId=score,,,painting+29,http://www.linkedin.com/company/basile-interiors-ltd,,,,,
MPG Painting,http://www.mpgpainting.net,,,Sacramento,California,,,,,,apollo,"Painting services, painting company - California",https://app.apollo.io/#/organizations/60b1e99bd26791000182aa36?overrideScoreId=score,,,,http://www.linkedin.com/company/mpg-painting,,,,,
City Wide Restoration and Construction,http://www.citywiderestorationandconstruction.com,,,Sacramento,California,,,,,,apollo,"Painting services, painting company - California",https://app.apollo.io/#/organizations/5fc88aa851b0ec0001da20f2?overrideScoreId=score,,,,http://www.linkedin.com/company/city-wide-restoration-and-construction,,,,,
ProCom Painting Inc.,http://www.procompainting.com,,,Ontario,California,,,,,,apollo,"Painting services, painting company - California",https://app.apollo.io/#/organizations/5e55c811c1df75000167ce90?overrideScoreId=score,,,floor coatings+45,http://www.linkedin.com/company/procom-painting-inc.,https://www.facebook.com/ProComPaintingInc/,,,,
Construction Concern Inc,http://www.constructionconcern.com,,,Santa Clarita,California,,,,,,apollo,"Painting services, painting company - California",https://app.apollo.io/#/organizations/55ea5c62f3e5bb5940005f5a?overrideScoreId=score,,,,http://www.linkedin.com/company/construction-concern-inc,https://www.facebook.com/constructionconcern,,,,
Kunst Painting,http://www.kunstpainting.com,,,San Rafael,California,,,,,,apollo,"Painting services, painting company - California",https://app.apollo.io/#/organizations/5569f15c73696425db1ab900?overrideScoreId=score,11.3M,,painting+65,http://www.linkedin.com/company/kunst-painting-inc,https://facebook.com/BobKunstPainting,https://twitter.com/KunstPainting,,,
A.J.T. Construction Company,http://www.ajtconstruction.com,,,Mission Hills,California,,,,,,apollo,"Painting services, painting company - California",https://app.apollo.io/#/organizations/54a1357969702d333da6d500?overrideScoreId=score,27.5M,,mold remediation+58,http://www.linkedin.com/company/a.j.t.-construction-company,,,,,
R&K TRADESMEN PLUMBING ELECTRICAL H.V.A.C. GENERAL CONRACTORS,http://www.rktradesmen.com,,,Los Angeles,California,,,,,,apollo,"Painting services, painting company - California",https://app.apollo.io/#/organizations/54fca4d27369640180612f00?overrideScoreId=score,,,,http://www.linkedin.com/company/r&k-tradesmen-plumbing-electrical-h-v-a-c-general-conractors,,,,,
Rayco Painting,http://www.raycopainting.com,,,Oakland,California,,,,,,apollo,"Painting services, painting company - California",https://app.apollo.io/#/organizations/54a1287d69702dc84157e600?overrideScoreId=score,,,hoa industry+46,http://www.linkedin.com/company/rayco-painting,,,,,
Troy's Painting,http://www.troyspainting.com,,,Santa Ana,California,,,,,,apollo,"Painting services, painting company - California",https://app.apollo.io/#/organizations/54a1f9247468693fda340d02?overrideScoreId=score,26.7M,,painting+50,http://www.linkedin.com/company/troy's-painting,,,,,
C2SI,http://www.c2si.com,,,Carlsbad,California,,,,,,apollo,"Painting services, painting company - California",https://app.apollo.io/#/organizations/54a11ec369702da10f9e9a01?overrideScoreId=score,,,,http://www.linkedin.com/company/consolidated-construction-services-inc.,,,,,
Urban Painting,http://www.urbanco.com,,,San Rafael,California,,,,,,apollo,"Painting services, painting company - California",https://app.apollo.io/#/organizations/5f4a2969768ca90001ea10f2?overrideScoreId=score,,,high rise buildings+47,http://www.linkedin.com/company/urban-waterproofing-inc.,,,,,
"National Renovation, Inc.",http://www.nationalrenovation.com,,,National Renovation,Inc.,,,,,,apollo,"Painting services, painting company - Inc.",https://app.apollo.io/#/organizations/5f49ee92d5572a0001a4e410?overrideScoreId=score,,,glass intallation+76,http://www.linkedin.com/company/national-renovation-inc,,,,,
Shafran Construction,http://www.shafranconstruction.com,,,Agoura Hills,California,,,,,,apollo,"Painting services, painting company - California",https://app.apollo.io/#/organizations/54fca62873696401a7a53200?overrideScoreId=score,,,painting services+51,http://www.linkedin.com/company/shafran-construction,https://facebook.com/teamshafran,https://twitter.com/shafrancon,,,
Elite Home Services SB,http://www.elite-homeservices.com,,,Santa Barbara,California,,,,,,apollo,"Painting services, painting company - California",https://app.apollo.io/#/organizations/6412212086b27d00a3951ffd?overrideScoreId=score,,,kitchen remodeling+57,http://www.linkedin.com/company/elite-home-services-sb,,,,,
R&L Quality Painting,http://www.rlqualitypainting.com,,,Brea,California,,,,,,apollo,"Painting services, painting company - California",https://app.apollo.io/#/organizations/5ed211f9abf8dd0001a39465?overrideScoreId=score,,,painting contractor+54,http://www.linkedin.com/company/r-l-quality-painting,https://www.facebook.com/rlqualitypainting/,,,,
"Perryman Painting & Remodeling, Inc.",http://www.perrymanpainting.com,,,Perryman Painting & Remodeling,Inc.,,,,,,apollo,"Painting services, painting company - Inc.",https://app.apollo.io/#/organizations/5da52c87313a320001957a27?overrideScoreId=score,8.5M,,,http://www.linkedin.com/company/perryman-painting-remodeling-inc,https://www.facebook.com/PerrymanPainting,https://twitter.com/perrymanpaintin,,,
River City Reconstruction & Painting,http://www.rcityrestoration.com,,,Sacramento,California,,,,,,apollo,"Painting services, painting company - California",https://app.apollo.io/#/organizations/5569f8c973696434798a0100?overrideScoreId=score,,,painting+51,http://www.linkedin.com/company/river-city-reconstruction,https://www.facebook.com/rcityrestoration/,,,,
Armstrong Installation Service,http://www.armstrong1234.com,,,Emeryville,California,,,,,,apollo,"Painting services, painting company - California",https://app.apollo.io/#/organizations/5da4609fd7e66f00017c2784?overrideScoreId=score,20.1M,,foam roofing+58,http://www.linkedin.com/company/armstrong-installation-service,,,,,
"ALC Construction, LLC",http://www.alcconstructioninc.com,,,Los Angeles,California,,,,,,apollo,"Painting services, painting company - California",https://app.apollo.io/#/organizations/556db209736964126c4f7401?overrideScoreId=score,,,general contractor+50,http://www.linkedin.com/company/alc-construction-llc-,,,,,
Larson Bros. Painting,http://www.larsonbrospainting.com,,,Napa,California,,,,,,apollo,"Painting services, painting company - California",https://app.apollo.io/#/organizations/54fca5e573696401aac03100?overrideScoreId=score,,,carpentry repair+92,http://www.linkedin.com/company/larson-bros-painting,https://www.facebook.com/larsonbrospainting/,https://twitter.com/larsonbrospaint,,,
CalPro Construction & Painting,http://www.thinkcalpro.com,,,Roseville,California,,,,,,apollo,"Painting services, painting company - California",https://app.apollo.io/#/organizations/54a1bb2174686942d34e040c?overrideScoreId=score,10.8M,,,http://www.linkedin.com/company/calpro-painting,https://facebook.com/CalProPainting,,,,
"Roussos Construction, Inc.",http://www.roussosconstruction.com,,,Roussos Construction,Inc.,,,,,,apollo,"Painting services, painting company - Inc.",https://app.apollo.io/#/organizations/54a13a2d69702db45dc7a800?overrideScoreId=score,,,multifamily+83,http://www.linkedin.com/company/roussos-construction-services,https://facebook.com/roussosconstruction,,,,
"Landmark Painting, Inc.",http://www.landmarkpaintinginc.com,,,Landmark Painting,Inc.,,,,,,apollo,"Painting services, painting company - Inc.",https://app.apollo.io/#/organizations/5da3684b0f892d00019d6579?overrideScoreId=score,,,,http://www.linkedin.com/company/landmark-painting-inc.,,,,,
Around The House Handyman,http://www.hernandezhandymanservices.net,,,Fresno,California,,,,,,apollo,"Painting services, painting company - California",https://app.apollo.io/#/organizations/57c505cfa6da986a673dacc5?overrideScoreId=score,,,consumer services+50,http://www.linkedin.com/company/around-the-house-handyman,,,,,
McCarthy Painting Inc.,http://www.mccarthypainting.com,,,San Rafael,California,,,,,,apollo,"Painting services, painting company - California",https://app.apollo.io/#/organizations/54a1c25974686949e7c0960e?overrideScoreId=score,,,interior painting+50,http://www.linkedin.com/company/mccarthypainting,https://www.facebook.com/McCarthyPaintingCompany,,,,
Paintrite Pros,http://www.paintritepros.com,,,Elk Grove,California,,,,,,apollo,"Painting services, painting company - California",https://app.apollo.io/#/organizations/5fde3c5d70fc52008c774811?overrideScoreId=score,,,house painting+43,http://www.linkedin.com/company/paintrite-pros,,https://twitter.com/Paintritepros,,,
Pro Painting Co.LLC,http://www.propaintingcollc.com,,,Los Angeles,California,,,,,,apollo,"Painting services, painting company - California",https://app.apollo.io/#/organizations/5ed13e090c370f000191bad5?overrideScoreId=score,,,painter+35,http://www.linkedin.com/company/propaintingco,,,,,
"Abayla Contracting Services, Inc.",http://www.abayla.com,,,Abayla Contracting Services,Inc.,,,,,,apollo,"Painting services, painting company - Inc.",https://app.apollo.io/#/organizations/5e55fa1f8ee16e00019c9555?overrideScoreId=score,17.4M,,,http://www.linkedin.com/company/abayla-contracting-services-inc,,,,,
A-T.E.A.M. Contractors Inc.,http://www.ateam777.com,,,Oceanside,California,,,,,,apollo,"Painting services, painting company - California",https://app.apollo.io/#/organizations/5d095652a3ae61145bc40398?overrideScoreId=score,,,painting+67,http://www.linkedin.com/company/a-team-contractors-inc.,,,,,
QUIROZ CONSTRUCTION,http://www.quirozconstructioninc.com,,,Corcoran,California,,,,,,apollo,"Painting services, painting company - California",https://app.apollo.io/#/organizations/55f95c30f3e5bb6c41005272?overrideScoreId=score,,,general contractor+42,http://www.linkedin.com/company/quiroz-construction,,,,,
Whit's Painting Inc.,http://www.whitspaintinginc.com,,,Clayton,California,,,,,,apollo,"Painting services, painting company - California",https://app.apollo.io/#/organizations/54a19e247468695c82683b02?overrideScoreId=score,,,painting interior+67,http://www.linkedin.com/company/whit's-painting-inc-,https://www.facebook.com/WhitsPaintingInc,,,,
"Roy Miller Painting, Inc.",http://www.roymillerpainting.com,,,Roy Miller Painting,Inc.,,,,,,apollo,"Painting services, painting company - Inc.",https://app.apollo.io/#/organizations/54a1225269702d84c5effb02?overrideScoreId=score,22.4M,,new construction+58,http://www.linkedin.com/company/roy-miller-painting-inc-,https://facebook.com/Roymillerpainting,,,,
All Bay Paint Inc.,http://www.allbaypaint.com,,,Santa Clara,California,,,,,,apollo,"Painting services, painting company - California",https://app.apollo.io/#/organizations/5f3fee0c1f48df0001a31abe?overrideScoreId=score,,,commercial painting+56,http://www.linkedin.com/company/all-bay,,,,,
Lawrence B. Bonas Company,http://www.bonasco.com,,,Costa Mesa,California,,,,,,apollo,"Painting services, painting company - California",https://app.apollo.io/#/organizations/5e500b291a794800f29d1e52?overrideScoreId=score,,,licensed contractor+46,http://www.linkedin.com/company/bonasco,,,,,
Winv Painting & Coatings,http://www.winv.com,,,Corona,California,,,,,,apollo,"Painting services, painting company - California",https://app.apollo.io/#/organizations/5b872300324d4412a18c1475?overrideScoreId=score,,,water proofing+42,http://www.linkedin.com/company/winv-painting-coatings,https://www.facebook.com/winvpainting/,,,,
Patal and Partners Construction,http://www.patalconstruction.com,,,Pasadena,California,,,,,,apollo,"Painting services, painting company - California",https://app.apollo.io/#/organizations/61620d9753a9c40001fca40e?overrideScoreId=score,,,construction+78,http://www.linkedin.com/company/patal-and-partners-construction,https://www.facebook.com/patalconstructionllc/,,,,
Nugent Painting Inc.,http://www.nugentpainting.com,,,Huntington Beach,California,,,,,,apollo,"Painting services, painting company - California",https://app.apollo.io/#/organizations/61616b68d15be40001229e92?overrideScoreId=score,3.7M,,industrialpainting+65,http://www.linkedin.com/company/nugent-paintinginc,https://facebook.com/nugentpainting,https://twitter.com/nugentpainting,,,
Rossi Painting & Construction,http://www.rossipainting.com,,,San Carlos,California,,,,,,apollo,"Painting services, painting company - California",https://app.apollo.io/#/organizations/604a9bd9a8096d0001c3d87a?overrideScoreId=score,,,painting+54,http://www.linkedin.com/company/rossipainting,,,,,
Tollner Painting Inc,http://www.tollnerpainting.com,,,Campbell,California,,,,,,apollo,"Painting services, painting company - California",https://app.apollo.io/#/organizations/55921e94736964186f1e7e00?overrideScoreId=score,19M,,commercial painting+49,http://www.linkedin.com/company/tollner-painting-inc,,,,,
J.W. Peterson Painting Inc.,http://www.jwpetersonpainting.com,,,Livermore,California,,,,,,apollo,"Painting services, painting company - California",https://app.apollo.io/#/organizations/556ceec47369641226a04f00?overrideScoreId=score,,,commercial painting+52,http://www.linkedin.com/company/j-w-peterson-painting-inc-,,,,,
PS2 Inc,http://www.ps2-inc.com,,,Gardena,California,,,,,,apollo,"Painting services, painting company - California",https://app.apollo.io/#/organizations/55eb491cf3e5bb781e0034a2?overrideScoreId=score,14.5M,,,http://www.linkedin.com/company/ps2-inc,,,,,
Whitestone Industries,http://www.wsindustries.com,,,Pasadena,California,,,,,,apollo,"Painting services, painting company - California",https://app.apollo.io/#/organizations/5f28786074e70000bebc0fe3?overrideScoreId=score,,,deep clean+65,http://www.linkedin.com/company/wsindustries,https://www.facebook.com/WSindustries/,,,,
Crown Painting Inc,http://www.crownpaintinginc.com,,,Modesto,California,,,,,,apollo,"Painting services, painting company - California",https://app.apollo.io/#/organizations/5e56abdf6e001c00015bca1e?overrideScoreId=score,27.3M,,epoxy floors+49,http://www.linkedin.com/company/crown-painting,https://facebook.com/CrownPaintingInc,,,,
"George E. Masker, Inc.",http://www.maskerpainting.com,,,George E. Masker,Inc.,,,,,,apollo,"Painting services, painting company - Inc.",https://app.apollo.io/#/organizations/54a1df3e7468695475ab5e15?overrideScoreId=score,23.3M,,painting services+38,http://www.linkedin.com/company/george-e-masker-inc,,,,,
Lancaster Painting,http://www.lancasterpainting.com,,,Denair,California,,,,,,apollo,"Painting services, painting company - California",https://app.apollo.io/#/organizations/54a1c84874686949e7fbae10?overrideScoreId=score,18.8M,,inteiror+32,http://www.linkedin.com/company/lancaster-painting,https://facebook.com/LancasterPainting,https://twitter.com/lancasterpaint,,,
Pro-Tech Painting,http://www.pro-techpainting.com,,,San Diego,California,,,,,,apollo,"Painting services, painting company - California",https://app.apollo.io/#/organizations/54a11c5369702d8ccce59700?overrideScoreId=score,15.7M,,interior+63,http://www.linkedin.com/company/pro-tech-painting,https://www.facebook.com/protechpaintcompany/,https://twitter.com/protechpaintco,,,
MC Contracting,http://www.mc-contracting.com,,,Oceanside,California,,,,,,apollo,"Painting services, painting company - California",https://app.apollo.io/#/organizations/5b84c54d324d44716a2001c4?overrideScoreId=score,,,,http://www.linkedin.com/company/mc-contracting,,,,,
Acoustical Drywall Services,http://www.spray1.com,,,Pleasanton,California,,,,,,apollo,"Painting services, painting company - California",https://app.apollo.io/#/organizations/54a1356b69702d4494de9800?overrideScoreId=score,6.9M,,,http://www.linkedin.com/company/acoustical-drywall-services,https://facebook.com/acousticaldrywall,,,,
Legacy Painting Contractors,http://www.legacypaintingcontractorsca.com,,,Pleasanton,California,,,,,,apollo,"Painting services, painting company - California",https://app.apollo.io/#/organizations/5500b2d97369642daa6a2a00?overrideScoreId=score,8.9M,,painting contractors+5,http://www.linkedin.com/company/legacy-painting-contractors,https://facebook.com/LegacyPaintingContractors,https://twitter.com/legacypainting,,,
Pacific Western Painting and Construction,http://www.pacwestpainting.com,,,San Marcos,California,,,,,,apollo,"Painting services, painting company - California",https://app.apollo.io/#/organizations/54a1295d69702dcef98e9301?overrideScoreId=score,5.9M,,painting+65,http://www.linkedin.com/company/pacific-western-commercial-and-residential-painting,https://www.facebook.com/pacwestpaintingandconstruction/,https://twitter.com/pacwestpaint,,,
"Magic Maintenance, Inc.",http://www.magicmaintenanceinc.com,,,Magic Maintenance,Inc.,,,,,,apollo,"Painting services, painting company - Inc.",https://app.apollo.io/#/organizations/67a252109b81e902d0f766a2?overrideScoreId=score,,,restoration services+53,http://www.linkedin.com/company/magicmaintenanceinc,,,,,
Mcr Construction,http://www.mcrdreambuilders.com,,,Moorpark,California,,,,,,apollo,"Painting services, painting company - California",https://app.apollo.io/#/organizations/57c505daa6da986a1b288fdf?overrideScoreId=score,,,residential remodeling+37,http://www.linkedin.com/company/mcr-construction,,,,,
Varsity Painting,http://www.varsitypainting.com,,,Walnut Creek,California,,,,,,apollo,"Painting services, painting company - California",https://app.apollo.io/#/organizations/54a137f869702d9b89351100?overrideScoreId=score,3.4M,,,http://www.linkedin.com/company/varsity-painting,https://facebook.com/pages/Varsity-Painting/194959223877669,https://twitter.com/rolandthoms,,,
Steves Painting,http://www.stevespaintinginc.com,,,Ontario,California,,,,,,apollo,"Painting services, painting company - California",https://app.apollo.io/#/organizations/55ec9b1bf3e5bb12cd0049e6?overrideScoreId=score,,,wood restoration+53,http://www.linkedin.com/company/steves-painting,,,,,
PSR West Coast Builders,http://www.psrgc.com,,,Lafayette,California,,,,,,apollo,"Painting services, painting company - California",https://app.apollo.io/#/organizations/6346eba7e4661900e4513f35?overrideScoreId=score,,,,http://www.linkedin.com/company/psr-west-coast-builders,,,,,
ALP CONSTRUCTION & PAINTING INC,http://www.alpconstructionca.com,,,Pleasant Hill,California,,,,,,apollo,"Painting services, painting company - California",https://app.apollo.io/#/organizations/5e5694241a459300015c93bc?overrideScoreId=score,,,fencing & sound walls+65,http://www.linkedin.com/company/alp-construction-&-painting-inc,https://www.facebook.com/Alpconstructionandpainting/,https://twitter.com/ALP_Constructs,,,
Pacific Drywall,http://www.pacificdrywall.com,,,San Jose,California,,,,,,apollo,"Painting services, painting company - California",https://app.apollo.io/#/organizations/5d0a82dba3ae613a6ca6c575?overrideScoreId=score,19M,,wallpaper removal+37,http://www.linkedin.com/company/pacific-drywall,,,,,
Affinity Painting Company Inc.,http://www.affinity-painting.com,,,Covina,California,,,,,,apollo,"Painting services, painting company - California",https://app.apollo.io/#/organizations/5da7015581f1650001b1c11f?overrideScoreId=score,2.2M,,commercial+78,http://www.linkedin.com/company/affinity-painting-company-inc.,https://facebook.com/affinitypainting,https://twitter.com/AffinityPaints,,,
"Painting Unlimited, Inc.",http://www.paintingunlimited-inc.com,,,Painting Unlimited,Inc.,,,,,,apollo,"Painting services, painting company - Inc.",https://app.apollo.io/#/organizations/5e57addca4128d0001c84836?overrideScoreId=score,,,power washing+67,http://www.linkedin.com/company/painting-unlimited-inc.,,,,,
Rogall + Co.,http://www.rogall.com,,,Morro Bay,California,,,,,,apollo,"Painting services, painting company - California",https://app.apollo.io/#/organizations/56d5ffd0f3e5bb35e50009d7?overrideScoreId=score,,,residential+64,http://www.linkedin.com/company/rogall-painting-inc-,https://www.facebook.com/RogallCo,https://twitter.com/RogallCo,,,
LIME Painting,http://www.limepainting.com,,,Greenwood Village,Colorado,,,,,,apollo,"Painting services, painting company - Colorado",https://app.apollo.io/#/organizations/5ed1e7983b3bf900017b9fe2?overrideScoreId=score,,,,http://www.linkedin.com/company/limepainting,https://facebook.com/getlimed,https://twitter.com/lime_painting,,,
Kind Home Solutions,http://www.kindhomesolutions.com,,,Englewood,Colorado,,,,,,apollo,"Painting services, painting company - Colorado",https://app.apollo.io/#/organizations/5b863654f874f71549f118d4?overrideScoreId=score,,,exterior painting+52,http://www.linkedin.com/company/kindhomesolutions,https://www.facebook.com/KindHomeSolutions/,,,,
Lewis Custom Painting,http://www.lewiscustompainting.com,,,Castle Rock,Colorado,,,,,,apollo,"Painting services, painting company - Colorado",https://app.apollo.io/#/organizations/61ec350d8cd8fc0001ddfb42?overrideScoreId=score,,,project management+26,http://www.linkedin.com/company/lewis-custom-painting,https://www.facebook.com/lewiscustompainting,,,,
"AMC Painting, LLC",http://www.amcpainting.com,,,Colorado Springs,Colorado,,,,,,apollo,"Painting services, painting company - Colorado",https://app.apollo.io/#/organizations/54a25de07468693825bf831d?overrideScoreId=score,22.7M,,dental offices+49,http://www.linkedin.com/company/amc-painting,https://www.facebook.com/search/top,,,,
Stellar Painting and Remodeling,http://www.stellarpaintingandremodeling.com,,,Englewood,Colorado,,,,,,apollo,"Painting services, painting company - Colorado",https://app.apollo.io/#/organizations/664a407ed2de5e0001695058?overrideScoreId=score,12.9M,,carpentrystucco+55,http://www.linkedin.com/company/stellar-painting-and-remodeling,https://www.facebook.com/stellarpaintandremodel/,https://twitter.com/stellarpainters,,,
TECC Commercial Painting,http://www.teccpainting.com,,,Colorado Springs,Colorado,,,,,,apollo,"Painting services, painting company - Colorado",https://app.apollo.io/#/organizations/5ed33ad7492a01000138a85b?overrideScoreId=score,1.5M,,residential painting+47,http://www.linkedin.com/company/tecc-painting-company,,,,,
Shamrock Painting/ Bell SPI,http://www.shamrockpaintinginc.com,,,Denver,Colorado,,,,,,apollo,"Painting services, painting company - Colorado",https://app.apollo.io/#/organizations/55fa621bf3e5bb019a000e60?overrideScoreId=score,9.7M,,,http://www.linkedin.com/company/shamrock-painting-inc-,https://www.facebook.com/shamrockpaintinginc/,,,,
Walls by Design Inc.,http://www.wallsbydesign.com,,,Denver,Colorado,,,,,,apollo,"Painting services, painting company - Colorado",https://app.apollo.io/#/organizations/55920a347369641865233300?overrideScoreId=score,18.3M,,drywall textures+50,http://www.linkedin.com/company/walls-by-design-inc-,,,,,
"Preferred Painting, Inc",http://www.preferredpainting.com,,,Preferred Painting,Inc,,,,,,apollo,"Painting services, painting company - Inc",https://app.apollo.io/#/organizations/5d0949a2f6512589e239bfe3?overrideScoreId=score,18.5M,,interior painting+79,http://www.linkedin.com/company/preferredpainting-denverco,,,,,
Pride Roofing & Construction,http://www.prideroofingandsolar.com,,,Loveland,Colorado,,,,,,apollo,"Painting services, painting company - Colorado",https://app.apollo.io/#/organizations/5f46388994798d00016d66a8?overrideScoreId=score,,,exterior painting+60,http://www.linkedin.com/company/prideroofingandsolar,,,,,
Shaker Painting Inc,http://www.shakerpainting.com,,,Denver,Colorado,,,,,,apollo,"Painting services, painting company - Colorado",https://app.apollo.io/#/organizations/556d4ab773696411c788d500?overrideScoreId=score,,,new construction+41,http://www.linkedin.com/company/shaker-painting,https://www.facebook.com/shakerpainting,https://twitter.com/shakerpainting,,,
Foothills Painting LLC,http://www.foothillspainting.co,,,Fort Collins,Colorado,,,,,,apollo,"Painting services, painting company - Colorado",https://app.apollo.io/#/organizations/5d0a85b5f65125346a4e42ef?overrideScoreId=score,,,interior painting+53,http://www.linkedin.com/company/foothills-painting-llc,https://facebook.com/tr,https://twitter.com/fcpainters,,,
CLASSIC PAINTING AND DECORATING,http://www.classicpaintingusa.com,,,Golden,Colorado,,,,,,apollo,"Painting services, painting company - Colorado",https://app.apollo.io/#/organizations/670c3d8c4c558600016c5851?overrideScoreId=score,,,siding replacement+28,http://www.linkedin.com/company/classic-painting-and-decorating,,,,,
Majestic Painting Company Inc.,http://www.majesticpainting.net,,,Aurora,Colorado,,,,,,apollo,"Painting services, painting company - Colorado",https://app.apollo.io/#/organizations/5da27da4a2de8e0001a7038c?overrideScoreId=score,,,custom color schemes+45,http://www.linkedin.com/company/majestic-painting-company-inc,https://www.facebook.com/majesticpaintingcompany,,,,
Accent Painting,http://www.denversbestpainters.com,,,Centennial,Colorado,,,,,,apollo,"Painting services, painting company - Colorado",https://app.apollo.io/#/organizations/640525a51d4352000146f009?overrideScoreId=score,,,,http://www.linkedin.com/company/accentpainting,,,,,
Elk Horn Painting,http://www.elkhornpainting.com,,,Castle Rock,Colorado,,,,,,apollo,"Painting services, painting company - Colorado",https://app.apollo.io/#/organizations/5e5696bb34bf3400011688b2?overrideScoreId=score,,,painting+58,http://www.linkedin.com/company/elk-horn-painting,https://www.facebook.com/Elk-Horn-Painting-LLC-523380701184142/,,,,
"Seven Point Construction, Inc",http://www.sevenpointinc.com,,,Seven Point Construction,Inc,,,,,,apollo,"Painting services, painting company - Inc",https://app.apollo.io/#/organizations/5a9ec4a9a6da98d96d84705c?overrideScoreId=score,,,construction+57,http://www.linkedin.com/company/seven-point-construction-inc,,,,,
Colorado Homes & Design,http://www.cohomedesign.com,,,Denver,Colorado,,,,,,apollo,"Painting services, painting company - Colorado",https://app.apollo.io/#/organizations/556d9ccd7369641284444a01?overrideScoreId=score,,,renovationflooring+55,http://www.linkedin.com/company/colorado-homes-&-design,,,,,
"Proline West, Inc.",http://www.prolinewest.com,,,Proline West,Inc.,,,,,,apollo,"Painting services, painting company - Inc.",https://app.apollo.io/#/organizations/5fcb4261650b7b0001158468?overrideScoreId=score,,,airfield safety+56,http://www.linkedin.com/company/proline-west-inc,,,,,
M&E Painting,http://www.mandepainting.com,,,Loveland,Colorado,,,,,,apollo,"Painting services, painting company - Colorado",https://app.apollo.io/#/organizations/5fcb04612836cf00010443a7?overrideScoreId=score,1.1M,,paintingstaining+49,http://www.linkedin.com/company/m-e-painting,https://www.facebook.com/mandepaintingandroofing,https://twitter.com/mandepainting,,,
LIME Painting Franchise,http://www.limepaintingfranchise.com,,,Greenwood Village,Colorado,,,,,,apollo,"Painting services, painting company - Colorado",https://app.apollo.io/#/organizations/5f437ee70f7c5b000151cf25?overrideScoreId=score,,,franchise opportunity+45,http://www.linkedin.com/company/lime-painting-franchise,,,,,
Western Maintenance & Construction,http://www.westernmc.com,,,Englewood,Colorado,,,,,,apollo,"Painting services, painting company - Colorado",https://app.apollo.io/#/organizations/5d0a764aa3ae6147afc95bbf?overrideScoreId=score,10M,,property maintenance+54,http://www.linkedin.com/company/western-maintenance-&-construction,https://facebook.com/pages/Western-Maintenance-and-Construction/120070051425046,,,,
Helix Painting,http://www.helixpainting.com,,,Littleton,Colorado,,,,,,apollo,"Painting services, painting company - Colorado",https://app.apollo.io/#/organizations/5b12f185a6da98dcf76043c1?overrideScoreId=score,,,,http://www.linkedin.com/company/helix-home-services-llc,,,,,
Pappas Painting & Repair,http://www.pappaspainting.com,,,Lakewood,Colorado,,,,,,apollo,"Painting services, painting company - Colorado",https://app.apollo.io/#/organizations/556ce45773696411cc6d4700?overrideScoreId=score,,,professional painters+50,http://www.linkedin.com/company/pappas-painting,https://facebook.com/pappaspaintingcolorado,,,,
"Innovative Painting Systems, Inc",http://www.innovativepaintingco.com,,,Innovative Painting Systems,Inc,,,,,,apollo,"Painting services, painting company - Inc",https://app.apollo.io/#/organizations/54a19fbb74686942d3e4c802?overrideScoreId=score,33.1M,,quality+55,http://www.linkedin.com/company/innovative-painting-systems-inc,https://facebook.com/pages/Innovative-Painting-Systems-Inc/327277933982630,,,,
"Prep-Rite Coatings & Contracting, LLC®️",http://www.prepritecoatings.com,,,Golden,Colorado,,,,,,apollo,"Painting services, painting company - Colorado",https://app.apollo.io/#/organizations/5ed4876be82ab60001a48143?overrideScoreId=score,,,powerwashing+66,http://www.linkedin.com/company/prep-rite-coatings-contracting-llc,,,,,
Empire Roofing and Restoration,,,,Colorado Springs,Colorado,,,,,,apollo,"Painting services, painting company - Colorado",https://app.apollo.io/#/organizations/5e56a7b984f34a00017668a6?overrideScoreId=score,,,residential roofing+93,http://www.linkedin.com/company/empire-roofing-and-restoration,https://www.facebook.com/empireroofingandrestorationCO/,https://twitter.com/EmpireRoofingCS,,,
O'Shea's Construction,http://www.osheasconstruction.com,,,Colorado Springs,Colorado,,,,,,apollo,"Painting services, painting company - Colorado",https://app.apollo.io/#/organizations/5d3714a8f651257f6345dc97?overrideScoreId=score,30.3M,,outdoor living+56,http://www.linkedin.com/company/o'shea's-construction,https://facebook.com/AffordableColoradoSpringsHomes,,,,
All Starr Roofing,http://www.allstarrgc.com,,,Aurora,Colorado,,,,,,apollo,"Painting services, painting company - Colorado",https://app.apollo.io/#/organizations/5a9d8456a6da98d98c6b501b?overrideScoreId=score,,,residential roofing+50,http://www.linkedin.com/company/all-starr-roofing,https://www.facebook.com/allstarrgc/,,,,
LIME Painting® of Northern Colorado,http://www.limepaintingofnortherncolorado.com,,,Boulder,Colorado,,,,,,apollo,"Painting services, painting company - Colorado",https://app.apollo.io/#/organizations/5e5833db2895460001e00815?overrideScoreId=score,,,,http://www.linkedin.com/company/limenortherncolorado,,,,,
A Quality Paint Job,http://www.aqualitypaintjob.com,,,Colorado Springs,Colorado,,,,,,apollo,"Painting services, painting company - Colorado",https://app.apollo.io/#/organizations/54a23b327468693cddf82818?overrideScoreId=score,,,stain fine millwork+51,http://www.linkedin.com/company/a-quality-paint-job,,,,,
Mountain West Painting LLC,http://www.mountainwestpainting.com,,,Littleton,Colorado,,,,,,apollo,"Painting services, painting company - Colorado",https://app.apollo.io/#/organizations/61ec3519a531560001b433e8?overrideScoreId=score,,,,http://www.linkedin.com/company/mountain-west-painting-llc,,,,,
Advanced Concepts,http://www.advancedconceptsco.com,,,Littleton,Colorado,,,,,,apollo,"Painting services, painting company - Colorado",https://app.apollo.io/#/organizations/614ec5da19077e0001316f13?overrideScoreId=score,,,interior painting+61,http://www.linkedin.com/company/advancedconcepts1,,,,,
Painting NoCo,http://www.paintingnoco.com,,,Loveland,Colorado,,,,,,apollo,"Painting services, painting company - Colorado",https://app.apollo.io/#/organizations/5e55f0efc786930001b7dcae?overrideScoreId=score,,,wallpaper removal+53,http://www.linkedin.com/company/painting-noco,,,,,
"Highland Painting Company, LLC",http://www.highlandpaintingpros.com,,,Denver,Colorado,,,,,,apollo,"Painting services, painting company - Colorado",https://app.apollo.io/#/organizations/672659c06919ee000128f3bc?overrideScoreId=score,,,,http://www.linkedin.com/company/highland-painting-company-llc,,,,,
C&C Roofing and Construction,http://www.ccroofingcompany.com,,,Northglenn,Colorado,,,,,,apollo,"Painting services, painting company - Colorado",https://app.apollo.io/#/organizations/665cbd487251990001683561?overrideScoreId=score,,,roofing contractors+67,http://www.linkedin.com/company/c-c-roofing-and-construction,https://facebook.com/profile.php,,,,
"Color2Color Painting, Co.",http://www.color2color.com,,,Color2Color Painting,Co.,,,,,,apollo,"Painting services, painting company - Co.",https://app.apollo.io/#/organizations/64ba44cf61189a00baecf837?overrideScoreId=score,,,exterior painting+49,http://www.linkedin.com/company/color2color-painting-co,https://www.facebook.com/color2color,,,,
"RW Professional Painting, LLC",http://www.rwpropainting.com,,,Littleton,Colorado,,,,,,apollo,"Painting services, painting company - Colorado",https://app.apollo.io/#/organizations/5ed5f1072419f6000110140d?overrideScoreId=score,,,deck & fence staining+49,http://www.linkedin.com/company/rw-professional-painting-llc,https://www.facebook.com/RWProfessionalPainting/,,,,
Ace Hardware Painting Services,http://www.acehardwarepainting.com,,,Lakewood,Colorado,,,,,,apollo,"Painting services, painting company - Colorado",https://app.apollo.io/#/organizations/5a9e21daa6da98d97e7a880b?overrideScoreId=score,,,decksfences+3,http://www.linkedin.com/company/ace-hardware-painting-services,,,,,
Arte and Design LLC.,http://www.arteanddesign.com,,,Denver,Colorado,,,,,,apollo,"Painting services, painting company - Colorado",https://app.apollo.io/#/organizations/57c50627a6da986a8f42db8a?overrideScoreId=score,,,landscaping design+36,http://www.linkedin.com/company/arte-and-desing,,,,,
Swedish Painting Company,http://www.swedishpaintingco.com,,,Aspen,Colorado,,,,,,apollo,"Painting services, painting company - Colorado",https://app.apollo.io/#/organizations/556d5023736964121f01e300?overrideScoreId=score,8M,,,http://www.linkedin.com/company/swedish-painting-company,https://facebook.com/SwedishPaintingCompany/,,,,
Stan Painting Services,http://www.stanpainting.com.au,,,Thornton,Colorado,,,,,,apollo,"Painting services, painting company - Colorado",https://app.apollo.io/#/organizations/66e406f17cadb70001618435?overrideScoreId=score,,,,http://www.linkedin.com/company/stan-painting-services,,,,,
Tecc Painting Company,,,,Colorado Springs,Colorado,,,,,,apollo,"Painting services, painting company - Colorado",https://app.apollo.io/#/organizations/664b056cf8dd710001b6df82?overrideScoreId=score,,,commercial painting+15,http://www.linkedin.com/company/tecc-painting,,,,,
Imperial Painters LLC,http://www.imperialpaintersco.com,,,Arvada,Colorado,,,,,,apollo,"Painting services, painting company - Colorado",https://app.apollo.io/#/organizations/5fc9ad157f0def0001a1aa67?overrideScoreId=score,,,residential+46,http://www.linkedin.com/company/imperial-painters-llc,https://facebook.com/imperialpaintersco,https://twitter.com/copainters,,,
LIME Painting of Castle Rock,,,,Castle Rock,Colorado,,,,,,apollo,"Painting services, painting company - Colorado",https://app.apollo.io/#/organizations/5e56ad704169b30001c5fad4?overrideScoreId=score,,,construction company+13,http://www.linkedin.com/company/limepaintingofcastlerock,,,,,
Exemplary Painting,http://www.exemplarypainting.com,,,Littleton,Colorado,,,,,,apollo,"Painting services, painting company - Colorado",https://app.apollo.io/#/organizations/5b83324e324d446b0607b4bd?overrideScoreId=score,,,house painting+45,http://www.linkedin.com/company/exemplary-painting,https://www.facebook.com/ExemplaryPainting/,,,,
Singletrack Painting,http://www.singletrackpainting.com,,,Denver,Colorado,,,,,,apollo,"Painting services, painting company - Colorado",https://app.apollo.io/#/organizations/5500cefc73696460fcb87e00?overrideScoreId=score,22.9M,,,http://www.linkedin.com/company/singletrack-painting,https://facebook.com/pages/Singletrack-Painting-LLC/1485392178345640,,,,
Empire Roofing and Restoration of Colorado Springs,http://www.empireroofingandrestoration.com,,,Colorado Springs,Colorado,,,,,,apollo,"Painting services, painting company - Colorado",https://app.apollo.io/#/organizations/54a1ab9374686949e7247106?overrideScoreId=score,,,roof replacements+87,http://www.linkedin.com/company/empire-roofing-of-colorado-springs,,,,,
"Tall Pines Painting, Inc",http://www.tallpinespainting.com,,,Tall Pines Painting,Inc,,,,,,apollo,"Painting services, painting company - Inc",https://app.apollo.io/#/organizations/54a1363069702d46f0aa0201?overrideScoreId=score,14.4M,,window washing+79,http://www.linkedin.com/company/tall-pines-painting-inc,https://facebook.com/pages/Tall-Pines-Painting-Inc/126561187377480,https://twitter.com/tallpinespaint,,,
"B Sharp Painting, LLC",http://www.bsharppainting.com,,,Peyton,Colorado,,,,,,apollo,"Painting services, painting company - Colorado",https://app.apollo.io/#/organizations/67d901a82d35f20001caff32?overrideScoreId=score,,,building construction+48,http://www.linkedin.com/company/b-sharp-painting-llc,,,,,
Pure Choice Construction,http://www.purechoiceconstruction.com,,,Aurora,Colorado,,,,,,apollo,"Painting services, painting company - Colorado",https://app.apollo.io/#/organizations/663308f095d9990007f87dc3?overrideScoreId=score,7.3M,,interior & exterior paint+58,http://www.linkedin.com/company/pure-choice-construction,https://facebook.com/pages/Pure-Choice-Construction/1374907412784575,,,,
Crone Roofing,http://www.croneroofing.com,,,Englewood,Colorado,,,,,,apollo,"Painting services, painting company - Colorado",https://app.apollo.io/#/organizations/6620afb8e28e550007e0389f?overrideScoreId=score,,,roofing contractors+45,http://www.linkedin.com/company/crone-roofing,,,,,
Colorado Straight Edge Painting,http://www.csepainting.com,,,Aurora,Colorado,,,,,,apollo,"Painting services, painting company - Colorado",https://app.apollo.io/#/organizations/64ebb6937cd70200a3b6c80c?overrideScoreId=score,,,interior painting+35,http://www.linkedin.com/company/colorado-straight-edge-painting,,,,,
Gardiner Painting,http://www.gardinerpaint.com,,,Colorado Springs,Colorado,,,,,,apollo,"Painting services, painting company - Colorado",https://app.apollo.io/#/organizations/649a9a9e99b5e400efca4443?overrideScoreId=score,,,residential painting+49,http://www.linkedin.com/company/gardiner-painting,,,,,
Paint Baum,http://www.paintbaum.com,,,Boulder,Colorado,,,,,,apollo,"Painting services, painting company - Colorado",https://app.apollo.io/#/organizations/6448993224ed930001d1a664?overrideScoreId=score,,,epoxy floors+87,http://www.linkedin.com/company/paint-baum,,,,,
Constructors LLC,http://www.constructors-llc.com,,,Greeley,Colorado,,,,,,apollo,"Painting services, painting company - Colorado",https://app.apollo.io/#/organizations/61eb959cc8aecf00010ab43c?overrideScoreId=score,,,home renovations+67,http://www.linkedin.com/company/constructors-llc,,,,,
"Front Range Property Solutions, Inc",http://www.frontrangepropertysolutions.com,,,Front Range Property Solutions,Inc,,,,,,apollo,"Painting services, painting company - Inc",https://app.apollo.io/#/organizations/60f2e882c744ce0001d1e486?overrideScoreId=score,,,roofing services+50,http://www.linkedin.com/company/front-range-property-solutions-inc,,,,,
"Vivid Color Painting Company, LLC",http://www.vividcolorpaintingco.com,,,Durango,Colorado,,,,,,apollo,"Painting services, painting company - Colorado",https://app.apollo.io/#/organizations/5da6ecda46748d00012abc55?overrideScoreId=score,,,,http://www.linkedin.com/company/vivid-color-painting-company-llc,,,,,
Prime Time Roofing LLC,http://www.primetimeroofing.com,,,Parker,Colorado,,,,,,apollo,"Painting services, painting company - Colorado",https://app.apollo.io/#/organizations/5b853c86f874f7642fa7fa70?overrideScoreId=score,,,residential roofing+60,http://www.linkedin.com/company/prime-time-roofing-llc,https://facebook.com/primetimeroofingCO/,https://twitter.com/PrimeTimeRoof,,,
"""Vigil's Handyman Services""",http://www.vigilhandymanservices.com,,,Denver,Colorado,,,,,,apollo,"Painting services, painting company - Colorado",https://app.apollo.io/#/organizations/54a13c7369702d0486abeb01?overrideScoreId=score,,,electrical repair+12,http://www.linkedin.com/company/vigil's-handyman-services,,,,,
Matt's Remodel and Painting Services LLC,http://www.mattsremodel.com,,,Thornton,Colorado,,,,,,apollo,"Painting services, painting company - Colorado",https://app.apollo.io/#/organizations/674fe1f2ae8a090001f08a10?overrideScoreId=score,,,,http://www.linkedin.com/company/matt's-remodel-and-painting-services-llc,,,,,
Ripcord Painting,http://www.ripcordpainting.com,,,Brighton,Colorado,,,,,,apollo,"Painting services, painting company - Colorado",https://app.apollo.io/#/organizations/6420d121361ead0001b498a2?overrideScoreId=score,,,,http://www.linkedin.com/company/ripcord-painting,,,,,
4-Nine Painting LLC,http://www.thecoloradopaintingcompany.com,,,Denver,Colorado,,,,,,apollo,"Painting services, painting company - Colorado",https://app.apollo.io/#/organizations/640980c0f34ee90001516071?overrideScoreId=score,,,interior painting+46,http://www.linkedin.com/company/4-nine-painting-llc,,,,,
Improovy Painters Denver,,,,Denver,Colorado,,,,,,apollo,"Painting services, painting company - Colorado",https://app.apollo.io/#/organizations/63f637d1b3f24b00da4ffebd?overrideScoreId=score,,,cabinet painting+12,http://www.linkedin.com/company/improovy-painters-denver,,,,,
"Owner at Colorado Creations, LLC",http://www.theccllc.com,,,Littleton,Colorado,,,,,,apollo,"Painting services, painting company - Colorado",https://app.apollo.io/#/organizations/54a1b81a7468694f8f2aff0a?overrideScoreId=score,,,,http://www.linkedin.com/company/owner-at-colorado-creations-llc,,,,,
SCHOLAR PAINTING LLC,http://www.ctpaintingcontractors.com,,,Seymour,Connecticut,,,,,,apollo,"Painting services, painting company - Connecticut",https://app.apollo.io/#/organizations/5f441fc149e00000013ad6e5?overrideScoreId=score,,,epoxy flooring+62,http://www.linkedin.com/company/scholar-painting-llc,,,,,
"Roberge Painting Company, Inc.",http://www.robergepainting.com,,,Roberge Painting Company,Inc.,,,,,,apollo,"Painting services, painting company - Inc.",https://app.apollo.io/#/organizations/5e56af21e8dafc0001895986?overrideScoreId=score,40.0M,,,http://www.linkedin.com/company/roberge-painting-company-inc.,https://facebook.com/robergepainting,,,,
MacKenzie Painting Company,http://www.mackenziepaintingco.com,,,Stratford,Connecticut,,,,,,apollo,"Painting services, painting company - Connecticut",https://app.apollo.io/#/organizations/5fca04f7be1c6100014ef215?overrideScoreId=score,,,painting+19,http://www.linkedin.com/company/mackenziepaintingco,,,,,
Franklin Painting LLC,http://www.franklinpainting.com,,,Farmington,Connecticut,,,,,,apollo,"Painting services, painting company - Connecticut",https://app.apollo.io/#/organizations/56d7fa7bf3e5bb58a6002206?overrideScoreId=score,5.8M,,,http://www.linkedin.com/company/franklin-painting-llc,https://facebook.com/FranklinPainting,https://twitter.com/CTPainters,,,
Renaissance - A Painting Company,http://www.ren-painting.com,,,Glastonbury,Connecticut,,,,,,apollo,"Painting services, painting company - Connecticut",https://app.apollo.io/#/organizations/54a1358369702d48e2bc9c00?overrideScoreId=score,,,,http://www.linkedin.com/company/renaissance---a-painting-company,,,,,
SMS Painting,http://www.smspaintingllc.com,,,Bridgeport,Connecticut,,,,,,apollo,"Painting services, painting company - Connecticut",https://app.apollo.io/#/organizations/559222cb7369641908728b00?overrideScoreId=score,,,,http://www.linkedin.com/company/sms-painting,,,,,
K. Morgan Commercial Painting,http://www.kmorganassociates.com,,,North Haven,Connecticut,,,,,,apollo,"Painting services, painting company - Connecticut",https://app.apollo.io/#/organizations/5e56652e4e4bc20001011b91?overrideScoreId=score,8.4M,,,http://www.linkedin.com/company/k-morgan,,,,,
Contract Painting Services Llc,http://www.snowspainting.com,,,Hartford,Connecticut,,,,,,apollo,"Painting services, painting company - Connecticut",https://app.apollo.io/#/organizations/54fca1107369647e76830000?overrideScoreId=score,13M,,home servicespainters,http://www.linkedin.com/company/contract-painting-services-llc,https://facebook.com/pages/Snows-Painting-Service-LLC/135781013151908,,,,
MARTINEZ PAINTING COMPANY LLC,http://www.martinezpainting.com,,,Essex,Connecticut,,,,,,apollo,"Painting services, painting company - Connecticut",https://app.apollo.io/#/organizations/6739831fc2e9160001ae5ec8?overrideScoreId=score,,,,http://www.linkedin.com/company/martinez-painting-company-llc,,,,,
JC PRO PAINTING SERVICES,,,,Bridgeport,Connecticut,,,,,,apollo,"Painting services, painting company - Connecticut",https://app.apollo.io/#/organizations/64523e0b59851d000129820c?overrideScoreId=score,,,,http://www.linkedin.com/company/jc-pro-painting-services,,,,,
"Zeiss Construction Group, LLC",http://www.zeissconstruction.com,,,Stratford,Connecticut,,,,,,apollo,"Painting services, painting company - Connecticut",https://app.apollo.io/#/organizations/6783fc81a8beae0001e3a637?overrideScoreId=score,,,,http://www.linkedin.com/company/zeiss-construction-group-llc,,,,,
ROBERGE PAINTING COMPANY INC,http://www.epoxyflooringservices.com,,,Bristol,Connecticut,,,,,,apollo,"Painting services, painting company - Connecticut",https://app.apollo.io/#/organizations/673c45a17e4999000131e067?overrideScoreId=score,,,,http://www.linkedin.com/company/roberge-painting-company-inc,,,,,
Pro House Painters LLC,http://www.prohousepainters.net,,,Putnam,Connecticut,,,,,,apollo,"Painting services, painting company - Connecticut",https://app.apollo.io/#/organizations/674d85c2997361000143ee63?overrideScoreId=score,,,painting services+44,http://www.linkedin.com/company/prohousepainters,,,,,
"Painters In CT - Interior, Exterior, Commercial, & Residential Painting",http://www.newhavenpaintersllc.com,,,Southington,Connecticut,,,,,,apollo,"Painting services, painting company - Connecticut",https://app.apollo.io/#/organizations/5da540b5cef49f000192bfb2?overrideScoreId=score,,,painting+73,http://www.linkedin.com/company/paintersinct,,,,,
"Turner Painting Service, Inc.",http://www.turnerpaintingservice.com,,,Turner Painting Service,Inc.,,,,,,apollo,"Painting services, painting company - Inc.",https://app.apollo.io/#/organizations/5d449e26576fbc09d5056d5c?overrideScoreId=score,,,homescommercial+89,http://www.linkedin.com/company/turnerpaintingservice,,,,,
Glendening Painting Services,http://www.glendeningpainting.com.au,,,Newington,Connecticut,,,,,,apollo,"Painting services, painting company - Connecticut",https://app.apollo.io/#/organizations/56d3de0df3e5bb3a7a00172b?overrideScoreId=score,70.4M,,,http://www.linkedin.com/company/glendening-painting-services,,,,,
"DiNardo Painting, LLC.",http://www.dinardopainting.com,,,New London,Connecticut,,,,,,apollo,"Painting services, painting company - Connecticut",https://app.apollo.io/#/organizations/5da30c3be3362e00014e1caa?overrideScoreId=score,,,surface sealing+45,http://www.linkedin.com/company/dinardo-painting-llc,,,,,
Provision Painting and Design LLC,http://www.provisionpaintinganddesign.com,,,Fairfield,Connecticut,,,,,,apollo,"Painting services, painting company - Connecticut",https://app.apollo.io/#/organizations/56d95f54f3e5bb731d001fac?overrideScoreId=score,,,,http://www.linkedin.com/company/provision-painting-and-design-llc,,,,,
E D Painting,http://www.edpaintingonline.com,,,West Hartford,Connecticut,,,,,,apollo,"Painting services, painting company - Connecticut",https://app.apollo.io/#/organizations/54a1284769702dc12826ca00?overrideScoreId=score,,,deck staining+12,http://www.linkedin.com/company/e-d-painting,https://www.facebook.com/edpainting/,,,,
Fairfield Painting Company,http://www.fairfieldpainting.com,,,Fairfield,Connecticut,,,,,,apollo,"Painting services, painting company - Connecticut",https://app.apollo.io/#/organizations/672742feed6bc2000186939f?overrideScoreId=score,18.2M,,,http://www.linkedin.com/company/fairfield-painting-company,,,,,
Joe Tamborra Painting Company,http://www.norwichpaintingcontractor.com,,,Norwich,Connecticut,,,,,,apollo,"Painting services, painting company - Connecticut",https://app.apollo.io/#/organizations/6701758390d84b000118e425?overrideScoreId=score,,,,http://www.linkedin.com/company/joe-tamborra-painting-company,,,,,
Camilo Painting Services LLC,http://www.camilopaintingservices.com,,,Stamford,Connecticut,,,,,,apollo,"Painting services, painting company - Connecticut",https://app.apollo.io/#/organizations/66ea8df5d928ee000109ebab?overrideScoreId=score,,,construction+2,http://www.linkedin.com/company/camilo-painting-services-llc,,,,,
KD Home Improvement,http://www.kdhomeimprovement.com,,,West Hartford,Connecticut,,,,,,apollo,"Painting services, painting company - Connecticut",https://app.apollo.io/#/organizations/5500b9567369641718071300?overrideScoreId=score,10.9M,,,http://www.linkedin.com/company/kd-home-improvement,https://facebook.com/KDHomeImprovement,,,,
Pat Derby Painting Company,http://www.patderbypainting.com,,,East Windsor,Connecticut,,,,,,apollo,"Painting services, painting company - Connecticut",https://app.apollo.io/#/organizations/674284fe490a1000014e6771?overrideScoreId=score,,,,http://www.linkedin.com/company/pat-derby-painting-company,,,,,
Connecticut Best Painting Company LLC,http://www.connecticutbestpainting.com,,,New Haven,Connecticut,,,,,,apollo,"Painting services, painting company - Connecticut",https://app.apollo.io/#/organizations/67271e4f6893d600010c71d4?overrideScoreId=score,,,,http://www.linkedin.com/company/connecticut-best-painting-company-llc,,,,,
A G Vars Painting Services,http://www.agvarspaintingservices.com,,,Norwich,Connecticut,,,,,,apollo,"Painting services, painting company - Connecticut",https://app.apollo.io/#/organizations/6714d2783c01600001176104?overrideScoreId=score,7.3M,,,http://www.linkedin.com/company/a-g-vars-painting-services,https://facebook.com/agvarspaintingservices,,,,
M&K Renovations,http://www.mk-renovations.com,,,Wilmington,Delaware,,,,,,apollo,"Painting services, painting company - Delaware",https://app.apollo.io/#/organizations/5ee0c3b2f01fc90001f1005c?overrideScoreId=score,,,custom cabinetry+49,http://www.linkedin.com/company/m-k-renovations-llc,,,,,
Burke painting Company LLC,http://www.burkepaintingandcoatings.com,,,Wilmington,Delaware,,,,,,apollo,"Painting services, painting company - Delaware",https://app.apollo.io/#/organizations/56dd2052f3e5bb1ae900184a?overrideScoreId=score,,,,http://www.linkedin.com/company/burke-painting-company-llc,,,,,
KD Drywall N Paint LLC,http://www.kddrywallnpaint.com,,,Millsboro,Delaware,,,,,,apollo,"Painting services, painting company - Delaware",https://app.apollo.io/#/organizations/64739df7e2145c0001650b80?overrideScoreId=score,,,home improvement+22,http://www.linkedin.com/company/kddrywallnpaintllc,,,,,
HHI Painting Services,http://www.hhipaint.com,,,Claymont,Delaware,,,,,,apollo,"Painting services, painting company - Delaware",https://app.apollo.io/#/organizations/6438b991d2ab3000a340be16?overrideScoreId=score,,,stucco painting+7,http://www.linkedin.com/company/hhi-painting-services,,,,,
I.A.C. PAINTING COMPANY INC.,http://www.iacpainting.com,,,Tampa,Florida,,,,,,apollo,"Painting services, painting company - Florida",https://app.apollo.io/#/organizations/6730c2080af9f60001e2e517?overrideScoreId=score,,,,http://www.linkedin.com/company/i.a.c.-painting-company-inc.,,,,,
R&B Home Service,,,,Orlando,Florida,,,,,,apollo,"Painting services, painting company - Florida",https://app.apollo.io/#/organizations/661e2f3edba7290007c181d7?overrideScoreId=score,,,curb appeal+49,http://www.linkedin.com/company/r-b-home-service,,,,,
Hones-T Painting LLC,http://www.hones-tpainting.com,,,Sarasota,Florida,,,,,,apollo,"Painting services, painting company - Florida",https://app.apollo.io/#/organizations/65be7061a94694000112f2f6?overrideScoreId=score,,,paint longevity+48,http://www.linkedin.com/company/hones-t-painting-llc,,,,,
Coastal Painting of South Florida,,,,Fort Lauderdale,Florida,,,,,,apollo,"Painting services, painting company - Florida",https://app.apollo.io/#/organizations/64b3349ca27b120001d95078?overrideScoreId=score,,,,http://www.linkedin.com/company/coastal-painting-of-south-florida,https://www.facebook.com/profile.php,,,,
Fresh Coating,http://www.freshcoatingllc.com,,,Fort Walton Beach,Florida,,,,,,apollo,"Painting services, painting company - Florida",https://app.apollo.io/#/organizations/64a6667023b5ff0001281872?overrideScoreId=score,,,exterior painting+55,http://www.linkedin.com/company/fresh-coating-llc,https://www.facebook.com/freshcoatingllc,,,,
The Cabinet Painting Company,http://www.cabinetpaintingco.com,,,Lithia,Florida,,,,,,apollo,"Painting services, painting company - Florida",https://app.apollo.io/#/organizations/63c2ea9b5c1fde0001e1b472?overrideScoreId=score,,,,http://www.linkedin.com/company/cabinetpaintingco,https://www.facebook.com/cabinetpaintingco/,,,,
Blu Baboon Painting,http://www.blubaboon.com,,,Cocoa,Florida,,,,,,apollo,"Painting services, painting company - Florida",https://app.apollo.io/#/organizations/6384b6b5a0238900a31b5c73?overrideScoreId=score,,,interior painting+38,http://www.linkedin.com/company/blu-baboon,,,,,
SENCU Construction Inc.,http://www.sencuconstruction.com,,,Orlando,Florida,,,,,,apollo,"Painting services, painting company - Florida",https://app.apollo.io/#/organizations/61ec0e79600a26000183760e?overrideScoreId=score,,,construction+58,http://www.linkedin.com/company/sencu-construction,https://www.facebook.com/sencuconstruction,,,,
Sante Custom Painting & Designs,http://www.santecustompainting.com,,,Orlando,Florida,,,,,,apollo,"Painting services, painting company - Florida",https://app.apollo.io/#/organizations/614ead27ccf149000195a26a?overrideScoreId=score,,,home improvement+30,http://www.linkedin.com/company/sante-custom-painting-&-designs,https://www.facebook.com/santecustompainting,,,,
SUPERMIXERS LLC,http://www.supermixers.us,,,Orlando,Florida,,,,,,apollo,"Painting services, painting company - Florida",https://app.apollo.io/#/organizations/5e58166761258d00012a2e99?overrideScoreId=score,,,truck dealer+45,http://www.linkedin.com/company/supermixers,https://www.facebook.com/1895154717197969,,,,
Tampa Bay Painting Company,http://www.tbpaintingco.com,,,Saint Petersburg,Florida,,,,,,apollo,"Painting services, painting company - Florida",https://app.apollo.io/#/organizations/55ef78c5f3e5bb3550000dea?overrideScoreId=score,,,,http://www.linkedin.com/company/tampa-bay-painting-company,https://www.facebook.com/TampaBayPaintingCompany,,,,
"GPS Painting Group, LLC (561-247-2468)",http://www.gpspaintingfl.com,,,Royal Palm Beach,Florida,,,,,,apollo,"Painting services, painting company - Florida",https://app.apollo.io/#/organizations/5500b76a736964606b480600?overrideScoreId=score,,,pressure wash+60,http://www.linkedin.com/company/g-p-s-painting-group-llc,,https://twitter.com/GPSPainting,,,
Hall Painting Services,http://www.hallpaintingservices.com,,,Clearwater,Florida,,,,,,apollo,"Painting services, painting company - Florida",https://app.apollo.io/#/organizations/54a1342669702d3170353400?overrideScoreId=score,,,,http://www.linkedin.com/company/hall-painting-services,,,,,
"DT Painter, LLC.",http://www.dtpainter.com,,,Coral Springs,Florida,,,,,,apollo,"Painting services, painting company - Florida",https://app.apollo.io/#/organizations/54a128e069702d90a2337401?overrideScoreId=score,,,pressure cleaning+55,http://www.linkedin.com/company/dt-painter-llc-,,,,,
Triple S Painting and Cleaning Services,http://www.triplespaintingandcleaningservices.com,,,Spring Hill,Florida,,,,,,apollo,"Painting services, painting company - Florida",https://app.apollo.io/#/organizations/674cc9ccb453520001e69923?overrideScoreId=score,,,consultation+36,http://www.linkedin.com/company/triple-s-painting-and-cleaning-services,,,,,
Munyan Painting Services,http://www.munyanpaintingservices.com,,,Bradenton,Florida,,,,,,apollo,"Painting services, painting company - Florida",https://app.apollo.io/#/organizations/6727e14d0b702b000158d621?overrideScoreId=score,20.2M,,,http://www.linkedin.com/company/munyan-painting-services,https://facebook.com/MunyanPaintingServices,,,,
American Standard Painting & Drywall,http://www.americanstandardpaint.com,,,Seminole,Florida,,,,,,apollo,"Painting services, painting company - Florida",https://app.apollo.io/#/organizations/67269d523ca5f70001974ef4?overrideScoreId=score,,,painting services+43,http://www.linkedin.com/company/american-standard-painting-drywall,,,,,
"XTREME PAINTING SERVICES, INC.",http://www.xtremepaintingservices.com,,,Tampa,Florida,,,,,,apollo,"Painting services, painting company - Florida",https://app.apollo.io/#/organizations/6714314733a88400017eab81?overrideScoreId=score,,,,http://www.linkedin.com/company/xtreme-painting-services-inc.,,,,,
SOCORRO PAINTING COMPANY,http://www.socorropainting.com,,,Miami,Florida,,,,,,apollo,"Painting services, painting company - Florida",https://app.apollo.io/#/organizations/66e504d0829610000151de82?overrideScoreId=score,,,,http://www.linkedin.com/company/socorro-painting-company,,,,,
Top of The Ladder Painting,http://www.topoftheladderpainting.com,,,Loxahatchee,Florida,,,,,,apollo,"Painting services, painting company - Florida",https://app.apollo.io/#/organizations/66e14a8327c2cb00016e5298?overrideScoreId=score,,,painter+55,http://www.linkedin.com/company/top-of-the-ladder-painting,,,,,
ILG Painting Corporation,http://www.ilgpaintingcorporation.com,,,Fort Lauderdale,Florida,,,,,,apollo,"Painting services, painting company - Florida",https://app.apollo.io/#/organizations/66d13eeadfae4e02d0adf980?overrideScoreId=score,,,residential painting+46,http://www.linkedin.com/company/ilg-painting-corporation,,,,,
GLOBAL PAINTING SERVICES,http://www.paintingood.com,,,Sanford,Florida,,,,,,apollo,"Painting services, painting company - Florida",https://app.apollo.io/#/organizations/6638154e3498f40001a553e6?overrideScoreId=score,,,interior painters & exterior painters,http://www.linkedin.com/company/global-painting-services,,,,,
"RC Painting & Decorative Coatings, Inc.",http://www.rcpaintingbrevard.com,,,RC Painting & Decorative Coatings,Inc.,,,,,,apollo,"Painting services, painting company - Inc.",https://app.apollo.io/#/organizations/65b20b1063a5530001666cf3?overrideScoreId=score,,,,http://www.linkedin.com/company/rc-painting-&-decorative-coatings-inc.,https://facebook.com/pages/RC-Painting-Decorative-Coatings-Inc/231042596952034,,,,
Coordinated Concepts LLC,http://www.coordinatedconceptsllc.com,,,Riverview,Florida,,,,,,apollo,"Painting services, painting company - Florida",https://app.apollo.io/#/organizations/6579f88513943b01ae4aba39?overrideScoreId=score,,,,http://www.linkedin.com/company/coordinated-concepts-llc,,,,,
M N PAINTING SERVICES LLC,http://www.mnpaintservices.com,,,Wesley Chapel,Florida,,,,,,apollo,"Painting services, painting company - Florida",https://app.apollo.io/#/organizations/65572fe1155ef700a37d8755?overrideScoreId=score,,,paintingpainters+8,http://www.linkedin.com/company/m-n-painting-services-llc,,,,,
Ideal Paint Solutions,http://www.idealpaintsolutions.com,,,Jacksonville,Florida,,,,,,apollo,"Painting services, painting company - Florida",https://app.apollo.io/#/organizations/64c4c3cce0b44a0001a6960a?overrideScoreId=score,,,commercial painting+50,http://www.linkedin.com/company/ideal-paint-solutions,https://www.facebook.com/profile.php,,,,
Tj Handyman Home Repair & Remodeling Services LLC,http://www.tjhandymanservicesllc.com,,,Orlando,Florida,,,,,,apollo,"Painting services, painting company - Florida",https://app.apollo.io/#/organizations/64919b1ccd546100d93df8f3?overrideScoreId=score,,,plumbing installation+82,http://www.linkedin.com/company/tjhandymanservicesllc,https://www.facebook.com/TJHandymanServices2012/,https://twitter.com/tjhandyman2012,,,
"T&T Pools And Handyman Services, Inc.",http://www.tandtatyourservice.com,,,T&T Pools And Handyman Services,Inc.,,,,,,apollo,"Painting services, painting company - Inc.",https://app.apollo.io/#/organizations/646b497b74f37300015bdc43?overrideScoreId=score,,,gutter cleaning+48,http://www.linkedin.com/company/tandtpoolsandhandymanservices,,,,,
PPC CONTRACTING,http://www.ppccontracting.com,,,Miami,Florida,,,,,,apollo,"Painting services, painting company - Florida",https://app.apollo.io/#/organizations/6417757f76e79400017b0503?overrideScoreId=score,,,expertise+39,http://www.linkedin.com/company/ppc-contracting,,,,,
Starforce Construction Group,http://www.starforcellc.com,,,Orlando,Florida,,,,,,apollo,"Painting services, painting company - Florida",https://app.apollo.io/#/organizations/61ec829df04bc40001f4cc73?overrideScoreId=score,,,cleaning services+37,http://www.linkedin.com/company/starforce-construction-group,,,,,
Paint Blue Commercial Painting for Greater Tampa Bay,http://www.paintblue.com,,,Seminole,Florida,,,,,,apollo,"Painting services, painting company - Florida",https://app.apollo.io/#/organizations/61ec65497a332b0001c6e643?overrideScoreId=score,,,commercial painting+67,http://www.linkedin.com/company/paint-blue,https://www.facebook.com/PaintBlueCompany,,,,
"Team Sepi Inc., A Painting Company®",,,,Miami,Florida,,,,,,apollo,"Painting services, painting company - Florida",https://app.apollo.io/#/organizations/60064b1a11702900e4bdfc14?overrideScoreId=score,,,,http://www.linkedin.com/company/team-sepi,,,,,
Samantha’s Walls LLC,http://www.samanthaswalls.com,,,Orlando,Florida,,,,,,apollo,"Painting services, painting company - Florida",https://app.apollo.io/#/organizations/5f3f5edf37fc0d0001212715?overrideScoreId=score,,,artistic paint+51,http://www.linkedin.com/company/samantha%e2%80%99s-walls-llc,,,,,
Spencer Colgan Wallpaper Hanger,http://www.spencercolgan.com,,,Tampa,Florida,,,,,,apollo,"Painting services, painting company - Florida",https://app.apollo.io/#/organizations/5ed28daaec800f00016ec3b3?overrideScoreId=score,,,mural installation+53,http://www.linkedin.com/company/spencer-colgan-wallpaper-hanger,https://www.facebook.com/SpencerColganIsWallpaper/,https://twitter.com/SpencerColgan,,,
Paggio Painting Company Inc.,http://www.paggiopainting.com,,,Tampa,Florida,,,,,,apollo,"Painting services, painting company - Florida",https://app.apollo.io/#/organizations/56e5dff2f3e5bb17f4005de8?overrideScoreId=score,,,,http://www.linkedin.com/company/paggio-painting-company-inc-,,,,,
Chance Painting Company LLC,http://www.chancepainting.com,,,Fort Walton Beach,Florida,,,,,,apollo,"Painting services, painting company - Florida",https://app.apollo.io/#/organizations/56dd56b8f3e5bb1ac500331b?overrideScoreId=score,,,,http://www.linkedin.com/company/chance-painting-company-llc,,https://twitter.com/ChancePainting,,,
Unique Stone Resurfacing™,http://www.uniquestoneresurfacing.com,,,Sarasota,Florida,,,,,,apollo,"Painting services, painting company - Florida",https://app.apollo.io/#/organizations/5500b4c87369647a36870900?overrideScoreId=score,,,bathroom remodeling+92,http://www.linkedin.com/company/unique-stone-resurfacing%e2%84%a2,http://www.facebook.com/uniquestoneresurfacing,http://twitter.com/Unique_Stone_NM,,,
"Bayshore Painting Contractors, Inc.",http://www.bayshorepainting.net,,,Bayshore Painting Contractors,Inc.,,,,,,apollo,"Painting services, painting company - Inc.",https://app.apollo.io/#/organizations/54a1363169702d4b2e75d800?overrideScoreId=score,,,,http://www.linkedin.com/company/bayshore-painting-contractors-inc.,,,,,
A Competitive Edge,http://www.ace-paints.com,,,Cape Coral,Florida,,,,,,apollo,"Painting services, painting company - Florida",https://app.apollo.io/#/organizations/68d04ebaa06cae0001c68df4?overrideScoreId=score,,,residential painting+39,http://www.linkedin.com/company/a-competitive-edge,https://www.facebook.com/acompetitiveedge,,,,
Conmar Remodeling Solutions,http://www.conmarremodeling.com,,,Naples,Florida,,,,,,apollo,"Painting services, painting company - Florida",https://app.apollo.io/#/organizations/6837fcdbafb26b0001c09db9?overrideScoreId=score,,,construction+51,http://www.linkedin.com/company/conmar-remodeling-solutions,https://www.facebook.com/Conmar-110587811777934/,,,,
"Egan Painting, LLC",http://www.egan-painting.com,,,Saint Petersburg,Florida,,,,,,apollo,"Painting services, painting company - Florida",https://app.apollo.io/#/organizations/67e236ce4956df001976e85d?overrideScoreId=score,,,,http://www.linkedin.com/company/egan-painting-llc,,,,,
Sykes Painting Services,http://www.sykespaintingservices.net,,,West Palm Beach,Florida,,,,,,apollo,"Painting services, painting company - Florida",https://app.apollo.io/#/organizations/674ff8f34b817f00017faf2b?overrideScoreId=score,,,,http://www.linkedin.com/company/sykes-painting-services,,,,,
Sons of Monaco Painting,http://www.sonsofmonacopainting.com,,,Fort Myers,Florida,,,,,,apollo,"Painting services, painting company - Florida",https://app.apollo.io/#/organizations/674575a33a363b00019b3ba2?overrideScoreId=score,,,customer satisfaction+45,http://www.linkedin.com/company/sons-of-monaco-painting,,,,,
"GIZER'S PAINTING SERVICES, LLC",http://www.gizerspaintingservices.com,,,Altamonte Springs,Florida,,,,,,apollo,"Painting services, painting company - Florida",https://app.apollo.io/#/organizations/674034dff95d1100010f0928?overrideScoreId=score,,,,http://www.linkedin.com/company/gizer's-painting-services-llc,,,,,
DJ Corporate Solutions LLC,http://www.djcorporatesolutions.com,,,Palm Bay,Florida,,,,,,apollo,"Painting services, painting company - Florida",https://app.apollo.io/#/organizations/6718bfe3473a1c000125524a?overrideScoreId=score,,,epoxy floors+4,http://www.linkedin.com/company/epoxyfloors-spacecoast,,,,,
BERTRAMS PAINTING SERVICES INC,http://www.bertramspaintingservices.com,,,Miramar,Florida,,,,,,apollo,"Painting services, painting company - Florida",https://app.apollo.io/#/organizations/670bd2283bf7480001423092?overrideScoreId=score,,,,http://www.linkedin.com/company/bertrams-painting-services-inc,,,,,
SITA SOLUTIONS LLC,http://www.sitasolution.com,,,Davie,Florida,,,,,,apollo,"Painting services, painting company - Florida",https://app.apollo.io/#/organizations/6704f3dd27e5fd0001a98db4?overrideScoreId=score,,,,http://www.linkedin.com/company/sita-solutions-llc,https://www.facebook.com/wix,,,,
"PAGE PAINTING COMPANY, L.L.C.",http://www.pagepaintingco.com,,,Orlando,Florida,,,,,,apollo,"Painting services, painting company - Florida",https://app.apollo.io/#/organizations/66f23bd74fb92d00012b75ee?overrideScoreId=score,,,,http://www.linkedin.com/company/page-painting-company-l.l.c.,,,,,
Florida Painting Services,http://www.florida-painting.com,,,Pompano Beach,Florida,,,,,,apollo,"Painting services, painting company - Florida",https://app.apollo.io/#/organizations/66f0aa53b92f6e00013225cf?overrideScoreId=score,,,,http://www.linkedin.com/company/florida-painting-services,,,,,
Compass Painting of SWFL,http://www.compasspaintingswfl.com,,,Sarasota,Florida,,,,,,apollo,"Painting services, painting company - Florida",https://app.apollo.io/#/organizations/66dbc568b617610001938e20?overrideScoreId=score,,,exteriorresidential+74,http://www.linkedin.com/company/compasspaintingofswfl,,,,,
Forward Construction Group,http://www.fwdconstructiongroup.com,,,Jacksonville,Florida,,,,,,apollo,"Painting services, painting company - Florida",https://app.apollo.io/#/organizations/66470d669fa27d0001af19f2?,,,drywall services+33,http://www.linkedin.com/company/forwardconstructiongroup,,,,,
Boscan Corp,http://www.boscancorp.com,,,Fort Walton Beach,Florida,,,,,,apollo,"Painting services, painting company - Florida",https://app.apollo.io/#/organizations/65b9e4f1393c6a0001494a2b?,,,remodeling services+28,http://www.linkedin.com/company/boscancorp,,,,,
7 Contractor | Renovation,http://www.7contractor.com,,,Tampa,Florida,,,,,,apollo,"Painting services, painting company - Florida",https://app.apollo.io/#/organizations/5e56d31f13757d00015f5971?,,,remodeling for fix & flip+57,http://www.linkedin.com/company/7contractor,,,,,
O.R. Painting Inc.,http://www.orpaintingfl.com,,,Big Pine Key,Florida,,,,,,apollo,"Painting services, painting company - Florida",https://app.apollo.io/#/organizations/55f84af8f3e5bb7643004ab6?,,,metal finishes+60,http://www.linkedin.com/company/orpaintingfl,https://www.facebook.com/orpaintingfl/,,,,
Upscale Painting Services Inc,http://www.upscalepainting.ca,,,Saint Petersburg,Florida,,,,,,apollo,"Painting services, painting company - Florida",https://app.apollo.io/#/organizations/55f3de11f3e5bb1e6f0032be?,,,,http://www.linkedin.com/company/upscale-painting-services-inc,,,,,
Orange Painting Services,http://www.orangepaintingservices.com,,,Tampa,Florida,,,,,,apollo,"Painting services, painting company - Florida",https://app.apollo.io/#/organizations/67add8cb6ee6b40021e69c18?,,,,http://www.linkedin.com/company/orange-painting-services,https://www.facebook.com/393315300530569,,,,
Revive Painting Services,http://www.revivepaintingusa.com,,,Boca Raton,Florida,,,,,,apollo,"Painting services, painting company - Florida",https://app.apollo.io/#/organizations/67add7406faffc0021f04099?,,,,http://www.linkedin.com/company/revive-painting-services,,,,,
Winter Park Painting Company,http://www.winterparkpaintingcompany.com,,,Winter Park,Florida,,,,,,apollo,"Painting services, painting company - Florida",https://app.apollo.io/#/organizations/6743554751264500012b250f?,,,,http://www.linkedin.com/company/winter-park-painting-company,,,,,
MARK RALSTON PAINTING COMPANY,http://www.markralstonpainting.com,,,Jupiter,Florida,,,,,,apollo,"Painting services, painting company - Florida",https://app.apollo.io/#/organizations/67431009975d6e000169deed?,,,,http://www.linkedin.com/company/mark-ralston-painting-company,,,,,
L2M Painting Solution,http://www.l2mpainting.com,,,Deerfield Beach,Florida,,,,,,apollo,"Painting services, painting company - Florida",https://app.apollo.io/#/organizations/6739958f22b3930001cbac1c?,,,project painting+36,http://www.linkedin.com/company/l2m-painting-solution,,,,,
"JPV PAINTING SERVICES, INC.",http://www.jpvpaintingservices.com,,,Coral Springs,Florida,,,,,,apollo,"Painting services, painting company - Florida",https://app.apollo.io/#/organizations/673882b72f9c5a000110d166?,38.6M,,,http://www.linkedin.com/company/jpv-painting-services-inc.,https://facebook.com/pages/JPV-Painting-Services/127933770607321,,,,
Allied Painting Services,http://www.allied-painting-services.com,,,Panama City Beach,Florida,,,,,,apollo,"Painting services, painting company - Florida",https://app.apollo.io/#/organizations/67273bd92db1f90001e65a8a?,,,,http://www.linkedin.com/company/allied-painting-services,,,,,
Best Way Painting Naples,http://www.bestwaypaintingfl.com,,,Naples,Florida,,,,,,apollo,"Painting services, painting company - Florida",https://app.apollo.io/#/organizations/67149ff23c0cf800018f0a14?,,,painting & painter+47,http://www.linkedin.com/company/best-way-painting-naples,https://www.facebook.com/bestwaypaintingnaples/,,,,
Kendall Painting Services,http://www.kendallpaintingservices.com,,,Miami,Florida,,,,,,apollo,"Painting services, painting company - Florida",https://app.apollo.io/#/organizations/66fd152405604e0001f9fe07?,,,,http://www.linkedin.com/company/kendall-painting-services,,,,,
JMB Painting Services,http://www.jmbpaintingservices.com,,,Key West,Florida,,,,,,apollo,"Painting services, painting company - Florida",https://app.apollo.io/#/organizations/66fa41e4008a530001c7e80d?,,,,http://www.linkedin.com/company/jmb-painting-services,,,,,
Anicette Stucco LLC,http://www.anicettestuccorepair.com,,,Minneola,Florida,,,,,,apollo,"Painting services, painting company - Florida",https://app.apollo.io/#/organizations/66ef87ffcd940a0001ae52a6?,,,stucco plaster+5,http://www.linkedin.com/company/anicettestuccorepair,https://www.facebook.com/anicettestuccorepair,https://twitter.com/anicettestucco,,,
Dan Hoffman Painting Services,http://www.danhoffmanpaintingservices.com,,,Margate,Florida,,,,,,apollo,"Painting services, painting company - Florida",https://app.apollo.io/#/organizations/66e776eabb2772000135768c?,,,,http://www.linkedin.com/company/dan-hoffman-painting-services,,,,,
"Stucco Repair St. Petersburg, FL",http://www.stpetersburgstuccorepair.com,,,Saint Petersburg,Florida,,,,,,apollo,"Painting services, painting company - Florida",https://app.apollo.io/#/organizations/66771e5e9a27dc0001e87ee2?,,,,http://www.linkedin.com/company/stucco-repair-st-petersburg-fl,,,,,
JACLEL Llc,http://www.jaclel.com,,,Davie,Florida,,,,,,apollo,"Painting services, painting company - Florida",https://app.apollo.io/#/organizations/6417fd9e656a0100013cd19e?,,,commercial painting+2,http://www.linkedin.com/company/jaclel,,,,,
S-max • Painting Estimating & Takeoff Services,http://www.paintingestimatingservices.com,,,Pompano Beach,Florida,,,,,,apollo,"Painting services, painting company - Florida",https://app.apollo.io/#/organizations/63522df0c58a9000cc106232?,,,,http://www.linkedin.com/company/s-max-painting-estimating-takeoff-services,,,,,
CTI General Contractors Inc.,http://www.ctigc.net,,,Miami,Florida,,,,,,apollo,"Painting services, painting company - Florida",https://app.apollo.io/#/organizations/67d902fa25e9e60001876a6d?overrideScoreId=score,,,,http://www.linkedin.com/company/cti-general-contractors-inc,,,,,
Markone Contractors,http://www.markonecontractors.com,,,West Palm Beach,Florida,,,,,,apollo,"Painting services, painting company - Florida",https://app.apollo.io/#/organizations/6605f33cc6177a0300275db9?overrideScoreId=score,,,roof repair+61,http://www.linkedin.com/company/markone-contractors-fl,,,,,
Ganster and Company Inc.,http://www.gansterpaint.com,,,Tampa,Florida,,,,,,apollo,"Painting services, painting company - Florida",https://app.apollo.io/#/organizations/60b26c6b622d450001dd829a?overrideScoreId=score,,,commercial projects+40,http://www.linkedin.com/company/ganster-and-company,,,,,
APD Construction LLC,http://www.apdconstruction.com,,,Orlando,Florida,,,,,,apollo,"Painting services, painting company - Florida",https://app.apollo.io/#/organizations/5f4e9060d8c3cc00c993587b?overrideScoreId=score,,,commercial building+61,http://www.linkedin.com/company/apd-construction-llc,https://www.facebook.com/apdconstruction,,,,
"Extreme Painting & Contracting, Inc.",http://www.extremepaintingfl.com,,,Extreme Painting & Contracting,Inc.,,,,,,apollo,"Painting services, painting company - Inc.",https://app.apollo.io/#/organizations/5f3ee8d62588bb000163c2d1?overrideScoreId=score,,,commercial painting+50,http://www.linkedin.com/company/extreme-painting-contracting-inc,https://www.facebook.com/ExtremePaintingContracting/,,,,
BHI Services Inc,http://www.bhiservicesinc.com,,,Auburndale,Florida,,,,,,apollo,"Painting services, painting company - Florida",https://app.apollo.io/#/organizations/5b835011f874f71d835391e2?overrideScoreId=score,,,property maintenance+86,http://www.linkedin.com/company/bhi-services-inc,,,,,
"Dulakis Painting, Inc.",http://www.dulakispainting.com,,,Dulakis Painting,Inc.,,,,,,apollo,"Painting services, painting company - Inc.",https://app.apollo.io/#/organizations/55921f787369643bddc22300?overrideScoreId=score,,,commercial painting+63,http://www.linkedin.com/company/dulakis-painting-inc-,https://www.facebook.com/dulakispaintinginc,,,,
Precision Painting & Waterproofing,http://www.precisionpaintingwaterproofing.com,,,Vero Beach,Florida,,,,,,apollo,"Painting services, painting company - Florida",https://app.apollo.io/#/organizations/5569948d73696425db8b5b00?overrideScoreId=score,14.4M,,sealants+71,http://www.linkedin.com/company/precision-painting-&-waterproofing,https://facebook.com/pages/Croom-Construction-Company/252470794795843,,,,
Smart Coat Painting & Construction,http://www.smartcoatpaintingfl.com,,,Deerfield Beach,Florida,,,,,,apollo,"Painting services, painting company - Florida",https://app.apollo.io/#/organizations/678c82df320fdb0001fddd2b?overrideScoreId=score,,,painting+64,http://www.linkedin.com/company/smart-coat-painting,,,,,
"CARLOS PROFESSIONAL PAINTING SERVICES, INC.",http://www.cpspainting.com,,,Pompano Beach,Florida,,,,,,apollo,"Painting services, painting company - Florida",https://app.apollo.io/#/organizations/674990c30cda9e00019b2578?overrideScoreId=score,,,,http://www.linkedin.com/company/carlos-professional-painting-services-inc.,,,,,
EZ Painting Services,http://www.ezpaintingservices.com,,,Port Charlotte,Florida,,,,,,apollo,"Painting services, painting company - Florida",https://app.apollo.io/#/organizations/67312d60cfd91b00011db109?overrideScoreId=score,,,,http://www.linkedin.com/company/ez-painting-services,,,,,
Excell General Service Group,http://www.excellservicegroup.com,,,Bonita Springs,Florida,,,,,,apollo,"Painting services, painting company - Florida",https://app.apollo.io/#/organizations/671633060180600001262320?overrideScoreId=score,,,carpetry+82,http://www.linkedin.com/company/excell-general-service-group,,,,,
COLORS PAINTING SERVICES LLC.,http://www.colorspaintingservices.com,,,Saint Cloud,Florida,,,,,,apollo,"Painting services, painting company - Florida",https://app.apollo.io/#/organizations/6710a13f0feb7500011e63ca?overrideScoreId=score,,,,http://www.linkedin.com/company/colors-painting-services-llc.,,,,,
World Construction Design,http://www.wcdgn.com,,,Orlando,Florida,,,,,,apollo,"Painting services, painting company - Florida",https://app.apollo.io/#/organizations/66f4dcb1d9c32700014a4f47?overrideScoreId=score,,,trusses sistem+111,http://www.linkedin.com/company/worldconstructiondesign,,,,,
Lady Painters at Work,http://www.ladypaintersatwork.com,,,Homestead,Florida,,,,,,apollo,"Painting services, painting company - Florida",https://app.apollo.io/#/organizations/61ec93756941fd000117b71f?overrideScoreId=score,,,exterior painting+24,http://www.linkedin.com/company/ladypaintersatworkllc,https://facebook.com/ladypaintersatwork,,,,
"A Step Above Painting, LLC.",http://www.asapsrq.com,,,Sarasota,Florida,,,,,,apollo,"Painting services, painting company - Florida",https://app.apollo.io/#/organizations/5ed33ab4a137530001916c83?overrideScoreId=score,,,family owned+46,http://www.linkedin.com/company/asapsrq,https://www.facebook.com/asapsrq,,,,
Biscayne Painting Corp,http://www.biscaynepaintingcorp.com,,,Hollywood,Florida,,,,,,apollo,"Painting services, painting company - Florida",https://app.apollo.io/#/organizations/55f18a9ff3e5bb6152002794?overrideScoreId=score,30.8M,,painting services+46,http://www.linkedin.com/company/biscayne-painting-corp,https://www.facebook.com/WixStudio,,,,
Bright Side Painting of Jax,http://www.brightsidepaintingjax.com,,,Atlantic Beach,Florida,,,,,,apollo,"Painting services, painting company - Florida",https://app.apollo.io/#/organizations/674b39fe15f724000185d5e7?overrideScoreId=score,,,cabinet refinishing+54,http://www.linkedin.com/company/bright-side-painting-of-jax,https://www.facebook.com/BSPofJAX,,,,
Bright Side Painting Of Jax Inc.,,,,Jacksonville Beach,Florida,,,,,,apollo,"Painting services, painting company - Florida",https://app.apollo.io/#/organizations/666516bdaba2b000018e4255?overrideScoreId=score,,,paintcoating+55,http://www.linkedin.com/company/bright-side-painting-of-jax-inc,https://www.facebook.com/BSPofJAX,,,,
Bamm Renovation Group,http://www.bammgroupllc.com,,,Orlando,Florida,,,,,,apollo,"Painting services, painting company - Florida",https://app.apollo.io/#/organizations/65ece5187e48f70007264a9e?overrideScoreId=score,,,flooring installation+52,http://www.linkedin.com/company/bamm-renovation-group,,,,,
Simplified Building Solutions LLC,http://www.simplifiedbs.com,,,Lakeland,Florida,,,,,,apollo,"Painting services, painting company - Florida",https://app.apollo.io/#/organizations/655090a7d2c67000017b72b7?overrideScoreId=score,,,full exterior package+52,http://www.linkedin.com/company/simplified-building-solutions,https://www.facebook.com/simplifiedbs,,,,
"Miami Construction Brokers, INC",http://www.miamiconstructionbrokers.com,,,Medley,Florida,,,,,,apollo,"Painting services, painting company - Florida",https://app.apollo.io/#/organizations/640dee982f41de0001ccbefb?overrideScoreId=score,,,flooring installation+51,http://www.linkedin.com/company/miami-construction-brokers-inc,,,,,
Professional Painting and More,http://www.professionalpaintingandmore.com,,,Jacksonville,Florida,,,,,,apollo,"Painting services, painting company - Florida",https://app.apollo.io/#/organizations/6146deb2d7c3fb0001f3173e?overrideScoreId=score,,,repairs+42,http://www.linkedin.com/company/paintingservices,,,,,
"Seal Pro Painting, Inc.",http://www.sealpropainting.com,,,Seal Pro Painting,Inc.,,,,,,apollo,"Painting services, painting company - Inc.",https://app.apollo.io/#/organizations/5ed581446a693c0001c2ea0c?overrideScoreId=score,,,surface cleaning+49,http://www.linkedin.com/company/sealpropainting,https://www.facebook.com/sealpropaintingcfl,,,,
Epic Painting Services,http://www.epicpaintingservices.com,,,Longwood,Florida,,,,,,apollo,"Painting services, painting company - Florida",https://app.apollo.io/#/organizations/5e55b8a0e90db10001ebd137?overrideScoreId=score,,,,http://www.linkedin.com/company/epic-home-services-inc-,,,,,
"Nu Look Painting & Services, Corp.",http://www.nulookpainting.com,,,Nu Look Painting & Services,Corp.,,,,,,apollo,"Painting services, painting company - Corp.",https://app.apollo.io/#/organizations/5569ba4573696425d7fc8200?overrideScoreId=score,,,,http://www.linkedin.com/company/nu-look-painting-&-services-corp.,,,,,
Jonsson Construction,http://www.jonssonconstruction.com,,,Jacksonville,Florida,,,,,,apollo,"Painting services, painting company - Florida",https://app.apollo.io/#/organizations/54a13b6969702d231f37b001?overrideScoreId=score,,,kitchen remodeling+77,http://www.linkedin.com/company/jonsson-construction,,,,,
York Services LLC (Painting Contractor),http://www.naplesfloridapainters.com,,,Fort Myers,Florida,,,,,,apollo,"Painting services, painting company - Florida",https://app.apollo.io/#/organizations/54a13adc69702dac84991b01?overrideScoreId=score,,,,http://www.linkedin.com/company/york-services-llc,,,,,
"Peacock Painting Services, Inc.",http://www.peacockpainting.com,,,Peacock Painting Services,Inc.,,,,,,apollo,"Painting services, painting company - Inc.",https://app.apollo.io/#/organizations/54a1284a69702d8cfc373701?overrideScoreId=score,10.9M,,,http://www.linkedin.com/company/peacock-painting-services,https://www.facebook.com/peacockpainting,,,,
JC Contractors Group,http://www.jccontractorsgroup.com,,,Miami,Florida,,,,,,apollo,"Painting services, painting company - Florida",https://app.apollo.io/#/organizations/64ba4d28e0838c0001c3eae6?overrideScoreId=score,,,,http://www.linkedin.com/company/jccontactrosgroup,https://www.facebook.com/jcpaintingmiami,,,,
Paint Pros USA,http://www.paintprosusa.net,,,Miami,Florida,,,,,,apollo,"Painting services, painting company - Florida",https://app.apollo.io/#/organizations/615fefe357a7500001b81eb6?overrideScoreId=score,,,drywall repairs+53,http://www.linkedin.com/company/paint-prosusa,https://www.facebook.com/paintprosusaflorida,,,,
FLS Painting Contractors,http://www.flspainting.com,,,Boca Raton,Florida,,,,,,apollo,"Painting services, painting company - Florida",https://app.apollo.io/#/organizations/5ed74742ca3d130001e85e99?overrideScoreId=score,,,house painting+53,http://www.linkedin.com/company/fls-painting-corp.,https://www.facebook.com/FLSPainting/,,,,
"AGE OF EMPIRE, INC.",http://www.ageofempireinc.com,,,Miami,Florida,,,,,,apollo,"Painting services, painting company - Florida",https://app.apollo.io/#/organizations/5da1537a4614520001aaf708?overrideScoreId=score,,,,http://www.linkedin.com/company/age-of-empire-inc1,,,,,
Regal Custom Painting Inc,http://www.regalcustompainting.com,,,Palm Bay,Florida,,,,,,apollo,"Painting services, painting company - Florida",https://app.apollo.io/#/organizations/556de42773696412269aba01?overrideScoreId=score,,,interior painting+44,http://www.linkedin.com/company/regal-custom-painting-inc,,,,,
Five Seasons Painting,http://www.fiveseasonspainting.com,,,Sanford,Florida,,,,,,apollo,"Painting services, painting company - Florida",https://app.apollo.io/#/organizations/668b23648fa28d00012e56ea?overrideScoreId=score,,,house painting+63,http://www.linkedin.com/company/five-seasons-painting,,,,,
"SPR SERVICES, INC.",http://www.sprservices.com,,,Orlando,Florida,,,,,,apollo,"Painting services, painting company - Florida",https://app.apollo.io/#/organizations/5e56b4a800577700017c5602?overrideScoreId=score,,,painting contractor+41,http://www.linkedin.com/company/spr-services-inc.,https://www.facebook.com/people/SPR-Services-INC/100063591581509/,,,,
Vic's Painting and Reconstruction,http://www.vicspainting.com,,,Fort Myers,Florida,,,,,,apollo,"Painting services, painting company - Florida",https://app.apollo.io/#/organizations/5da68c0634d39000016f2c04?overrideScoreId=score,10.3M,,reconstruction+82,http://www.linkedin.com/company/vic-s-painting-and-reconstruction,https://facebook.com/vics-painting-and-reconstruction-110154350612134,https://twitter.com/painting_vic,,,
Titan Painting and Maintenance,http://www.titanpainting.com,,,Navarre,Florida,,,,,,apollo,"Painting services, painting company - Florida",https://app.apollo.io/#/organizations/5da4dfa3551bd600014f899a?overrideScoreId=score,,,,http://www.linkedin.com/company/titan-painting-and-maintenance,https://www.facebook.com/titanpainting34/,,,,
"Tru Colors Contracting, Inc",http://www.trucolorscontracting.com,,,Tru Colors Contracting,Inc,,,,,,apollo,"Painting services, painting company - Inc",https://app.apollo.io/#/organizations/5b8357ebf874f71e9455e29b?overrideScoreId=score,,,,http://www.linkedin.com/company/trucolorscontracting,https://facebook.com/trucolorscontractingfl,,,,
RCI PAINTING,http://www.rcipainting.com,,,Boynton Beach,Florida,,,,,,apollo,"Painting services, painting company - Florida",https://app.apollo.io/#/organizations/55ef96f9f3e5bb7b190007de?overrideScoreId=score,11.8M,,customer satisfaction+54,http://www.linkedin.com/company/rci-painting,,,,,
"Hutton Enterprises, Inc.",http://www.huttonenterprisesinc.com,,,Hutton Enterprises,Inc.,,,,,,apollo,"Painting services, painting company - Inc.",https://app.apollo.io/#/organizations/55ee7085f3e5bb2274001843?overrideScoreId=score,,,interior improvements+76,http://www.linkedin.com/company/hutton-enterprises-inc-,http://www.facebook.com/wix,http://www.twitter.com/wix,,,
Premium Painters,http://www.premiumpainters.com,,,Hobe Sound,Florida,,,,,,apollo,"Painting services, painting company - Florida",https://app.apollo.io/#/organizations/55ea54a7f3e5bb59a6002962?overrideScoreId=score,21.9M,,interior+55,http://www.linkedin.com/company/premiumpainters,https://www.facebook.com/PremiumPainters.FL,https://twitter.com/apremiumpainter,,,
Al Brothers,http://www.albrothers.com,,,Cape Coral,Florida,,,,,,apollo,"Painting services, painting company - Florida",https://app.apollo.io/#/organizations/54a242da7468693fda8cd41a?overrideScoreId=score,,,metal framing+48,http://www.linkedin.com/company/al-brothers,,,,,
"Southern Painting & Blasting, LLC",http://www.southern-paint.com,,,Casselberry,Florida,,,,,,apollo,"Painting services, painting company - Florida",https://app.apollo.io/#/organizations/6375be591651fa000179a818?overrideScoreId=score,39.4M,,project management+41,http://www.linkedin.com/company/southernpaintingandblasting,https://www.facebook.com/SouthernPaintingandBlasting,,,,
Eco Restoration & Construction,http://www.ecofla.com,,,Deerfield Beach,Florida,,,,,,apollo,"Painting services, painting company - Florida",https://app.apollo.io/#/organizations/614470c6524d2100018e64e7?overrideScoreId=score,,,mold remediation+48,http://www.linkedin.com/company/eco-restoration-construction,,,,,
Coastal Painting Contractors Inc,http://www.coastalpaintingcontractors.com,,,Naples,Florida,,,,,,apollo,"Painting services, painting company - Florida",https://app.apollo.io/#/organizations/612a41b09ce6c5000187ee54?overrideScoreId=score,,,,http://www.linkedin.com/company/coastal-painting-contractors-inc,https://www.facebook.com/coastalpaintingcontractorsinc,,,,
Apex Painting Group,http://www.paintwithapex.com,,,Bonita Springs,Florida,,,,,,apollo,"Painting services, painting company - Florida",https://app.apollo.io/#/organizations/5e5608be840a2400014cbfcd?overrideScoreId=score,,,painting+48,http://www.linkedin.com/company/apex-painting-group-paintersfortmyers,,,,,
Trinity Painting and Wall Covering,http://www.trinityenterprisespaint.com,,,Miami,Florida,,,,,,apollo,"Painting services, painting company - Florida",https://app.apollo.io/#/organizations/55f5b77ff3e5bb07680013bc?overrideScoreId=score,,,pressure washing+45,http://www.linkedin.com/company/trinity-painting-and-wall-covering,,,,,
Perkins Roofing Corp.,http://www.perkinsroofing.net,,,Miami,Florida,,,,,,apollo,"Painting services, painting company - Florida",https://app.apollo.io/#/organizations/55ea542bf3e5bb596c0026f1?overrideScoreId=score,,,roofing+85,http://www.linkedin.com/company/perkins-roofing-corp,,,,,
"Ira Walden & Sons, Inc.",http://www.irawalden.com,,,Ira Walden & Sons,Inc.,,,,,,apollo,"Painting services, painting company - Inc.",https://app.apollo.io/#/organizations/5500bbfd7369641775732200?overrideScoreId=score,,,,http://www.linkedin.com/company/ira-walden-&-sons-inc-,,,,,
GM Painting & Construction,http://www.gmpainting.com,,,Deerfield Beach,Florida,,,,,,apollo,"Painting services, painting company - Florida",https://app.apollo.io/#/organizations/66d32df2a93f39000119095e?overrideScoreId=score,,,,http://www.linkedin.com/company/gm-painting-construction,,,,,
JPV Construction,http://www.jpvconstruction.com,,,Kissimmee,Florida,,,,,,apollo,"Painting services, painting company - Florida",https://app.apollo.io/#/organizations/63b185829b8d3c0001dc1ead?overrideScoreId=score,,,remodeling+71,http://www.linkedin.com/company/jpvconstruction,https://www.facebook.com/jpvconstruction,,,,
DPT Construction Inc,http://www.dptconstructioninc.com,,,Orlando,Florida,,,,,,apollo,"Painting services, painting company - Florida",https://app.apollo.io/#/organizations/604a81bd3767360001f62580?overrideScoreId=score,,,fdot coatings+52,http://www.linkedin.com/company/dpt-construction-inc,,,,,
Precision Painting & Waterproofing,http://www.precisionpaw.com,,,Fort Lauderdale,Florida,,,,,,apollo,"Painting services, painting company - Florida",https://app.apollo.io/#/organizations/60486e9de4868100014e440b?overrideScoreId=score,,,painting+50,http://www.linkedin.com/company/precision-painting-waterproofing,,,,,
FLORIDA PAINTING COMPANY,http://www.floridapaintingmiami.com,,,Miami,Florida,,,,,,apollo,"Painting services, painting company - Florida",https://app.apollo.io/#/organizations/5da3d61c2fc5830001758fa8?overrideScoreId=score,,,painting+55,http://www.linkedin.com/company/florida-painting-company,https://www.facebook.com/FLORIDAPAINTINGCOMPANY/,,,,
JCB INTERNATIONAL INC,http://www.jcb-inc.com,,,Palm Harbor,Florida,,,,,,apollo,"Painting services, painting company - Florida",https://app.apollo.io/#/organizations/55f6a264f3e5bb18db014417?overrideScoreId=score,,,bathroom remodeling+51,http://www.linkedin.com/company/jcb-international-inc,,,,,
"JB Painting and Waterproofing, Inc.",,,,JB Painting and Waterproofing,Inc.,,,,,,apollo,"Painting services, painting company - Inc.",https://app.apollo.io/#/organizations/663f9c248cce8d0001032499?overrideScoreId=score,36.5M,,metal coatings+39,http://www.linkedin.com/company/jb-painting-and-waterproofing-inc.,https://www.facebook.com/JB-Painting-Waterproofing-Inc-132363020813196/,,,,
The Plummer Painting Company,http://www.plummerinc.com,,,Winter Park,Florida,,,,,,apollo,"Painting services, painting company - Florida",https://app.apollo.io/#/organizations/6545f8889e2fb20001d2456e?overrideScoreId=score,11.2M,,repaint+70,http://www.linkedin.com/company/the-plummer-painting-company,,,,,
Walker Painting,http://www.walkerpainting.com,,,Longwood,Florida,,,,,,apollo,"Painting services, painting company - Florida",https://app.apollo.io/#/organizations/6662a58d72fef500012c9979?overrideScoreId=score,,,,http://www.linkedin.com/company/walker-painting,https://facebook.com/WalkerExpertPaintingLlc,,,,
"Mid South Painting, Inc.",http://www.midsouthpaintinginc.com,,,Mid South Painting,Inc.,,,,,,apollo,"Painting services, painting company - Inc.",https://app.apollo.io/#/organizations/61ec11b554407500016c794f?overrideScoreId=score,,,commercial painting+52,http://www.linkedin.com/company/midsouthpainting,,,,,
Atlas Construction Services,http://www.atlascsgroup.com,,,West Palm Beach,Florida,,,,,,apollo,"Painting services, painting company - Florida",https://app.apollo.io/#/organizations/64617e240305dd0001a09751?overrideScoreId=score,,,rollouts+87,http://www.linkedin.com/company/atlas-construction-services-group-llc,,,,,
Gem Industries Incorporated,http://www.gemindustriesincorporated.com,,,Cocoa,Florida,,,,,,apollo,"Painting services, painting company - Florida",https://app.apollo.io/#/organizations/5fc9e052e66113000176a64b?overrideScoreId=score,,,metal work+96,http://www.linkedin.com/company/gem-industries-incorporated,https://www.facebook.com/GemIndustriesIncorporated/,https://twitter.com/GemIncorporated,,,
Affordable Quality Painting,http://www.aqpaintingco.com,,,Windermere,Florida,,,,,,apollo,"Painting services, painting company - Florida",https://app.apollo.io/#/organizations/559238e3736964186fabdc00?overrideScoreId=score,,,property management+46,http://www.linkedin.com/company/affordable-quality-painting,https://business.facebook.com/aqpaintingco,,,,
"STRAIGHT LINE PAINTING, INC.",http://www.straightlinepaintinginc.com,,,Tampa,Florida,,,,,,apollo,"Painting services, painting company - Florida",https://app.apollo.io/#/organizations/64bdbdbdd614f10001250f84?overrideScoreId=score,,,commercial painting+63,http://www.linkedin.com/company/straight-line-painting-inc.,https://www.facebook.com/pg/floridaprofessionalpainting,,,,
Prachel Painting,http://www.prachel.com,,,Boca Raton,Florida,,,,,,apollo,"Painting services, painting company - Florida",https://app.apollo.io/#/organizations/5f48122cea46460001458c09?overrideScoreId=score,,,electrostatic+61,http://www.linkedin.com/company/prachel-painting,,,,,
"North Florida Field Services, Inc",http://www.reconstructionteam.com,,,North Florida Field Services,Inc,,,,,,apollo,"Painting services, painting company - Inc",https://app.apollo.io/#/organizations/5ed35bbfa05d160001286f3a?overrideScoreId=score,,,real estate services+46,http://www.linkedin.com/company/north-florida-field-services-inc,,,,,
MTD Painting & Construction,http://www.mtdcgc.com,,,Coral Springs,Florida,,,,,,apollo,"Painting services, painting company - Florida",https://app.apollo.io/#/organizations/5e570021eb7a290001cb701c?overrideScoreId=score,,,construction+43,http://www.linkedin.com/company/mtd-panting-and-construction,https://www.facebook.com/MTDpaint/,,,,
"Ryan Hammond, Inc.",http://www.ryanhammondinc.com,,,Ryan Hammond,Inc.,,,,,,apollo,"Painting services, painting company - Inc.",https://app.apollo.io/#/organizations/55eb88a8f3e5bb137900014b?overrideScoreId=score,,,decorative painting+40,http://www.linkedin.com/company/ryan-hammond-inc-,https://facebook.com/RyanHammondInc,,,,
Talbot Companies,http://www.talbotcompanies.com,,,Jupiter,Florida,,,,,,apollo,"Painting services, painting company - Florida",https://app.apollo.io/#/organizations/55ea52a4f3e5bb5987001c57?overrideScoreId=score,,,painting+48,http://www.linkedin.com/company/talbot-companies,https://www.facebook.com/profile.php,,,,
Prime Painting Incorperated,http://www.primepaintinginc.com,,,Loxahatchee,Florida,,,,,,apollo,"Painting services, painting company - Florida",https://app.apollo.io/#/organizations/54a12a2a69702d979c360402?overrideScoreId=score,,,exterior+38,http://www.linkedin.com/company/prime-painting,,,,,
Smart Finishes FL Corp,http://www.smartfinishesflcorp.com,,,Winter Garden,Florida,,,,,,apollo,"Painting services, painting company - Florida",https://app.apollo.io/#/organizations/65c8706d321cf20001ed171e?overrideScoreId=score,,,,http://www.linkedin.com/company/smart-finishes-fl-corp-orlando,,,,,
JMK Contractor,http://www.jmkcontractor.com,,,Miami Beach,Florida,,,,,,apollo,"Painting services, painting company - Florida",https://app.apollo.io/#/organizations/646b3130ce35440001f99074?overrideScoreId=score,,,multi-family housing+60,http://www.linkedin.com/company/jmk-contractor,,,,,
"Weston Coatings Group, Inc.",http://www.westoncoatingsgroup.com,,,Weston Coatings Group,Inc.,,,,,,apollo,"Painting services, painting company - Inc.",https://app.apollo.io/#/organizations/63c4d387898fcc00019764bc?overrideScoreId=score,,,building coatings+48,http://www.linkedin.com/company/weston-coatings-group-inc.,,,,,
"Supermarket Solutions, Inc",http://www.supermarketsolutionsinc.com,,,Supermarket Solutions,Inc,,,,,,apollo,"Painting services, painting company - Inc",https://app.apollo.io/#/organizations/6263ef943c41d30001c96c81?overrideScoreId=score,,,store lighting upgrades+45,http://www.linkedin.com/company/supermarket-solutions-llc,,,,,
THE CAPTAINS Painters & General Contractors,http://www.thecaptainpainter.com,,,Fort Lauderdale,Florida,,,,,,apollo,"Painting services, painting company - Florida",https://app.apollo.io/#/organizations/604a38293d75b2000153f924?overrideScoreId=score,,,painting+38,http://www.linkedin.com/company/the-captain-painter,,,,,
Benchmark Painting & Carpentry,http://www.benchmarkpainting.com,,,Boynton Beach,Florida,,,,,,apollo,"Painting services, painting company - Florida",https://app.apollo.io/#/organizations/54a1a08574686945fad20903?overrideScoreId=score,12.8M,,interior painting+62,http://www.linkedin.com/company/benchmark-painting-and-carpentry,https://facebook.com/BenchmarkPaintingKensington,https://twitter.com/benchmarkpaint,,,
"LASA CONSTRUCTION, INC.",http://www.lasa-usa.com,,,Jacksonville,Florida,,,,,,apollo,"Painting services, painting company - Florida",https://app.apollo.io/#/organizations/670c2c3c4c558600016b8581?overrideScoreId=score,38.3M,,,http://www.linkedin.com/company/lasa-construction-inc.,https://facebook.com/lasaconstruction,,,,
Keen on Klean Solutions,http://www.keenonklean.com,,,Jacksonville,Florida,,,,,,apollo,"Painting services, painting company - Florida",https://app.apollo.io/#/organizations/62acae18d381e800a3065946?overrideScoreId=score,,,commercial cleaning+49,http://www.linkedin.com/company/keen-on-klean-solutions,https://www.facebook.com/keenonklean,,,,
3G Home Exteriors,http://www.3ghomeexteriors.com,,,Fort Myers,Florida,,,,,,apollo,"Painting services, painting company - Florida",https://app.apollo.io/#/organizations/5e55a6d66fcac500011796ae?overrideScoreId=score,,,contractor+79,,,,,,
Silva's Painting,http://www.silvas-painting.com,,,Orlando,Florida,,,,,,apollo,"Painting services, painting company - Florida",https://app.apollo.io/#/organizations/55f74ab4f3e5bb16ea000ccd?overrideScoreId=score,,,sandblasting+68,http://www.linkedin.com/company/silva's-general-services,,,,,
"Certified Boom Repair Service, Inc.",http://www.certifiedboomrepair.com,,,Certified Boom Repair Service,Inc.,,,,,,apollo,"Painting services, painting company - Inc.",https://app.apollo.io/#/organizations/5500b74973696417347c0500?overrideScoreId=score,,,annual inspections+48,http://www.linkedin.com/company/certified-boom-repair-service-inc-,,,,,
Natural Elements Painting and Repair,http://www.naturalelementspainting.com,,,Gainesville,Florida,,,,,,apollo,"Painting services, painting company - Florida",https://app.apollo.io/#/organizations/54a1a53a74686945fae86704?overrideScoreId=score,,,wood repair+64,http://www.linkedin.com/company/naturalelementspainting,,https://twitter.com/NEPaint,,,
"Universal Construction, LLC.",http://www.universalgrc.com,,,Deerfield Beach,Florida,,,,,,apollo,"Painting services, painting company - Florida",https://app.apollo.io/#/organizations/5e57c145d2bd68000120c04e?overrideScoreId=score,,,waterproof coatings+50,http://www.linkedin.com/company/universal-construction-llc,,,,,
