id,name,website,normalized_domain,industry,location,size_category,source_list,method,fallback_used,first_seen,last_seen,phone,address,address_street,address_city,address_state,address_postal_code,rating,reviews_count,categories,yp_listing_url,hours_text,email
1,Painter Marketing Pros,http://www.paintermarketingpros.com/,paintermarketingpros.com,painting company,,73,"[""apollo""]",,,2025-10-16T22:08:08.484Z,2025-10-16T22:10:40.046Z,,,,Saint Petersburg,Florida,,,,,https://app.apollo.io/#/organizations/5fc8b9e2b769a800012a66d2?overrideScoreId=score,,
2,Arizona Painting Company,http://www.arizonapaintingcompany.com/,arizonapaintingcompany.com,painting company,,65,"[""apollo""]",,,2025-10-16T22:08:08.500Z,2025-10-16T22:10:40.046Z,,,,Chandler,Arizona,,,,,https://app.apollo.io/#/organizations/55696f187369642529bb2b00?overrideScoreId=score,,
3,Consumer Services,http://www.certapro.com/,certapro.com,painting company,,,"[""apollo""]",,,2025-10-16T22:08:08.500Z,2025-10-16T22:10:40.047Z,,,,Norristown,Pennsylvania,,,,,https://app.apollo.io/#/organizations/54a1281a69702db87870bb00?overrideScoreId=score,,
4,Vivax Pros,http://www.vivaxpros.com/,vivaxpros.com,painting company,,350,"[""apollo""]",,,2025-10-16T22:08:08.500Z,2025-10-16T22:10:40.047Z,,,,Denver,Colorado,,,,,https://app.apollo.io/#/organizations/5da448f510ef7e00014d4a1a?overrideScoreId=score,,
5,Long Painting Company,http://www.longpainting.com/,longpainting.com,painting company,,120,"[""apollo""]",,,2025-10-16T22:08:08.500Z,2025-10-16T22:10:40.047Z,,,,Kent,Washington,,,,,https://app.apollo.io/#/organizations/54a1206969702d8aa13d4102?overrideScoreId=score,,
6,Zack Painting Company,http://www.zackpainting.com/,zackpainting.com,painting company,,54,"[""apollo""]",,,2025-10-16T22:08:08.501Z,2025-10-16T22:10:40.047Z,,,,Woodbridge Township,New Jersey,,,,,https://app.apollo.io/#/organizations/5500c3da73696460fc534900?overrideScoreId=score,,
7,"New York, US",http://www.agwilliamspainting.com/,agwilliamspainting.com,painting company,,33,"[""apollo""]",,,2025-10-16T22:08:08.501Z,2025-10-16T22:10:40.047Z,,,,,,,,,,https://app.apollo.io/#/organizations/54a26f6a74686930c279b422?overrideScoreId=score,,
8,Painter Bros,http://www.painterbros.com/,painterbros.com,painting company,,190,"[""apollo""]",,,2025-10-16T22:08:08.501Z,2025-10-16T22:10:40.047Z,,,,American Fork,Utah,,,,,https://app.apollo.io/#/organizations/60f648f7c0fda10001b16b6f?overrideScoreId=score,,
9,Heritage Painting,http://www.heritagepainting.info/,heritagepainting.info,painting company,,21,"[""apollo""]",,,2025-10-16T22:08:08.501Z,2025-10-16T22:10:40.048Z,,,,Tipton,Indiana,,,,,https://app.apollo.io/#/organizations/5e584413226ed000015bc066?overrideScoreId=score,,
10,Penington Painting Company,http://www.teamppc.com/,teamppc.com,painting company,,45,"[""apollo""]",,,2025-10-16T22:08:08.502Z,2025-10-16T22:10:40.048Z,,,,Chandler,Arizona,,,,,https://app.apollo.io/#/organizations/66e5e8f4d82df900011d66ba?overrideScoreId=score,,
11,Meyer Painting Company,http://www.meyerpaintingco.com/,meyerpaintingco.com,painting company,,8,"[""apollo""]",,,2025-10-16T22:08:08.502Z,2025-10-16T22:10:40.048Z,,,,Eureka,Missouri,,,,,https://app.apollo.io/#/organizations/5d09bd3df651259ad0d8fad5?overrideScoreId=score,,
12,Epic Painting Company,http://www.epicpaintingco.com/,epicpaintingco.com,painting company,,7,"[""apollo""]",,,2025-10-16T22:08:08.502Z,2025-10-16T22:10:40.048Z,,,,Fairfax,Virginia,,,,,https://app.apollo.io/#/organizations/6638b731c948a3000163602b?overrideScoreId=score,,
13,Kennewick Painting Company,http://www.kennewickpainting.com/,kennewickpainting.com,painting company,,,"[""apollo""]",,,2025-10-16T22:08:08.502Z,2025-10-16T22:10:40.048Z,,,,Kennewick,Washington,,,,,https://app.apollo.io/#/organizations/61ad51696629d0000157b61a?overrideScoreId=score,,
14,Consumer Services,,,painting company,,4,"[""apollo""]",,,2025-10-16T22:08:08.504Z,2025-10-16T22:10:40.048Z,,,,Mountainside,New Jersey,,,,,https://app.apollo.io/#/organizations/63c6e0b9aafff100e550f040?overrideScoreId=score,,
15,Two Dudes Painting Company,http://www.twodudes.com/,twodudes.com,painting company,,36,"[""apollo""]",,,2025-10-16T22:08:08.505Z,2025-10-16T22:10:40.048Z,,,,Lancaster,Pennsylvania,,,,,https://app.apollo.io/#/organizations/54a1392669702de5b3a11500?overrideScoreId=score,,
16,Atlanta Painting Company,http://www.atlantapaintingcompany.com/,atlantapaintingcompany.com,painting company,,29,"[""apollo""]",,,2025-10-16T22:08:08.505Z,2025-10-16T22:10:40.048Z,,,,Roswell,Georgia,,,,,https://app.apollo.io/#/organizations/54a1a396746869586099fb03?overrideScoreId=score,,
17,Fargo Painting Company,http://www.fargopaintingpros.com/,fargopaintingpros.com,painting company,,1,"[""apollo""]",,,2025-10-16T22:08:08.505Z,2025-10-16T22:10:40.048Z,,,,Fargo,North Dakota,,,,,https://app.apollo.io/#/organizations/61ad4ea75370c80001e34fb6?overrideScoreId=score,,
18,Valley Painting Company,http://www.chagrinvalleypainting.com/,chagrinvalleypainting.com,painting company,,23,"[""apollo""]",,,2025-10-16T22:08:08.505Z,2025-10-16T22:10:40.048Z,,,,Chagrin Falls,Ohio,,,,,https://app.apollo.io/#/organizations/54a1295d69702dc8410c4c01?overrideScoreId=score,,
19,Pasco Painting Company,http://www.pascopaintingcompany.com/,pascopaintingcompany.com,painting company,,4,"[""apollo""]",,,2025-10-16T22:08:08.505Z,2025-10-16T22:10:40.049Z,,,,Pasco,Washington,,,,,https://app.apollo.io/#/organizations/64604fcef221c900011b82f8?overrideScoreId=score,,
20,"Greenwood Village, Colorado",http://www.limepainting.com/,limepainting.com,painting company,,33,"[""apollo""]",,,2025-10-16T22:08:08.505Z,2025-10-16T22:10:40.050Z,,,,Greenwood Village,Colorado,,,,,https://app.apollo.io/#/organizations/5ed1e7983b3bf900017b9fe2?overrideScoreId=score,,
21,Pound Ridge Painting Company,http://www.poundridgepainting.com/,poundridgepainting.com,painting company,,1,"[""apollo""]",,,2025-10-16T22:08:08.506Z,2025-10-16T22:10:40.050Z,,,,Pound Ridge,New York,,,,,https://app.apollo.io/#/organizations/5fcaf532e342470001a49f5c?overrideScoreId=score,,
22,Painter Marketing Pros,,,painting company,,,"[""apollo""]",,,2025-10-16T22:08:08.506Z,2025-10-16T22:10:40.050Z,,,,,,,,,,https://app.apollo.io/#/organizations/5fc8b9e2b769a800012a66d2?overrideScoreId=score,,
23,A&K Painting Company,,,painting company,,,"[""apollo""]",,,2025-10-16T22:08:08.506Z,2025-10-16T22:10:40.050Z,,,,,,,,,,https://app.apollo.io/#/organizations/54a11eb469702d77c29b9b01?overrideScoreId=score,,
24,Arizona Painting Company,,,painting company,,,"[""apollo""]",,,2025-10-16T22:08:08.506Z,2025-10-16T22:10:40.050Z,,,,,,,,,,https://app.apollo.io/#/organizations/55696f187369642529bb2b00?overrideScoreId=score,,
25,CertaPro Painters,,,painting company,,,"[""apollo""]",,,2025-10-16T22:08:08.507Z,2025-10-16T22:10:40.050Z,,,,,,,,,,https://app.apollo.io/#/organizations/54a1281a69702db87870bb00?overrideScoreId=score,,
26,Vivax Pros,,,painting company,,,"[""apollo""]",,,2025-10-16T22:08:08.507Z,2025-10-16T22:10:40.050Z,,,,,,,,,,https://app.apollo.io/#/organizations/5da448f510ef7e00014d4a1a?overrideScoreId=score,,
27,Long Painting Company,,,painting company,,,"[""apollo""]",,,2025-10-16T22:08:08.507Z,2025-10-16T22:10:40.050Z,,,,,,,,,,https://app.apollo.io/#/organizations/54a1206969702d8aa13d4102?overrideScoreId=score,,
28,Zack Painting Company,,,painting company,,,"[""apollo""]",,,2025-10-16T22:08:08.507Z,2025-10-16T22:10:40.050Z,,,,,,,,,,https://app.apollo.io/#/organizations/5500c3da73696460fc534900?overrideScoreId=score,,
29,AG Williams Painting Company,,,painting company,,,"[""apollo""]",,,2025-10-16T22:08:08.508Z,2025-10-16T22:10:40.050Z,,,,,,,,,,https://app.apollo.io/#/organizations/54a26f6a74686930c279b422?overrideScoreId=score,,
30,Painter Bros,,,painting company,,,"[""apollo""]",,,2025-10-16T22:08:08.508Z,2025-10-16T22:10:40.052Z,,,,,,,,,,https://app.apollo.io/#/organizations/60f648f7c0fda10001b16b6f?overrideScoreId=score,,
31,Imprūv Painting & Contracting,,,painting company,,,"[""apollo""]",,,2025-10-16T22:08:08.508Z,2025-10-16T22:10:40.052Z,,,,,,,,,,https://app.apollo.io/#/organizations/63d5725c4b6606000119cffe?overrideScoreId=score,,
32,Heritage Painting,,,painting company,,,"[""apollo""]",,,2025-10-16T22:08:08.508Z,2025-10-16T22:10:40.053Z,,,,,,,,,,https://app.apollo.io/#/organizations/5e584413226ed000015bc066?overrideScoreId=score,,
33,Penington Painting Company,,,painting company,,,"[""apollo""]",,,2025-10-16T22:08:08.508Z,2025-10-16T22:10:40.053Z,,,,,,,,,,https://app.apollo.io/#/organizations/66e5e8f4d82df900011d66ba?overrideScoreId=score,,
34,Meyer Painting Company,,,painting company,,,"[""apollo""]",,,2025-10-16T22:08:08.508Z,2025-10-16T22:10:40.053Z,,,,,,,,,,https://app.apollo.io/#/organizations/5d09bd3df651259ad0d8fad5?overrideScoreId=score,,
35,Epic Painting Company,,,painting company,,,"[""apollo""]",,,2025-10-16T22:08:08.508Z,2025-10-16T22:10:40.053Z,,,,,,,,,,https://app.apollo.io/#/organizations/6638b731c948a3000163602b?overrideScoreId=score,,
36,Coeur d'Alene Painting Company,,,painting company,,,"[""apollo""]",,,2025-10-16T22:08:08.509Z,2025-10-16T22:10:40.053Z,,,,,,,,,,https://app.apollo.io/#/organizations/6547d31911b8240001ee5c45?overrideScoreId=score,,
37,Kennewick Painting Company,,,painting company,,,"[""apollo""]",,,2025-10-16T22:08:08.509Z,2025-10-16T22:10:40.054Z,,,,,,,,,,https://app.apollo.io/#/organizations/61ad51696629d0000157b61a?overrideScoreId=score,,
38,CertaPro Painters of Mountainside,,,painting company,,,"[""apollo""]",,,2025-10-16T22:08:08.509Z,2025-10-16T22:10:40.054Z,,,,,,,,,,https://app.apollo.io/#/organizations/63c6e0b9aafff100e550f040?overrideScoreId=score,,
39,Two Dudes Painting Company,,,painting company,,,"[""apollo""]",,,2025-10-16T22:08:08.509Z,2025-10-16T22:10:40.054Z,,,,,,,,,,https://app.apollo.io/#/organizations/54a1392669702de5b3a11500?overrideScoreId=score,,
40,Atlanta Painting Company,,,painting company,,,"[""apollo""]",,,2025-10-16T22:08:08.509Z,2025-10-16T22:10:40.054Z,,,,,,,,,,https://app.apollo.io/#/organizations/54a1a396746869586099fb03?overrideScoreId=score,,
41,Fargo Painting Company,,,painting company,,,"[""apollo""]",,,2025-10-16T22:08:08.510Z,2025-10-16T22:10:40.054Z,,,,,,,,,,https://app.apollo.io/#/organizations/61ad4ea75370c80001e34fb6?overrideScoreId=score,,
42,McCahill Painting Company,,,painting company,,,"[""apollo""]",,,2025-10-16T22:08:08.510Z,2025-10-16T22:10:40.054Z,,,,,,,,,,https://app.apollo.io/#/organizations/54a1399169702d231fbb8000?overrideScoreId=score,,
43,Valley Painting Company,,,painting company,,,"[""apollo""]",,,2025-10-16T22:08:08.511Z,2025-10-16T22:10:40.054Z,,,,,,,,,,https://app.apollo.io/#/organizations/54a1295d69702dc8410c4c01?overrideScoreId=score,,
44,Pasco Painting Company,,,painting company,,,"[""apollo""]",,,2025-10-16T22:08:08.511Z,2025-10-16T22:10:40.054Z,,,,,,,,,,https://app.apollo.io/#/organizations/64604fcef221c900011b82f8?overrideScoreId=score,,
45,LIME Painting,,,painting company,,,"[""apollo""]",,,2025-10-16T22:08:08.511Z,2025-10-16T22:10:40.054Z,,,,,,,,,,https://app.apollo.io/#/organizations/5ed1e7983b3bf900017b9fe2?overrideScoreId=score,,
46,Pound Ridge Painting Company,,,painting company,,,"[""apollo""]",,,2025-10-16T22:08:08.511Z,2025-10-16T22:10:40.054Z,,,,,,,,,,https://app.apollo.io/#/organizations/5fcaf532e342470001a49f5c?overrideScoreId=score,,
47,Rapid City Painting Company,http://www.rapidcitypaintingpros.com/,rapidcitypaintingpros.com,painting company,,2,"[""apollo""]",,,2025-10-16T22:08:08.511Z,2025-10-16T22:10:40.054Z,,,,Rapid City,South Dakota,,,,,https://app.apollo.io/#/organizations/6550f7c05e86d700010cc48f?overrideScoreId=score,,
48,Affinity Painting Company Inc.,http://www.affinity-painting.com/,affinity-painting.com,painting company,,22,"[""apollo""]",,,2025-10-16T22:08:08.511Z,2025-10-16T22:10:40.055Z,,,,Covina,California,,,,,https://app.apollo.io/#/organizations/5da7015581f1650001b1c11f?overrideScoreId=score,,
49,Base Coat Marketing,http://www.basecoatmarketing.com/,basecoatmarketing.com,painting company,,18,"[""apollo""]",,,2025-10-16T22:08:08.511Z,2025-10-16T22:10:40.055Z,,,,Wilmington,North Carolina,,,,,https://app.apollo.io/#/organizations/61eb89f894dae70001f4f599?overrideScoreId=score,,
50,Bozeman Painting Company,http://www.bozemanhousepainter.com/,bozemanhousepainter.com,painting company,,2,"[""apollo""]",,,2025-10-16T22:08:08.511Z,2025-10-16T22:10:40.055Z,,,,Bozeman,Montana,,,,,https://app.apollo.io/#/organizations/667950b3ee458f0001dbeb7e?overrideScoreId=score,,
51,Unity Painting Company,http://www.unitypaintingco.com/,unitypaintingco.com,painting company,,1,"[""apollo""]",,,2025-10-16T22:08:08.512Z,2025-10-16T22:10:40.055Z,,,,Richardson,Texas,,,,,https://app.apollo.io/#/organizations/6749a12aea538400012415fc?overrideScoreId=score,,
52,Missoula Painting Company,http://www.missoulahousepainter.com/,missoulahousepainter.com,painting company,,,"[""apollo""]",,,2025-10-16T22:08:08.512Z,2025-10-16T22:10:40.055Z,,,,Missoula,Montana,,,,,https://app.apollo.io/#/organizations/666e9c2c468c780001b84fd9?overrideScoreId=score,,
53,Painting Services By Steve,http://www.paintingservicesbysteve.com/,paintingservicesbysteve.com,painting company,,21,"[""apollo""]",,,2025-10-16T22:08:08.512Z,2025-10-16T22:10:40.055Z,,,,Katy,Texas,,,,,https://app.apollo.io/#/organizations/54a13b1569702de5b3a14601?overrideScoreId=score,,
54,Consumer Services,http://www.mbjessee.com/,mbjessee.com,painting company,,25,"[""apollo""]",,,2025-10-16T22:08:08.512Z,2025-10-16T22:10:40.055Z,,,,MB Jessee Painting,Inc.,,,,,https://app.apollo.io/#/organizations/55f48969f3e5bb3aac000cca?overrideScoreId=score,,
55,Ogden Painting Company,http://www.ogdenpaintingpros.com/,ogdenpaintingpros.com,painting company,,,"[""apollo""]",,,2025-10-16T22:08:08.512Z,2025-10-16T22:10:40.055Z,,,,Ogden,Utah,,,,,https://app.apollo.io/#/organizations/66f659bcbdb34f0001951a7f?overrideScoreId=score,,
56,The Painting Company San Diego,http://www.sandiegopaintingcompany.com/,sandiegopaintingcompany.com,painting company,,7,"[""apollo""]",,,2025-10-16T22:08:08.512Z,2025-10-16T22:10:40.055Z,,,,San Diego,California,,,,,https://app.apollo.io/#/organizations/5e582db89303fe00015a92ba?overrideScoreId=score,,
57,Coyles Painting,http://www.coylespainting.com/,coylespainting.com,painting company,,18,"[""apollo""]",,,2025-10-16T22:08:08.513Z,2025-10-16T22:10:40.055Z,,,,Mesa,Arizona,,,,,https://app.apollo.io/#/organizations/5592306f736964191ec1bd00?overrideScoreId=score,,
58,The Painting Company,http://www.thepaintingcompany.com/,thepaintingcompany.com,painting company,,24,"[""apollo""]",,,2025-10-16T22:08:08.513Z,2025-10-16T22:10:40.055Z,,,,Plain City,Ohio,,,,,https://app.apollo.io/#/organizations/5e57a7c30c206a00016cdc51?overrideScoreId=score,,
59,"Vork Brothers Painting, LLC",http://www.vorkbrothers.com/,vorkbrothers.com,painting company,,24,"[""apollo""]",,,2025-10-16T22:08:08.513Z,2025-10-16T22:10:40.056Z,,,,Zeeland,Michigan,,,,,https://app.apollo.io/#/organizations/5ec3c66af996bf01320bed8a?overrideScoreId=score,,
60,York Services LLC (Painting Contractor),http://www.naplesfloridapainters.com/,naplesfloridapainters.com,painting company,,4,"[""apollo""]",,,2025-10-16T22:08:08.514Z,2025-10-16T22:10:40.056Z,,,,Fort Myers,Florida,,,,,https://app.apollo.io/#/organizations/54a13adc69702dac84991b01?overrideScoreId=score,,
61,Great Falls Painting Company,http://www.greatfallspaintingcompany.com/,greatfallspaintingcompany.com,painting company,,2,"[""apollo""]",,,2025-10-16T22:08:08.515Z,2025-10-16T22:10:40.056Z,,,,Great Falls,Montana,,,,,https://app.apollo.io/#/organizations/667be2af56655c00010b8b09?overrideScoreId=score,,
62,Pro Painter USA,http://www.propainterusa.com/,propainterusa.com,painting company,,2,"[""apollo""]",,,2025-10-16T22:08:08.515Z,2025-10-16T22:10:40.056Z,,,,Milwaukee,Wisconsin,,,,,https://app.apollo.io/#/organizations/650a98293ff3c200bc736772?overrideScoreId=score,,
63,Medford Painting Company,http://www.medfordpaintingpros.com/,medfordpaintingpros.com,painting company,,,"[""apollo""]",,,2025-10-16T22:08:08.515Z,2025-10-16T22:10:40.056Z,,,,Medford,Oregon,,,,,https://app.apollo.io/#/organizations/674aceea37cb7e00018739c3?overrideScoreId=score,,
64,The Ohio Painting Company,http://www.ohiopainting.com/,ohiopainting.com,painting company,,11,"[""apollo""]",,,2025-10-16T22:08:08.517Z,2025-10-16T22:10:40.056Z,,,,Miamisburg,Ohio,,,,,https://app.apollo.io/#/organizations/56d522f0f3e5bb43e20013e2?overrideScoreId=score,,
65,Majestic Painting Company Inc.,http://www.majesticpainting.net/,majesticpainting.net,painting company,,16,"[""apollo""]",,,2025-10-16T22:08:08.517Z,2025-10-16T22:10:40.056Z,,,,Aurora,Colorado,,,,,https://app.apollo.io/#/organizations/5da27da4a2de8e0001a7038c?overrideScoreId=score,,
66,Gainesville Painting Company,http://www.gainesvillepaintingcompany.com/,gainesvillepaintingcompany.com,painting company,,2,"[""apollo""]",,,2025-10-16T22:08:08.518Z,2025-10-16T22:10:40.056Z,,,,Gainesville,Florida,,,,,https://app.apollo.io/#/organizations/68483bd816a86e000d842227?overrideScoreId=score,,
67,Midway Painting Company,http://www.midwaypaintingcompany.com/,midwaypaintingcompany.com,painting company,,13,"[""apollo""]",,,2025-10-16T22:08:08.518Z,2025-10-16T22:10:40.056Z,,,,Midway,Utah,,,,,https://app.apollo.io/#/organizations/6437c6510822f100a300cf04?overrideScoreId=score,,
68,Rapid City Painting Company,,,painting company,,,"[""apollo""]",,,2025-10-16T22:08:08.518Z,2025-10-16T22:10:40.056Z,,,,,,,,,,https://app.apollo.io/#/organizations/6550f7c05e86d700010cc48f?overrideScoreId=score,,
69,Affinity Painting Company Inc.,,,painting company,,,"[""apollo""]",,,2025-10-16T22:08:08.518Z,2025-10-16T22:10:40.056Z,,,,,,,,,,https://app.apollo.io/#/organizations/5da7015581f1650001b1c11f?overrideScoreId=score,,
70,Base Coat Marketing,,,painting company,,,"[""apollo""]",,,2025-10-16T22:08:08.518Z,2025-10-16T22:10:40.057Z,,,,,,,,,,https://app.apollo.io/#/organizations/61eb89f894dae70001f4f599?overrideScoreId=score,,
71,Bozeman Painting Company,,,painting company,,,"[""apollo""]",,,2025-10-16T22:08:08.518Z,2025-10-16T22:10:40.057Z,,,,,,,,,,https://app.apollo.io/#/organizations/667950b3ee458f0001dbeb7e?overrideScoreId=score,,
72,Unity Painting Company,,,painting company,,,"[""apollo""]",,,2025-10-16T22:08:08.519Z,2025-10-16T22:10:40.057Z,,,,,,,,,,https://app.apollo.io/#/organizations/6749a12aea538400012415fc?overrideScoreId=score,,
73,Missoula Painting Company,,,painting company,,,"[""apollo""]",,,2025-10-16T22:08:08.519Z,2025-10-16T22:10:40.057Z,,,,,,,,,,https://app.apollo.io/#/organizations/666e9c2c468c780001b84fd9?overrideScoreId=score,,
74,Metro-Multi Construction & Remodeling,,,painting company,,,"[""apollo""]",,,2025-10-16T22:08:08.519Z,2025-10-16T22:10:40.057Z,,,,,,,,,,https://app.apollo.io/#/organizations/65b93cfe5efc3601c6b06c29?overrideScoreId=score,,
75,Painting Services By Steve,,,painting company,,,"[""apollo""]",,,2025-10-16T22:08:08.519Z,2025-10-16T22:10:40.057Z,,,,,,,,,,https://app.apollo.io/#/organizations/54a13b1569702de5b3a14601?overrideScoreId=score,,
76,"MB Jessee Painting, Inc.",,,painting company,,,"[""apollo""]",,,2025-10-16T22:08:08.519Z,2025-10-16T22:10:40.057Z,,,,,,,,,,https://app.apollo.io/#/organizations/55f48969f3e5bb3aac000cca?overrideScoreId=score,,
77,Ogden Painting Company,,,painting company,,,"[""apollo""]",,,2025-10-16T22:08:08.520Z,2025-10-16T22:10:40.058Z,,,,,,,,,,https://app.apollo.io/#/organizations/66f659bcbdb34f0001951a7f?overrideScoreId=score,,
78,The Painting Company San Diego,,,painting company,,,"[""apollo""]",,,2025-10-16T22:08:08.520Z,2025-10-16T22:10:40.058Z,,,,,,,,,,https://app.apollo.io/#/organizations/5e582db89303fe00015a92ba?overrideScoreId=score,,
79,Coyles Painting,,,painting company,,,"[""apollo""]",,,2025-10-16T22:08:08.520Z,2025-10-16T22:10:40.058Z,,,,,,,,,,https://app.apollo.io/#/organizations/5592306f736964191ec1bd00?overrideScoreId=score,,
80,The Painting Company,,,painting company,,,"[""apollo""]",,,2025-10-16T22:08:08.520Z,2025-10-16T22:10:40.058Z,,,,,,,,,,https://app.apollo.io/#/organizations/5e57a7c30c206a00016cdc51?overrideScoreId=score,,
81,Smile-A-Mile Painting,,,painting company,,,"[""apollo""]",,,2025-10-16T22:08:08.520Z,2025-10-16T22:10:40.058Z,,,,,,,,,,https://app.apollo.io/#/organizations/5e57a7be7e83710001e0f38c?overrideScoreId=score,,
82,"Vork Brothers Painting, LLC",,,painting company,,,"[""apollo""]",,,2025-10-16T22:08:08.520Z,2025-10-16T22:10:40.058Z,,,,,,,,,,https://app.apollo.io/#/organizations/5ec3c66af996bf01320bed8a?overrideScoreId=score,,
83,York Services LLC (Painting Contractor),,,painting company,,,"[""apollo""]",,,2025-10-16T22:08:08.521Z,2025-10-16T22:10:40.058Z,,,,,,,,,,https://app.apollo.io/#/organizations/54a13adc69702dac84991b01?overrideScoreId=score,,
84,Great Falls Painting Company,,,painting company,,,"[""apollo""]",,,2025-10-16T22:08:08.521Z,2025-10-16T22:10:40.058Z,,,,,,,,,,https://app.apollo.io/#/organizations/667be2af56655c00010b8b09?overrideScoreId=score,,
85,Pro Painter USA,,,painting company,,,"[""apollo""]",,,2025-10-16T22:08:08.521Z,2025-10-16T22:10:40.058Z,,,,,,,,,,https://app.apollo.io/#/organizations/650a98293ff3c200bc736772?overrideScoreId=score,,
86,Medford Painting Company,,,painting company,,,"[""apollo""]",,,2025-10-16T22:08:08.524Z,2025-10-16T22:10:40.058Z,,,,,,,,,,https://app.apollo.io/#/organizations/674aceea37cb7e00018739c3?overrideScoreId=score,,
87,The Ohio Painting Company,,,painting company,,,"[""apollo""]",,,2025-10-16T22:08:08.524Z,2025-10-16T22:10:40.058Z,,,,,,,,,,https://app.apollo.io/#/organizations/56d522f0f3e5bb43e20013e2?overrideScoreId=score,,
88,"A Step Above Painting, LLC.",,,painting company,,,"[""apollo""]",,,2025-10-16T22:08:08.524Z,2025-10-16T22:10:40.058Z,,,,,,,,,,https://app.apollo.io/#/organizations/5ed33ab4a137530001916c83?overrideScoreId=score,,
89,Majestic Painting Company Inc.,,,painting company,,,"[""apollo""]",,,2025-10-16T22:08:08.524Z,2025-10-16T22:10:40.059Z,,,,,,,,,,https://app.apollo.io/#/organizations/5da27da4a2de8e0001a7038c?overrideScoreId=score,,
90,Gainesville Painting Company,,,painting company,,,"[""apollo""]",,,2025-10-16T22:08:08.524Z,2025-10-16T22:10:40.059Z,,,,,,,,,,https://app.apollo.io/#/organizations/68483bd816a86e000d842227?overrideScoreId=score,,
91,MacKenzie Painting Company,,,painting company,,,"[""apollo""]",,,2025-10-16T22:08:08.525Z,2025-10-16T22:10:40.059Z,,,,,,,,,,https://app.apollo.io/#/organizations/5fca04f7be1c6100014ef215?overrideScoreId=score,,
92,Midway Painting Company,,,painting company,,,"[""apollo""]",,,2025-10-16T22:08:08.525Z,2025-10-16T22:10:40.059Z,,,,,,,,,,https://app.apollo.io/#/organizations/6437c6510822f100a300cf04?overrideScoreId=score,,
93,Nashville Painting Company,http://www.nashvillepaintingcompany.com/,nashvillepaintingcompany.com,painting company,,11,"[""apollo""]",,,2025-10-16T22:08:08.525Z,2025-10-16T22:10:40.059Z,,,,Crossville,Tennessee,,,,,https://app.apollo.io/#/organizations/5fc8d824d510e800017c9d29?overrideScoreId=score,,
94,"Las Vegas, Nevada",http://www.j-jcustompainting.com/,j-jcustompainting.com,painting company,,4,"[""apollo""]",,,2025-10-16T22:08:08.525Z,2025-10-16T22:10:40.059Z,,,,Las Vegas,Nevada,,,,,https://app.apollo.io/#/organizations/656bef002a857200a3f4ca3a?overrideScoreId=score,,
95,Coastal Painting Company,http://www.coastalpaintingcompany.com/,coastalpaintingcompany.com,painting company,,14,"[""apollo""]",,,2025-10-16T22:08:08.525Z,2025-10-16T22:10:40.059Z,,,,Coconut Creek,Florida,,,,,https://app.apollo.io/#/organizations/5e57bee73f9e640001b633be?overrideScoreId=score,,
96,Ryan Painting Company,http://www.ryanpaintingco.com/,ryanpaintingco.com,painting company,,12,"[""apollo""]",,,2025-10-16T22:08:08.525Z,2025-10-16T22:10:40.059Z,,,,Boston,Massachusetts,,,,,https://app.apollo.io/#/organizations/6048613d7780130001ab8647?overrideScoreId=score,,
97,Tri Cities Painting Company,http://www.eastgateorthodontics.com/,eastgateorthodontics.com,painting company,,1,"[""apollo""]",,,2025-10-16T22:08:08.525Z,2025-10-16T22:10:40.059Z,,,,Kennewick,Washington,,,,,https://app.apollo.io/#/organizations/6375ed9b997fce000197037e?overrideScoreId=score,,
98,Nevada Painting Company,http://www.nevadapaintingcompany.com/,nevadapaintingcompany.com,painting company,,9,"[""apollo""]",,,2025-10-16T22:08:08.525Z,2025-10-16T22:10:40.059Z,,,,Las Vegas,Nevada,,,,,https://app.apollo.io/#/organizations/5a9dc699a6da98d96640d71d?overrideScoreId=score,,
99,Leach Painting Company,http://www.jleachpainting.com/,jleachpainting.com,painting company,,20,"[""apollo""]",,,2025-10-16T22:08:08.525Z,2025-10-16T22:10:40.059Z,,,,Fenton,Missouri,,,,,https://app.apollo.io/#/organizations/55f4e202f3e5bb16680031cb?overrideScoreId=score,,
100,Richland Painting Company,http://www.richlandpainting.com/,richlandpainting.com,painting company,,,"[""apollo""]",,,2025-10-16T22:08:08.525Z,2025-10-16T22:10:40.059Z,,,,Richland,Washington,,,,,https://app.apollo.io/#/organizations/66e91c07752645000180a407?overrideScoreId=score,,
101,"Mid South Painting, Inc.",http://www.midsouthpaintinginc.com/,midsouthpaintinginc.com,painting company,,18,"[""apollo""]",,,2025-10-16T22:08:08.525Z,2025-10-16T22:10:40.059Z,,,,Mid South Painting,Inc.,,,,,https://app.apollo.io/#/organizations/61ec11b554407500016c794f?overrideScoreId=score,,
102,Adams Painting Company,http://www.adamspaintnc.com/,adamspaintnc.com,painting company,,4,"[""apollo""]",,,2025-10-16T22:08:08.526Z,2025-10-16T22:10:40.060Z,,,,Wake Forest,North Carolina,,,,,https://app.apollo.io/#/organizations/67158268d5282c00018341af?overrideScoreId=score,,
103,"Fort Lauderdale, Florida",http://www.thecaptainpainter.com/,thecaptainpainter.com,painting company,,14,"[""apollo""]",,,2025-10-16T22:08:08.526Z,2025-10-16T22:10:40.060Z,,,,Fort Lauderdale,Florida,,,,,https://app.apollo.io/#/organizations/604a38293d75b2000153f924?overrideScoreId=score,,
104,Extra Mile Painting Company,http://www.extramilepaintingaz.com/,extramilepaintingaz.com,painting company,,4,"[""apollo""]",,,2025-10-16T22:08:08.526Z,2025-10-16T22:10:40.060Z,,,,Phoenix,Arizona,,,,,https://app.apollo.io/#/organizations/55ed9f37f3e5bb164400699b?overrideScoreId=score,,
105,Finaltone Painting Company,http://www.finaltonepainting.com/,finaltonepainting.com,painting company,,9,"[""apollo""]",,,2025-10-16T22:08:08.526Z,2025-10-16T22:10:40.060Z,,,,Maple Grove,Minnesota,,,,,https://app.apollo.io/#/organizations/654896fe1dd39700017702db?overrideScoreId=score,,
106,Foothills Painting LLC,http://www.foothillspainting.co/,foothillspainting.co,painting company,,18,"[""apollo""]",,,2025-10-16T22:08:08.526Z,2025-10-16T22:10:40.060Z,,,,Fort Collins,Colorado,,,,,https://app.apollo.io/#/organizations/5d0a85b5f65125346a4e42ef?overrideScoreId=score,,
107,Nonprofit Organization Management,http://www.ssbipoc.org/,ssbipoc.org,painting company,,1,"[""apollo""]",,,2025-10-16T22:08:08.527Z,2025-10-16T22:10:40.060Z,,,,Seattle,Washington,,,,,https://app.apollo.io/#/organizations/650520ce2a87c600014c2d1d?overrideScoreId=score,,
108,"Evergreen Painting Co., Inc.",http://www.evergreenpaintingco.com/,evergreenpaintingco.com,painting company,,4,"[""apollo""]",,,2025-10-16T22:08:08.527Z,2025-10-16T22:10:40.060Z,,,,Eugene,Oregon,,,,,https://app.apollo.io/#/organizations/664d838f0d7dc80001f8c4d9?overrideScoreId=score,,
109,The Painting Company,http://www.gopaintingcompany.com/,gopaintingcompany.com,painting company,,55,"[""apollo""]",,,2025-10-16T22:08:08.527Z,2025-10-16T22:10:40.060Z,,,,Bellevue,Nebraska,,,,,https://app.apollo.io/#/organizations/5e56b2f652e7ad0001f55c3b?overrideScoreId=score,,
110,"Hursh Painting Co., Inc.",http://www.hurshpainting.com/,hurshpainting.com,painting company,,13,"[""apollo""]",,,2025-10-16T22:08:08.527Z,2025-10-16T22:10:40.061Z,,,,Hanover,Pennsylvania,,,,,https://app.apollo.io/#/organizations/6391f533e83992000107bd37?overrideScoreId=score,,
111,Superior Painting Company,http://www.superiorpainters.com/,superiorpainters.com,painting company,,40,"[""apollo""]",,,2025-10-16T22:08:08.527Z,2025-10-16T22:10:40.061Z,,,,Red Oak,Texas,,,,,https://app.apollo.io/#/organizations/55f9384ff3e5bb22820024bb?overrideScoreId=score,,
112,Paintco Painters,http://www.paintcopainters.com/,paintcopainters.com,painting company,,13,"[""apollo""]",,,2025-10-16T22:08:08.528Z,2025-10-16T22:10:40.061Z,,,,Greenwood,Indiana,,,,,https://app.apollo.io/#/organizations/5a9e3d59a6da98d98c6c8bc7?overrideScoreId=score,,
113,Flora Brothers Painting,http://www.florabrotherspainting.com/,florabrotherspainting.com,painting company,,5,"[""apollo""]",,,2025-10-16T22:08:08.529Z,2025-10-16T22:10:40.061Z,,,,Indianapolis,Indiana,,,,,https://app.apollo.io/#/organizations/5ed4e336b6725f00019afe7f?overrideScoreId=score,,
114,"The Painting Company, LLC",,,painting company,,2,"[""apollo""]",,,2025-10-16T22:08:08.530Z,2025-10-16T22:10:40.061Z,,,,San Diego,California,,,,,https://app.apollo.io/#/organizations/63c430ac9ac5ba00014b310a?overrideScoreId=score,,
115,Phoenix Painting Company,http://www.phoenixpaintingco.com/,phoenixpaintingco.com,painting company,,25,"[""apollo""]",,,2025-10-16T22:08:08.530Z,2025-10-16T22:10:40.061Z,,,,Fort Lauderdale,Florida,,,,,https://app.apollo.io/#/organizations/55920bd1736964185f563800?overrideScoreId=score,,
116,Nashville Painting Company,,,painting company,,,"[""apollo""]",,,2025-10-16T22:08:08.531Z,2025-10-16T22:10:40.061Z,,,,,,,,,,https://app.apollo.io/#/organizations/5fc8d824d510e800017c9d29?overrideScoreId=score,,
117,"J & J Custom Painting Company, LLC - Las Vegas, NV",,,painting company,,,"[""apollo""]",,,2025-10-16T22:08:08.532Z,2025-10-16T22:10:40.061Z,,,,,,,,,,https://app.apollo.io/#/organizations/656bef002a857200a3f4ca3a?overrideScoreId=score,,
118,Coastal Painting Company,,,painting company,,,"[""apollo""]",,,2025-10-16T22:08:08.532Z,2025-10-16T22:10:40.062Z,,,,,,,,,,https://app.apollo.io/#/organizations/5e57bee73f9e640001b633be?overrideScoreId=score,,
119,Ryan Painting Company,,,painting company,,,"[""apollo""]",,,2025-10-16T22:08:08.533Z,2025-10-16T22:10:40.062Z,,,,,,,,,,https://app.apollo.io/#/organizations/6048613d7780130001ab8647?overrideScoreId=score,,
120,Tri Cities Painting Company,,,painting company,,,"[""apollo""]",,,2025-10-16T22:08:08.533Z,2025-10-16T22:10:40.062Z,,,,,,,,,,https://app.apollo.io/#/organizations/6375ed9b997fce000197037e?overrideScoreId=score,,
121,Nevada Painting Company,,,painting company,,,"[""apollo""]",,,2025-10-16T22:08:08.533Z,2025-10-16T22:10:40.062Z,,,,,,,,,,https://app.apollo.io/#/organizations/5a9dc699a6da98d96640d71d?overrideScoreId=score,,
122,Leach Painting Company,,,painting company,,,"[""apollo""]",,,2025-10-16T22:08:08.533Z,2025-10-16T22:10:40.062Z,,,,,,,,,,https://app.apollo.io/#/organizations/55f4e202f3e5bb16680031cb?overrideScoreId=score,,
123,Richland Painting Company,,,painting company,,,"[""apollo""]",,,2025-10-16T22:08:08.533Z,2025-10-16T22:10:40.063Z,,,,,,,,,,https://app.apollo.io/#/organizations/66e91c07752645000180a407?overrideScoreId=score,,
124,"Mid South Painting, Inc.",,,painting company,,,"[""apollo""]",,,2025-10-16T22:08:08.534Z,2025-10-16T22:10:40.063Z,,,,,,,,,,https://app.apollo.io/#/organizations/61ec11b554407500016c794f?overrideScoreId=score,,
125,Adams Painting Company,,,painting company,,,"[""apollo""]",,,2025-10-16T22:08:08.534Z,2025-10-16T22:10:40.063Z,,,,,,,,,,https://app.apollo.io/#/organizations/67158268d5282c00018341af?overrideScoreId=score,,
126,THE CAPTAINS Painters & General Contractors,,,painting company,,,"[""apollo""]",,,2025-10-16T22:08:08.534Z,2025-10-16T22:10:40.063Z,,,,,,,,,,https://app.apollo.io/#/organizations/604a38293d75b2000153f924?overrideScoreId=score,,
127,Extra Mile Painting Company,,,painting company,,,"[""apollo""]",,,2025-10-16T22:08:08.534Z,2025-10-16T22:10:40.063Z,,,,,,,,,,https://app.apollo.io/#/organizations/55ed9f37f3e5bb164400699b?overrideScoreId=score,,
128,Finaltone Painting Company,,,painting company,,,"[""apollo""]",,,2025-10-16T22:08:08.534Z,2025-10-16T22:10:40.063Z,,,,,,,,,,https://app.apollo.io/#/organizations/654896fe1dd39700017702db?overrideScoreId=score,,
129,Foothills Painting LLC,,,painting company,,,"[""apollo""]",,,2025-10-16T22:08:08.534Z,2025-10-16T22:10:40.063Z,,,,,,,,,,https://app.apollo.io/#/organizations/5d0a85b5f65125346a4e42ef?overrideScoreId=score,,
130,A.L.A. World Foundation,,,painting company,,,"[""apollo""]",,,2025-10-16T22:08:08.534Z,2025-10-16T22:10:40.064Z,,,,,,,,,,https://app.apollo.io/#/organizations/650520ce2a87c600014c2d1d?overrideScoreId=score,,
131,PAINT,,,painting company,,,"[""apollo""]",,,2025-10-16T22:08:08.534Z,2025-10-16T22:10:40.064Z,,,,,,,,,,https://app.apollo.io/#/organizations/5fcb3988a4ccab008c5ed819?overrideScoreId=score,,
132,"Evergreen Painting Co., Inc.",,,painting company,,,"[""apollo""]",,,2025-10-16T22:08:08.534Z,2025-10-16T22:10:40.064Z,,,,,,,,,,https://app.apollo.io/#/organizations/664d838f0d7dc80001f8c4d9?overrideScoreId=score,,
133,"Hursh Painting Co., Inc.",,,painting company,,,"[""apollo""]",,,2025-10-16T22:08:08.534Z,2025-10-16T22:10:40.064Z,,,,,,,,,,https://app.apollo.io/#/organizations/6391f533e83992000107bd37?overrideScoreId=score,,
134,Superior Painting Company,,,painting company,,,"[""apollo""]",,,2025-10-16T22:08:08.534Z,2025-10-16T22:10:40.064Z,,,,,,,,,,https://app.apollo.io/#/organizations/55f9384ff3e5bb22820024bb?overrideScoreId=score,,
135,Paintco Painters,,,painting company,,,"[""apollo""]",,,2025-10-16T22:08:08.534Z,2025-10-16T22:10:40.064Z,,,,,,,,,,https://app.apollo.io/#/organizations/5a9e3d59a6da98d98c6c8bc7?overrideScoreId=score,,
136,Flora Brothers Painting,,,painting company,,,"[""apollo""]",,,2025-10-16T22:08:08.535Z,2025-10-16T22:10:40.064Z,,,,,,,,,,https://app.apollo.io/#/organizations/5ed4e336b6725f00019afe7f?overrideScoreId=score,,
137,"Matthews'​ Painting Company, LLC",,,painting company,,,"[""apollo""]",,,2025-10-16T22:08:08.535Z,2025-10-16T22:10:40.065Z,,,,,,,,,,https://app.apollo.io/#/organizations/54a1279069702d979cf79000?overrideScoreId=score,,
138,Phoenix Painting Company,,,painting company,,,"[""apollo""]",,,2025-10-16T22:08:08.535Z,2025-10-16T22:10:40.066Z,,,,,,,,,,https://app.apollo.io/#/organizations/55920bd1736964185f563800?overrideScoreId=score,,
139,Ransom Digital,http://www.ransomdigital.com/,ransomdigital.com,painting company,,3,"[""apollo""]",,,2025-10-16T22:08:08.535Z,2025-10-16T22:10:40.066Z,,,,Johnson City,Tennessee,,,,,https://app.apollo.io/#/organizations/61270663d49abd000134e362?overrideScoreId=score,,
140,Terminus Painting Co.,http://www.terminuspainting.com/,terminuspainting.com,painting company,,1,"[""apollo""]",,,2025-10-16T22:08:08.535Z,2025-10-16T22:10:40.067Z,,,,Atlanta,Georgia,,,,,https://app.apollo.io/#/organizations/668fe74ff90e790491b61601?overrideScoreId=score,,
141,Heiler Painting,http://www.heilerpainting.com/,heilerpainting.com,painting company,,20,"[""apollo""]",,,2025-10-16T22:08:08.535Z,2025-10-16T22:10:40.067Z,,,,Media,Pennsylvania,,,,,https://app.apollo.io/#/organizations/5ef45bdd33527e0184a69242?overrideScoreId=score,,
142,Murray Painting Company,http://www.murraypainting.net/,murraypainting.net,painting company,,21,"[""apollo""]",,,2025-10-16T22:08:08.536Z,2025-10-16T22:10:40.067Z,,,,Freeland,Michigan,,,,,https://app.apollo.io/#/organizations/5e568249942f6500014685b1?overrideScoreId=score,,
143,The Dependable Painting Company,http://www.dependableptg.com/,dependableptg.com,painting company,,21,"[""apollo""]",,,2025-10-16T22:08:08.536Z,2025-10-16T22:10:40.068Z,,,,Cleveland,Ohio,,,,,https://app.apollo.io/#/organizations/54a1353f69702d333d15b900?overrideScoreId=score,,
144,"Ace Painting Contractors, Inc.",http://www.acepaint.us/,acepaint.us,painting company,,12,"[""apollo""]",,,2025-10-16T22:08:08.536Z,2025-10-16T22:10:40.068Z,,,,Ace Painting Contractors,Inc.,,,,,https://app.apollo.io/#/organizations/61d64e6d1ef77500da31b43b?overrideScoreId=score,,
145,Five Seasons Painting Company,http://www.whiskeycreekfamilyrvpark.com/,whiskeycreekfamilyrvpark.com,painting company,,1,"[""apollo""]",,,2025-10-16T22:08:08.536Z,2025-10-16T22:10:40.071Z,,,,Elroy,Wisconsin,,,,,https://app.apollo.io/#/organizations/6048b05035eb5b0001db120a?overrideScoreId=score,,
146,Pritts Painting Company,http://www.prittspainting.com/,prittspainting.com,painting company,,1,"[""apollo""]",,,2025-10-16T22:08:08.536Z,2025-10-16T22:10:40.072Z,,,,Westerville,Ohio,,,,,https://app.apollo.io/#/organizations/6654748d98df0301eb3ab68d?overrideScoreId=score,,
147,Bates Painting Company,http://www.batespainting.com/,batespainting.com,painting company,,10,"[""apollo""]",,,2025-10-16T22:08:08.536Z,2025-10-16T22:10:40.072Z,,,,Kansas City,Missouri,,,,,https://app.apollo.io/#/organizations/64ab15e5b961d30001b37c26?overrideScoreId=score,,
148,"Prism Painting Company, Inc.",http://www.prismpainting.net/,prismpainting.net,painting company,,7,"[""apollo""]",,,2025-10-16T22:08:08.536Z,2025-10-16T22:10:40.072Z,,,,Prism Painting Company,Inc.,,,,,https://app.apollo.io/#/organizations/5ed02a1a5a2a6100017e72f8?overrideScoreId=score,,
149,Textbook Painting,http://www.textbookpainting.com/,textbookpainting.com,painting company,,27,"[""apollo""]",,,2025-10-16T22:08:08.536Z,2025-10-16T22:10:40.072Z,,,,Lakewood,Ohio,,,,,https://app.apollo.io/#/organizations/54a12b1c69702dcef9dd7702?overrideScoreId=score,,
150,Painters Etcetera,http://www.paintersetcetera.com/,paintersetcetera.com,painting company,,2,"[""apollo""]",,,2025-10-16T22:08:08.536Z,2025-10-16T22:10:40.072Z,,,,Sudbury,Massachusetts,,,,,https://app.apollo.io/#/organizations/6451f05edfdbb60001b99ef8?overrideScoreId=score,,
151,Spectrum Painting & Paper Hanging LLC,http://www.spectrumpaintingllc.com/,spectrumpaintingllc.com,painting company,,22,"[""apollo""]",,,2025-10-16T22:08:08.536Z,2025-10-16T22:10:40.072Z,,,,Pompton Lakes,New Jersey,,,,,https://app.apollo.io/#/organizations/54a11fa469702d7fe6610502?overrideScoreId=score,,
152,The Painting Company of Birmingham,http://www.birminghampaintingco.com/,birminghampaintingco.com,painting company,,3,"[""apollo""]",,,2025-10-16T22:08:08.536Z,2025-10-16T22:10:40.072Z,,,,Birmingham,Alabama,,,,,https://app.apollo.io/#/organizations/5c276bd0f6512556a50f9bae?overrideScoreId=score,,
153,"Lakehead Painting Company, Inc.",http://www.lakeheadpainting.com/,lakeheadpainting.com,painting company,,6,"[""apollo""]",,,2025-10-16T22:08:08.536Z,2025-10-16T22:10:40.072Z,,,,Lakehead Painting Company,Inc.,,,,,https://app.apollo.io/#/organizations/54a1293e69702d979ca19501?overrideScoreId=score,,
154,Final Touch Painting Services,http://www.ftpaint.com/,ftpaint.com,painting company,,53,"[""apollo""]",,,2025-10-16T22:08:08.536Z,2025-10-16T22:10:40.072Z,,,,Delaware,Ohio,,,,,https://app.apollo.io/#/organizations/556d268b73696411b63fa100?overrideScoreId=score,,
155,"Quincy Industrial Painting Company, Inc.",http://www.quincyindustrial.com/,quincyindustrial.com,painting company,,7,"[""apollo""]",,,2025-10-16T22:08:08.536Z,2025-10-16T22:10:40.072Z,,,,Quincy Industrial Painting Company,Inc.,,,,,https://app.apollo.io/#/organizations/559218d573696423937e0c00?overrideScoreId=score,,
156,Swedish Painting Company,http://www.swedishpaintingco.com/,swedishpaintingco.com,painting company,,4,"[""apollo""]",,,2025-10-16T22:08:08.536Z,2025-10-16T22:10:40.072Z,,,,Aspen,Colorado,,,,,https://app.apollo.io/#/organizations/556d5023736964121f01e300?overrideScoreId=score,,
157,"Genesis Painting Company, LLC",http://www.paintingbygenesis.com/,paintingbygenesis.com,painting company,,8,"[""apollo""]",,,2025-10-16T22:08:08.537Z,2025-10-16T22:10:40.073Z,,,,Cedar Rapids,Iowa,,,,,https://app.apollo.io/#/organizations/5500b1557369642dd3921800?overrideScoreId=score,,
158,"Paintegrity, LLC",,,painting company,,,"[""apollo""]",,,2025-10-16T22:08:08.537Z,2025-10-16T22:10:40.073Z,,,,,,,,,,https://app.apollo.io/#/organizations/5b1339f0a6da98dcf025de90?overrideScoreId=score,,
159,Ransom Digital,,,painting company,,,"[""apollo""]",,,2025-10-16T22:08:08.537Z,2025-10-16T22:10:40.073Z,,,,,,,,,,https://app.apollo.io/#/organizations/61270663d49abd000134e362?overrideScoreId=score,,
160,Terminus Painting Co.,,,painting company,,,"[""apollo""]",,,2025-10-16T22:08:08.537Z,2025-10-16T22:10:40.073Z,,,,,,,,,,https://app.apollo.io/#/organizations/668fe74ff90e790491b61601?overrideScoreId=score,,
161,painting contractor,,,painting company,,,"[""apollo""]",,,2025-10-16T22:08:08.537Z,2025-10-16T22:10:40.073Z,,,,,,,,,,https://app.apollo.io/#/organizations/56d978fff3e5bb731d002ade?overrideScoreId=score,,
162,Heiler Painting,,,painting company,,,"[""apollo""]",,,2025-10-16T22:08:08.537Z,2025-10-16T22:10:40.073Z,,,,,,,,,,https://app.apollo.io/#/organizations/5ef45bdd33527e0184a69242?overrideScoreId=score,,
163,Murray Painting Company,,,painting company,,,"[""apollo""]",,,2025-10-16T22:08:08.537Z,2025-10-16T22:10:40.073Z,,,,,,,,,,https://app.apollo.io/#/organizations/5e568249942f6500014685b1?overrideScoreId=score,,
164,The Dependable Painting Company,,,painting company,,,"[""apollo""]",,,2025-10-16T22:08:08.537Z,2025-10-16T22:10:40.073Z,,,,,,,,,,https://app.apollo.io/#/organizations/54a1353f69702d333d15b900?overrideScoreId=score,,
165,"Ace Painting Contractors, Inc.",,,painting company,,,"[""apollo""]",,,2025-10-16T22:08:08.537Z,2025-10-16T22:10:40.073Z,,,,,,,,,,https://app.apollo.io/#/organizations/61d64e6d1ef77500da31b43b?overrideScoreId=score,,
166,Five Seasons Painting Company,,,painting company,,,"[""apollo""]",,,2025-10-16T22:08:08.537Z,2025-10-16T22:10:40.074Z,,,,,,,,,,https://app.apollo.io/#/organizations/6048b05035eb5b0001db120a?overrideScoreId=score,,
167,MPG Painting,,,painting company,,,"[""apollo""]",,,2025-10-16T22:08:08.538Z,2025-10-16T22:10:40.074Z,,,,,,,,,,https://app.apollo.io/#/organizations/60b1e99bd26791000182aa36?overrideScoreId=score,,
168,Pritts Painting Company,,,painting company,,,"[""apollo""]",,,2025-10-16T22:08:08.538Z,2025-10-16T22:10:40.074Z,,,,,,,,,,https://app.apollo.io/#/organizations/6654748d98df0301eb3ab68d?overrideScoreId=score,,
169,Bates Painting Company,,,painting company,,,"[""apollo""]",,,2025-10-16T22:08:08.538Z,2025-10-16T22:10:40.074Z,,,,,,,,,,https://app.apollo.io/#/organizations/64ab15e5b961d30001b37c26?overrideScoreId=score,,
170,"Prism Painting Company, Inc.",,,painting company,,,"[""apollo""]",,,2025-10-16T22:08:08.538Z,2025-10-16T22:10:40.074Z,,,,,,,,,,https://app.apollo.io/#/organizations/5ed02a1a5a2a6100017e72f8?overrideScoreId=score,,
171,Textbook Painting,,,painting company,,,"[""apollo""]",,,2025-10-16T22:08:08.539Z,2025-10-16T22:10:40.074Z,,,,,,,,,,https://app.apollo.io/#/organizations/54a12b1c69702dcef9dd7702?overrideScoreId=score,,
172,Painters Etcetera,,,painting company,,,"[""apollo""]",,,2025-10-16T22:08:08.539Z,2025-10-16T22:10:40.074Z,,,,,,,,,,https://app.apollo.io/#/organizations/6451f05edfdbb60001b99ef8?overrideScoreId=score,,
173,Spectrum Painting & Paper Hanging LLC,,,painting company,,,"[""apollo""]",,,2025-10-16T22:08:08.539Z,2025-10-16T22:10:40.074Z,,,,,,,,,,https://app.apollo.io/#/organizations/54a11fa469702d7fe6610502?overrideScoreId=score,,
174,The Painting Company of Birmingham,,,painting company,,,"[""apollo""]",,,2025-10-16T22:08:08.539Z,2025-10-16T22:10:40.074Z,,,,,,,,,,https://app.apollo.io/#/organizations/5c276bd0f6512556a50f9bae?overrideScoreId=score,,
175,"Lakehead Painting Company, Inc.",,,painting company,,,"[""apollo""]",,,2025-10-16T22:08:08.540Z,2025-10-16T22:10:40.074Z,,,,,,,,,,https://app.apollo.io/#/organizations/54a1293e69702d979ca19501?overrideScoreId=score,,
176,Final Touch Painting Services,,,painting company,,,"[""apollo""]",,,2025-10-16T22:08:08.540Z,2025-10-16T22:10:40.074Z,,,,,,,,,,https://app.apollo.io/#/organizations/556d268b73696411b63fa100?overrideScoreId=score,,
177,"DK Painting Company, Inc.",,,painting company,,,"[""apollo""]",,,2025-10-16T22:08:08.540Z,2025-10-16T22:10:40.075Z,,,,,,,,,,https://app.apollo.io/#/organizations/67d2d0ee06a6ef0021a5232a?overrideScoreId=score,,
178,"Quincy Industrial Painting Company, Inc.",,,painting company,,,"[""apollo""]",,,2025-10-16T22:08:08.540Z,2025-10-16T22:10:40.075Z,,,,,,,,,,https://app.apollo.io/#/organizations/559218d573696423937e0c00?overrideScoreId=score,,
179,Swedish Painting Company,,,painting company,,,"[""apollo""]",,,2025-10-16T22:08:08.540Z,2025-10-16T22:10:40.075Z,,,,,,,,,,https://app.apollo.io/#/organizations/556d5023736964121f01e300?overrideScoreId=score,,
180,"Genesis Painting Company, LLC",,,painting company,,,"[""apollo""]",,,2025-10-16T22:08:08.540Z,2025-10-16T22:10:40.075Z,,,,,,,,,,https://app.apollo.io/#/organizations/5500b1557369642dd3921800?overrideScoreId=score,,
181,"MacFarland Painting, Inc.",,,painting company,,,"[""apollo""]",,,2025-10-16T22:08:08.540Z,2025-10-16T22:10:40.075Z,,,,,,,,,,https://app.apollo.io/#/organizations/604a9c8632877500013a26d2?overrideScoreId=score,,
182,VP Peri Painting Company,,,painting company,,,"[""apollo""]",,,2025-10-16T22:08:08.540Z,2025-10-16T22:10:40.075Z,,,,,,,,,,https://app.apollo.io/#/organizations/54a13c8a69702de5b328f101?overrideScoreId=score,,
183,Rice Painting Company,http://www.ricepaintingcompany.com/,ricepaintingcompany.com,painting company,,9,"[""apollo""]",,,2025-10-16T22:08:08.540Z,2025-10-16T22:10:40.075Z,,,,Charlotte,North Carolina,,,,,https://app.apollo.io/#/organizations/615e9513d42fd60001065174?overrideScoreId=score,,
184,Cauble Rose Painting Company,http://www.caublerose.com/,caublerose.com,painting company,,1,"[""apollo""]",,,2025-10-16T22:08:08.540Z,2025-10-16T22:10:40.075Z,,,,Boerne,Texas,,,,,https://app.apollo.io/#/organizations/60aed6ccd4a81f0001ae5326?overrideScoreId=score,,
185,World Painting Company,http://www.worldpaintingcompany.com/,worldpaintingcompany.com,painting company,,13,"[""apollo""]",,,2025-10-16T22:08:08.540Z,2025-10-16T22:10:40.075Z,,,,Bloomington,Illinois,,,,,https://app.apollo.io/#/organizations/54a1352169702d42556b7300?overrideScoreId=score,,
186,Fresh Start Painting Company,,,painting company,,12,"[""apollo""]",,,2025-10-16T22:08:08.541Z,2025-10-16T22:10:40.075Z,,,,Long Branch,New Jersey,,,,,https://app.apollo.io/#/organizations/65505085c27fa30001ebb34d?overrideScoreId=score,,
187,"Sterling Heights, Michigan",http://www.gandipainting.com/,gandipainting.com,painting company,,3,"[""apollo""]",,,2025-10-16T22:08:08.541Z,2025-10-16T22:10:40.075Z,,,,Sterling Heights,Michigan,,,,,https://app.apollo.io/#/organizations/61ec91be0154d10001111c69?overrideScoreId=score,,
188,Idea Painting Company,http://www.ideapaintingcompany.com/,ideapaintingcompany.com,painting company,,3,"[""apollo""]",,,2025-10-16T22:08:08.541Z,2025-10-16T22:10:40.075Z,,,,Medfield,Massachusetts,,,,,https://app.apollo.io/#/organizations/5e55b2c5e31ebf0001c2cae0?overrideScoreId=score,,
189,Fresh Coat Painters Franchise Opportunities,http://www.freshcoatfranchise.com/,freshcoatfranchise.com,painting company,,5,"[""apollo""]",,,2025-10-16T22:08:08.541Z,2025-10-16T22:10:40.075Z,,,,Cincinnati,Ohio,,,,,https://app.apollo.io/#/organizations/5e5643a0840a240001180635?overrideScoreId=score,,
190,"Carolina Painting Company, Inc.",http://www.carolinapainting.com/,carolinapainting.com,painting company,,9,"[""apollo""]",,,2025-10-16T22:08:08.541Z,2025-10-16T22:10:40.075Z,,,,Carolina Painting Company,Inc.,,,,,https://app.apollo.io/#/organizations/5f48b6a18dedc90001db0449?overrideScoreId=score,,
191,Dutch Hill Painting Company,http://www.dutchhillpainting.com/,dutchhillpainting.com,painting company,,3,"[""apollo""]",,,2025-10-16T22:08:08.541Z,2025-10-16T22:10:40.075Z,,,,Bloomsburg,Pennsylvania,,,,,https://app.apollo.io/#/organizations/61ec2fe5ad92600001819899?overrideScoreId=score,,
192,"Emerald Painting, Inc.",http://www.emeraldpaintinginc.com/,emeraldpaintinginc.com,painting company,,16,"[""apollo""]",,,2025-10-16T22:08:08.541Z,2025-10-16T22:10:40.076Z,,,,Emerald Painting,Inc.,,,,,https://app.apollo.io/#/organizations/63c34b91ae9ec700013e5fb4?overrideScoreId=score,,
193,Rainbow Painting Company,http://www.rainbowpaintingcompany.com/,rainbowpaintingcompany.com,painting company,,49,"[""apollo""]",,,2025-10-16T22:08:08.541Z,2025-10-16T22:10:40.076Z,,,,O'Fallon,Missouri,,,,,https://app.apollo.io/#/organizations/5e5972b114af6900013741a9?overrideScoreId=score,,
194,Paris Painting,http://www.paris-painting.com/,paris-painting.com,painting company,,34,"[""apollo""]",,,2025-10-16T22:08:08.541Z,2025-10-16T22:10:40.076Z,,,,Minneapolis,Minnesota,,,,,https://app.apollo.io/#/organizations/5500b7867369646165a60700?overrideScoreId=score,,
195,Messery Painting,http://www.messerypaintingswfl.com/,messerypaintingswfl.com,painting company,,12,"[""apollo""]",,,2025-10-16T22:08:08.541Z,2025-10-16T22:10:40.076Z,,,,Fort Myers,Florida,,,,,https://app.apollo.io/#/organizations/5500c55f736964176d614f00?overrideScoreId=score,,
196,Color World Painting Charlotte,http://www.colorworldhousepainting.com/,colorworldhousepainting.com,painting company,,1,"[""apollo""]",,,2025-10-16T22:08:08.542Z,2025-10-16T22:10:40.076Z,,,,Concord,North Carolina,,,,,https://app.apollo.io/#/organizations/668220bba3c902000147bcac?overrideScoreId=score,,
197,Painting NoCo,http://www.paintingnoco.com/,paintingnoco.com,painting company,,5,"[""apollo""]",,,2025-10-16T22:08:08.542Z,2025-10-16T22:10:40.076Z,,,,Loveland,Colorado,,,,,https://app.apollo.io/#/organizations/5e55f0efc786930001b7dcae?overrideScoreId=score,,
198,"Northern Lights Painting Company, Inc.",http://www.northernlightspainting.com/,northernlightspainting.com,painting company,,21,"[""apollo""]",,,2025-10-16T22:08:08.542Z,2025-10-16T22:10:40.076Z,,,,Northern Lights Painting Company,Inc.,,,,,https://app.apollo.io/#/organizations/5da62c31e03360000106f69b?overrideScoreId=score,,
199,The Plummer Painting Company,http://www.plummerinc.com/,plummerinc.com,painting company,,19,"[""apollo""]",,,2025-10-16T22:08:08.543Z,2025-10-16T22:10:40.076Z,,,,Winter Park,Florida,,,,,https://app.apollo.io/#/organizations/6545f8889e2fb20001d2456e?overrideScoreId=score,,
200,"West Chester, Ohio",http://www.365renovations.com/,365renovations.com,painting company,,4,"[""apollo""]",,,2025-10-16T22:08:08.543Z,2025-10-16T22:10:40.076Z,,,,West Chester,Ohio,,,,,https://app.apollo.io/#/organizations/55f7954af3e5bb095d001303?overrideScoreId=score,,
201,Paint Boss Ga,http://www.paintbossga.com/,paintbossga.com,painting company,,3,"[""apollo""]",,,2025-10-16T22:08:08.543Z,2025-10-16T22:10:40.076Z,,,,Warner Robins,Georgia,,,,,https://app.apollo.io/#/organizations/63cb70680d833b00014c23ff?overrideScoreId=score,,
202,Performance Painting Company,http://www.performancepainting.co/,performancepainting.co,painting company,,10,"[""apollo""]",,,2025-10-16T22:08:08.543Z,2025-10-16T22:10:40.076Z,,,,Oklahoma City,Oklahoma,,,,,https://app.apollo.io/#/organizations/5d3455d680f93e3a27062ce1?overrideScoreId=score,,
203,Rice Painting Company,,,painting company,,,"[""apollo""]",,,2025-10-16T22:08:08.543Z,2025-10-16T22:10:40.076Z,,,,,,,,,,https://app.apollo.io/#/organizations/615e9513d42fd60001065174?overrideScoreId=score,,
204,Cauble Rose Painting Company,,,painting company,,,"[""apollo""]",,,2025-10-16T22:08:08.543Z,2025-10-16T22:10:40.076Z,,,,,,,,,,https://app.apollo.io/#/organizations/60aed6ccd4a81f0001ae5326?overrideScoreId=score,,
205,World Painting Company,,,painting company,,,"[""apollo""]",,,2025-10-16T22:08:08.543Z,2025-10-16T22:10:40.076Z,,,,,,,,,,https://app.apollo.io/#/organizations/54a1352169702d42556b7300?overrideScoreId=score,,
206,G & I Painting and Renovations LLC,,,painting company,,,"[""apollo""]",,,2025-10-16T22:08:08.543Z,2025-10-16T22:10:40.076Z,,,,,,,,,,https://app.apollo.io/#/organizations/61ec91be0154d10001111c69?overrideScoreId=score,,
207,Idea Painting Company,,,painting company,,,"[""apollo""]",,,2025-10-16T22:08:08.543Z,2025-10-16T22:10:40.076Z,,,,,,,,,,https://app.apollo.io/#/organizations/5e55b2c5e31ebf0001c2cae0?overrideScoreId=score,,
208,Fresh Coat Painters Franchise Opportunities,,,painting company,,,"[""apollo""]",,,2025-10-16T22:08:08.543Z,2025-10-16T22:10:40.077Z,,,,,,,,,,https://app.apollo.io/#/organizations/5e5643a0840a240001180635?overrideScoreId=score,,
209,"Carolina Painting Company, Inc.",,,painting company,,,"[""apollo""]",,,2025-10-16T22:08:08.543Z,2025-10-16T22:10:40.077Z,,,,,,,,,,https://app.apollo.io/#/organizations/5f48b6a18dedc90001db0449?overrideScoreId=score,,
210,Dutch Hill Painting Company,,,painting company,,,"[""apollo""]",,,2025-10-16T22:08:08.543Z,2025-10-16T22:10:40.077Z,,,,,,,,,,https://app.apollo.io/#/organizations/61ec2fe5ad92600001819899?overrideScoreId=score,,
211,"Emerald Painting, Inc.",,,painting company,,,"[""apollo""]",,,2025-10-16T22:08:08.543Z,2025-10-16T22:10:40.077Z,,,,,,,,,,https://app.apollo.io/#/organizations/63c34b91ae9ec700013e5fb4?overrideScoreId=score,,
212,FLORIDA PAINTING COMPANY,,,painting company,,,"[""apollo""]",,,2025-10-16T22:08:08.543Z,2025-10-16T22:10:40.077Z,,,,,,,,,,https://app.apollo.io/#/organizations/5da3d61c2fc5830001758fa8?overrideScoreId=score,,
213,Rainbow Painting Company,,,painting company,,,"[""apollo""]",,,2025-10-16T22:08:08.544Z,2025-10-16T22:10:40.077Z,,,,,,,,,,https://app.apollo.io/#/organizations/5e5972b114af6900013741a9?overrideScoreId=score,,
214,Bernardo's Painting,,,painting company,,,"[""apollo""]",,,2025-10-16T22:08:08.544Z,2025-10-16T22:10:40.077Z,,,,,,,,,,https://app.apollo.io/#/organizations/62a5fb4a4757e800a3fe007c?overrideScoreId=score,,
215,Paris Painting,,,painting company,,,"[""apollo""]",,,2025-10-16T22:08:08.544Z,2025-10-16T22:10:40.077Z,,,,,,,,,,https://app.apollo.io/#/organizations/5500b7867369646165a60700?overrideScoreId=score,,
216,NorthCraft Painting Contractor,,,painting company,,,"[""apollo""]",,,2025-10-16T22:08:08.544Z,2025-10-16T22:10:40.077Z,,,,,,,,,,https://app.apollo.io/#/organizations/54a12ab669702dc128ebf801?overrideScoreId=score,,
217,Messery Painting,,,painting company,,,"[""apollo""]",,,2025-10-16T22:08:08.544Z,2025-10-16T22:10:40.077Z,,,,,,,,,,https://app.apollo.io/#/organizations/5500c55f736964176d614f00?overrideScoreId=score,,
218,Color World Painting Charlotte,,,painting company,,,"[""apollo""]",,,2025-10-16T22:08:08.544Z,2025-10-16T22:10:40.077Z,,,,,,,,,,https://app.apollo.io/#/organizations/668220bba3c902000147bcac?overrideScoreId=score,,
219,Painter's Marketing Pro LLC,,,painting company,,,"[""apollo""]",,,2025-10-16T22:08:08.544Z,2025-10-16T22:10:40.077Z,,,,,,,,,,https://app.apollo.io/#/organizations/5db0a6cb40413100011003f3?overrideScoreId=score,,
220,Painting NoCo,,,painting company,,,"[""apollo""]",,,2025-10-16T22:08:08.544Z,2025-10-16T22:10:40.077Z,,,,,,,,,,https://app.apollo.io/#/organizations/5e55f0efc786930001b7dcae?overrideScoreId=score,,
221,"Northern Lights Painting Company, Inc.",,,painting company,,,"[""apollo""]",,,2025-10-16T22:08:08.544Z,2025-10-16T22:10:40.077Z,,,,,,,,,,https://app.apollo.io/#/organizations/5da62c31e03360000106f69b?overrideScoreId=score,,
222,State 28 Painting Company,,,painting company,,,"[""apollo""]",,,2025-10-16T22:08:08.544Z,2025-10-16T22:10:40.077Z,,,,,,,,,,https://app.apollo.io/#/organizations/61600e0cd951c70001a6673a?overrideScoreId=score,,
223,The Plummer Painting Company,,,painting company,,,"[""apollo""]",,,2025-10-16T22:08:08.544Z,2025-10-16T22:10:40.078Z,,,,,,,,,,https://app.apollo.io/#/organizations/6545f8889e2fb20001d2456e?overrideScoreId=score,,
224,365 Renovations,,,painting company,,,"[""apollo""]",,,2025-10-16T22:08:08.544Z,2025-10-16T22:10:40.078Z,,,,,,,,,,https://app.apollo.io/#/organizations/55f7954af3e5bb095d001303?overrideScoreId=score,,
225,Paint Boss Ga,,,painting company,,,"[""apollo""]",,,2025-10-16T22:08:08.544Z,2025-10-16T22:10:40.078Z,,,,,,,,,,https://app.apollo.io/#/organizations/63cb70680d833b00014c23ff?overrideScoreId=score,,
226,Performance Painting Company,,,painting company,,,"[""apollo""]",,,2025-10-16T22:08:08.544Z,2025-10-16T22:10:40.078Z,,,,,,,,,,https://app.apollo.io/#/organizations/5d3455d680f93e3a27062ce1?overrideScoreId=score,,
227,View pricing plans,,,painting company,,,"[""apollo""]",,,2025-10-16T22:08:08.545Z,2025-10-16T22:10:40.078Z,,,,,,,,,,https://app.apollo.io/#/settings/plans/upgrade?solution=outbound,,
228,Consumer Services,http://www.pro1painters.com/,pro1painters.com,painting company,,7,"[""apollo""]",,,2025-10-16T22:08:11.487Z,2025-10-16T22:10:40.078Z,,,,Mobile,Alabama,,,,,https://app.apollo.io/#/organizations/55eccab2f3e5bb16d7000e3d?overrideScoreId=score,,
229,Ace Painting Company Inc,,,painting company,,13,"[""apollo""]",,,2025-10-16T22:08:11.487Z,2025-10-16T22:10:40.078Z,,,,Pinson,Alabama,,,,,https://app.apollo.io/#/organizations/55923e2a73696418f671ed00?overrideScoreId=score,,
230,Paradiso Painting Company Inc,http://www.paradisopainting.com/,paradisopainting.com,painting company,,16,"[""apollo""]",,,2025-10-16T22:08:11.488Z,2025-10-16T22:10:40.078Z,,,,Birmingham,Alabama,,,,,https://app.apollo.io/#/organizations/55920398736964199b641a00?overrideScoreId=score,,
231,Rogers Painting Company,http://www.rogerspaintingcompany.net/,rogerspaintingcompany.net,painting company,,23,"[""apollo""]",,,2025-10-16T22:08:11.488Z,2025-10-16T22:10:40.078Z,,,,Montgomery,Alabama,,,,,https://app.apollo.io/#/organizations/55921f0a7369640b18b41400?overrideScoreId=score,,
232,"Pro 1 Painters, LLC",,,painting company,,,"[""apollo""]",,,2025-10-16T22:08:11.488Z,2025-10-16T22:10:40.079Z,,,,,,,,,,https://app.apollo.io/#/organizations/55eccab2f3e5bb16d7000e3d?overrideScoreId=score,,
233,Paradiso Painting Company Inc,,,painting company,,,"[""apollo""]",,,2025-10-16T22:08:11.488Z,2025-10-16T22:10:40.079Z,,,,,,,,,,https://app.apollo.io/#/organizations/55920398736964199b641a00?overrideScoreId=score,,
234,Rogers Painting Company,,,painting company,,,"[""apollo""]",,,2025-10-16T22:08:11.488Z,2025-10-16T22:10:40.080Z,,,,,,,,,,https://app.apollo.io/#/organizations/55921f0a7369640b18b41400?overrideScoreId=score,,
235,E&S Contractor Painting Company Inc.,,,painting company,,,"[""apollo""]",,,2025-10-16T22:08:11.491Z,2025-10-16T22:10:40.080Z,,,,,,,,,,https://app.apollo.io/#/organizations/674cc90447ad1e0001ba4c98?overrideScoreId=score,,
236,MCALLISTER PAINTING COMPANY,,,painting company,,,"[""apollo""]",,,2025-10-16T22:08:11.492Z,2025-10-16T22:10:40.080Z,,,,,,,,,,https://app.apollo.io/#/organizations/6725a5edcca4980001f104fc?overrideScoreId=score,,
237,Croc Painting Company,,,painting company,,10,"[""apollo""]",,,2025-10-16T22:08:17.594Z,2025-10-16T22:10:40.080Z,,,,Gilbert,Arizona,,,,,https://app.apollo.io/#/organizations/63d5ab5fc7530100017eb267?overrideScoreId=score,,
238,Best Painter Pro,http://www.bestpainterpro.com/,bestpainterpro.com,painting company,,4,"[""apollo""]",,,2025-10-16T22:08:17.598Z,2025-10-16T22:10:40.080Z,,,,Mesa,Arizona,,,,,https://app.apollo.io/#/organizations/674ffd7014baae00010d87a1?overrideScoreId=score,,
239,Adix Painting - Dedicated to Raising the Standard for Residential Interior and Exterior Painting,http://www.adixpainting.com/,adixpainting.com,painting company,,2,"[""apollo""]",,,2025-10-16T22:08:17.602Z,2025-10-16T22:10:40.081Z,,,,Phoenix,Arizona,,,,,https://app.apollo.io/#/organizations/5b13331da6da98dcb5c7d637?overrideScoreId=score,,
240,Painting Solutions Inc.,http://www.paintingsolutionsaz.com/,paintingsolutionsaz.com,painting company,,10,"[""apollo""]",,,2025-10-16T22:08:17.605Z,2025-10-16T22:10:40.081Z,,,,Phoenix,Arizona,,,,,https://app.apollo.io/#/organizations/614d81da3a98da000123ce57?overrideScoreId=score,,
241,Country Boys Painting,http://www.countryboyspainting.com/,countryboyspainting.com,painting company,,10,"[""apollo""]",,,2025-10-16T22:08:17.609Z,2025-10-16T22:10:40.081Z,,,,Phoenix,Arizona,,,,,https://app.apollo.io/#/organizations/56e6ea80f3e5bb3a24013090?overrideScoreId=score,,
242,"Mohave Valley, Arizona",http://www.trulypaintingandmore.com/,trulypaintingandmore.com,painting company,,,"[""apollo""]",,,2025-10-16T22:08:17.612Z,2025-10-16T22:10:40.081Z,,,,Mohave Valley,Arizona,,,,,https://app.apollo.io/#/organizations/6688e5c650eb8e0001f7e7e5?overrideScoreId=score,,
243,Dougherty Painting Company,http://www.dohertypainting.com/,dohertypainting.com,painting company,,3,"[""apollo""]",,,2025-10-16T22:08:17.615Z,2025-10-16T22:10:40.081Z,,,,Phoenix,Arizona,,,,,https://app.apollo.io/#/organizations/556d8fb77369641226d03a01?overrideScoreId=score,,
244,Ph Painting Company,http://www.phpaintingcompany.com/,phpaintingcompany.com,painting company,,1,"[""apollo""]",,,2025-10-16T22:08:17.616Z,2025-10-16T22:10:40.081Z,,,,Tucson,Arizona,,,,,https://app.apollo.io/#/organizations/66e94dc86fc6aa0001f9ab23?overrideScoreId=score,,
245,Penington Painting Company,http://www.peningtonpainting.com/,peningtonpainting.com,painting company,,,"[""apollo""]",,,2025-10-16T22:08:17.619Z,2025-10-16T22:10:40.081Z,,,,Chandler,Arizona,,,,,https://app.apollo.io/#/organizations/68e68dc664ac410001fbbee6?overrideScoreId=score,,
246,Insight Painting Company Llc,http://www.insightpaintingcompany.com/,insightpaintingcompany.com,painting company,,,"[""apollo""]",,,2025-10-16T22:08:17.623Z,2025-10-16T22:10:40.081Z,,,,Mesa,Arizona,,,,,https://app.apollo.io/#/organizations/6828f4d20dd41b0001360150?overrideScoreId=score,,
247,Best Painter Pro,,,painting company,,,"[""apollo""]",,,2025-10-16T22:08:17.627Z,2025-10-16T22:10:40.081Z,,,,,,,,,,https://app.apollo.io/#/organizations/674ffd7014baae00010d87a1?overrideScoreId=score,,
248,Adix Painting - Dedicated to Raising the Standard for Residential Interior and Exterior Painting,,,painting company,,,"[""apollo""]",,,2025-10-16T22:08:17.631Z,2025-10-16T22:10:40.081Z,,,,,,,,,,https://app.apollo.io/#/organizations/5b13331da6da98dcb5c7d637?overrideScoreId=score,,
249,Painting Solutions Inc.,,,painting company,,,"[""apollo""]",,,2025-10-16T22:08:17.635Z,2025-10-16T22:10:40.081Z,,,,,,,,,,https://app.apollo.io/#/organizations/614d81da3a98da000123ce57?overrideScoreId=score,,
250,Country Boys Painting,,,painting company,,,"[""apollo""]",,,2025-10-16T22:08:17.636Z,2025-10-16T22:10:40.082Z,,,,,,,,,,https://app.apollo.io/#/organizations/56e6ea80f3e5bb3a24013090?overrideScoreId=score,,
251,WILDCAT PAINTING COMPANY L.L.C.,,,painting company,,,"[""apollo""]",,,2025-10-16T22:08:17.637Z,2025-10-16T22:10:40.082Z,,,,,,,,,,https://app.apollo.io/#/organizations/66f52b695a44f10001b41200?overrideScoreId=score,,
252,Trulypaintingandmore home painting company,,,painting company,,,"[""apollo""]",,,2025-10-16T22:08:17.639Z,2025-10-16T22:10:40.082Z,,,,,,,,,,https://app.apollo.io/#/organizations/6688e5c650eb8e0001f7e7e5?overrideScoreId=score,,
253,CAPITAL PAINTING COMPANY LLC,,,painting company,,,"[""apollo""]",,,2025-10-16T22:08:17.642Z,2025-10-16T22:10:40.082Z,,,,,,,,,,https://app.apollo.io/#/organizations/66f8d0bde0d5a00001b4789d?overrideScoreId=score,,
254,Dougherty Painting Company,,,painting company,,,"[""apollo""]",,,2025-10-16T22:08:17.644Z,2025-10-16T22:10:40.082Z,,,,,,,,,,https://app.apollo.io/#/organizations/556d8fb77369641226d03a01?overrideScoreId=score,,
255,Ph Painting Company,,,painting company,,,"[""apollo""]",,,2025-10-16T22:08:17.645Z,2025-10-16T22:10:40.082Z,,,,,,,,,,https://app.apollo.io/#/organizations/66e94dc86fc6aa0001f9ab23?overrideScoreId=score,,
256,Insight Painting Company Llc,,,painting company,,,"[""apollo""]",,,2025-10-16T22:08:17.647Z,2025-10-16T22:10:40.082Z,,,,,,,,,,https://app.apollo.io/#/organizations/6828f4d20dd41b0001360150?overrideScoreId=score,,
257,"Little Rock, Arkansas",http://www.mccormickequipmentrentals.com/,mccormickequipmentrentals.com,painting company,,15,"[""apollo""]",,,2025-10-16T22:08:20.613Z,2025-10-16T22:10:40.082Z,,,,Little Rock,Arkansas,,,,,https://app.apollo.io/#/organizations/672dd53ba379130001a6aeb9?overrideScoreId=score,,
258,Painter Aircraft Inc,http://www.aircraftpaintinginc.com/,aircraftpaintinginc.com,painting company,,2,"[""apollo""]",,,2025-10-16T22:08:20.614Z,2025-10-16T22:10:40.082Z,,,,Mena,Arkansas,,,,,https://app.apollo.io/#/organizations/5591ffa873696419273b1400?overrideScoreId=score,,
259,Quality Painting Company,http://www.adamroepaint.com/,adamroepaint.com,painting company,,6,"[""apollo""]",,,2025-10-16T22:08:20.614Z,2025-10-16T22:10:40.082Z,,,,Camden,Arkansas,,,,,https://app.apollo.io/#/organizations/674810bf3e0e4200017de341?overrideScoreId=score,,
260,Turpin Painting Company Inc,,,painting company,,7,"[""apollo""]",,,2025-10-16T22:08:20.615Z,2025-10-16T22:10:40.082Z,,,,Little Rock,Arkansas,,,,,https://app.apollo.io/#/organizations/55921aff73696418f64c6f00?overrideScoreId=score,,
261,MCCORMICK PAINTING COMPANY,,,painting company,,,"[""apollo""]",,,2025-10-16T22:08:20.616Z,2025-10-16T22:10:40.083Z,,,,,,,,,,https://app.apollo.io/#/organizations/672dd53ba379130001a6aeb9?overrideScoreId=score,,
262,Painter Aircraft Inc,,,painting company,,,"[""apollo""]",,,2025-10-16T22:08:20.616Z,2025-10-16T22:10:40.083Z,,,,,,,,,,https://app.apollo.io/#/organizations/5591ffa873696419273b1400?overrideScoreId=score,,
263,Quality Painting Company,,,painting company,,,"[""apollo""]",,,2025-10-16T22:08:20.617Z,2025-10-16T22:10:40.083Z,,,,,,,,,,https://app.apollo.io/#/organizations/674810bf3e0e4200017de341?overrideScoreId=score,,
264,"Los Angeles, California",http://www.alllosangelespaintingcompany.com/,alllosangelespaintingcompany.com,painting company,,2,"[""apollo""]",,,2025-10-16T22:08:26.297Z,2025-10-16T22:10:40.083Z,,,,Los Angeles,California,,,,,https://app.apollo.io/#/organizations/65c494825b212b0001d9c2b9?overrideScoreId=score,,
265,"Los Angeles, California",http://www.alcconstructioninc.com/,alcconstructioninc.com,painting company,,15,"[""apollo""]",,,2025-10-16T22:08:26.299Z,2025-10-16T22:10:40.083Z,,,,Los Angeles,California,,,,,https://app.apollo.io/#/organizations/556db209736964126c4f7401?overrideScoreId=score,,
266,Browder Painting Company,http://www.browderpainting.com/,browderpainting.com,painting company,,6,"[""apollo""]",,,2025-10-16T22:08:26.307Z,2025-10-16T22:10:40.083Z,,,,San Luis Obispo,California,,,,,https://app.apollo.io/#/organizations/664965a3f22ed9000176daa0?overrideScoreId=score,,
267,Kent Painting Company Inc.,http://www.kentpaintinginc.com/,kentpaintinginc.com,painting company,,3,"[""apollo""]",,,2025-10-16T22:08:26.309Z,2025-10-16T22:10:40.083Z,,,,Fresno,California,,,,,https://app.apollo.io/#/organizations/54a12a3969702d8cfc3f3002?overrideScoreId=score,,
268,Great Walls Painting Inc,http://www.greatwallspainting.com/,greatwallspainting.com,painting company,,1,"[""apollo""]",,,2025-10-16T22:08:26.311Z,2025-10-16T22:10:40.083Z,,,,San Jose,California,,,,,https://app.apollo.io/#/organizations/654dcfb2dd1ecf0001aed7d4?overrideScoreId=score,,
269,Design Systems Painting Company,http://www.designsystemspainting.com/,designsystemspainting.com,painting company,,1,"[""apollo""]",,,2025-10-16T22:08:26.312Z,2025-10-16T22:10:40.083Z,,,,Carmichael,California,,,,,https://app.apollo.io/#/organizations/6642f96a701ae60001901c62?overrideScoreId=score,,
270,Award Painting Company,http://www.awardpaintingco.com/,awardpaintingco.com,painting company,,4,"[""apollo""]",,,2025-10-16T22:08:26.315Z,2025-10-16T22:10:40.083Z,,,,Fairfield,California,,,,,https://app.apollo.io/#/organizations/55e8c19ff3e5bb144800006f?overrideScoreId=score,,
271,Capstone Painting,http://www.capstonepainting.ca/,capstonepainting.ca,painting company,,2,"[""apollo""]",,,2025-10-16T22:08:26.316Z,2025-10-16T22:10:40.084Z,,,,Waterloo,California,,,,,https://app.apollo.io/#/organizations/650ac989a013590001056c08?overrideScoreId=score,,
272,Coastal Colors Painting Company,,,painting company,,2,"[""apollo""]",,,2025-10-16T22:08:26.318Z,2025-10-16T22:10:40.084Z,,,,Carlsbad,California,,,,,https://app.apollo.io/#/organizations/6726c4017efe3d0001d18448?overrideScoreId=score,,
273,Moya Painting,http://www.moyapaintinganddecorating.com/,moyapaintinganddecorating.com,painting company,,2,"[""apollo""]",,,2025-10-16T22:08:26.320Z,2025-10-16T22:10:40.084Z,,,,San Francisco,California,,,,,https://app.apollo.io/#/organizations/65f7e96e1aec6a01c680c2be?overrideScoreId=score,,
274,Busker Media Inc.,http://www.busker.co/,busker.co,painting company,,1,"[""apollo""]",,,2025-10-16T22:08:26.321Z,2025-10-16T22:10:40.084Z,,,,Los Angeles,California,,,,,https://app.apollo.io/#/organizations/556945157369642111a82600?overrideScoreId=score,,
275,Larson Bros. Painting,http://www.larsonbrospainting.com/,larsonbrospainting.com,painting company,,15,"[""apollo""]",,,2025-10-16T22:08:26.323Z,2025-10-16T22:10:40.084Z,,,,Napa,California,,,,,https://app.apollo.io/#/organizations/54fca5e573696401aac03100?overrideScoreId=score,,
276,Fresh Coat Digital Marketing,http://www.freshcoat.io/,freshcoat.io,painting company,,1,"[""apollo""]",,,2025-10-16T22:08:26.324Z,2025-10-16T22:10:40.084Z,,,,Los Angeles,California,,,,,https://app.apollo.io/#/organizations/6473c5a3c296bf00017a862c?overrideScoreId=score,,
277,Tilt Up Painting Inc. San Diego,http://www.tiltuppainting.com/,tiltuppainting.com,painting company,,1,"[""apollo""]",,,2025-10-16T22:08:26.325Z,2025-10-16T22:10:40.084Z,,,,San Diego,California,,,,,https://app.apollo.io/#/organizations/5da52b22959a900001ca3e54?overrideScoreId=score,,
278,Expressions Painting Company,http://www.expressionspaintingco.com/,expressionspaintingco.com,painting company,,1,"[""apollo""]",,,2025-10-16T22:08:26.326Z,2025-10-16T22:10:40.084Z,,,,Stockton,California,,,,,https://app.apollo.io/#/organizations/65546a731a843a0001c72c1c?overrideScoreId=score,,
279,SKY EDIFICE,,,painting company,,,"[""apollo""]",,,2025-10-16T22:08:26.329Z,2025-10-16T22:10:40.084Z,,,,,,,,,,https://app.apollo.io/#/organizations/61616eed8bfbd30001b43792?overrideScoreId=score,,
280,ALL LOS ANGELES PAINTING COMPANY INC.,,,painting company,,,"[""apollo""]",,,2025-10-16T22:08:26.330Z,2025-10-16T22:10:40.084Z,,,,,,,,,,https://app.apollo.io/#/organizations/65c494825b212b0001d9c2b9?overrideScoreId=score,,
281,Eco-Clean Painting,,,painting company,,,"[""apollo""]",,,2025-10-16T22:08:26.334Z,2025-10-16T22:10:40.084Z,,,,,,,,,,https://app.apollo.io/#/organizations/6761644024da9f01b1278e9c?overrideScoreId=score,,
282,"ALC Construction, LLC",,,painting company,,,"[""apollo""]",,,2025-10-16T22:08:26.336Z,2025-10-16T22:10:40.084Z,,,,,,,,,,https://app.apollo.io/#/organizations/556db209736964126c4f7401?overrideScoreId=score,,
283,Browder Painting Company,,,painting company,,,"[""apollo""]",,,2025-10-16T22:08:26.338Z,2025-10-16T22:10:40.084Z,,,,,,,,,,https://app.apollo.io/#/organizations/664965a3f22ed9000176daa0?overrideScoreId=score,,
284,Kent Painting Company Inc.,,,painting company,,,"[""apollo""]",,,2025-10-16T22:08:26.339Z,2025-10-16T22:10:40.084Z,,,,,,,,,,https://app.apollo.io/#/organizations/54a12a3969702d8cfc3f3002?overrideScoreId=score,,
285,Great Walls Painting Inc,,,painting company,,,"[""apollo""]",,,2025-10-16T22:08:26.339Z,2025-10-16T22:10:40.085Z,,,,,,,,,,https://app.apollo.io/#/organizations/654dcfb2dd1ecf0001aed7d4?overrideScoreId=score,,
286,Design Systems Painting Company,,,painting company,,,"[""apollo""]",,,2025-10-16T22:08:26.340Z,2025-10-16T22:10:40.085Z,,,,,,,,,,https://app.apollo.io/#/organizations/6642f96a701ae60001901c62?overrideScoreId=score,,
287,Award Painting Company,,,painting company,,,"[""apollo""]",,,2025-10-16T22:08:26.341Z,2025-10-16T22:10:40.085Z,,,,,,,,,,https://app.apollo.io/#/organizations/55e8c19ff3e5bb144800006f?overrideScoreId=score,,
288,J.W. Peterson Painting Inc.,,,painting company,,,"[""apollo""]",,,2025-10-16T22:08:26.341Z,2025-10-16T22:10:40.085Z,,,,,,,,,,https://app.apollo.io/#/organizations/556ceec47369641226a04f00?overrideScoreId=score,,
289,Capstone Painting,,,painting company,,,"[""apollo""]",,,2025-10-16T22:08:26.342Z,2025-10-16T22:10:40.085Z,,,,,,,,,,https://app.apollo.io/#/organizations/650ac989a013590001056c08?overrideScoreId=score,,
290,NIDACO Inc. Paint Group,,,painting company,,,"[""apollo""]",,,2025-10-16T22:08:26.343Z,2025-10-16T22:10:40.085Z,,,,,,,,,,https://app.apollo.io/#/organizations/5e5757e78d755a00014a385f?overrideScoreId=score,,
291,Moya Painting,,,painting company,,,"[""apollo""]",,,2025-10-16T22:08:26.344Z,2025-10-16T22:10:40.085Z,,,,,,,,,,https://app.apollo.io/#/organizations/65f7e96e1aec6a01c680c2be?overrideScoreId=score,,
292,Busker Media Inc.,,,painting company,,,"[""apollo""]",,,2025-10-16T22:08:26.344Z,2025-10-16T22:10:40.085Z,,,,,,,,,,https://app.apollo.io/#/organizations/556945157369642111a82600?overrideScoreId=score,,
293,Larson Bros. Painting,,,painting company,,,"[""apollo""]",,,2025-10-16T22:08:26.345Z,2025-10-16T22:10:40.087Z,,,,,,,,,,https://app.apollo.io/#/organizations/54fca5e573696401aac03100?overrideScoreId=score,,
294,Fresh Coat Digital Marketing,,,painting company,,,"[""apollo""]",,,2025-10-16T22:08:26.346Z,2025-10-16T22:10:40.087Z,,,,,,,,,,https://app.apollo.io/#/organizations/6473c5a3c296bf00017a862c?overrideScoreId=score,,
295,PaintPros of Napa Valley,,,painting company,,,"[""apollo""]",,,2025-10-16T22:08:26.347Z,2025-10-16T22:10:40.087Z,,,,,,,,,,https://app.apollo.io/#/organizations/5edbac7c4d8c35000196485a?overrideScoreId=score,,
296,Tilt Up Painting Inc. San Diego,,,painting company,,,"[""apollo""]",,,2025-10-16T22:08:26.347Z,2025-10-16T22:10:40.087Z,,,,,,,,,,https://app.apollo.io/#/organizations/5da52b22959a900001ca3e54?overrideScoreId=score,,
297,Expressions Painting Company,,,painting company,,,"[""apollo""]",,,2025-10-16T22:08:26.348Z,2025-10-16T22:10:40.087Z,,,,,,,,,,https://app.apollo.io/#/organizations/65546a731a843a0001c72c1c?overrideScoreId=score,,
298,Reliable Painting,http://www.reliablepainting.com/,reliablepainting.com,painting company,,48,"[""apollo""]",,,2025-10-16T22:08:26.349Z,2025-10-16T22:10:40.087Z,,,,San Diego,California,,,,,https://app.apollo.io/#/organizations/54a135b469702d4494c7c300?overrideScoreId=score,,
299,"Los Angeles, California",,,painting company,,2,"[""apollo""]",,,2025-10-16T22:08:26.350Z,2025-10-16T22:10:40.087Z,,,,Los Angeles,California,,,,,https://app.apollo.io/#/organizations/5e57bbde5c00fd000191cdaf?overrideScoreId=score,,
300,"San Mateo, California",http://www.wallsnbeyond.com/,wallsnbeyond.com,painting company,,1,"[""apollo""]",,,2025-10-16T22:08:26.351Z,2025-10-16T22:10:40.087Z,,,,San Mateo,California,,,,,https://app.apollo.io/#/organizations/54fca1e27369647d9b740c00?overrideScoreId=score,,
301,"Chino Hills, California",http://www.chinohillspainting.com/,chinohillspainting.com,painting company,,6,"[""apollo""]",,,2025-10-16T22:08:26.352Z,2025-10-16T22:10:40.087Z,,,,Chino Hills,California,,,,,https://app.apollo.io/#/organizations/674b22abc0db0800013ee8f3?overrideScoreId=score,,
302,Meza Painting Company,http://www.mezapaintingco.com/,mezapaintingco.com,painting company,,1,"[""apollo""]",,,2025-10-16T22:08:26.353Z,2025-10-16T22:10:40.087Z,,,,Walnut Creek,California,,,,,https://app.apollo.io/#/organizations/6715d5b5eb99680001e052fc?overrideScoreId=score,,
303,The Better Painting Company,http://www.thebetterpaintingco.com/,thebetterpaintingco.com,painting company,,,"[""apollo""]",,,2025-10-16T22:08:26.354Z,2025-10-16T22:10:40.087Z,,,,San Diego,California,,,,,https://app.apollo.io/#/organizations/641a8fddfa64490001c646a5?overrideScoreId=score,,
304,Aone Painting Company Mountain View,http://www.paintingcompanymountainview.com/,paintingcompanymountainview.com,painting company,,,"[""apollo""]",,,2025-10-16T22:08:26.355Z,2025-10-16T22:10:40.087Z,,,,Mountain View,California,,,,,https://app.apollo.io/#/organizations/6719f590c3c11d01b06aaa6b?overrideScoreId=score,,
305,"San Luis Obispo, California",,,painting company,,7,"[""apollo""]",,,2025-10-16T22:08:26.361Z,2025-10-16T22:10:40.088Z,,,,San Luis Obispo,California,,,,,https://app.apollo.io/#/organizations/66fce997a8ca0e000112a3b6?overrideScoreId=score,,
306,Sierra West Painting Company,http://www.sierrawestpainting.com/,sierrawestpainting.com,painting company,,4,"[""apollo""]",,,2025-10-16T22:08:26.364Z,2025-10-16T22:10:40.088Z,,,,Costa Mesa,California,,,,,https://app.apollo.io/#/organizations/673daf2988b2320001466d26?overrideScoreId=score,,
307,Marin Painting Company,http://www.marinpainting.com/,marinpainting.com,painting company,,6,"[""apollo""]",,,2025-10-16T22:08:26.366Z,2025-10-16T22:10:40.088Z,,,,Novato,California,,,,,https://app.apollo.io/#/organizations/66fd0fffcfaef40001d842a6?overrideScoreId=score,,
308,Tolteca Painting Company,http://www.toltecapaintingcompany.com/,toltecapaintingcompany.com,painting company,,2,"[""apollo""]",,,2025-10-16T22:08:26.378Z,2025-10-16T22:10:40.088Z,,,,Sacramento,California,,,,,https://app.apollo.io/#/organizations/66efccb11d94410001acfd16?overrideScoreId=score,,
309,Building Materials,http://www.keithspainting.com/,keithspainting.com,painting company,,3,"[""apollo""]",,,2025-10-16T22:08:26.383Z,2025-10-16T22:10:40.088Z,,,,Anaheim,California,,,,,https://app.apollo.io/#/organizations/6732db7c6bce5f000137732c?overrideScoreId=score,,
310,Master Glow Painting Company,http://www.masterglowpainting.com/,masterglowpainting.com,painting company,,,"[""apollo""]",,,2025-10-16T22:08:26.397Z,2025-10-16T22:10:40.088Z,,,,Sunnyvale,California,,,,,https://app.apollo.io/#/organizations/66f29cb14065b00001602fee?overrideScoreId=score,,
311,Larry Bisordi Painting Company,http://www.bisordipainting.com/,bisordipainting.com,painting company,,1,"[""apollo""]",,,2025-10-16T22:08:26.398Z,2025-10-16T22:10:40.088Z,,,,Burbank,California,,,,,https://app.apollo.io/#/organizations/6700c06d7482bf000120df6f?overrideScoreId=score,,
312,"Los Angeles, California",http://www.unspainting.net/,unspainting.net,painting company,,,"[""apollo""]",,,2025-10-16T22:08:26.399Z,2025-10-16T22:10:40.088Z,,,,Los Angeles,California,,,,,https://app.apollo.io/#/organizations/66ed41eeb5a29a000169f073?overrideScoreId=score,,
313,Applied Artistry A Painting Company,http://www.appliedartistry.com/,appliedartistry.com,painting company,,2,"[""apollo""]",,,2025-10-16T22:08:26.399Z,2025-10-16T22:10:40.088Z,,,,Huntington Beach,California,,,,,https://app.apollo.io/#/organizations/6731143ccfd91b00011cc7d4?overrideScoreId=score,,
314,Brophy Painting Company,http://www.brophypaintingsanfrancisco.com/,brophypaintingsanfrancisco.com,painting company,,,"[""apollo""]",,,2025-10-16T22:08:26.399Z,2025-10-16T22:10:40.088Z,,,,San Francisco,California,,,,,https://app.apollo.io/#/organizations/66e7b735c280af0001346e56?overrideScoreId=score,,
315,Reliable Painting,,,painting company,,,"[""apollo""]",,,2025-10-16T22:08:26.400Z,2025-10-16T22:10:40.088Z,,,,,,,,,,https://app.apollo.io/#/organizations/54a135b469702d4494c7c300?overrideScoreId=score,,
316,"PEACOCK PAINTING COMPANY, INC.",,,painting company,,,"[""apollo""]",,,2025-10-16T22:08:26.401Z,2025-10-16T22:10:40.089Z,,,,,,,,,,https://app.apollo.io/#/organizations/66f83cf74a9bbc00012149cd?overrideScoreId=score,,
317,U.S National Corp dba Jimenez Painting Company,,,painting company,,,"[""apollo""]",,,2025-10-16T22:08:26.401Z,2025-10-16T22:10:40.089Z,,,,,,,,,,https://app.apollo.io/#/organizations/5e57bbde5c00fd000191cdaf?overrideScoreId=score,,
318,"D AND B PAINTING COMPANY, INC.",,,painting company,,,"[""apollo""]",,,2025-10-16T22:08:26.402Z,2025-10-16T22:10:40.089Z,,,,,,,,,,https://app.apollo.io/#/organizations/55ef63dff3e5bb49b10005c7?overrideScoreId=score,,
319,Walls n Beyond Painting Company,,,painting company,,,"[""apollo""]",,,2025-10-16T22:08:26.402Z,2025-10-16T22:10:40.089Z,,,,,,,,,,https://app.apollo.io/#/organizations/54fca1e27369647d9b740c00?overrideScoreId=score,,
320,CH Painting Company,,,painting company,,,"[""apollo""]",,,2025-10-16T22:08:26.402Z,2025-10-16T22:10:40.089Z,,,,,,,,,,https://app.apollo.io/#/organizations/674b22abc0db0800013ee8f3?overrideScoreId=score,,
321,Meza Painting Company,,,painting company,,,"[""apollo""]",,,2025-10-16T22:08:26.402Z,2025-10-16T22:10:40.089Z,,,,,,,,,,https://app.apollo.io/#/organizations/6715d5b5eb99680001e052fc?overrideScoreId=score,,
322,MIGALE PAINTING COMPANY,,,painting company,,,"[""apollo""]",,,2025-10-16T22:08:26.402Z,2025-10-16T22:10:40.089Z,,,,,,,,,,https://app.apollo.io/#/organizations/66f1070d3a3bc5000178f9bf?overrideScoreId=score,,
323,The Better Painting Company,,,painting company,,,"[""apollo""]",,,2025-10-16T22:08:26.402Z,2025-10-16T22:10:40.089Z,,,,,,,,,,https://app.apollo.io/#/organizations/641a8fddfa64490001c646a5?overrideScoreId=score,,
324,Aone Painting Company Mountain View,,,painting company,,,"[""apollo""]",,,2025-10-16T22:08:26.403Z,2025-10-16T22:10:40.089Z,,,,,,,,,,https://app.apollo.io/#/organizations/6719f590c3c11d01b06aaa6b?overrideScoreId=score,,
325,Mr. Painter Painting Company,,,painting company,,,"[""apollo""]",,,2025-10-16T22:08:26.403Z,2025-10-16T22:10:40.089Z,,,,,,,,,,https://app.apollo.io/#/organizations/6714bdc7e73ec000013dab9c?overrideScoreId=score,,
326,BROWDER PAINTING COMPANY INC.,,,painting company,,,"[""apollo""]",,,2025-10-16T22:08:26.403Z,2025-10-16T22:10:40.089Z,,,,,,,,,,https://app.apollo.io/#/organizations/66fce997a8ca0e000112a3b6?overrideScoreId=score,,
327,Sierra West Painting Company,,,painting company,,,"[""apollo""]",,,2025-10-16T22:08:26.403Z,2025-10-16T22:10:40.089Z,,,,,,,,,,https://app.apollo.io/#/organizations/673daf2988b2320001466d26?overrideScoreId=score,,
328,Marin Painting Company,,,painting company,,,"[""apollo""]",,,2025-10-16T22:08:26.403Z,2025-10-16T22:10:40.089Z,,,,,,,,,,https://app.apollo.io/#/organizations/66fd0fffcfaef40001d842a6?overrideScoreId=score,,
329,Tolteca Painting Company,,,painting company,,,"[""apollo""]",,,2025-10-16T22:08:26.403Z,2025-10-16T22:10:40.089Z,,,,,,,,,,https://app.apollo.io/#/organizations/66efccb11d94410001acfd16?overrideScoreId=score,,
330,"KEITH'S CONSTRUCTION AND PAINTING COMPANY, INC.",,,painting company,,,"[""apollo""]",,,2025-10-16T22:08:26.404Z,2025-10-16T22:10:40.090Z,,,,,,,,,,https://app.apollo.io/#/organizations/6732db7c6bce5f000137732c?overrideScoreId=score,,
331,"PEPPERLING PAINTING COMPANY, INC.",,,painting company,,,"[""apollo""]",,,2025-10-16T22:08:26.404Z,2025-10-16T22:10:40.090Z,,,,,,,,,,https://app.apollo.io/#/organizations/672477a6a93e7e000192655c?overrideScoreId=score,,
332,Master Glow Painting Company,,,painting company,,,"[""apollo""]",,,2025-10-16T22:08:26.404Z,2025-10-16T22:10:40.090Z,,,,,,,,,,https://app.apollo.io/#/organizations/66f29cb14065b00001602fee?overrideScoreId=score,,
333,NEALS PAINTING COMPANY INC,,,painting company,,,"[""apollo""]",,,2025-10-16T22:08:26.405Z,2025-10-16T22:10:40.090Z,,,,,,,,,,https://app.apollo.io/#/organizations/67269a4393de3b0001aeb812?overrideScoreId=score,,
334,"MARZ PAINTING COMPANY, THE",,,painting company,,,"[""apollo""]",,,2025-10-16T22:08:26.406Z,2025-10-16T22:10:40.090Z,,,,,,,,,,https://app.apollo.io/#/organizations/672ef78ccd1c1f000173c259?overrideScoreId=score,,
335,Larry Bisordi Painting Company,,,painting company,,,"[""apollo""]",,,2025-10-16T22:08:26.418Z,2025-10-16T22:10:40.090Z,,,,,,,,,,https://app.apollo.io/#/organizations/6700c06d7482bf000120df6f?overrideScoreId=score,,
336,U & S Painting Company,,,painting company,,,"[""apollo""]",,,2025-10-16T22:08:26.419Z,2025-10-16T22:10:40.090Z,,,,,,,,,,https://app.apollo.io/#/organizations/66ed41eeb5a29a000169f073?overrideScoreId=score,,
337,Applied Artistry A Painting Company,,,painting company,,,"[""apollo""]",,,2025-10-16T22:08:26.420Z,2025-10-16T22:10:40.090Z,,,,,,,,,,https://app.apollo.io/#/organizations/6731143ccfd91b00011cc7d4?overrideScoreId=score,,
338,"DC & ASSOCIATES PAINTING COMPANY, INC.",,,painting company,,,"[""apollo""]",,,2025-10-16T22:08:26.420Z,2025-10-16T22:10:40.090Z,,,,,,,,,,https://app.apollo.io/#/organizations/66eeb39c12ef530001f2bbad?overrideScoreId=score,,
339,Brophy Painting Company,,,painting company,,,"[""apollo""]",,,2025-10-16T22:08:26.421Z,2025-10-16T22:10:40.090Z,,,,,,,,,,https://app.apollo.io/#/organizations/66e7b735c280af0001346e56?overrideScoreId=score,,
340,Tecc Painting Company,,,painting company,,3,"[""apollo""]",,,2025-10-16T22:08:29.757Z,2025-10-16T22:10:40.090Z,,,,Colorado Springs,Colorado,,,,,https://app.apollo.io/#/organizations/664b056cf8dd710001b6df82?overrideScoreId=score,,
341,"Castle Rock, Colorado",,,painting company,,3,"[""apollo""]",,,2025-10-16T22:08:29.758Z,2025-10-16T22:10:40.090Z,,,,Castle Rock,Colorado,,,,,https://app.apollo.io/#/organizations/5e56ad704169b30001c5fad4?overrideScoreId=score,,
342,Improovy Painters Denver,,,painting company,,,"[""apollo""]",,,2025-10-16T22:08:29.758Z,2025-10-16T22:10:40.090Z,,,,Denver,Colorado,,,,,https://app.apollo.io/#/organizations/63f637d1b3f24b00da4ffebd?overrideScoreId=score,,
343,"Colorado Springs, Colorado",http://www.aqualitypaintjob.com/,aqualitypaintjob.com,painting company,,6,"[""apollo""]",,,2025-10-16T22:08:29.758Z,2025-10-16T22:10:40.090Z,,,,Colorado Springs,Colorado,,,,,https://app.apollo.io/#/organizations/54a23b327468693cddf82818?overrideScoreId=score,,
344,Exemplary Painting,http://www.exemplarypainting.com/,exemplarypainting.com,painting company,,3,"[""apollo""]",,,2025-10-16T22:08:29.759Z,2025-10-16T22:10:40.091Z,,,,Littleton,Colorado,,,,,https://app.apollo.io/#/organizations/5b83324e324d446b0607b4bd?overrideScoreId=score,,
345,Imperial Painters LLC,http://www.imperialpaintersco.com/,imperialpaintersco.com,painting company,,3,"[""apollo""]",,,2025-10-16T22:08:29.759Z,2025-10-16T22:10:40.091Z,,,,Arvada,Colorado,,,,,https://app.apollo.io/#/organizations/5fc9ad157f0def0001a1aa67?overrideScoreId=score,,
346,Gardiner Painting,http://www.gardinerpaint.com/,gardinerpaint.com,painting company,,2,"[""apollo""]",,,2025-10-16T22:08:29.759Z,2025-10-16T22:10:40.091Z,,,,Colorado Springs,Colorado,,,,,https://app.apollo.io/#/organizations/649a9a9e99b5e400efca4443?overrideScoreId=score,,
347,Paint Baum,http://www.paintbaum.com/,paintbaum.com,painting company,,2,"[""apollo""]",,,2025-10-16T22:08:29.759Z,2025-10-16T22:10:40.091Z,,,,Boulder,Colorado,,,,,https://app.apollo.io/#/organizations/6448993224ed930001d1a664?overrideScoreId=score,,
348,Colorado Straight Edge Painting,http://www.csepainting.com/,csepainting.com,painting company,,2,"[""apollo""]",,,2025-10-16T22:08:29.760Z,2025-10-16T22:10:40.091Z,,,,Aurora,Colorado,,,,,https://app.apollo.io/#/organizations/64ebb6937cd70200a3b6c80c?overrideScoreId=score,,
349,"Tall Pines Painting, Inc",http://www.tallpinespainting.com/,tallpinespainting.com,painting company,,3,"[""apollo""]",,,2025-10-16T22:08:29.760Z,2025-10-16T22:10:40.091Z,,,,Tall Pines Painting,Inc,,,,,https://app.apollo.io/#/organizations/54a1363069702d46f0aa0201?overrideScoreId=score,,
350,Denver Painting Service Company,http://www.denverpaintingservicecompany.com/,denverpaintingservicecompany.com,painting company,,,"[""apollo""]",,,2025-10-16T22:08:29.760Z,2025-10-16T22:10:40.091Z,,,,Denver,Colorado,,,,,https://app.apollo.io/#/organizations/64b25e4c41dc870001ac33b6?overrideScoreId=score,,
351,"Vivid Color Painting Company, LLC",http://www.vividcolorpaintingco.com/,vividcolorpaintingco.com,painting company,,2,"[""apollo""]",,,2025-10-16T22:08:29.760Z,2025-10-16T22:10:40.091Z,,,,Durango,Colorado,,,,,https://app.apollo.io/#/organizations/5da6ecda46748d00012abc55?overrideScoreId=score,,
352,"Highland Painting Company, LLC",http://www.highlandpaintingpros.com/,highlandpaintingpros.com,painting company,,4,"[""apollo""]",,,2025-10-16T22:08:29.760Z,2025-10-16T22:10:40.091Z,,,,Denver,Colorado,,,,,https://app.apollo.io/#/organizations/672659c06919ee000128f3bc?overrideScoreId=score,,
353,Lawton Painting Company,http://www.lawtonpaintingcompany.com/,lawtonpaintingcompany.com,painting company,,2,"[""apollo""]",,,2025-10-16T22:08:29.761Z,2025-10-16T22:10:40.091Z,,,,Steamboat Springs,Colorado,,,,,https://app.apollo.io/#/organizations/6726ab933ca5f7000197e11e?overrideScoreId=score,,
354,LIME Painting of Castle Rock,,,painting company,,,"[""apollo""]",,,2025-10-16T22:08:29.761Z,2025-10-16T22:10:40.091Z,,,,,,,,,,https://app.apollo.io/#/organizations/5e56ad704169b30001c5fad4?overrideScoreId=score,,
355,A Quality Paint Job,,,painting company,,,"[""apollo""]",,,2025-10-16T22:08:29.761Z,2025-10-16T22:10:40.091Z,,,,,,,,,,https://app.apollo.io/#/organizations/54a23b327468693cddf82818?overrideScoreId=score,,
356,Exemplary Painting,,,painting company,,,"[""apollo""]",,,2025-10-16T22:08:29.761Z,2025-10-16T22:10:40.091Z,,,,,,,,,,https://app.apollo.io/#/organizations/5b83324e324d446b0607b4bd?overrideScoreId=score,,
357,Imperial Painters LLC,,,painting company,,,"[""apollo""]",,,2025-10-16T22:08:29.761Z,2025-10-16T22:10:40.091Z,,,,,,,,,,https://app.apollo.io/#/organizations/5fc9ad157f0def0001a1aa67?overrideScoreId=score,,
358,LIME Painting® of Northern Colorado,,,painting company,,,"[""apollo""]",,,2025-10-16T22:08:29.762Z,2025-10-16T22:10:40.091Z,,,,,,,,,,https://app.apollo.io/#/organizations/5e5833db2895460001e00815?overrideScoreId=score,,
359,Gardiner Painting,,,painting company,,,"[""apollo""]",,,2025-10-16T22:08:29.762Z,2025-10-16T22:10:40.092Z,,,,,,,,,,https://app.apollo.io/#/organizations/649a9a9e99b5e400efca4443?overrideScoreId=score,,
360,Paint Baum,,,painting company,,,"[""apollo""]",,,2025-10-16T22:08:29.762Z,2025-10-16T22:10:40.092Z,,,,,,,,,,https://app.apollo.io/#/organizations/6448993224ed930001d1a664?overrideScoreId=score,,
361,Colorado Straight Edge Painting,,,painting company,,,"[""apollo""]",,,2025-10-16T22:08:29.762Z,2025-10-16T22:10:40.092Z,,,,,,,,,,https://app.apollo.io/#/organizations/64ebb6937cd70200a3b6c80c?overrideScoreId=score,,
362,"Tall Pines Painting, Inc",,,painting company,,,"[""apollo""]",,,2025-10-16T22:08:29.763Z,2025-10-16T22:10:40.092Z,,,,,,,,,,https://app.apollo.io/#/organizations/54a1363069702d46f0aa0201?overrideScoreId=score,,
363,Denver Painting Service Company,,,painting company,,,"[""apollo""]",,,2025-10-16T22:08:29.763Z,2025-10-16T22:10:40.092Z,,,,,,,,,,https://app.apollo.io/#/organizations/64b25e4c41dc870001ac33b6?overrideScoreId=score,,
364,"Vivid Color Painting Company, LLC",,,painting company,,,"[""apollo""]",,,2025-10-16T22:08:29.764Z,2025-10-16T22:10:40.092Z,,,,,,,,,,https://app.apollo.io/#/organizations/5da6ecda46748d00012abc55?overrideScoreId=score,,
365,"Highland Painting Company, LLC",,,painting company,,,"[""apollo""]",,,2025-10-16T22:08:29.764Z,2025-10-16T22:10:40.092Z,,,,,,,,,,https://app.apollo.io/#/organizations/672659c06919ee000128f3bc?overrideScoreId=score,,
366,Lawton Painting Company,,,painting company,,,"[""apollo""]",,,2025-10-16T22:08:29.764Z,2025-10-16T22:10:40.092Z,,,,,,,,,,https://app.apollo.io/#/organizations/6726ab933ca5f7000197e11e?overrideScoreId=score,,
367,"Roberge Painting Company, Inc.",http://www.robergepainting.com/,robergepainting.com,painting company,,15,"[""apollo""]",,,2025-10-16T22:08:32.708Z,2025-10-16T22:10:40.092Z,,,,Roberge Painting Company,Inc.,,,,,https://app.apollo.io/#/organizations/5e56af21e8dafc0001895986?overrideScoreId=score,,
368,Franklin Painting LLC,http://www.franklinpainting.com/,franklinpainting.com,painting company,,12,"[""apollo""]",,,2025-10-16T22:08:32.709Z,2025-10-16T22:10:40.092Z,,,,Farmington,Connecticut,,,,,https://app.apollo.io/#/organizations/56d7fa7bf3e5bb58a6002206?overrideScoreId=score,,
369,"Painters In CT - Interior, Exterior, Commercial, & Residential Painting",http://www.newhavenpaintersllc.com/,newhavenpaintersllc.com,painting company,,3,"[""apollo""]",,,2025-10-16T22:08:32.709Z,2025-10-16T22:10:40.092Z,,,,Southington,Connecticut,,,,,https://app.apollo.io/#/organizations/5da540b5cef49f000192bfb2?overrideScoreId=score,,
370,Bridgeport Painting Company,http://www.bridgeportpaintingpros.com/,bridgeportpaintingpros.com,painting company,,4,"[""apollo""]",,,2025-10-16T22:08:32.710Z,2025-10-16T22:10:40.092Z,,,,Bridgeport,Connecticut,,,,,https://app.apollo.io/#/organizations/6459c83a82fce20001b4b168?overrideScoreId=score,,
371,Fairfield Painting Company,http://www.fairfieldpainting.com/,fairfieldpainting.com,painting company,,1,"[""apollo""]",,,2025-10-16T22:08:32.710Z,2025-10-16T22:10:40.093Z,,,,Fairfield,Connecticut,,,,,https://app.apollo.io/#/organizations/672742feed6bc2000186939f?overrideScoreId=score,,
372,Hue Painting Company,http://www.nuhuecompany.com/,nuhuecompany.com,painting company,,3,"[""apollo""]",,,2025-10-16T22:08:32.711Z,2025-10-16T22:10:40.093Z,,,,Brooklyn,Connecticut,,,,,https://app.apollo.io/#/organizations/556996c873696425a9f56400?overrideScoreId=score,,
373,Connecticut Best Painting Company LLC,http://www.connecticutbestpainting.com/,connecticutbestpainting.com,painting company,,,"[""apollo""]",,,2025-10-16T22:08:32.712Z,2025-10-16T22:10:40.093Z,,,,New Haven,Connecticut,,,,,https://app.apollo.io/#/organizations/67271e4f6893d600010c71d4?overrideScoreId=score,,
374,Joe Tamborra Painting Company,http://www.norwichpaintingcontractor.com/,norwichpaintingcontractor.com,painting company,,1,"[""apollo""]",,,2025-10-16T22:08:32.712Z,2025-10-16T22:10:40.093Z,,,,Norwich,Connecticut,,,,,https://app.apollo.io/#/organizations/6701758390d84b000118e425?overrideScoreId=score,,
375,Pat Derby Painting Company,http://www.patderbypainting.com/,patderbypainting.com,painting company,,,"[""apollo""]",,,2025-10-16T22:08:32.713Z,2025-10-16T22:10:40.093Z,,,,East Windsor,Connecticut,,,,,https://app.apollo.io/#/organizations/674284fe490a1000014e6771?overrideScoreId=score,,
376,"Roberge Painting Company, Inc.",,,painting company,,,"[""apollo""]",,,2025-10-16T22:08:32.713Z,2025-10-16T22:10:40.093Z,,,,,,,,,,https://app.apollo.io/#/organizations/5e56af21e8dafc0001895986?overrideScoreId=score,,
377,MARTINEZ PAINTING COMPANY LLC,,,painting company,,,"[""apollo""]",,,2025-10-16T22:08:32.713Z,2025-10-16T22:10:40.093Z,,,,,,,,,,https://app.apollo.io/#/organizations/6739831fc2e9160001ae5ec8?overrideScoreId=score,,
378,Franklin Painting LLC,,,painting company,,,"[""apollo""]",,,2025-10-16T22:08:32.714Z,2025-10-16T22:10:40.093Z,,,,,,,,,,https://app.apollo.io/#/organizations/56d7fa7bf3e5bb58a6002206?overrideScoreId=score,,
379,Renaissance - A Painting Company,,,painting company,,,"[""apollo""]",,,2025-10-16T22:08:32.714Z,2025-10-16T22:10:40.093Z,,,,,,,,,,https://app.apollo.io/#/organizations/54a1358369702d48e2bc9c00?overrideScoreId=score,,
380,"Painters In CT - Interior, Exterior, Commercial, & Residential Painting",,,painting company,,,"[""apollo""]",,,2025-10-16T22:08:32.714Z,2025-10-16T22:10:40.093Z,,,,,,,,,,https://app.apollo.io/#/organizations/5da540b5cef49f000192bfb2?overrideScoreId=score,,
381,Bridgeport Painting Company,,,painting company,,,"[""apollo""]",,,2025-10-16T22:08:32.714Z,2025-10-16T22:10:40.093Z,,,,,,,,,,https://app.apollo.io/#/organizations/6459c83a82fce20001b4b168?overrideScoreId=score,,
382,ROBERGE PAINTING COMPANY INC,,,painting company,,,"[""apollo""]",,,2025-10-16T22:08:32.714Z,2025-10-16T22:10:40.094Z,,,,,,,,,,https://app.apollo.io/#/organizations/673c45a17e4999000131e067?overrideScoreId=score,,
383,Fairfield Painting Company,,,painting company,,,"[""apollo""]",,,2025-10-16T22:08:32.714Z,2025-10-16T22:10:40.094Z,,,,,,,,,,https://app.apollo.io/#/organizations/672742feed6bc2000186939f?overrideScoreId=score,,
384,Hue Painting Company,,,painting company,,,"[""apollo""]",,,2025-10-16T22:08:32.715Z,2025-10-16T22:10:40.094Z,,,,,,,,,,https://app.apollo.io/#/organizations/556996c873696425a9f56400?overrideScoreId=score,,
385,Connecticut Best Painting Company LLC,,,painting company,,,"[""apollo""]",,,2025-10-16T22:08:32.715Z,2025-10-16T22:10:40.094Z,,,,,,,,,,https://app.apollo.io/#/organizations/67271e4f6893d600010c71d4?overrideScoreId=score,,
386,Joe Tamborra Painting Company,,,painting company,,,"[""apollo""]",,,2025-10-16T22:08:32.715Z,2025-10-16T22:10:40.094Z,,,,,,,,,,https://app.apollo.io/#/organizations/6701758390d84b000118e425?overrideScoreId=score,,
387,Pat Derby Painting Company,,,painting company,,,"[""apollo""]",,,2025-10-16T22:08:32.716Z,2025-10-16T22:10:40.094Z,,,,,,,,,,https://app.apollo.io/#/organizations/674284fe490a1000014e6771?overrideScoreId=score,,
388,Burke Painting Company,http://www.burkepaintingco.com/,burkepaintingco.com,painting company,,,"[""apollo""]",,,2025-10-16T22:08:35.633Z,2025-10-16T22:10:40.094Z,,,,Wilmington,Delaware,,,,,https://app.apollo.io/#/organizations/5fd87123fc876f00019339da?overrideScoreId=score,,
389,Burke Painting Company,,,painting company,,,"[""apollo""]",,,2025-10-16T22:08:35.633Z,2025-10-16T22:10:40.094Z,,,,,,,,,,https://app.apollo.io/#/organizations/5fd87123fc876f00019339da?overrideScoreId=score,,
390,Burke painting Company LLC,,,painting company,,,"[""apollo""]",,,2025-10-16T22:08:35.634Z,2025-10-16T22:10:40.094Z,,,,,,,,,,https://app.apollo.io/#/organizations/56dd2052f3e5bb1ae900184a?overrideScoreId=score,,
391,Premium Painters,http://www.premiumpainters.com/,premiumpainters.com,painting company,,9,"[""apollo""]",,,2025-10-16T22:08:38.867Z,2025-10-16T22:10:40.094Z,,,,Hobe Sound,Florida,,,,,https://app.apollo.io/#/organizations/55ea54a7f3e5bb59a6002962?overrideScoreId=score,,
392,Blu Baboon Painting,http://www.blubaboon.com/,blubaboon.com,painting company,,3,"[""apollo""]",,,2025-10-16T22:08:38.870Z,2025-10-16T22:10:40.094Z,,,,Cocoa,Florida,,,,,https://app.apollo.io/#/organizations/6384b6b5a0238900a31b5c73?overrideScoreId=score,,
393,Regal Custom Painting Inc,http://www.regalcustompainting.com/,regalcustompainting.com,painting company,,10,"[""apollo""]",,,2025-10-16T22:08:38.873Z,2025-10-16T22:10:40.094Z,,,,Palm Bay,Florida,,,,,https://app.apollo.io/#/organizations/556de42773696412269aba01?overrideScoreId=score,,
394,Fresh Coating,http://www.freshcoatingllc.com/,freshcoatingllc.com,painting company,,3,"[""apollo""]",,,2025-10-16T22:08:38.873Z,2025-10-16T22:10:40.095Z,,,,Fort Walton Beach,Florida,,,,,https://app.apollo.io/#/organizations/64a6667023b5ff0001281872?overrideScoreId=score,,
395,"Peacock Painting Services, Inc.",http://www.peacockpainting.com/,peacockpainting.com,painting company,,4,"[""apollo""]",,,2025-10-16T22:08:38.873Z,2025-10-16T22:10:40.095Z,,,,Peacock Painting Services,Inc.,,,,,https://app.apollo.io/#/organizations/54a1284a69702d8cfc373701?overrideScoreId=score,,
396,"Boynton Beach, Florida",http://www.rcipainting.com/,rcipainting.com,painting company,,9,"[""apollo""]",,,2025-10-16T22:08:38.874Z,2025-10-16T22:10:40.095Z,,,,Boynton Beach,Florida,,,,,https://app.apollo.io/#/organizations/55ef96f9f3e5bb7b190007de?overrideScoreId=score,,
397,Dr House Painter,http://www.drhousepainter.com/,drhousepainter.com,painting company,,3,"[""apollo""]",,,2025-10-16T22:08:38.874Z,2025-10-16T22:10:40.095Z,,,,North Miami Beach,Florida,,,,,https://app.apollo.io/#/organizations/62fe04cef4490c00f7865007?overrideScoreId=score,,
398,"Weston Coatings Group, Inc.",http://www.westoncoatingsgroup.com/,westoncoatingsgroup.com,painting company,,14,"[""apollo""]",,,2025-10-16T22:08:38.874Z,2025-10-16T22:10:40.095Z,,,,Weston Coatings Group,Inc.,,,,,https://app.apollo.io/#/organizations/63c4d387898fcc00019764bc?overrideScoreId=score,,
399,The Cabinet Painting Company,http://www.cabinetpaintingco.com/,cabinetpaintingco.com,painting company,,3,"[""apollo""]",,,2025-10-16T22:08:38.875Z,2025-10-16T22:10:40.095Z,,,,Lithia,Florida,,,,,https://app.apollo.io/#/organizations/63c2ea9b5c1fde0001e1b472?overrideScoreId=score,,
400,Tampa Bay Painting Company,http://www.tbpaintingco.com/,tbpaintingco.com,painting company,,3,"[""apollo""]",,,2025-10-16T22:08:38.875Z,2025-10-16T22:10:40.095Z,,,,Saint Petersburg,Florida,,,,,https://app.apollo.io/#/organizations/55ef78c5f3e5bb3550000dea?overrideScoreId=score,,
401,Unique Painting Contractor,http://www.uniquepaintingcontractor.com/,uniquepaintingcontractor.com,painting company,,,"[""apollo""]",,,2025-10-16T22:08:38.875Z,2025-10-16T22:10:40.095Z,,,,Hollywood,Florida,,,,,https://app.apollo.io/#/organizations/666d51aee6e77c097e3afa6d?overrideScoreId=score,,
402,"Expo Painting and Contracting, LLC",http://www.expopainting.com/,expopainting.com,painting company,,4,"[""apollo""]",,,2025-10-16T22:08:38.876Z,2025-10-16T22:10:40.095Z,,,,Naples,Florida,,,,,https://app.apollo.io/#/organizations/556d161873696412712c8200?overrideScoreId=score,,
403,Unique Stone Resurfacing™,http://www.uniquestoneresurfacing.com/,uniquestoneresurfacing.com,painting company,,2,"[""apollo""]",,,2025-10-16T22:08:38.877Z,2025-10-16T22:10:40.095Z,,,,Sarasota,Florida,,,,,https://app.apollo.io/#/organizations/5500b4c87369647a36870900?overrideScoreId=score,,
404,Premium Painters,,,painting company,,,"[""apollo""]",,,2025-10-16T22:08:38.877Z,2025-10-16T22:10:40.096Z,,,,,,,,,,https://app.apollo.io/#/organizations/55ea54a7f3e5bb59a6002962?overrideScoreId=score,,
405,Blu Baboon Painting,,,painting company,,,"[""apollo""]",,,2025-10-16T22:08:38.877Z,2025-10-16T22:10:40.096Z,,,,,,,,,,https://app.apollo.io/#/organizations/6384b6b5a0238900a31b5c73?overrideScoreId=score,,
406,Regal Custom Painting Inc,,,painting company,,,"[""apollo""]",,,2025-10-16T22:08:38.879Z,2025-10-16T22:10:40.096Z,,,,,,,,,,https://app.apollo.io/#/organizations/556de42773696412269aba01?overrideScoreId=score,,
407,Fresh Coating,,,painting company,,,"[""apollo""]",,,2025-10-16T22:08:38.880Z,2025-10-16T22:10:40.096Z,,,,,,,,,,https://app.apollo.io/#/organizations/64a6667023b5ff0001281872?overrideScoreId=score,,
408,"Peacock Painting Services, Inc.",,,painting company,,,"[""apollo""]",,,2025-10-16T22:08:38.880Z,2025-10-16T22:10:40.096Z,,,,,,,,,,https://app.apollo.io/#/organizations/54a1284a69702d8cfc373701?overrideScoreId=score,,
409,RCI PAINTING,,,painting company,,,"[""apollo""]",,,2025-10-16T22:08:38.880Z,2025-10-16T22:10:40.096Z,,,,,,,,,,https://app.apollo.io/#/organizations/55ef96f9f3e5bb7b190007de?overrideScoreId=score,,
410,Dr House Painter,,,painting company,,,"[""apollo""]",,,2025-10-16T22:08:38.880Z,2025-10-16T22:10:40.096Z,,,,,,,,,,https://app.apollo.io/#/organizations/62fe04cef4490c00f7865007?overrideScoreId=score,,
411,"Weston Coatings Group, Inc.",,,painting company,,,"[""apollo""]",,,2025-10-16T22:08:38.880Z,2025-10-16T22:10:40.096Z,,,,,,,,,,https://app.apollo.io/#/organizations/63c4d387898fcc00019764bc?overrideScoreId=score,,
412,The Cabinet Painting Company,,,painting company,,,"[""apollo""]",,,2025-10-16T22:08:38.881Z,2025-10-16T22:10:40.096Z,,,,,,,,,,https://app.apollo.io/#/organizations/63c2ea9b5c1fde0001e1b472?overrideScoreId=score,,
413,Tampa Bay Painting Company,,,painting company,,,"[""apollo""]",,,2025-10-16T22:08:38.881Z,2025-10-16T22:10:40.096Z,,,,,,,,,,https://app.apollo.io/#/organizations/55ef78c5f3e5bb3550000dea?overrideScoreId=score,,
414,Unique Painting Contractor,,,painting company,,,"[""apollo""]",,,2025-10-16T22:08:38.881Z,2025-10-16T22:10:40.096Z,,,,,,,,,,https://app.apollo.io/#/organizations/666d51aee6e77c097e3afa6d?overrideScoreId=score,,
415,"Expo Painting and Contracting, LLC",,,painting company,,,"[""apollo""]",,,2025-10-16T22:08:38.881Z,2025-10-16T22:10:40.097Z,,,,,,,,,,https://app.apollo.io/#/organizations/556d161873696412712c8200?overrideScoreId=score,,
416,Unique Stone Resurfacing™,,,painting company,,,"[""apollo""]",,,2025-10-16T22:08:38.885Z,2025-10-16T22:10:40.097Z,,,,,,,,,,https://app.apollo.io/#/organizations/5500b4c87369647a36870900?overrideScoreId=score,,
417,Av Painting,http://www.avpainting.com/,avpainting.com,painting company,,27,"[""apollo""]",,,2025-10-16T22:08:41.807Z,2025-10-16T22:10:40.097Z,,,,Acworth,Georgia,,,,,https://app.apollo.io/#/organizations/54fca12d7369647dd7230000?overrideScoreId=score,,
418,Panorama Press,http://www.panoramapress.net/,panoramapress.net,painting company,,19,"[""apollo""]",,,2025-10-16T22:08:41.808Z,2025-10-16T22:10:40.098Z,,,,Acworth,Georgia,,,,,https://app.apollo.io/#/organizations/5f4a0d0557ebe40001dd78e1?overrideScoreId=score,,
419,"April Painting Company, Inc.",http://www.aprilpainting.com/,aprilpainting.com,painting company,,1,"[""apollo""]",,,2025-10-16T22:08:41.808Z,2025-10-16T22:10:40.098Z,,,,April Painting Company,Inc.,,,,,https://app.apollo.io/#/organizations/54a1a03d74686949e788e802?overrideScoreId=score,,
420,Consumer Services,http://www.dleonspainting.com/,dleonspainting.com,painting company,,2,"[""apollo""]",,,2025-10-16T22:08:41.808Z,2025-10-16T22:10:40.098Z,,,,Loganville,Georgia,,,,,https://app.apollo.io/#/organizations/663b21a6c67d310001087260?overrideScoreId=score,,
421,Kelvin Epps Painting Company,http://www.kelvineppspaintingcompany.com/,kelvineppspaintingcompany.com,painting company,,1,"[""apollo""]",,,2025-10-16T22:08:41.809Z,2025-10-16T22:10:40.098Z,,,,Byron,Georgia,,,,,https://app.apollo.io/#/organizations/6739c5ce22b3930001cc8edc?overrideScoreId=score,,
422,Georgia Painting Company LLC,http://www.georgiapainting.co/,georgiapainting.co,painting company,,3,"[""apollo""]",,,2025-10-16T22:08:41.809Z,2025-10-16T22:10:40.098Z,,,,Atlanta,Georgia,,,,,https://app.apollo.io/#/organizations/66517e2d2bfa520001fd4353?overrideScoreId=score,,
423,Ericks Painting Company,http://www.erickpaintinginc.com/,erickpaintinginc.com,painting company,,1,"[""apollo""]",,,2025-10-16T22:08:41.809Z,2025-10-16T22:10:40.098Z,,,,Doraville,Georgia,,,,,https://app.apollo.io/#/organizations/66dd82e9b4f99b00016e0f25?overrideScoreId=score,,
424,Atlanta Painting Company,http://www.atlanta-painter.com/,atlanta-painter.com,painting company,,,"[""apollo""]",,,2025-10-16T22:08:41.809Z,2025-10-16T22:10:40.098Z,,,,Cumming,Georgia,,,,,https://app.apollo.io/#/organizations/66dfc8a193c1ac000115d792?overrideScoreId=score,,
425,Semper Fi Painting Company,http://www.vetpainters.com/,vetpainters.com,painting company,,1,"[""apollo""]",,,2025-10-16T22:08:41.809Z,2025-10-16T22:10:40.098Z,,,,Canton,Georgia,,,,,https://app.apollo.io/#/organizations/672b01a1554018000169431e?overrideScoreId=score,,
426,Av Painting,,,painting company,,,"[""apollo""]",,,2025-10-16T22:08:41.809Z,2025-10-16T22:10:40.098Z,,,,,,,,,,https://app.apollo.io/#/organizations/54fca12d7369647dd7230000?overrideScoreId=score,,
427,Panorama Press,,,painting company,,,"[""apollo""]",,,2025-10-16T22:08:41.809Z,2025-10-16T22:10:40.098Z,,,,,,,,,,https://app.apollo.io/#/organizations/5f4a0d0557ebe40001dd78e1?overrideScoreId=score,,
428,"April Painting Company, Inc.",,,painting company,,,"[""apollo""]",,,2025-10-16T22:08:41.810Z,2025-10-16T22:10:40.098Z,,,,,,,,,,https://app.apollo.io/#/organizations/54a1a03d74686949e788e802?overrideScoreId=score,,
429,DLeon's Painting Company,,,painting company,,,"[""apollo""]",,,2025-10-16T22:08:41.810Z,2025-10-16T22:10:40.098Z,,,,,,,,,,https://app.apollo.io/#/organizations/663b21a6c67d310001087260?overrideScoreId=score,,
430,Kelvin Epps Painting Company,,,painting company,,,"[""apollo""]",,,2025-10-16T22:08:41.811Z,2025-10-16T22:10:40.098Z,,,,,,,,,,https://app.apollo.io/#/organizations/6739c5ce22b3930001cc8edc?overrideScoreId=score,,
431,Georgia Painting Company LLC,,,painting company,,,"[""apollo""]",,,2025-10-16T22:08:41.811Z,2025-10-16T22:10:40.098Z,,,,,,,,,,https://app.apollo.io/#/organizations/66517e2d2bfa520001fd4353?overrideScoreId=score,,
432,"SUNLIGHT PAINTING COMPANY, INC.",,,painting company,,,"[""apollo""]",,,2025-10-16T22:08:41.811Z,2025-10-16T22:10:40.099Z,,,,,,,,,,https://app.apollo.io/#/organizations/67146736e1abc900012a044b?overrideScoreId=score,,
433,Ericks Painting Company,,,painting company,,,"[""apollo""]",,,2025-10-16T22:08:41.811Z,2025-10-16T22:10:40.099Z,,,,,,,,,,https://app.apollo.io/#/organizations/66dd82e9b4f99b00016e0f25?overrideScoreId=score,,
434,PEACHTREE PAINTING COMPANY LLC,,,painting company,,,"[""apollo""]",,,2025-10-16T22:08:41.811Z,2025-10-16T22:10:40.099Z,,,,,,,,,,https://app.apollo.io/#/organizations/66e67593be217e00016b3d49?overrideScoreId=score,,
435,Semper Fi Painting Company,,,painting company,,,"[""apollo""]",,,2025-10-16T22:08:41.811Z,2025-10-16T22:10:40.099Z,,,,,,,,,,https://app.apollo.io/#/organizations/672b01a1554018000169431e?overrideScoreId=score,,
436,"M. SHIROMA PAINTING COMPANY, INC",,,painting company,,,"[""apollo""]",,,2025-10-16T22:08:44.730Z,2025-10-16T22:10:40.099Z,,,,,,,,,,https://app.apollo.io/#/organizations/67304cc493cdbb0001db7f40?overrideScoreId=score,,
437,Steadfast Painting Solutions Corp,http://www.steadfastpainting.com/,steadfastpainting.com,painting company,,7,"[""apollo""]",,,2025-10-16T22:08:50.575Z,2025-10-16T22:10:40.099Z,,,,Elmhurst,Illinois,,,,,https://app.apollo.io/#/organizations/54fca59c7369640186842f00?overrideScoreId=score,,
438,Improovy Painters Chicago,,,painting company,,1,"[""apollo""]",,,2025-10-16T22:08:50.578Z,2025-10-16T22:10:40.099Z,,,,Chicago,Illinois,,,,,https://app.apollo.io/#/organizations/60b20f322657620001b6d895?overrideScoreId=score,,
439,"Burr Ridge, Illinois",http://www.aspencpi.com/,aspencpi.com,painting company,,11,"[""apollo""]",,,2025-10-16T22:08:50.578Z,2025-10-16T22:10:40.099Z,,,,Burr Ridge,Illinois,,,,,https://app.apollo.io/#/organizations/64b31310674a12000102f847?overrideScoreId=score,,
440,Paintrix Painting Company,http://www.paintrixpainting.com/,paintrixpainting.com,painting company,,2,"[""apollo""]",,,2025-10-16T22:08:50.578Z,2025-10-16T22:10:40.099Z,,,,Huntley,Illinois,,,,,https://app.apollo.io/#/organizations/5f0d8be37548c4008ce031b0?overrideScoreId=score,,
441,Procaccio Painting Company,http://www.procacciopainting.com/,procacciopainting.com,painting company,,4,"[""apollo""]",,,2025-10-16T22:08:50.579Z,2025-10-16T22:10:40.099Z,,,,Saint Charles,Illinois,,,,,https://app.apollo.io/#/organizations/55ee320df3e5bb2675000570?overrideScoreId=score,,
442,Hyatt Painting Company,http://www.hyattpaintingco.com/,hyattpaintingco.com,painting company,,,"[""apollo""]",,,2025-10-16T22:08:50.579Z,2025-10-16T22:10:40.099Z,,,,Lake Forest,Illinois,,,,,https://app.apollo.io/#/organizations/67148b9a2287c40001a79fb9?overrideScoreId=score,,
443,Sauer Painting Company,http://www.housepaintingstcharles.com/,housepaintingstcharles.com,painting company,,1,"[""apollo""]",,,2025-10-16T22:08:50.579Z,2025-10-16T22:10:40.099Z,,,,Saint Charles,Illinois,,,,,https://app.apollo.io/#/organizations/6714cb36e5fc67000115d3bd?overrideScoreId=score,,
444,Town Square Painting Company,http://www.townsquarepainting.com/,townsquarepainting.com,painting company,,,"[""apollo""]",,,2025-10-16T22:08:50.579Z,2025-10-16T22:10:40.099Z,,,,Naperville,Illinois,,,,,https://app.apollo.io/#/organizations/66f9e7d327980600012f97d3?overrideScoreId=score,,
445,Inside Outside Painting Company,http://www.insideoutsidepainting.com/,insideoutsidepainting.com,painting company,,,"[""apollo""]",,,2025-10-16T22:08:50.579Z,2025-10-16T22:10:40.099Z,,,,Evanston,Illinois,,,,,https://app.apollo.io/#/organizations/670b31e39dc7fa000114c468?overrideScoreId=score,,
446,Steadfast Painting Solutions Corp,,,painting company,,,"[""apollo""]",,,2025-10-16T22:08:50.580Z,2025-10-16T22:10:40.099Z,,,,,,,,,,https://app.apollo.io/#/organizations/54fca59c7369640186842f00?overrideScoreId=score,,
447,"ASPEN COMMERCIAL PAINTING, INC",,,painting company,,,"[""apollo""]",,,2025-10-16T22:08:50.581Z,2025-10-16T22:10:40.100Z,,,,,,,,,,https://app.apollo.io/#/organizations/64b31310674a12000102f847?overrideScoreId=score,,
448,Paintrix Painting Company,,,painting company,,,"[""apollo""]",,,2025-10-16T22:08:50.581Z,2025-10-16T22:10:40.100Z,,,,,,,,,,https://app.apollo.io/#/organizations/5f0d8be37548c4008ce031b0?overrideScoreId=score,,
449,Procaccio Painting Company,,,painting company,,,"[""apollo""]",,,2025-10-16T22:08:50.581Z,2025-10-16T22:10:40.100Z,,,,,,,,,,https://app.apollo.io/#/organizations/55ee320df3e5bb2675000570?overrideScoreId=score,,
450,NWS Restoration - Roofing Contractor and Painting Company of Grayslake,,,painting company,,,"[""apollo""]",,,2025-10-16T22:08:50.581Z,2025-10-16T22:10:40.100Z,,,,,,,,,,https://app.apollo.io/#/organizations/648a5abf3c21f700a381f0c0?overrideScoreId=score,,
451,RED FEATHER PAINTING COMPANY,,,painting company,,,"[""apollo""]",,,2025-10-16T22:08:50.581Z,2025-10-16T22:10:40.100Z,,,,,,,,,,https://app.apollo.io/#/organizations/6392aae7d6bac70001f49d3c?overrideScoreId=score,,
452,Hyatt Painting Company,,,painting company,,,"[""apollo""]",,,2025-10-16T22:08:50.581Z,2025-10-16T22:10:40.100Z,,,,,,,,,,https://app.apollo.io/#/organizations/67148b9a2287c40001a79fb9?overrideScoreId=score,,
453,Sauer Painting Company,,,painting company,,,"[""apollo""]",,,2025-10-16T22:08:50.581Z,2025-10-16T22:10:40.100Z,,,,,,,,,,https://app.apollo.io/#/organizations/6714cb36e5fc67000115d3bd?overrideScoreId=score,,
454,T. Robbins Painting Company,,,painting company,,,"[""apollo""]",,,2025-10-16T22:08:50.582Z,2025-10-16T22:10:40.100Z,,,,,,,,,,https://app.apollo.io/#/organizations/66e1541b890ec80001db1239?overrideScoreId=score,,
455,Town Square Painting Company,,,painting company,,,"[""apollo""]",,,2025-10-16T22:08:50.585Z,2025-10-16T22:10:40.100Z,,,,,,,,,,https://app.apollo.io/#/organizations/66f9e7d327980600012f97d3?overrideScoreId=score,,
456,Inside Outside Painting Company,,,painting company,,,"[""apollo""]",,,2025-10-16T22:08:50.586Z,2025-10-16T22:10:40.100Z,,,,,,,,,,https://app.apollo.io/#/organizations/670b31e39dc7fa000114c468?overrideScoreId=score,,
457,House Painting Company,,,painting company,,17,"[""apollo""]",,,2025-10-16T22:08:53.499Z,2025-10-16T22:10:40.100Z,,,,Indianapolis,Indiana,,,,,https://app.apollo.io/#/organizations/55f48500f3e5bb17f0000a8c?overrideScoreId=score,,
458,Pro Paint & Finish,http://www.propaintandfinish.com/,propaintandfinish.com,painting company,,8,"[""apollo""]",,,2025-10-16T22:08:53.500Z,2025-10-16T22:10:40.100Z,,,,Goshen,Indiana,,,,,https://app.apollo.io/#/organizations/60ec025a9b7c8c00a41f4fe8?overrideScoreId=score,,
459,Custom Designers Inc,http://www.customdesignersinc.com/,customdesignersinc.com,painting company,,19,"[""apollo""]",,,2025-10-16T22:08:53.500Z,2025-10-16T22:10:40.100Z,,,,Portage,Indiana,,,,,https://app.apollo.io/#/organizations/60498abfee00ee000197f973?overrideScoreId=score,,
460,Colorbilt Painting LLC,http://www.colorbiltpainting.com/,colorbiltpainting.com,painting company,,2,"[""apollo""]",,,2025-10-16T22:08:53.501Z,2025-10-16T22:10:40.101Z,,,,Plymouth,Indiana,,,,,https://app.apollo.io/#/organizations/64169c480364d6000140a103?overrideScoreId=score,,
461,Alpha Pro Painting Company,http://www.alphapropainting.com/,alphapropainting.com,painting company,,5,"[""apollo""]",,,2025-10-16T22:08:53.501Z,2025-10-16T22:10:40.101Z,,,,Indianapolis,Indiana,,,,,https://app.apollo.io/#/organizations/57c4f8b2a6da986ac74407ec?overrideScoreId=score,,
462,Hoosier Painting Company,http://www.a1hoosierpainting.com/,a1hoosierpainting.com,painting company,,1,"[""apollo""]",,,2025-10-16T22:08:53.501Z,2025-10-16T22:10:40.101Z,,,,Angola,Indiana,,,,,https://app.apollo.io/#/organizations/55f6a025f3e5bb18db01401d?overrideScoreId=score,,
463,"Beeson Construction, Inc.",http://www.beesonconstruction.com/,beesonconstruction.com,painting company,,2,"[""apollo""]",,,2025-10-16T22:08:53.501Z,2025-10-16T22:10:40.101Z,,,,Beeson Construction,Inc.,,,,,https://app.apollo.io/#/organizations/65775b862a24bf021bd89beb?overrideScoreId=score,,
464,Russell Painting Company,http://www.russellpaintingcompany.com/,russellpaintingcompany.com,painting company,,,"[""apollo""]",,,2025-10-16T22:08:53.502Z,2025-10-16T22:10:40.101Z,,,,Indianapolis,Indiana,,,,,https://app.apollo.io/#/organizations/5fd1992e3af5250001f14bba?overrideScoreId=score,,
465,Pro Paint & Finish,,,painting company,,,"[""apollo""]",,,2025-10-16T22:08:53.502Z,2025-10-16T22:10:40.101Z,,,,,,,,,,https://app.apollo.io/#/organizations/60ec025a9b7c8c00a41f4fe8?overrideScoreId=score,,
466,Custom Designers Inc,,,painting company,,,"[""apollo""]",,,2025-10-16T22:08:53.502Z,2025-10-16T22:10:40.101Z,,,,,,,,,,https://app.apollo.io/#/organizations/60498abfee00ee000197f973?overrideScoreId=score,,
467,Colorbilt Painting LLC,,,painting company,,,"[""apollo""]",,,2025-10-16T22:08:53.502Z,2025-10-16T22:10:40.101Z,,,,,,,,,,https://app.apollo.io/#/organizations/64169c480364d6000140a103?overrideScoreId=score,,
468,Alpha Pro Painting Company,,,painting company,,,"[""apollo""]",,,2025-10-16T22:08:53.503Z,2025-10-16T22:10:40.101Z,,,,,,,,,,https://app.apollo.io/#/organizations/57c4f8b2a6da986ac74407ec?overrideScoreId=score,,
469,Hoosier Painting Company,,,painting company,,,"[""apollo""]",,,2025-10-16T22:08:53.503Z,2025-10-16T22:10:40.101Z,,,,,,,,,,https://app.apollo.io/#/organizations/55f6a025f3e5bb18db01401d?overrideScoreId=score,,
470,"Beeson Construction, Inc.",,,painting company,,,"[""apollo""]",,,2025-10-16T22:08:53.503Z,2025-10-16T22:10:40.101Z,,,,,,,,,,https://app.apollo.io/#/organizations/65775b862a24bf021bd89beb?overrideScoreId=score,,
471,Russell Painting Company,,,painting company,,,"[""apollo""]",,,2025-10-16T22:08:53.504Z,2025-10-16T22:10:40.101Z,,,,,,,,,,https://app.apollo.io/#/organizations/5fd1992e3af5250001f14bba?overrideScoreId=score,,
472,Pickled Palette,http://www.pickledpalette.com/,pickledpalette.com,painting company,,2,"[""apollo""]",,,2025-10-16T22:08:56.417Z,2025-10-16T22:10:40.101Z,,,,Sioux City,Iowa,,,,,https://app.apollo.io/#/organizations/5e559eb11929490001817af2?overrideScoreId=score,,
473,Model Painting Company,http://www.modelpaintingco.com/,modelpaintingco.com,painting company,,,"[""apollo""]",,,2025-10-16T22:08:56.417Z,2025-10-16T22:10:40.101Z,,,,Cedar Rapids,Iowa,,,,,https://app.apollo.io/#/organizations/66e3e7e048a9da00018ee5c4?overrideScoreId=score,,
474,"Council Bluffs, Iowa",http://www.14thstreetpaintingco.com/,14thstreetpaintingco.com,painting company,,,"[""apollo""]",,,2025-10-16T22:08:56.418Z,2025-10-16T22:10:40.101Z,,,,Council Bluffs,Iowa,,,,,https://app.apollo.io/#/organizations/66d7df551abe31000181f5ad?overrideScoreId=score,,
475,Precision Painting Company of Sioux City,http://www.precisionpaintingsc.com/,precisionpaintingsc.com,painting company,,1,"[""apollo""]",,,2025-10-16T22:08:56.418Z,2025-10-16T22:10:40.101Z,,,,Sioux City,Iowa,,,,,https://app.apollo.io/#/organizations/672efe3ae4b4210001992a77?overrideScoreId=score,,
476,Pickled Palette,,,painting company,,,"[""apollo""]",,,2025-10-16T22:08:56.418Z,2025-10-16T22:10:40.102Z,,,,,,,,,,https://app.apollo.io/#/organizations/5e559eb11929490001817af2?overrideScoreId=score,,
477,Model Painting Company,,,painting company,,,"[""apollo""]",,,2025-10-16T22:08:56.418Z,2025-10-16T22:10:40.102Z,,,,,,,,,,https://app.apollo.io/#/organizations/66e3e7e048a9da00018ee5c4?overrideScoreId=score,,
478,14th Street Painting Company,,,painting company,,,"[""apollo""]",,,2025-10-16T22:08:56.418Z,2025-10-16T22:10:40.102Z,,,,,,,,,,https://app.apollo.io/#/organizations/66d7df551abe31000181f5ad?overrideScoreId=score,,
479,Precision Painting Company of Sioux City,,,painting company,,,"[""apollo""]",,,2025-10-16T22:08:56.419Z,2025-10-16T22:10:40.102Z,,,,,,,,,,https://app.apollo.io/#/organizations/672efe3ae4b4210001992a77?overrideScoreId=score,,
480,River City Painting,http://www.paintwichita.com/,paintwichita.com,painting company,,36,"[""apollo""]",,,2025-10-16T22:08:59.346Z,2025-10-16T22:10:40.102Z,,,,Wichita,Kansas,,,,,https://app.apollo.io/#/organizations/605e512808646700a454d6ed?overrideScoreId=score,,
481,Absolute Painting,http://www.absolutehousepainters.com/,absolutehousepainters.com,painting company,,42,"[""apollo""]",,,2025-10-16T22:08:59.347Z,2025-10-16T22:10:40.102Z,,,,Lawrence,Kansas,,,,,https://app.apollo.io/#/organizations/5e5768e4f5f6f300017589bf?overrideScoreId=score,,
482,River City Painting,,,painting company,,,"[""apollo""]",,,2025-10-16T22:08:59.347Z,2025-10-16T22:10:40.102Z,,,,,,,,,,https://app.apollo.io/#/organizations/605e512808646700a454d6ed?overrideScoreId=score,,
483,ACE HOUSE PAINTING INC.,,,painting company,,,"[""apollo""]",,,2025-10-16T22:08:59.347Z,2025-10-16T22:10:40.102Z,,,,,,,,,,https://app.apollo.io/#/organizations/647053dca68d26000126fdd9?overrideScoreId=score,,
484,Absolute Painting,,,painting company,,,"[""apollo""]",,,2025-10-16T22:08:59.347Z,2025-10-16T22:10:40.103Z,,,,,,,,,,https://app.apollo.io/#/organizations/5e5768e4f5f6f300017589bf?overrideScoreId=score,,
485,Bolden's Painting Company,,,painting company,,,"[""apollo""]",,,2025-10-16T22:08:59.347Z,2025-10-16T22:10:40.103Z,,,,,,,,,,https://app.apollo.io/#/organizations/688afade297c23000143a67f?overrideScoreId=score,,
486,Redemption Painting Company,http://www.redemptionpainting.com/,redemptionpainting.com,painting company,,4,"[""apollo""]",,,2025-10-16T22:09:02.252Z,2025-10-16T22:10:40.104Z,,,,Louisville,Kentucky,,,,,https://app.apollo.io/#/organizations/67264cf94acbcd00012de8cb?overrideScoreId=score,,
487,Cardinal Painting Company,http://www.cardinalpaintingaz.com/,cardinalpaintingaz.com,painting company,,,"[""apollo""]",,,2025-10-16T22:09:02.253Z,2025-10-16T22:10:40.104Z,,,,Louisville,Kentucky,,,,,https://app.apollo.io/#/organizations/67ceb620ca78950001eef353?overrideScoreId=score,,
488,Winner's Circle Painting,,,painting company,,,"[""apollo""]",,,2025-10-16T22:09:02.253Z,2025-10-16T22:10:40.104Z,,,,,,,,,,https://app.apollo.io/#/organizations/5e57eb0605b1890001ae5f3d?overrideScoreId=score,,
489,Redemption Painting Company,,,painting company,,,"[""apollo""]",,,2025-10-16T22:09:02.254Z,2025-10-16T22:10:40.104Z,,,,,,,,,,https://app.apollo.io/#/organizations/67264cf94acbcd00012de8cb?overrideScoreId=score,,
490,Cardinal Painting Company,,,painting company,,,"[""apollo""]",,,2025-10-16T22:09:02.254Z,2025-10-16T22:10:40.104Z,,,,,,,,,,https://app.apollo.io/#/organizations/67ceb620ca78950001eef353?overrideScoreId=score,,
491,Shreveport Painting Company,http://www.shreveportpaintingcompany.com/,shreveportpaintingcompany.com,painting company,,,"[""apollo""]",,,2025-10-16T22:09:05.156Z,2025-10-16T22:10:40.104Z,,,,Shreveport,Louisiana,,,,,https://app.apollo.io/#/organizations/640c01b8802e120001d5a9ce?overrideScoreId=score,,
492,Hart Painting Company,,,painting company,,15,"[""apollo""]",,,2025-10-16T22:09:05.157Z,2025-10-16T22:10:40.104Z,,,,Farmerville,Louisiana,,,,,https://app.apollo.io/#/organizations/556d4dd2736964124f8fda00?overrideScoreId=score,,
493,"Baton Rouge, Louisiana",http://www.bobspaintingbr.com/,bobspaintingbr.com,painting company,,4,"[""apollo""]",,,2025-10-16T22:09:05.157Z,2025-10-16T22:10:40.104Z,,,,Baton Rouge,Louisiana,,,,,https://app.apollo.io/#/organizations/67b32658210fb60001f9927f?overrideScoreId=score,,
494,"Baton Rouge, Louisiana",http://www.frantzgibson.com/,frantzgibson.com,painting company,,5,"[""apollo""]",,,2025-10-16T22:09:05.158Z,2025-10-16T22:10:40.104Z,,,,Baton Rouge,Louisiana,,,,,https://app.apollo.io/#/organizations/66e5e544050e580001ffa311?overrideScoreId=score,,
495,TASCH Painting Company,,,painting company,,,"[""apollo""]",,,2025-10-16T22:09:05.158Z,2025-10-16T22:10:40.104Z,,,,,,,,,,https://app.apollo.io/#/organizations/56de2fcef3e5bb0130000dd6?overrideScoreId=score,,
496,Shreveport Painting Company,,,painting company,,,"[""apollo""]",,,2025-10-16T22:09:05.158Z,2025-10-16T22:10:40.105Z,,,,,,,,,,https://app.apollo.io/#/organizations/640c01b8802e120001d5a9ce?overrideScoreId=score,,
497,BOB'S PAINTING COMPANY,,,painting company,,,"[""apollo""]",,,2025-10-16T22:09:05.158Z,2025-10-16T22:10:40.105Z,,,,,,,,,,https://app.apollo.io/#/organizations/67b32658210fb60001f9927f?overrideScoreId=score,,
498,FRANTZ-GIBSON PAINTING COMPANY,,,painting company,,,"[""apollo""]",,,2025-10-16T22:09:05.159Z,2025-10-16T22:10:40.105Z,,,,,,,,,,https://app.apollo.io/#/organizations/66e5e544050e580001ffa311?overrideScoreId=score,,
499,D B Withrow Painting Company,,,painting company,,,"[""apollo""]",,,2025-10-16T22:09:08.062Z,2025-10-16T22:10:40.105Z,,,,,,,,,,https://app.apollo.io/#/organizations/670210966dfbb700011a9efb?overrideScoreId=score,,
500,Phillip James Inc.,http://www.phillipjamesinc.com/,phillipjamesinc.com,painting company,,5,"[""apollo""]",,,2025-10-16T22:09:10.966Z,2025-10-16T22:10:40.105Z,,,,Cockeysville,Maryland,,,,,https://app.apollo.io/#/organizations/5fc9670c78a2b4000119f7e6?overrideScoreId=score,,
501,Royal Painting Company LLC,,,painting company,,15,"[""apollo""]",,,2025-10-16T22:09:10.968Z,2025-10-16T22:10:40.105Z,,,,Baltimore,Maryland,,,,,https://app.apollo.io/#/organizations/5592234e73696418dffb8d00?overrideScoreId=score,,
502,Owens Painting Company,http://www.owenspaintingcompany.com/,owenspaintingcompany.com,painting company,,4,"[""apollo""]",,,2025-10-16T22:09:10.968Z,2025-10-16T22:10:40.105Z,,,,Baltimore,Maryland,,,,,https://app.apollo.io/#/organizations/63c3b8a5fbb8360001158a5c?overrideScoreId=score,,
503,"Squarehead Painting Company, Inc.",http://www.squareheadpainting.com/,squareheadpainting.com,painting company,,3,"[""apollo""]",,,2025-10-16T22:09:10.968Z,2025-10-16T22:10:40.105Z,,,,Squarehead Painting Company,Inc.,,,,,https://app.apollo.io/#/organizations/556daee473696411d5706c01?overrideScoreId=score,,
504,"Blue Sky Painting & Carpentry, LLC",http://www.blueskypaintingpros.com/,blueskypaintingpros.com,painting company,,4,"[""apollo""]",,,2025-10-16T22:09:10.968Z,2025-10-16T22:10:40.105Z,,,,Columbia,Maryland,,,,,https://app.apollo.io/#/organizations/54a126de69702d9313c05000?overrideScoreId=score,,
505,"Silver Spring, Maryland",http://www.hmr-painting-company.com/,hmr-painting-company.com,painting company,,,"[""apollo""]",,,2025-10-16T22:09:10.968Z,2025-10-16T22:10:40.105Z,,,,Silver Spring,Maryland,,,,,https://app.apollo.io/#/organizations/6728aafa4193e90001e31d3b?overrideScoreId=score,,
506,"Bel Air, Maryland",http://www.brightpaintingcompany.com/,brightpaintingcompany.com,painting company,,2,"[""apollo""]",,,2025-10-16T22:09:10.969Z,2025-10-16T22:10:40.105Z,,,,Bel Air,Maryland,,,,,https://app.apollo.io/#/organizations/66e3d99248a9da00018e8cb3?overrideScoreId=score,,
507,The Maryland Painting Company,http://www.marylandpaintingcompany.com/,marylandpaintingcompany.com,painting company,,,"[""apollo""]",,,2025-10-16T22:09:10.969Z,2025-10-16T22:10:40.106Z,,,,Upper Marlboro,Maryland,,,,,https://app.apollo.io/#/organizations/677fa818dff56002ce3d65b4?overrideScoreId=score,,
508,"Leon Ringeval Painting Company, LLC",http://www.leonringevalpainting.com/,leonringevalpainting.com,painting company,,1,"[""apollo""]",,,2025-10-16T22:09:10.969Z,2025-10-16T22:10:40.106Z,,,,Shady Side,Maryland,,,,,https://app.apollo.io/#/organizations/67402c5131c7620001b9a7f8?overrideScoreId=score,,
509,Phillip James Inc.,,,painting company,,,"[""apollo""]",,,2025-10-16T22:09:10.969Z,2025-10-16T22:10:40.106Z,,,,,,,,,,https://app.apollo.io/#/organizations/5fc9670c78a2b4000119f7e6?overrideScoreId=score,,
510,Roy's Painting Company,,,painting company,,,"[""apollo""]",,,2025-10-16T22:09:10.969Z,2025-10-16T22:10:40.106Z,,,,,,,,,,https://app.apollo.io/#/organizations/5fca919e3cfd3a0001c83345?overrideScoreId=score,,
511,Owens Painting Company,,,painting company,,,"[""apollo""]",,,2025-10-16T22:09:10.969Z,2025-10-16T22:10:40.106Z,,,,,,,,,,https://app.apollo.io/#/organizations/63c3b8a5fbb8360001158a5c?overrideScoreId=score,,
512,"Squarehead Painting Company, Inc.",,,painting company,,,"[""apollo""]",,,2025-10-16T22:09:10.970Z,2025-10-16T22:10:40.106Z,,,,,,,,,,https://app.apollo.io/#/organizations/556daee473696411d5706c01?overrideScoreId=score,,
513,Livers & Sons Painting,,,painting company,,,"[""apollo""]",,,2025-10-16T22:09:10.971Z,2025-10-16T22:10:40.106Z,,,,,,,,,,https://app.apollo.io/#/organizations/63fcda875555dc00dbd0189f?overrideScoreId=score,,
514,"Blue Sky Painting & Carpentry, LLC",,,painting company,,,"[""apollo""]",,,2025-10-16T22:09:10.971Z,2025-10-16T22:10:40.106Z,,,,,,,,,,https://app.apollo.io/#/organizations/54a126de69702d9313c05000?overrideScoreId=score,,
515,"J.N.A PAINTING COMPANY, INC.",,,painting company,,,"[""apollo""]",,,2025-10-16T22:09:10.971Z,2025-10-16T22:10:40.106Z,,,,,,,,,,https://app.apollo.io/#/organizations/66f255cc604398000175990d?overrideScoreId=score,,
516,J.O. Painting Company,,,painting company,,,"[""apollo""]",,,2025-10-16T22:09:10.971Z,2025-10-16T22:10:40.106Z,,,,,,,,,,https://app.apollo.io/#/organizations/672744a662f46c0001c78562?overrideScoreId=score,,
517,HMR Painting Company,,,painting company,,,"[""apollo""]",,,2025-10-16T22:09:10.972Z,2025-10-16T22:10:40.106Z,,,,,,,,,,https://app.apollo.io/#/organizations/6728aafa4193e90001e31d3b?overrideScoreId=score,,
518,Saylor's Painting Company,,,painting company,,,"[""apollo""]",,,2025-10-16T22:09:10.972Z,2025-10-16T22:10:40.107Z,,,,,,,,,,https://app.apollo.io/#/organizations/6713caea10222c0001ef1f60?overrideScoreId=score,,
519,DAVID MAHONEY PAINTING COMPANY,,,painting company,,,"[""apollo""]",,,2025-10-16T22:09:10.972Z,2025-10-16T22:10:40.107Z,,,,,,,,,,https://app.apollo.io/#/organizations/66e90a02c017ab0001108333?overrideScoreId=score,,
520,O.C. Painting Company,,,painting company,,,"[""apollo""]",,,2025-10-16T22:09:10.972Z,2025-10-16T22:10:40.107Z,,,,,,,,,,https://app.apollo.io/#/organizations/673a122a383ef400013fca9f?overrideScoreId=score,,
521,bright painting company,,,painting company,,,"[""apollo""]",,,2025-10-16T22:09:10.972Z,2025-10-16T22:10:40.107Z,,,,,,,,,,https://app.apollo.io/#/organizations/66e3d99248a9da00018e8cb3?overrideScoreId=score,,
522,STB Painting Company,,,painting company,,,"[""apollo""]",,,2025-10-16T22:09:10.973Z,2025-10-16T22:10:40.107Z,,,,,,,,,,https://app.apollo.io/#/organizations/672f5368cd1c1f0001769bb9?overrideScoreId=score,,
523,The Maryland Painting Company,,,painting company,,,"[""apollo""]",,,2025-10-16T22:09:10.973Z,2025-10-16T22:10:40.107Z,,,,,,,,,,https://app.apollo.io/#/organizations/677fa818dff56002ce3d65b4?overrideScoreId=score,,
524,"Leon Ringeval Painting Company, LLC",,,painting company,,,"[""apollo""]",,,2025-10-16T22:09:10.973Z,2025-10-16T22:10:40.107Z,,,,,,,,,,https://app.apollo.io/#/organizations/67402c5131c7620001b9a7f8?overrideScoreId=score,,
525,The Masse Group,http://www.massegroup.com/,massegroup.com,painting company,,4,"[""apollo""]",,,2025-10-16T22:09:13.881Z,2025-10-16T22:10:40.107Z,,,,Kingston,Massachusetts,,,,,https://app.apollo.io/#/organizations/5592179473696418dfb16200?overrideScoreId=score,,
526,"Cosmos Painting Company, Inc.",http://www.cosmospainting.com/,cosmospainting.com,painting company,,2,"[""apollo""]",,,2025-10-16T22:09:13.884Z,2025-10-16T22:10:40.107Z,,,,Cosmos Painting Company,Inc.,,,,,https://app.apollo.io/#/organizations/6457d94507685e00011ec178?overrideScoreId=score,,
527,Mikes Painting Company,,,painting company,,38,"[""apollo""]",,,2025-10-16T22:09:13.884Z,2025-10-16T22:10:40.107Z,,,,Peabody,Massachusetts,,,,,https://app.apollo.io/#/organizations/664a571139db1c000114a74a?overrideScoreId=score,,
528,Mason Painting Company,http://www.masonpaintingco.com/,masonpaintingco.com,painting company,,23,"[""apollo""]",,,2025-10-16T22:09:13.884Z,2025-10-16T22:10:40.107Z,,,,Worcester,Massachusetts,,,,,https://app.apollo.io/#/organizations/60499efde8614700012d037e?overrideScoreId=score,,
529,Island Painting Company,http://www.islandpaintingcompany.com/,islandpaintingcompany.com,painting company,,8,"[""apollo""]",,,2025-10-16T22:09:13.884Z,2025-10-16T22:10:40.107Z,,,,Framingham,Massachusetts,,,,,https://app.apollo.io/#/organizations/5c1f45b0a3ae61f90790b41d?overrideScoreId=score,,
530,"All Pro Painters, Inc",http://www.allpropainters.net/,allpropainters.net,painting company,,8,"[""apollo""]",,,2025-10-16T22:09:13.885Z,2025-10-16T22:10:40.108Z,,,,All Pro Painters,Inc,,,,,https://app.apollo.io/#/organizations/54fca44b7369647fd2d62600?overrideScoreId=score,,
531,Northshore Painting LLC,http://www.northshorepaintingllc.com/,northshorepaintingllc.com,painting company,,1,"[""apollo""]",,,2025-10-16T22:09:13.885Z,2025-10-16T22:10:40.108Z,,,,North Reading,Massachusetts,,,,,https://app.apollo.io/#/organizations/66d15249f253ee01b22f0fc0?overrideScoreId=score,,
532,Scotland Painting Company,http://www.scotlandpaintingco.com/,scotlandpaintingco.com,painting company,,1,"[""apollo""]",,,2025-10-16T22:09:13.885Z,2025-10-16T22:10:40.108Z,,,,Cambridge,Massachusetts,,,,,https://app.apollo.io/#/organizations/6741be736c16840001cfe5f6?overrideScoreId=score,,
533,Debonair Painting Company,http://www.debonairpainting.com/,debonairpainting.com,painting company,,2,"[""apollo""]",,,2025-10-16T22:09:13.885Z,2025-10-16T22:10:40.108Z,,,,Haverhill,Massachusetts,,,,,https://app.apollo.io/#/organizations/67246f78d2de600001dfceac?overrideScoreId=score,,
534,Brockton Painting Company,http://www.brocktonpaintingcompany.com/,brocktonpaintingcompany.com,painting company,,,"[""apollo""]",,,2025-10-16T22:09:13.885Z,2025-10-16T22:10:40.108Z,,,,Brockton,Massachusetts,,,,,https://app.apollo.io/#/organizations/673474b861f02b0001e13f06?overrideScoreId=score,,
535,Countryside Painting Company,http://www.countrysidepaintingcompany.com/,countrysidepaintingcompany.com,painting company,,1,"[""apollo""]",,,2025-10-16T22:09:13.885Z,2025-10-16T22:10:40.108Z,,,,Somerville,Massachusetts,,,,,https://app.apollo.io/#/organizations/66f3ead571229f00016c6fc5?overrideScoreId=score,,
536,Batchelder Painting Company,http://www.batchelderpainting.com/,batchelderpainting.com,painting company,,,"[""apollo""]",,,2025-10-16T22:09:13.885Z,2025-10-16T22:10:40.108Z,,,,Carlisle,Massachusetts,,,,,https://app.apollo.io/#/organizations/66e3baf0879d530001e7aa96?overrideScoreId=score,,
537,Apex Painting Company,http://www.apexpaintingcompany.com/,apexpaintingcompany.com,painting company,,,"[""apollo""]",,,2025-10-16T22:09:13.886Z,2025-10-16T22:10:40.108Z,,,,Lancaster,Massachusetts,,,,,https://app.apollo.io/#/organizations/68996747d525d0000169db97?overrideScoreId=score,,
538,Waltham Painting Company,http://www.walthampaintingcompany.com/,walthampaintingcompany.com,painting company,,,"[""apollo""]",,,2025-10-16T22:09:13.886Z,2025-10-16T22:10:40.108Z,,,,Waltham,Massachusetts,,,,,https://app.apollo.io/#/organizations/66f9bd07ce26a000011b663d?overrideScoreId=score,,
539,Master Painting Company,http://www.masterpaintingcompany.com/,masterpaintingcompany.com,painting company,,,"[""apollo""]",,,2025-10-16T22:09:13.886Z,2025-10-16T22:10:40.108Z,,,,Marshfield,Massachusetts,,,,,https://app.apollo.io/#/organizations/5fd1b740d9b8670001dc5996?overrideScoreId=score,,
540,The Masse Group,,,painting company,,,"[""apollo""]",,,2025-10-16T22:09:13.886Z,2025-10-16T22:10:40.108Z,,,,,,,,,,https://app.apollo.io/#/organizations/5592179473696418dfb16200?overrideScoreId=score,,
541,"RB Painting Company, LLC",,,painting company,,,"[""apollo""]",,,2025-10-16T22:09:13.886Z,2025-10-16T22:10:40.108Z,,,,,,,,,,https://app.apollo.io/#/organizations/54a11f3c69702d9d7e06c601?overrideScoreId=score,,
542,"Cosmos Painting Company, Inc.",,,painting company,,,"[""apollo""]",,,2025-10-16T22:09:13.886Z,2025-10-16T22:10:40.108Z,,,,,,,,,,https://app.apollo.io/#/organizations/6457d94507685e00011ec178?overrideScoreId=score,,
543,H.D.F. Painting,,,painting company,,,"[""apollo""]",,,2025-10-16T22:09:13.886Z,2025-10-16T22:10:40.108Z,,,,,,,,,,https://app.apollo.io/#/organizations/63cd07a54c6ba800015514c8?overrideScoreId=score,,
544,Mason Painting Company,,,painting company,,,"[""apollo""]",,,2025-10-16T22:09:13.887Z,2025-10-16T22:10:40.108Z,,,,,,,,,,https://app.apollo.io/#/organizations/60499efde8614700012d037e?overrideScoreId=score,,
545,Island Painting Company,,,painting company,,,"[""apollo""]",,,2025-10-16T22:09:13.887Z,2025-10-16T22:10:40.116Z,,,,,,,,,,https://app.apollo.io/#/organizations/5c1f45b0a3ae61f90790b41d?overrideScoreId=score,,
546,"All Pro Painters, Inc",,,painting company,,,"[""apollo""]",,,2025-10-16T22:09:13.887Z,2025-10-16T22:10:40.117Z,,,,,,,,,,https://app.apollo.io/#/organizations/54fca44b7369647fd2d62600?overrideScoreId=score,,
547,J Buote Painting Company Inc,,,painting company,,,"[""apollo""]",,,2025-10-16T22:09:13.888Z,2025-10-16T22:10:40.117Z,,,,,,,,,,https://app.apollo.io/#/organizations/64b34af63488a60001250ec9?overrideScoreId=score,,
548,Northshore Painting LLC,,,painting company,,,"[""apollo""]",,,2025-10-16T22:09:13.888Z,2025-10-16T22:10:40.117Z,,,,,,,,,,https://app.apollo.io/#/organizations/66d15249f253ee01b22f0fc0?overrideScoreId=score,,
549,Scotland Painting Company,,,painting company,,,"[""apollo""]",,,2025-10-16T22:09:13.888Z,2025-10-16T22:10:40.117Z,,,,,,,,,,https://app.apollo.io/#/organizations/6741be736c16840001cfe5f6?overrideScoreId=score,,
550,Debonair Painting Company,,,painting company,,,"[""apollo""]",,,2025-10-16T22:09:13.888Z,2025-10-16T22:10:40.117Z,,,,,,,,,,https://app.apollo.io/#/organizations/67246f78d2de600001dfceac?overrideScoreId=score,,
551,P&H Painting Company,,,painting company,,,"[""apollo""]",,,2025-10-16T22:09:13.888Z,2025-10-16T22:10:40.117Z,,,,,,,,,,https://app.apollo.io/#/organizations/6689a9f230134d00010890e1?overrideScoreId=score,,
552,Brockton Painting Company,,,painting company,,,"[""apollo""]",,,2025-10-16T22:09:13.889Z,2025-10-16T22:10:40.117Z,,,,,,,,,,https://app.apollo.io/#/organizations/673474b861f02b0001e13f06?overrideScoreId=score,,
553,Lima’s Painting Company,,,painting company,,,"[""apollo""]",,,2025-10-16T22:09:13.889Z,2025-10-16T22:10:40.117Z,,,,,,,,,,https://app.apollo.io/#/organizations/672f2dc2cfd91b00010a4fea?overrideScoreId=score,,
554,Countryside Painting Company,,,painting company,,,"[""apollo""]",,,2025-10-16T22:09:13.890Z,2025-10-16T22:10:40.117Z,,,,,,,,,,https://app.apollo.io/#/organizations/66f3ead571229f00016c6fc5?overrideScoreId=score,,
555,Batchelder Painting Company,,,painting company,,,"[""apollo""]",,,2025-10-16T22:09:13.890Z,2025-10-16T22:10:40.118Z,,,,,,,,,,https://app.apollo.io/#/organizations/66e3baf0879d530001e7aa96?overrideScoreId=score,,
556,Apex Painting Company,,,painting company,,,"[""apollo""]",,,2025-10-16T22:09:13.890Z,2025-10-16T22:10:40.118Z,,,,,,,,,,https://app.apollo.io/#/organizations/68996747d525d0000169db97?overrideScoreId=score,,
557,Waltham Painting Company,,,painting company,,,"[""apollo""]",,,2025-10-16T22:09:13.890Z,2025-10-16T22:10:40.121Z,,,,,,,,,,https://app.apollo.io/#/organizations/66f9bd07ce26a000011b663d?overrideScoreId=score,,
558,Master Painting Company,,,painting company,,,"[""apollo""]",,,2025-10-16T22:09:13.890Z,2025-10-16T22:10:40.122Z,,,,,,,,,,https://app.apollo.io/#/organizations/5fd1b740d9b8670001dc5996?overrideScoreId=score,,
559,S & B Painting Company,,,painting company,,,"[""apollo""]",,,2025-10-16T22:09:13.890Z,2025-10-16T22:10:40.122Z,,,,,,,,,,https://app.apollo.io/#/organizations/5fd1b82a6a3b1600012db306?overrideScoreId=score,,
560,Midwest Painting Company,http://www.midwestpainting.net/,midwestpainting.net,painting company,,9,"[""apollo""]",,,2025-10-16T22:09:16.819Z,2025-10-16T22:10:40.122Z,,,,Brighton,Michigan,,,,,https://app.apollo.io/#/organizations/64045e1c46f4a400010763be?overrideScoreId=score,,
561,Crown Painting LLC,http://www.crownpaintingco.com/,crownpaintingco.com,painting company,,2,"[""apollo""]",,,2025-10-16T22:09:16.820Z,2025-10-16T22:10:40.122Z,,,,Saint Clair Shores,Michigan,,,,,https://app.apollo.io/#/organizations/6541ef4a498fbe00a3377154?overrideScoreId=score,,
562,Eugenio Painting Company,http://www.eugeniopainting.com/,eugeniopainting.com,painting company,,13,"[""apollo""]",,,2025-10-16T22:09:16.820Z,2025-10-16T22:10:40.122Z,,,,Grosse Pointe Woods,Michigan,,,,,https://app.apollo.io/#/organizations/56dc1513f3e5bb7ec20035d7?overrideScoreId=score,,
563,Consumer Services,http://www.durapropainters.com/,durapropainters.com,painting company,,12,"[""apollo""]",,,2025-10-16T22:09:16.821Z,2025-10-16T22:10:40.123Z,,,,Grand Rapids,Michigan,,,,,https://app.apollo.io/#/organizations/5e57a2317eed1100011a5da4?overrideScoreId=score,,
564,Trio Painting Company,http://www.triopainting.com/,triopainting.com,painting company,,4,"[""apollo""]",,,2025-10-16T22:09:16.821Z,2025-10-16T22:10:40.123Z,,,,Bloomfield Hills,Michigan,,,,,https://app.apollo.io/#/organizations/640d87c7551e9d0001da06c3?overrideScoreId=score,,
565,"Wolf Painting Company, LLC",http://www.wolfpaintingcontractors.com/,wolfpaintingcontractors.com,painting company,,3,"[""apollo""]",,,2025-10-16T22:09:16.821Z,2025-10-16T22:10:40.123Z,,,,Madison Heights,Michigan,,,,,https://app.apollo.io/#/organizations/666d8b7ef364540001d21b37?overrideScoreId=score,,
566,Liberty Painting Company Inc.,http://www.libertyptg.com/,libertyptg.com,painting company,,5,"[""apollo""]",,,2025-10-16T22:09:16.821Z,2025-10-16T22:10:40.123Z,,,,Detroit,Michigan,,,,,https://app.apollo.io/#/organizations/66e2aa1032c787000187e3fc?overrideScoreId=score,,
567,Natural Painting,http://www.naturalpainting.net/,naturalpainting.net,painting company,,6,"[""apollo""]",,,2025-10-16T22:09:16.822Z,2025-10-16T22:10:40.123Z,,,,Sterling Heights,Michigan,,,,,https://app.apollo.io/#/organizations/559238ad73696418c961da00?overrideScoreId=score,,
568,Keider Painting Company,http://www.keiderpainting.com/,keiderpainting.com,painting company,,2,"[""apollo""]",,,2025-10-16T22:09:16.822Z,2025-10-16T22:10:40.123Z,,,,Brighton,Michigan,,,,,https://app.apollo.io/#/organizations/670c30790985530001869a56?overrideScoreId=score,,
569,Accurate Painting Company,http://www.accuratepainting.com/,accuratepainting.com,painting company,,4,"[""apollo""]",,,2025-10-16T22:09:16.822Z,2025-10-16T22:10:40.123Z,,,,Warren,Michigan,,,,,https://app.apollo.io/#/organizations/67889a7d7392bb0001b6de08?overrideScoreId=score,,
570,"Lincoln Park, Michigan",http://www.gkpainting.com/,gkpainting.com,painting company,,6,"[""apollo""]",,,2025-10-16T22:09:16.822Z,2025-10-16T22:10:40.123Z,,,,Lincoln Park,Michigan,,,,,https://app.apollo.io/#/organizations/67435d1069ee4100017f1b97?overrideScoreId=score,,
571,"Ann Arbor, Michigan",http://www.a2paintingcompany.com/,a2paintingcompany.com,painting company,,4,"[""apollo""]",,,2025-10-16T22:09:16.823Z,2025-10-16T22:10:40.123Z,,,,Ann Arbor,Michigan,,,,,https://app.apollo.io/#/organizations/670b3692132fcc000105012c?overrideScoreId=score,,
572,Tim MacDonough Painting Company,http://www.timmacdonoughpainting.com/,timmacdonoughpainting.com,painting company,,1,"[""apollo""]",,,2025-10-16T22:09:16.823Z,2025-10-16T22:10:40.123Z,,,,,,,,,,https://app.apollo.io/#/organizations/6744452b6e3c8f00016850c3?overrideScoreId=score,,
573,Clarkston Painting Company,http://www.clarkstonepoxycompany.com/,clarkstonepoxycompany.com,painting company,,1,"[""apollo""]",,,2025-10-16T22:09:16.823Z,2025-10-16T22:10:40.123Z,,,,Clarkston,Michigan,,,,,https://app.apollo.io/#/organizations/67416c4d6bccaf000166c5b4?overrideScoreId=score,,
574,Michigan Painting Company,http://www.michiganpaintingcompany.com/,michiganpaintingcompany.com,painting company,,1,"[""apollo""]",,,2025-10-16T22:09:16.823Z,2025-10-16T22:10:40.123Z,,,,Royal Oak,Michigan,,,,,https://app.apollo.io/#/organizations/66e2acd3c3469a00018a6293?overrideScoreId=score,,
575,Deep Gold Painting Company,http://www.deepgoldpainting.com/,deepgoldpainting.com,painting company,,1,"[""apollo""]",,,2025-10-16T22:09:16.823Z,2025-10-16T22:10:40.123Z,,,,Canton,Michigan,,,,,https://app.apollo.io/#/organizations/6736e52a6f950a00015c4765?overrideScoreId=score,,
576,Tony Grant’s Painting Company,http://www.tonygrantspainting.com/,tonygrantspainting.com,painting company,,2,"[""apollo""]",,,2025-10-16T22:09:16.824Z,2025-10-16T22:10:40.123Z,,,,Meridian charter Township,Michigan,,,,,https://app.apollo.io/#/organizations/67402b6a3f52c30001e790cc?overrideScoreId=score,,
577,Midwest Painting Company,,,painting company,,,"[""apollo""]",,,2025-10-16T22:09:16.824Z,2025-10-16T22:10:40.124Z,,,,,,,,,,https://app.apollo.io/#/organizations/64045e1c46f4a400010763be?overrideScoreId=score,,
578,Crown Painting LLC,,,painting company,,,"[""apollo""]",,,2025-10-16T22:09:16.824Z,2025-10-16T22:10:40.124Z,,,,,,,,,,https://app.apollo.io/#/organizations/6541ef4a498fbe00a3377154?overrideScoreId=score,,
579,Eugenio Painting Company,,,painting company,,,"[""apollo""]",,,2025-10-16T22:09:16.824Z,2025-10-16T22:10:40.124Z,,,,,,,,,,https://app.apollo.io/#/organizations/56dc1513f3e5bb7ec20035d7?overrideScoreId=score,,
580,DuraPro Painting LLC,,,painting company,,,"[""apollo""]",,,2025-10-16T22:09:16.824Z,2025-10-16T22:10:40.124Z,,,,,,,,,,https://app.apollo.io/#/organizations/5e57a2317eed1100011a5da4?overrideScoreId=score,,
581,Trio Painting Company,,,painting company,,,"[""apollo""]",,,2025-10-16T22:09:16.824Z,2025-10-16T22:10:40.124Z,,,,,,,,,,https://app.apollo.io/#/organizations/640d87c7551e9d0001da06c3?overrideScoreId=score,,
582,"Wolf Painting Company, LLC",,,painting company,,,"[""apollo""]",,,2025-10-16T22:09:16.824Z,2025-10-16T22:10:40.124Z,,,,,,,,,,https://app.apollo.io/#/organizations/666d8b7ef364540001d21b37?overrideScoreId=score,,
583,Liberty Painting Company Inc.,,,painting company,,,"[""apollo""]",,,2025-10-16T22:09:16.824Z,2025-10-16T22:10:40.124Z,,,,,,,,,,https://app.apollo.io/#/organizations/66e2aa1032c787000187e3fc?overrideScoreId=score,,
584,Tanis and Wood Painting Company,,,painting company,,,"[""apollo""]",,,2025-10-16T22:09:16.825Z,2025-10-16T22:10:40.124Z,,,,,,,,,,https://app.apollo.io/#/organizations/54a1284869702da2207d0501?overrideScoreId=score,,
585,Natural Painting,,,painting company,,,"[""apollo""]",,,2025-10-16T22:09:16.825Z,2025-10-16T22:10:40.124Z,,,,,,,,,,https://app.apollo.io/#/organizations/559238ad73696418c961da00?overrideScoreId=score,,
586,Keider Painting Company,,,painting company,,,"[""apollo""]",,,2025-10-16T22:09:16.825Z,2025-10-16T22:10:40.124Z,,,,,,,,,,https://app.apollo.io/#/organizations/670c30790985530001869a56?overrideScoreId=score,,
587,Accurate Painting Company,,,painting company,,,"[""apollo""]",,,2025-10-16T22:09:16.825Z,2025-10-16T22:10:40.124Z,,,,,,,,,,https://app.apollo.io/#/organizations/67889a7d7392bb0001b6de08?overrideScoreId=score,,
588,GEORGE KOUNTOUPES PAINTING COMPANY,,,painting company,,,"[""apollo""]",,,2025-10-16T22:09:16.825Z,2025-10-16T22:10:40.124Z,,,,,,,,,,https://app.apollo.io/#/organizations/67435d1069ee4100017f1b97?overrideScoreId=score,,
589,A2 Painting Company,,,painting company,,,"[""apollo""]",,,2025-10-16T22:09:16.825Z,2025-10-16T22:10:40.125Z,,,,,,,,,,https://app.apollo.io/#/organizations/670b3692132fcc000105012c?overrideScoreId=score,,
590,Brothers of the Brush Painting Company,,,painting company,,,"[""apollo""]",,,2025-10-16T22:09:16.825Z,2025-10-16T22:10:40.125Z,,,,,,,,,,https://app.apollo.io/#/organizations/6701529d2fa6a6000143ec72?overrideScoreId=score,,
591,Tim MacDonough Painting Company,,,painting company,,,"[""apollo""]",,,2025-10-16T22:09:16.825Z,2025-10-16T22:10:40.125Z,,,,,,,,,,https://app.apollo.io/#/organizations/6744452b6e3c8f00016850c3?overrideScoreId=score,,
592,Clarkston Painting Company,,,painting company,,,"[""apollo""]",,,2025-10-16T22:09:16.826Z,2025-10-16T22:10:40.125Z,,,,,,,,,,https://app.apollo.io/#/organizations/67416c4d6bccaf000166c5b4?overrideScoreId=score,,
593,Michigan Painting Company,,,painting company,,,"[""apollo""]",,,2025-10-16T22:09:16.826Z,2025-10-16T22:10:40.125Z,,,,,,,,,,https://app.apollo.io/#/organizations/66e2acd3c3469a00018a6293?overrideScoreId=score,,
594,Deep Gold Painting Company,,,painting company,,,"[""apollo""]",,,2025-10-16T22:09:16.826Z,2025-10-16T22:10:40.125Z,,,,,,,,,,https://app.apollo.io/#/organizations/6736e52a6f950a00015c4765?overrideScoreId=score,,
595,Tony Grant’s Painting Company,,,painting company,,,"[""apollo""]",,,2025-10-16T22:09:16.826Z,2025-10-16T22:10:40.125Z,,,,,,,,,,https://app.apollo.io/#/organizations/67402b6a3f52c30001e790cc?overrideScoreId=score,,
596,Complete Painting Services,http://www.completepaintingservicesinc.com/,completepaintingservicesinc.com,painting company,,5,"[""apollo""]",,,2025-10-16T22:09:19.743Z,2025-10-16T22:10:40.125Z,,,,Minneapolis,Minnesota,,,,,https://app.apollo.io/#/organizations/66a211ba042c4102d2092c72?overrideScoreId=score,,
597,Feedbackwrench Websites & Advertising,http://www.feedbackwrench.com/,feedbackwrench.com,painting company,,8,"[""apollo""]",,,2025-10-16T22:09:19.745Z,2025-10-16T22:10:40.125Z,,,,Saint Paul,Minnesota,,,,,https://app.apollo.io/#/organizations/5da4971c0f33d60001bc8a55?overrideScoreId=score,,
598,Consumer Services,http://www.jpaintingmn.com/,jpaintingmn.com,painting company,,10,"[""apollo""]",,,2025-10-16T22:09:19.745Z,2025-10-16T22:10:40.125Z,,,,Elk River,Minnesota,,,,,https://app.apollo.io/#/organizations/6726d9af6893d60001097cc4?overrideScoreId=score,,
599,Headwaters Painting,http://www.headwaterspainting.com/,headwaterspainting.com,painting company,,3,"[""apollo""]",,,2025-10-16T22:09:19.745Z,2025-10-16T22:10:40.125Z,,,,Minneapolis,Minnesota,,,,,https://app.apollo.io/#/organizations/673a8f793f77100001b0f5ca?overrideScoreId=score,,
600,Roell Painting Company,,,painting company,,7,"[""apollo""]",,,2025-10-16T22:09:19.745Z,2025-10-16T22:10:40.125Z,,,,Minneapolis,Minnesota,,,,,https://app.apollo.io/#/organizations/6733022d369a530001350e59?overrideScoreId=score,,
601,Svoboda Painting,http://www.svobodapainting.com/,svobodapainting.com,painting company,,1,"[""apollo""]",,,2025-10-16T22:09:19.746Z,2025-10-16T22:10:40.126Z,,,,Coon Rapids,Minnesota,,,,,https://app.apollo.io/#/organizations/66dce7f84bbff90001fcf9d3?overrideScoreId=score,,
602,Straightline House Painting | straightlinemn.com,http://www.straightlinemn.com/,straightlinemn.com,painting company,,1,"[""apollo""]",,,2025-10-16T22:09:19.747Z,2025-10-16T22:10:40.126Z,,,,Minneapolis,Minnesota,,,,,https://app.apollo.io/#/organizations/5e56047607939b0001dfbf06?overrideScoreId=score,,
603,Minnesota Craftsman Painting Company,http://www.minnesotacraftsman.com/,minnesotacraftsman.com,painting company,,2,"[""apollo""]",,,2025-10-16T22:09:19.747Z,2025-10-16T22:10:40.126Z,,,,Saint Paul,Minnesota,,,,,https://app.apollo.io/#/organizations/54a1356669702d352f07d600?overrideScoreId=score,,
604,"Saint Louis Park, Minnesota",http://www.americaspaintingco.com/,americaspaintingco.com,painting company,,5,"[""apollo""]",,,2025-10-16T22:09:19.747Z,2025-10-16T22:10:40.126Z,,,,Saint Louis Park,Minnesota,,,,,https://app.apollo.io/#/organizations/5f3efb2f7ea74c0001d1e9ef?overrideScoreId=score,,
605,Mill City Painting Company,http://www.mcpcmn.com/,mcpcmn.com,painting company,,1,"[""apollo""]",,,2025-10-16T22:09:19.747Z,2025-10-16T22:10:40.126Z,,,,Apple Valley,Minnesota,,,,,https://app.apollo.io/#/organizations/5a9cd5c6a6da98d98c6738a7?overrideScoreId=score,,
606,Cato Painting Company,http://www.catopaint.co/,catopaint.co,painting company,,,"[""apollo""]",,,2025-10-16T22:09:19.747Z,2025-10-16T22:10:40.126Z,,,,Detroit Lakes,Minnesota,,,,,https://app.apollo.io/#/organizations/672fe7f00af9f60001d99d30?overrideScoreId=score,,
607,Roell Painting Company,http://www.roellpainting.com/,roellpainting.com,painting company,,,"[""apollo""]",,,2025-10-16T22:09:19.747Z,2025-10-16T22:10:40.126Z,,,,Eden Prairie,Minnesota,,,,,https://app.apollo.io/#/organizations/6828dfa8cfefba00013fb084?overrideScoreId=score,,
608,Virnig Painting Company,http://www.virnigpainting.com/,virnigpainting.com,painting company,,1,"[""apollo""]",,,2025-10-16T22:09:19.748Z,2025-10-16T22:10:40.126Z,,,,Sauk Rapids,Minnesota,,,,,https://app.apollo.io/#/organizations/5592184b73696418e9f76400?overrideScoreId=score,,
609,Complete Painting Services,,,painting company,,,"[""apollo""]",,,2025-10-16T22:09:19.748Z,2025-10-16T22:10:40.126Z,,,,,,,,,,https://app.apollo.io/#/organizations/66a211ba042c4102d2092c72?overrideScoreId=score,,
610,Feedbackwrench Websites & Advertising,,,painting company,,,"[""apollo""]",,,2025-10-16T22:09:19.748Z,2025-10-16T22:10:40.126Z,,,,,,,,,,https://app.apollo.io/#/organizations/5da4971c0f33d60001bc8a55?overrideScoreId=score,,
611,J Painting,,,painting company,,,"[""apollo""]",,,2025-10-16T22:09:19.748Z,2025-10-16T22:10:40.126Z,,,,,,,,,,https://app.apollo.io/#/organizations/6726d9af6893d60001097cc4?overrideScoreId=score,,
612,Headwaters Painting,,,painting company,,,"[""apollo""]",,,2025-10-16T22:09:19.748Z,2025-10-16T22:10:40.126Z,,,,,,,,,,https://app.apollo.io/#/organizations/673a8f793f77100001b0f5ca?overrideScoreId=score,,
613,Svoboda Painting,,,painting company,,,"[""apollo""]",,,2025-10-16T22:09:19.748Z,2025-10-16T22:10:40.126Z,,,,,,,,,,https://app.apollo.io/#/organizations/66dce7f84bbff90001fcf9d3?overrideScoreId=score,,
614,Straightline House Painting | straightlinemn.com,,,painting company,,,"[""apollo""]",,,2025-10-16T22:09:19.749Z,2025-10-16T22:10:40.126Z,,,,,,,,,,https://app.apollo.io/#/organizations/5e56047607939b0001dfbf06?overrideScoreId=score,,
615,Minnesota Craftsman Painting Company,,,painting company,,,"[""apollo""]",,,2025-10-16T22:09:19.749Z,2025-10-16T22:10:40.126Z,,,,,,,,,,https://app.apollo.io/#/organizations/54a1356669702d352f07d600?overrideScoreId=score,,
616,America's Painting Company,,,painting company,,,"[""apollo""]",,,2025-10-16T22:09:19.749Z,2025-10-16T22:10:40.127Z,,,,,,,,,,https://app.apollo.io/#/organizations/5f3efb2f7ea74c0001d1e9ef?overrideScoreId=score,,
617,Mill City Painting Company,,,painting company,,,"[""apollo""]",,,2025-10-16T22:09:19.749Z,2025-10-16T22:10:40.127Z,,,,,,,,,,https://app.apollo.io/#/organizations/5a9cd5c6a6da98d98c6738a7?overrideScoreId=score,,
618,BODINE PAINTING COMPANY,,,painting company,,,"[""apollo""]",,,2025-10-16T22:09:19.749Z,2025-10-16T22:10:40.127Z,,,,,,,,,,https://app.apollo.io/#/organizations/67304012cd1c1f00017fafbc?overrideScoreId=score,,
619,Cato Painting Company,,,painting company,,,"[""apollo""]",,,2025-10-16T22:09:19.751Z,2025-10-16T22:10:40.127Z,,,,,,,,,,https://app.apollo.io/#/organizations/672fe7f00af9f60001d99d30?overrideScoreId=score,,
620,Virnig Painting Company,,,painting company,,,"[""apollo""]",,,2025-10-16T22:09:19.751Z,2025-10-16T22:10:40.127Z,,,,,,,,,,https://app.apollo.io/#/organizations/5592184b73696418e9f76400?overrideScoreId=score,,
621,THE BRUSH'S END PAINTING COMPANY,,,painting company,,,"[""apollo""]",,,2025-10-16T22:09:19.751Z,2025-10-16T22:10:40.127Z,,,,,,,,,,https://app.apollo.io/#/organizations/6730b489cb4dd60001ab0c3c?overrideScoreId=score,,
622,Calhoun Painting Company,http://www.housepaintersgermantown.com/,housepaintersgermantown.com,painting company,,,"[""apollo""]",,,2025-10-16T22:09:22.674Z,2025-10-16T22:10:40.127Z,,,,Southaven,Mississippi,,,,,https://app.apollo.io/#/organizations/6048ad4440a2f8000155e2f4?overrideScoreId=score,,
623,David Busby Painting Company,http://www.davidbusbypaintingco.com/,davidbusbypaintingco.com,painting company,,,"[""apollo""]",,,2025-10-16T22:09:22.675Z,2025-10-16T22:10:40.127Z,,,,Southaven,Mississippi,,,,,https://app.apollo.io/#/organizations/674b75e96d97730001777d6c?overrideScoreId=score,,
624,Calhoun Painting Company,,,painting company,,,"[""apollo""]",,,2025-10-16T22:09:22.675Z,2025-10-16T22:10:40.127Z,,,,,,,,,,https://app.apollo.io/#/organizations/6048ad4440a2f8000155e2f4?overrideScoreId=score,,
625,David Busby Painting Company,,,painting company,,,"[""apollo""]",,,2025-10-16T22:09:22.675Z,2025-10-16T22:10:40.127Z,,,,,,,,,,https://app.apollo.io/#/organizations/674b75e96d97730001777d6c?overrideScoreId=score,,
626,"Saint Louis, Missouri",,,painting company,,25,"[""apollo""]",,,2025-10-16T22:09:25.592Z,2025-10-16T22:10:40.127Z,,,,Saint Louis,Missouri,,,,,https://app.apollo.io/#/organizations/664184bac4411200019ab714?overrideScoreId=score,,
627,Midwest Superior Painting LLC,http://www.midwestsuperiorpainting.com/,midwestsuperiorpainting.com,painting company,,1,"[""apollo""]",,,2025-10-16T22:09:25.593Z,2025-10-16T22:10:40.127Z,,,,Kansas City,Missouri,,,,,https://app.apollo.io/#/organizations/60495678666ef700011a33c1?overrideScoreId=score,,
628,Gateway Custom Painting LLC,http://www.gatewaycustompainting.com/,gatewaycustompainting.com,painting company,,2,"[""apollo""]",,,2025-10-16T22:09:25.594Z,2025-10-16T22:10:40.128Z,,,,Creve Coeur,Missouri,,,,,https://app.apollo.io/#/organizations/646efe6dbff36300019b771e?overrideScoreId=score,,
629,"Switzer Brother's Painting, LLC",http://www.switzerbrothers.com/,switzerbrothers.com,painting company,,5,"[""apollo""]",,,2025-10-16T22:09:25.594Z,2025-10-16T22:10:40.128Z,,,,Kansas City,Missouri,,,,,https://app.apollo.io/#/organizations/55eaae84f3e5bb0bdb001118?overrideScoreId=score,,
630,"Fearing Painting Company, INC.",http://www.fearingpainting.com/,fearingpainting.com,painting company,,3,"[""apollo""]",,,2025-10-16T22:09:25.594Z,2025-10-16T22:10:40.128Z,,,,Springfield,Missouri,,,,,https://app.apollo.io/#/organizations/64a1ed055b5e0200017dba45?overrideScoreId=score,,
631,Improovy Painters St Louis,,,painting company,,,"[""apollo""]",,,2025-10-16T22:09:25.594Z,2025-10-16T22:10:40.128Z,,,,St. Louis,Missouri,,,,,https://app.apollo.io/#/organizations/6656a1e70016730001c9f4cd?overrideScoreId=score,,
632,Consumer Services,http://www.callmyhouse.com/,callmyhouse.com,painting company,,1,"[""apollo""]",,,2025-10-16T22:09:25.595Z,2025-10-16T22:10:40.128Z,,,,St. Louis,Missouri,,,,,https://app.apollo.io/#/organizations/65cb0f8c986f0705742fe315?overrideScoreId=score,,
633,Runge Painting Company Inc,http://www.cocopainting.com/,cocopainting.com,painting company,,1,"[""apollo""]",,,2025-10-16T22:09:25.595Z,2025-10-16T22:10:40.128Z,,,,St. Louis,Missouri,,,,,https://app.apollo.io/#/organizations/67287fd62db1f90001f2b4c4?overrideScoreId=score,,
634,"Goens Brothers Painting Company, Inc.",,,painting company,,27,"[""apollo""]",,,2025-10-16T22:09:25.595Z,2025-10-16T22:10:40.128Z,,,,Goens Brothers Painting Company,Inc.,,,,,https://app.apollo.io/#/organizations/559214627369641878405700?overrideScoreId=score,,
635,HARTMAN-WALSH PAINTING COMPANY,,,painting company,,,"[""apollo""]",,,2025-10-16T22:09:25.595Z,2025-10-16T22:10:40.128Z,,,,,,,,,,https://app.apollo.io/#/organizations/664184bac4411200019ab714?overrideScoreId=score,,
636,Midwest Superior Painting LLC,,,painting company,,,"[""apollo""]",,,2025-10-16T22:09:25.595Z,2025-10-16T22:10:40.128Z,,,,,,,,,,https://app.apollo.io/#/organizations/60495678666ef700011a33c1?overrideScoreId=score,,
637,Gateway Custom Painting LLC,,,painting company,,,"[""apollo""]",,,2025-10-16T22:09:25.596Z,2025-10-16T22:10:40.128Z,,,,,,,,,,https://app.apollo.io/#/organizations/646efe6dbff36300019b771e?overrideScoreId=score,,
638,"Switzer Brother's Painting, LLC",,,painting company,,,"[""apollo""]",,,2025-10-16T22:09:25.596Z,2025-10-16T22:10:40.128Z,,,,,,,,,,https://app.apollo.io/#/organizations/55eaae84f3e5bb0bdb001118?overrideScoreId=score,,
639,"Fearing Painting Company, INC.",,,painting company,,,"[""apollo""]",,,2025-10-16T22:09:25.596Z,2025-10-16T22:10:40.128Z,,,,,,,,,,https://app.apollo.io/#/organizations/64a1ed055b5e0200017dba45?overrideScoreId=score,,
640,MyHouse Painting Company,,,painting company,,,"[""apollo""]",,,2025-10-16T22:09:25.596Z,2025-10-16T22:10:40.128Z,,,,,,,,,,https://app.apollo.io/#/organizations/65cb0f8c986f0705742fe315?overrideScoreId=score,,
641,Runge Painting Company Inc,,,painting company,,,"[""apollo""]",,,2025-10-16T22:09:25.596Z,2025-10-16T22:10:40.128Z,,,,,,,,,,https://app.apollo.io/#/organizations/67287fd62db1f90001f2b4c4?overrideScoreId=score,,
642,Smitty’s Painting Company,,,painting company,,,"[""apollo""]",,,2025-10-16T22:09:25.597Z,2025-10-16T22:10:40.129Z,,,,,,,,,,https://app.apollo.io/#/organizations/66f515b4cc24db000172dbe5?overrideScoreId=score,,
643,Bell's Painting Company,,,painting company,,,"[""apollo""]",,,2025-10-16T22:09:25.597Z,2025-10-16T22:10:40.129Z,,,,,,,,,,https://app.apollo.io/#/organizations/5fd1adb6a012390001c80882?overrideScoreId=score,,
644,Westslope Painting,http://www.westslopepainting.com/,westslopepainting.com,painting company,,1,"[""apollo""]",,,2025-10-16T22:09:28.519Z,2025-10-16T22:10:40.129Z,,,,Bozeman,Montana,,,,,https://app.apollo.io/#/organizations/64fe0d4373374c0001cff937?overrideScoreId=score,,
645,Missoula Painting Company,http://www.missoulapaintingcompany.com/,missoulapaintingcompany.com,painting company,,,"[""apollo""]",,,2025-10-16T22:09:28.520Z,2025-10-16T22:10:40.129Z,,,,Missoula,Montana,,,,,https://app.apollo.io/#/organizations/68ae16ad7b469a0019ca6d99?overrideScoreId=score,,
646,Westslope Painting,,,painting company,,,"[""apollo""]",,,2025-10-16T22:09:28.521Z,2025-10-16T22:10:40.129Z,,,,,,,,,,https://app.apollo.io/#/organizations/64fe0d4373374c0001cff937?overrideScoreId=score,,
647,Wyman Painting™,http://www.wymanpainting.net/,wymanpainting.net,painting company,,2,"[""apollo""]",,,2025-10-16T22:09:31.452Z,2025-10-16T22:10:40.129Z,,,,Omaha,Nebraska,,,,,https://app.apollo.io/#/organizations/54fca4d273696401a7432400?overrideScoreId=score,,
648,Wyman Painting™,,,painting company,,,"[""apollo""]",,,2025-10-16T22:09:31.453Z,2025-10-16T22:10:40.129Z,,,,,,,,,,https://app.apollo.io/#/organizations/54fca4d273696401a7432400?overrideScoreId=score,,
649,Tamaras Painting Company,http://www.tpcnevada.com/,tpcnevada.com,painting company,,1,"[""apollo""]",,,2025-10-16T22:09:34.369Z,2025-10-16T22:10:40.129Z,,,,Reno,Nevada,,,,,https://app.apollo.io/#/organizations/66e161cf13278300011ec73f?overrideScoreId=score,,
650,Tamaras Painting Company,,,painting company,,,"[""apollo""]",,,2025-10-16T22:09:34.370Z,2025-10-16T22:10:40.129Z,,,,,,,,,,https://app.apollo.io/#/organizations/66e161cf13278300011ec73f?overrideScoreId=score,,
651,Portsmouth Painting Company,http://www.portsmouthpaintingcompany.com/,portsmouthpaintingcompany.com,painting company,,2,"[""apollo""]",,,2025-10-16T22:09:37.280Z,2025-10-16T22:10:40.129Z,,,,Portsmouth,New Hampshire,,,,,https://app.apollo.io/#/organizations/6503ce057a24f3000138692d?overrideScoreId=score,,
652,Crepeau Painting Company,http://www.crepeaupainting.com/,crepeaupainting.com,painting company,,2,"[""apollo""]",,,2025-10-16T22:09:37.281Z,2025-10-16T22:10:40.129Z,,,,Salem,New Hampshire,,,,,https://app.apollo.io/#/organizations/67270fd86919ee0001304c34?overrideScoreId=score,,
653,Rite Finish Painting Company Inc,http://www.ritefinish.com/,ritefinish.com,painting company,,,"[""apollo""]",,,2025-10-16T22:09:37.281Z,2025-10-16T22:10:40.129Z,,,,Manchester,New Hampshire,,,,,https://app.apollo.io/#/organizations/66e5bd641435f6000106f551?overrideScoreId=score,,
654,Portsmouth Painting Company,,,painting company,,,"[""apollo""]",,,2025-10-16T22:09:37.282Z,2025-10-16T22:10:40.129Z,,,,,,,,,,https://app.apollo.io/#/organizations/6503ce057a24f3000138692d?overrideScoreId=score,,
655,Crepeau Painting Company,,,painting company,,,"[""apollo""]",,,2025-10-16T22:09:37.282Z,2025-10-16T22:10:40.129Z,,,,,,,,,,https://app.apollo.io/#/organizations/67270fd86919ee0001304c34?overrideScoreId=score,,
656,Rite Finish Painting Company Inc,,,painting company,,,"[""apollo""]",,,2025-10-16T22:09:37.283Z,2025-10-16T22:10:40.130Z,,,,,,,,,,https://app.apollo.io/#/organizations/66e5bd641435f6000106f551?overrideScoreId=score,,
657,"Bedminster Township, New Jersey",http://www.edp-painting.com/,edp-painting.com,painting company,,2,"[""apollo""]",,,2025-10-16T22:09:40.195Z,2025-10-16T22:10:40.130Z,,,,Bedminster Township,New Jersey,,,,,https://app.apollo.io/#/organizations/5e57a5eb3f9e640001186634?overrideScoreId=score,,
658,"Able Painting Company, LLC",,,painting company,,6,"[""apollo""]",,,2025-10-16T22:09:40.195Z,2025-10-16T22:10:40.130Z,,,,Trenton,New Jersey,,,,,https://app.apollo.io/#/organizations/54a138eb69702d2a1e741500?overrideScoreId=score,,
659,Enhance Painting Company,http://www.enhancepainting.com.au/,enhancepainting.com.au,painting company,,4,"[""apollo""]",,,2025-10-16T22:09:40.196Z,2025-10-16T22:10:40.130Z,,,,Morris Plains,New Jersey,,,,,https://app.apollo.io/#/organizations/57c4f3e4a6da986a77cda5fd?overrideScoreId=score,,
660,Halo Painting Company,http://www.halopaintingcompany.com/,halopaintingcompany.com,painting company,,,"[""apollo""]",,,2025-10-16T22:09:40.196Z,2025-10-16T22:10:40.130Z,,,,Somerville,New Jersey,,,,,https://app.apollo.io/#/organizations/6729a2ce2bce890001d3894a?overrideScoreId=score,,
661,Rainer Painting Company,http://www.rainerpainting.com/,rainerpainting.com,painting company,,4,"[""apollo""]",,,2025-10-16T22:09:40.196Z,2025-10-16T22:10:40.130Z,,,,Cinnaminson,New Jersey,,,,,https://app.apollo.io/#/organizations/67089790ef9459000129e9fe?overrideScoreId=score,,
662,All Jersey Painting Company,http://www.newjerseypainter.com/,newjerseypainter.com,painting company,,2,"[""apollo""]",,,2025-10-16T22:09:40.197Z,2025-10-16T22:10:40.130Z,,,,Lincoln Park,New Jersey,,,,,https://app.apollo.io/#/organizations/5500cc1b7369646067487200?overrideScoreId=score,,
663,Andrechick Painting Company,http://www.andrechick-painting.com/,andrechick-painting.com,painting company,,1,"[""apollo""]",,,2025-10-16T22:09:40.197Z,2025-10-16T22:10:40.132Z,,,,Woodbridge Township,New Jersey,,,,,https://app.apollo.io/#/organizations/672c7339b137ac00018f7e73?overrideScoreId=score,,
664,Don Coleman Painting Company,http://www.doncolemanpainting.com/,doncolemanpainting.com,painting company,,,"[""apollo""]",,,2025-10-16T22:09:40.197Z,2025-10-16T22:10:40.132Z,,,,Metuchen,New Jersey,,,,,https://app.apollo.io/#/organizations/63ba0e80c3acd400015ee5f2?overrideScoreId=score,,
665,Alberto Del Priore Painting Company,http://www.albertothepainter.com/,albertothepainter.com,painting company,,,"[""apollo""]",,,2025-10-16T22:09:40.202Z,2025-10-16T22:10:40.132Z,,,,East Orange,New Jersey,,,,,https://app.apollo.io/#/organizations/66ebf71ef790c100019ec7db?overrideScoreId=score,,
666,EDP Painting Company - Painter,,,painting company,,,"[""apollo""]",,,2025-10-16T22:09:40.202Z,2025-10-16T22:10:40.132Z,,,,,,,,,,https://app.apollo.io/#/organizations/5e57a5eb3f9e640001186634?overrideScoreId=score,,
667,J. Canabe's Painting Company,,,painting company,,,"[""apollo""]",,,2025-10-16T22:09:40.202Z,2025-10-16T22:10:40.132Z,,,,,,,,,,https://app.apollo.io/#/organizations/6726631c3ca5f7000195239a?overrideScoreId=score,,
668,Rainbow G & J Painting,,,painting company,,,"[""apollo""]",,,2025-10-16T22:09:40.204Z,2025-10-16T22:10:40.132Z,,,,,,,,,,https://app.apollo.io/#/organizations/5b15ec5aa6da9869338baa71?overrideScoreId=score,,
669,Enhance Painting Company,,,painting company,,,"[""apollo""]",,,2025-10-16T22:09:40.204Z,2025-10-16T22:10:40.132Z,,,,,,,,,,https://app.apollo.io/#/organizations/57c4f3e4a6da986a77cda5fd?overrideScoreId=score,,
670,Halo Painting Company,,,painting company,,,"[""apollo""]",,,2025-10-16T22:09:40.205Z,2025-10-16T22:10:40.132Z,,,,,,,,,,https://app.apollo.io/#/organizations/6729a2ce2bce890001d3894a?overrideScoreId=score,,
671,Rainer Painting Company,,,painting company,,,"[""apollo""]",,,2025-10-16T22:09:40.205Z,2025-10-16T22:10:40.132Z,,,,,,,,,,https://app.apollo.io/#/organizations/67089790ef9459000129e9fe?overrideScoreId=score,,
672,All Jersey Painting Company,,,painting company,,,"[""apollo""]",,,2025-10-16T22:09:40.205Z,2025-10-16T22:10:40.132Z,,,,,,,,,,https://app.apollo.io/#/organizations/5500cc1b7369646067487200?overrideScoreId=score,,
673,Julius H Gross Painting Company,,,painting company,,,"[""apollo""]",,,2025-10-16T22:09:40.205Z,2025-10-16T22:10:40.132Z,,,,,,,,,,https://app.apollo.io/#/organizations/678c4ca4320fdb0001fd0014?overrideScoreId=score,,
674,kronewitter painting company,,,painting company,,,"[""apollo""]",,,2025-10-16T22:09:40.205Z,2025-10-16T22:10:40.132Z,,,,,,,,,,https://app.apollo.io/#/organizations/66ed1a88596b9d000108ec2b?overrideScoreId=score,,
675,Andrechick Painting Company,,,painting company,,,"[""apollo""]",,,2025-10-16T22:09:40.205Z,2025-10-16T22:10:40.132Z,,,,,,,,,,https://app.apollo.io/#/organizations/672c7339b137ac00018f7e73?overrideScoreId=score,,
676,Don Coleman Painting Company,,,painting company,,,"[""apollo""]",,,2025-10-16T22:09:40.205Z,2025-10-16T22:10:40.133Z,,,,,,,,,,https://app.apollo.io/#/organizations/63ba0e80c3acd400015ee5f2?overrideScoreId=score,,
677,Utica NY Painting Company,,,painting company,,,"[""apollo""]",,,2025-10-16T22:09:40.206Z,2025-10-16T22:10:40.133Z,,,,,,,,,,https://app.apollo.io/#/organizations/6867af103409290001de9fe9?overrideScoreId=score,,
678,Alberto Del Priore Painting Company,,,painting company,,,"[""apollo""]",,,2025-10-16T22:09:40.206Z,2025-10-16T22:10:40.133Z,,,,,,,,,,https://app.apollo.io/#/organizations/66ebf71ef790c100019ec7db?overrideScoreId=score,,
679,Andy's Painting Company,,,painting company,,,"[""apollo""]",,,2025-10-16T22:09:43.129Z,2025-10-16T22:10:40.133Z,,,,,,,,,,https://app.apollo.io/#/organizations/63a7bea8f7c09800a349acd5?overrideScoreId=score,,
680,Level Up Painting,http://www.leveluppainting.com/,leveluppainting.com,painting company,,7,"[""apollo""]",,,2025-10-16T22:09:46.051Z,2025-10-16T22:10:40.133Z,,,,Rochester,New York,,,,,https://app.apollo.io/#/organizations/63797762dc030c00016126c5?overrideScoreId=score,,
681,"New York, New York",http://www.paintpower.net/,paintpower.net,painting company,,9,"[""apollo""]",,,2025-10-16T22:09:46.052Z,2025-10-16T22:10:40.133Z,,,,New York,New York,,,,,https://app.apollo.io/#/organizations/55f11456f3e5bb500c000da2?overrideScoreId=score,,
682,City Zen Painting,http://www.cityzenpainting.com/,cityzenpainting.com,painting company,,2,"[""apollo""]",,,2025-10-16T22:09:46.053Z,2025-10-16T22:10:40.133Z,,,,New York,New York,,,,,https://app.apollo.io/#/organizations/5fc94559c3ba3100015beae4?overrideScoreId=score,,
683,Williams Painting Company,http://www.williamspaintingco.com/,williamspaintingco.com,painting company,,7,"[""apollo""]",,,2025-10-16T22:09:46.053Z,2025-10-16T22:10:40.133Z,,,,Sandy Creek,New York,,,,,https://app.apollo.io/#/organizations/6715679e4725f50001110ee9?overrideScoreId=score,,
684,Kostusiak Coatings LLC,http://www.kostusiakcoatings.com/,kostusiakcoatings.com,painting company,,5,"[""apollo""]",,,2025-10-16T22:09:46.053Z,2025-10-16T22:10:40.133Z,,,,Elma,New York,,,,,https://app.apollo.io/#/organizations/5fe57d948dffac00a4204bc8?overrideScoreId=score,,
685,Accent Painting Company,http://www.accentpaintingabq.com/,accentpaintingabq.com,painting company,,2,"[""apollo""]",,,2025-10-16T22:09:46.053Z,2025-10-16T22:10:40.133Z,,,,Farmingville,New York,,,,,https://app.apollo.io/#/organizations/559228aa736964185f7ba200?overrideScoreId=score,,
686,"New York, New York",,,painting company,,11,"[""apollo""]",,,2025-10-16T22:09:46.053Z,2025-10-16T22:10:40.133Z,,,,New York,New York,,,,,https://app.apollo.io/#/organizations/672c5575ddd5e600014fcbe7?overrideScoreId=score,,
687,Real Estate,http://www.fhrenovationnyc.com/,fhrenovationnyc.com,painting company,,,"[""apollo""]",,,2025-10-16T22:09:46.054Z,2025-10-16T22:10:40.133Z,,,,New York,New York,,,,,https://app.apollo.io/#/organizations/604aacfb8dfb9d00011e9bd1?overrideScoreId=score,,
688,The Brooklyn Painting Company,http://www.thebrooklynpaintingcompany.com/,thebrooklynpaintingcompany.com,painting company,,,"[""apollo""]",,,2025-10-16T22:09:46.054Z,2025-10-16T22:10:40.133Z,,,,New York,New York,,,,,https://app.apollo.io/#/organizations/68ae0cc75d9ad90021d53e20?overrideScoreId=score,,
689,Cogan Painting Company,http://www.coganpainting.com/,coganpainting.com,painting company,,,"[""apollo""]",,,2025-10-16T22:09:46.054Z,2025-10-16T22:10:40.133Z,,,,Keeseville,New York,,,,,https://app.apollo.io/#/organizations/66ed0f8ff386ba000162ffeb?overrideScoreId=score,,
690,Premier Painting Company,http://www.premierpaintingco.com/,premierpaintingco.com,painting company,,,"[""apollo""]",,,2025-10-16T22:09:46.054Z,2025-10-16T22:10:40.134Z,,,,Brewster,New York,,,,,https://app.apollo.io/#/organizations/5fd1a91c4298fa0001aa6623?overrideScoreId=score,,
691,"Cross River, New York",http://www.katonahpainting.com/,katonahpainting.com,painting company,,1,"[""apollo""]",,,2025-10-16T22:09:46.054Z,2025-10-16T22:10:40.134Z,,,,Cross River,New York,,,,,https://app.apollo.io/#/organizations/6726f58a3ca5f700019af809?overrideScoreId=score,,
692,Level Up Painting,,,painting company,,,"[""apollo""]",,,2025-10-16T22:09:46.054Z,2025-10-16T22:10:40.134Z,,,,,,,,,,https://app.apollo.io/#/organizations/63797762dc030c00016126c5?overrideScoreId=score,,
693,PAINT POWER,,,painting company,,,"[""apollo""]",,,2025-10-16T22:09:46.054Z,2025-10-16T22:10:40.134Z,,,,,,,,,,https://app.apollo.io/#/organizations/55f11456f3e5bb500c000da2?overrideScoreId=score,,
694,City Zen Painting,,,painting company,,,"[""apollo""]",,,2025-10-16T22:09:46.055Z,2025-10-16T22:10:40.134Z,,,,,,,,,,https://app.apollo.io/#/organizations/5fc94559c3ba3100015beae4?overrideScoreId=score,,
695,WCM Painting Company,,,painting company,,,"[""apollo""]",,,2025-10-16T22:09:46.055Z,2025-10-16T22:10:40.134Z,,,,,,,,,,https://app.apollo.io/#/organizations/5500c49e7369646139644b00?overrideScoreId=score,,
696,Williams Painting Company,,,painting company,,,"[""apollo""]",,,2025-10-16T22:09:46.055Z,2025-10-16T22:10:40.134Z,,,,,,,,,,https://app.apollo.io/#/organizations/6715679e4725f50001110ee9?overrideScoreId=score,,
697,Kostusiak Coatings LLC,,,painting company,,,"[""apollo""]",,,2025-10-16T22:09:46.055Z,2025-10-16T22:10:40.134Z,,,,,,,,,,https://app.apollo.io/#/organizations/5fe57d948dffac00a4204bc8?overrideScoreId=score,,
698,Accent Painting Company,,,painting company,,,"[""apollo""]",,,2025-10-16T22:09:46.055Z,2025-10-16T22:10:40.134Z,,,,,,,,,,https://app.apollo.io/#/organizations/559228aa736964185f7ba200?overrideScoreId=score,,
699,GOTHAM PAINTING COMPANY INC.,,,painting company,,,"[""apollo""]",,,2025-10-16T22:09:46.055Z,2025-10-16T22:10:40.134Z,,,,,,,,,,https://app.apollo.io/#/organizations/672c5575ddd5e600014fcbe7?overrideScoreId=score,,
700,FH Renovation NYC,,,painting company,,,"[""apollo""]",,,2025-10-16T22:09:46.055Z,2025-10-16T22:10:40.134Z,,,,,,,,,,https://app.apollo.io/#/organizations/604aacfb8dfb9d00011e9bd1?overrideScoreId=score,,
701,The Brooklyn Painting Company,,,painting company,,,"[""apollo""]",,,2025-10-16T22:09:46.056Z,2025-10-16T22:10:40.135Z,,,,,,,,,,https://app.apollo.io/#/organizations/68ae0cc75d9ad90021d53e20?overrideScoreId=score,,
702,Cogan Painting Company,,,painting company,,,"[""apollo""]",,,2025-10-16T22:09:46.056Z,2025-10-16T22:10:40.135Z,,,,,,,,,,https://app.apollo.io/#/organizations/66ed0f8ff386ba000162ffeb?overrideScoreId=score,,
703,Madia’s Painting Company,,,painting company,,,"[""apollo""]",,,2025-10-16T22:09:46.056Z,2025-10-16T22:10:40.135Z,,,,,,,,,,https://app.apollo.io/#/organizations/66f0ab17692f03000188b1a1?overrideScoreId=score,,
704,Premier Painting Company,,,painting company,,,"[""apollo""]",,,2025-10-16T22:09:46.056Z,2025-10-16T22:10:40.135Z,,,,,,,,,,https://app.apollo.io/#/organizations/5fd1a91c4298fa0001aa6623?overrideScoreId=score,,
705,KATONAH PAINTING COMPANY,,,painting company,,,"[""apollo""]",,,2025-10-16T22:09:46.056Z,2025-10-16T22:10:40.135Z,,,,,,,,,,https://app.apollo.io/#/organizations/6726f58a3ca5f700019af809?overrideScoreId=score,,
706,R.J. Ritacco Painting Company,,,painting company,,,"[""apollo""]",,,2025-10-16T22:09:46.056Z,2025-10-16T22:10:40.135Z,,,,,,,,,,https://app.apollo.io/#/organizations/66e7476ed18deb00011150d4?overrideScoreId=score,,
707,Design Interventions,http://www.d-interventions.com/,d-interventions.com,painting company,,4,"[""apollo""]",,,2025-10-16T22:09:48.968Z,2025-10-16T22:10:40.135Z,,,,Wilmington,North Carolina,,,,,https://app.apollo.io/#/organizations/646717b0914b7d000102adfe?overrideScoreId=score,,
708,"Good Faith Paint Company, LLC",http://www.goodfaithpaint.com/,goodfaithpaint.com,painting company,,3,"[""apollo""]",,,2025-10-16T22:09:48.969Z,2025-10-16T22:10:40.135Z,,,,Raleigh,North Carolina,,,,,https://app.apollo.io/#/organizations/5500be297369641708da2e00?overrideScoreId=score,,
709,Triangle Painting & Siding,http://www.paintthetriangle.com/,paintthetriangle.com,painting company,,9,"[""apollo""]",,,2025-10-16T22:09:48.969Z,2025-10-16T22:10:40.135Z,,,,Apex,North Carolina,,,,,https://app.apollo.io/#/organizations/5da34db2c7968e0001628d18?overrideScoreId=score,,
710,"Worth Painting, LLC",http://www.worthpaintingllc.com/,worthpaintingllc.com,painting company,,6,"[""apollo""]",,,2025-10-16T22:09:48.969Z,2025-10-16T22:10:40.135Z,,,,King,North Carolina,,,,,https://app.apollo.io/#/organizations/672448868b4541000185fd08?overrideScoreId=score,,
711,Ukie Painting,http://www.ukiepainting.com/,ukiepainting.com,painting company,,4,"[""apollo""]",,,2025-10-16T22:09:48.970Z,2025-10-16T22:10:40.136Z,,,,Mint Hill,North Carolina,,,,,https://app.apollo.io/#/organizations/616d7bdcf3b2a400dade1cf7?overrideScoreId=score,,
712,"Impressions Painting Company, Inc.",http://www.impressionspaintingcompany.com/,impressionspaintingcompany.com,painting company,,6,"[""apollo""]",,,2025-10-16T22:09:48.970Z,2025-10-16T22:10:40.136Z,,,,Impressions Painting Company,Inc.,,,,,https://app.apollo.io/#/organizations/54a1391269702de5b37e0b00?overrideScoreId=score,,
713,Triangle Pro Painting,http://www.trianglepropainting.com/,trianglepropainting.com,painting company,,6,"[""apollo""]",,,2025-10-16T22:09:48.970Z,2025-10-16T22:10:40.136Z,,,,Raleigh,North Carolina,,,,,https://app.apollo.io/#/organizations/60b513ed11e23700c1c7983f?overrideScoreId=score,,
714,Accents Painting Company,http://www.accentspaintingclt.com/,accentspaintingclt.com,painting company,,5,"[""apollo""]",,,2025-10-16T22:09:48.970Z,2025-10-16T22:10:40.136Z,,,,Indian Trail,North Carolina,,,,,https://app.apollo.io/#/organizations/64fe6f24994c160001ff9c38?overrideScoreId=score,,
715,Trailblaze Paints,http://www.trailblazepaintsnc.com/,trailblazepaintsnc.com,painting company,,1,"[""apollo""]",,,2025-10-16T22:09:48.970Z,2025-10-16T22:10:40.136Z,,,,Mooresville,North Carolina,,,,,https://app.apollo.io/#/organizations/64f36c56fde7080001e476ca?overrideScoreId=score,,
716,Mays Painting Company,http://www.mayspaintingcompany.com/,mayspaintingcompany.com,painting company,,6,"[""apollo""]",,,2025-10-16T22:09:48.971Z,2025-10-16T22:10:40.136Z,,,,High Point,North Carolina,,,,,https://app.apollo.io/#/organizations/5fcadb51a1424200010e694c?overrideScoreId=score,,
717,Carolina Southern Painting Company,http://www.carolinasoutherncompany.com/,carolinasoutherncompany.com,painting company,,2,"[""apollo""]",,,2025-10-16T22:09:48.971Z,2025-10-16T22:10:40.136Z,,,,Pfafftown,North Carolina,,,,,https://app.apollo.io/#/organizations/670f7f62b3b04b0001ce2554?overrideScoreId=score,,
718,Johnson Painting Company & More,http://www.johnsonpaintingcoandmore.com/,johnsonpaintingcoandmore.com,painting company,,3,"[""apollo""]",,,2025-10-16T22:09:48.971Z,2025-10-16T22:10:40.136Z,,,,Kernersville,North Carolina,,,,,https://app.apollo.io/#/organizations/67384074f9a0930001a4b14a?overrideScoreId=score,,
719,Cawley Painting Company,http://www.raleigh-cary-apex-painting.com/,raleigh-cary-apex-painting.com,painting company,,,"[""apollo""]",,,2025-10-16T22:09:48.971Z,2025-10-16T22:10:40.136Z,,,,Moncure,North Carolina,,,,,https://app.apollo.io/#/organizations/66f2351620771b00018d4264?overrideScoreId=score,,
720,Charlotte Painting Company,http://www.queencitypaintingcompany.com/,queencitypaintingcompany.com,painting company,,,"[""apollo""]",,,2025-10-16T22:09:48.971Z,2025-10-16T22:10:40.137Z,,,,Charlotte,North Carolina,,,,,https://app.apollo.io/#/organizations/6715285cdf863f00014b435c?overrideScoreId=score,,
721,Eubanks Painting Company,http://www.eubankspaintingcompany.com/,eubankspaintingcompany.com,painting company,,,"[""apollo""]",,,2025-10-16T22:09:48.971Z,2025-10-16T22:10:40.137Z,,,,Garner,North Carolina,,,,,https://app.apollo.io/#/organizations/67156566cd85fc0001a1a065?overrideScoreId=score,,
722,Metrolina Painting Company,http://www.metrolinapainting.com/,metrolinapainting.com,painting company,,,"[""apollo""]",,,2025-10-16T22:09:48.971Z,2025-10-16T22:10:40.137Z,,,,Charlotte,North Carolina,,,,,https://app.apollo.io/#/organizations/6701b5374352a40001ffb5b6?overrideScoreId=score,,
723,"Sneads Ferry, North Carolina",http://www.dbspainting.com/,dbspainting.com,painting company,,,"[""apollo""]",,,2025-10-16T22:09:48.971Z,2025-10-16T22:10:40.138Z,,,,Db's Painting Company,Inc,,,,,https://app.apollo.io/#/organizations/60a57d49f69b8b0001f27277?overrideScoreId=score,,
724,Design Interventions,,,painting company,,,"[""apollo""]",,,2025-10-16T22:09:48.972Z,2025-10-16T22:10:40.138Z,,,,,,,,,,https://app.apollo.io/#/organizations/646717b0914b7d000102adfe?overrideScoreId=score,,
725,"Good Faith Paint Company, LLC",,,painting company,,,"[""apollo""]",,,2025-10-16T22:09:48.972Z,2025-10-16T22:10:40.138Z,,,,,,,,,,https://app.apollo.io/#/organizations/5500be297369641708da2e00?overrideScoreId=score,,
726,Triangle Painting & Siding,,,painting company,,,"[""apollo""]",,,2025-10-16T22:09:48.972Z,2025-10-16T22:10:40.138Z,,,,,,,,,,https://app.apollo.io/#/organizations/5da34db2c7968e0001628d18?overrideScoreId=score,,
727,"Worth Painting, LLC",,,painting company,,,"[""apollo""]",,,2025-10-16T22:09:48.972Z,2025-10-16T22:10:40.138Z,,,,,,,,,,https://app.apollo.io/#/organizations/672448868b4541000185fd08?overrideScoreId=score,,
728,Prep-Rite Painting,,,painting company,,,"[""apollo""]",,,2025-10-16T22:09:48.972Z,2025-10-16T22:10:40.138Z,,,,,,,,,,https://app.apollo.io/#/organizations/6487790821090100a3075d5e?overrideScoreId=score,,
729,Ukie Painting,,,painting company,,,"[""apollo""]",,,2025-10-16T22:09:48.973Z,2025-10-16T22:10:40.138Z,,,,,,,,,,https://app.apollo.io/#/organizations/616d7bdcf3b2a400dade1cf7?overrideScoreId=score,,
730,"Impressions Painting Company, Inc.",,,painting company,,,"[""apollo""]",,,2025-10-16T22:09:48.973Z,2025-10-16T22:10:40.139Z,,,,,,,,,,https://app.apollo.io/#/organizations/54a1391269702de5b37e0b00?overrideScoreId=score,,
731,Triangle Pro Painting,,,painting company,,,"[""apollo""]",,,2025-10-16T22:09:48.973Z,2025-10-16T22:10:40.139Z,,,,,,,,,,https://app.apollo.io/#/organizations/60b513ed11e23700c1c7983f?overrideScoreId=score,,
732,Accents Painting Company,,,painting company,,,"[""apollo""]",,,2025-10-16T22:09:48.973Z,2025-10-16T22:10:40.139Z,,,,,,,,,,https://app.apollo.io/#/organizations/64fe6f24994c160001ff9c38?overrideScoreId=score,,
733,Trailblaze Paints,,,painting company,,,"[""apollo""]",,,2025-10-16T22:09:48.973Z,2025-10-16T22:10:40.139Z,,,,,,,,,,https://app.apollo.io/#/organizations/64f36c56fde7080001e476ca?overrideScoreId=score,,
734,Mays Painting Company,,,painting company,,,"[""apollo""]",,,2025-10-16T22:09:48.974Z,2025-10-16T22:10:40.140Z,,,,,,,,,,https://app.apollo.io/#/organizations/5fcadb51a1424200010e694c?overrideScoreId=score,,
735,Carolina Southern Painting Company,,,painting company,,,"[""apollo""]",,,2025-10-16T22:09:48.974Z,2025-10-16T22:10:40.140Z,,,,,,,,,,https://app.apollo.io/#/organizations/670f7f62b3b04b0001ce2554?overrideScoreId=score,,
736,Johnson Painting Company & More,,,painting company,,,"[""apollo""]",,,2025-10-16T22:09:48.974Z,2025-10-16T22:10:40.141Z,,,,,,,,,,https://app.apollo.io/#/organizations/67384074f9a0930001a4b14a?overrideScoreId=score,,
737,Cawley Painting Company,,,painting company,,,"[""apollo""]",,,2025-10-16T22:09:48.974Z,2025-10-16T22:10:40.141Z,,,,,,,,,,https://app.apollo.io/#/organizations/66f2351620771b00018d4264?overrideScoreId=score,,
738,Charlotte Painting Company,,,painting company,,,"[""apollo""]",,,2025-10-16T22:09:48.974Z,2025-10-16T22:10:40.141Z,,,,,,,,,,https://app.apollo.io/#/organizations/6715285cdf863f00014b435c?overrideScoreId=score,,
739,Eubanks Painting Company,,,painting company,,,"[""apollo""]",,,2025-10-16T22:09:48.975Z,2025-10-16T22:10:40.141Z,,,,,,,,,,https://app.apollo.io/#/organizations/67156566cd85fc0001a1a065?overrideScoreId=score,,
740,Metrolina Painting Company,,,painting company,,,"[""apollo""]",,,2025-10-16T22:09:48.975Z,2025-10-16T22:10:40.141Z,,,,,,,,,,https://app.apollo.io/#/organizations/6701b5374352a40001ffb5b6?overrideScoreId=score,,
741,"Db's Painting Company, Inc",,,painting company,,,"[""apollo""]",,,2025-10-16T22:09:48.975Z,2025-10-16T22:10:40.141Z,,,,,,,,,,https://app.apollo.io/#/organizations/60a57d49f69b8b0001f27277?overrideScoreId=score,,
742,DWH Painting Company Inc.,,,painting company,,,"[""apollo""]",,,2025-10-16T22:09:48.975Z,2025-10-16T22:10:40.141Z,,,,,,,,,,https://app.apollo.io/#/organizations/6696e5b121aa42000180b1ea?overrideScoreId=score,,
743,The Fargo Painting Company,http://www.thefargopaintingcompany.com/,thefargopaintingcompany.com,painting company,,,"[""apollo""]",,,2025-10-16T22:09:51.911Z,2025-10-16T22:10:40.141Z,,,,Fargo,North Dakota,,,,,https://app.apollo.io/#/organizations/68ae0d16a83bb60015729327?overrideScoreId=score,,
744,The Fargo Painting Company,,,painting company,,,"[""apollo""]",,,2025-10-16T22:09:51.912Z,2025-10-16T22:10:40.142Z,,,,,,,,,,https://app.apollo.io/#/organizations/68ae0d16a83bb60015729327?overrideScoreId=score,,
745,Sharper Impressions Painting,http://www.sharperimpressionspainting.com/,sharperimpressionspainting.com,painting company,,15,"[""apollo""]",,,2025-10-16T22:09:54.876Z,2025-10-16T22:10:40.142Z,,,,Plain City,Ohio,,,,,https://app.apollo.io/#/organizations/54a1293c69702db878615201?overrideScoreId=score,,
746,American Star Painting Company,http://www.americanstarcoatings.com/,americanstarcoatings.com,painting company,,3,"[""apollo""]",,,2025-10-16T22:09:54.877Z,2025-10-16T22:10:40.142Z,,,,Marietta,Ohio,,,,,https://app.apollo.io/#/organizations/5500bc7373696417912d2700?overrideScoreId=score,,
747,Vimas Painting Company Inc,,,painting company,,8,"[""apollo""]",,,2025-10-16T22:09:54.878Z,2025-10-16T22:10:40.142Z,,,,Campbell,Ohio,,,,,https://app.apollo.io/#/organizations/55921cb87369644785735400?overrideScoreId=score,,
748,Dynamic Painting LLC,http://www.dynamicpainting.net/,dynamicpainting.net,painting company,,15,"[""apollo""]",,,2025-10-16T22:09:54.878Z,2025-10-16T22:10:40.142Z,,,,Lewis Center,Ohio,,,,,https://app.apollo.io/#/organizations/54a12a6f69702d8cfc384602?overrideScoreId=score,,
749,Painters Now,http://www.painterscompany.com/,painterscompany.com,painting company,,,"[""apollo""]",,,2025-10-16T22:09:54.878Z,2025-10-16T22:10:40.142Z,,,,Dayton,Ohio,,,,,https://app.apollo.io/#/organizations/67280ff52db1f90001ee5484?overrideScoreId=score,,
750,Cincy Paint,http://www.cincypaint.com/,cincypaint.com,painting company,,,"[""apollo""]",,,2025-10-16T22:09:54.878Z,2025-10-16T22:10:40.142Z,,,,Cincinnati,Ohio,,,,,https://app.apollo.io/#/organizations/67b2be39b82ad800151b65fc?overrideScoreId=score,,
751,Xclusive Painting Company,http://www.xclusivepaintingcompany.com/,xclusivepaintingcompany.com,painting company,,2,"[""apollo""]",,,2025-10-16T22:09:54.879Z,2025-10-16T22:10:40.142Z,,,,Peninsula,Ohio,,,,,https://app.apollo.io/#/organizations/640724840cab770001d8eaab?overrideScoreId=score,,
752,Masterpiece Painting Company Inc.,http://www.masterpiecepaintingcompany.com/,masterpiecepaintingcompany.com,painting company,,3,"[""apollo""]",,,2025-10-16T22:09:54.879Z,2025-10-16T22:10:40.142Z,,,,Warren,Ohio,,,,,https://app.apollo.io/#/organizations/67345c17ab0b1100010866b9?overrideScoreId=score,,
753,Facilities Services,http://www.hlecoatings.com/,hlecoatings.com,painting company,,2,"[""apollo""]",,,2025-10-16T22:09:54.879Z,2025-10-16T22:10:40.142Z,,,,Xenia,Ohio,,,,,https://app.apollo.io/#/organizations/66d45cabe042a300011c6706?overrideScoreId=score,,
754,Salvato Painting Company,http://www.salvatopainting.com/,salvatopainting.com,painting company,,5,"[""apollo""]",,,2025-10-16T22:09:54.879Z,2025-10-16T22:10:40.142Z,,,,Powell,Ohio,,,,,https://app.apollo.io/#/organizations/556d498e736964125809cf00?overrideScoreId=score,,
755,Sanner Painting Company,http://www.sannerpainting.com/,sannerpainting.com,painting company,,4,"[""apollo""]",,,2025-10-16T22:09:54.879Z,2025-10-16T22:10:40.142Z,,,,West Carrollton,Ohio,,,,,https://app.apollo.io/#/organizations/67435ac9975d6e00016b6d8d?overrideScoreId=score,,
756,Americoat Painting Company,http://www.americoatpainting.com/,americoatpainting.com,painting company,,1,"[""apollo""]",,,2025-10-16T22:09:54.879Z,2025-10-16T22:10:40.142Z,,,,Campbell,Ohio,,,,,https://app.apollo.io/#/organizations/57c49cfaa6da983258996e9d?overrideScoreId=score,,
757,Sharper Impressions Painting,,,painting company,,,"[""apollo""]",,,2025-10-16T22:09:54.879Z,2025-10-16T22:10:40.143Z,,,,,,,,,,https://app.apollo.io/#/organizations/54a1293c69702db878615201?overrideScoreId=score,,
758,American Star Painting Company,,,painting company,,,"[""apollo""]",,,2025-10-16T22:09:54.879Z,2025-10-16T22:10:40.143Z,,,,,,,,,,https://app.apollo.io/#/organizations/5500bc7373696417912d2700?overrideScoreId=score,,
759,Dynamic Painting LLC,,,painting company,,,"[""apollo""]",,,2025-10-16T22:09:54.880Z,2025-10-16T22:10:40.143Z,,,,,,,,,,https://app.apollo.io/#/organizations/54a12a6f69702d8cfc384602?overrideScoreId=score,,
760,Painters Now,,,painting company,,,"[""apollo""]",,,2025-10-16T22:09:54.880Z,2025-10-16T22:10:40.144Z,,,,,,,,,,https://app.apollo.io/#/organizations/67280ff52db1f90001ee5484?overrideScoreId=score,,
761,Fryer & Sons Painting Company,,,painting company,,,"[""apollo""]",,,2025-10-16T22:09:54.880Z,2025-10-16T22:10:40.144Z,,,,,,,,,,https://app.apollo.io/#/organizations/6548cc8212ff990001f2c3e1?overrideScoreId=score,,
762,Bridges R Us Painting Company,,,painting company,,,"[""apollo""]",,,2025-10-16T22:09:54.880Z,2025-10-16T22:10:40.144Z,,,,,,,,,,https://app.apollo.io/#/organizations/55922d2a73696448592d5100?overrideScoreId=score,,
763,Cincy Paint,,,painting company,,,"[""apollo""]",,,2025-10-16T22:09:54.880Z,2025-10-16T22:10:40.144Z,,,,,,,,,,https://app.apollo.io/#/organizations/67b2be39b82ad800151b65fc?overrideScoreId=score,,
764,Xclusive Painting Company,,,painting company,,,"[""apollo""]",,,2025-10-16T22:09:54.881Z,2025-10-16T22:10:40.144Z,,,,,,,,,,https://app.apollo.io/#/organizations/640724840cab770001d8eaab?overrideScoreId=score,,
765,Masterpiece Painting Company Inc.,,,painting company,,,"[""apollo""]",,,2025-10-16T22:09:54.881Z,2025-10-16T22:10:40.144Z,,,,,,,,,,https://app.apollo.io/#/organizations/67345c17ab0b1100010866b9?overrideScoreId=score,,
766,HLE Coatings LLC,,,painting company,,,"[""apollo""]",,,2025-10-16T22:09:54.881Z,2025-10-16T22:10:40.144Z,,,,,,,,,,https://app.apollo.io/#/organizations/66d45cabe042a300011c6706?overrideScoreId=score,,
767,Salvato Painting Company,,,painting company,,,"[""apollo""]",,,2025-10-16T22:09:54.881Z,2025-10-16T22:10:40.144Z,,,,,,,,,,https://app.apollo.io/#/organizations/556d498e736964125809cf00?overrideScoreId=score,,
768,"NORTH STAR PAINTING COMPANY, INC.",,,painting company,,,"[""apollo""]",,,2025-10-16T22:09:54.881Z,2025-10-16T22:10:40.144Z,,,,,,,,,,https://app.apollo.io/#/organizations/670a09d50d75880001ce0378?overrideScoreId=score,,
769,Sanner Painting Company,,,painting company,,,"[""apollo""]",,,2025-10-16T22:09:54.881Z,2025-10-16T22:10:40.144Z,,,,,,,,,,https://app.apollo.io/#/organizations/67435ac9975d6e00016b6d8d?overrideScoreId=score,,
770,Americoat Painting Company,,,painting company,,,"[""apollo""]",,,2025-10-16T22:09:54.881Z,2025-10-16T22:10:40.145Z,,,,,,,,,,https://app.apollo.io/#/organizations/57c49cfaa6da983258996e9d?overrideScoreId=score,,
771,Edmond Painting Company,http://www.edmondpaintingco.com/,edmondpaintingco.com,painting company,,1,"[""apollo""]",,,2025-10-16T22:09:57.792Z,2025-10-16T22:10:40.145Z,,,,Edmond,Oklahoma,,,,,https://app.apollo.io/#/organizations/6732dbb448bc8400019b950e?overrideScoreId=score,,
772,Edmond Painting Company,,,painting company,,,"[""apollo""]",,,2025-10-16T22:09:57.794Z,2025-10-16T22:10:40.145Z,,,,,,,,,,https://app.apollo.io/#/organizations/6732dbb448bc8400019b950e?overrideScoreId=score,,
773,Veenhuizen Painting Specialties,http://www.veenhuizenpaintingspecialties.com/,veenhuizenpaintingspecialties.com,painting company,,15,"[""apollo""]",,,2025-10-16T22:10:00.769Z,2025-10-16T22:10:40.145Z,,,,Portland,Oregon,,,,,https://app.apollo.io/#/organizations/60afb87d3da67c00019f6e0d?overrideScoreId=score,,
774,Veenhuizen Painting Inc,,,painting company,,2,"[""apollo""]",,,2025-10-16T22:10:00.770Z,2025-10-16T22:10:40.145Z,,,,Portland,Oregon,,,,,https://app.apollo.io/#/organizations/5592220773696419d8358800?overrideScoreId=score,,
775,Corey Robbins Painting Company,http://www.coreyrobbins.com/,coreyrobbins.com,painting company,,4,"[""apollo""]",,,2025-10-16T22:10:00.770Z,2025-10-16T22:10:40.145Z,,,,Medford,Oregon,,,,,https://app.apollo.io/#/organizations/54a1a1307468695860fe4503?overrideScoreId=score,,
776,The Oregon Painting Company LLC,http://www.theoregonpaintingcompany.com/,theoregonpaintingcompany.com,painting company,,3,"[""apollo""]",,,2025-10-16T22:10:00.771Z,2025-10-16T22:10:40.145Z,,,,Grants Pass,Oregon,,,,,https://app.apollo.io/#/organizations/5f4aae29a6e73b000175816a?overrideScoreId=score,,
777,"Maller Painting Company - Beaverton, OR",http://www.mallerpainting.com/,mallerpainting.com,painting company,,1,"[""apollo""]",,,2025-10-16T22:10:00.771Z,2025-10-16T22:10:40.145Z,,,,Beaverton,Oregon,,,,,https://app.apollo.io/#/organizations/670e4a830aa69d0001c79694?overrideScoreId=score,,
778,Zenith Painting Company,http://www.zenithpaintingcompany.co/,zenithpaintingcompany.co,painting company,,1,"[""apollo""]",,,2025-10-16T22:10:00.772Z,2025-10-16T22:10:40.145Z,,,,Central Point,Oregon,,,,,https://app.apollo.io/#/organizations/67285410ed6bc20001925a2b?overrideScoreId=score,,
779,G&R Painting Company,,,painting company,,,"[""apollo""]",,,2025-10-16T22:10:00.772Z,2025-10-16T22:10:40.145Z,,,,,,,,,,https://app.apollo.io/#/organizations/5ed35283f2ab0d000110b7d9?overrideScoreId=score,,
780,"Oregon, Deschutes Painting LLC.",,,painting company,,,"[""apollo""]",,,2025-10-16T22:10:00.772Z,2025-10-16T22:10:40.145Z,,,,,,,,,,https://app.apollo.io/#/organizations/64aab147ec20f80001de563b?overrideScoreId=score,,
781,Veenhuizen Painting Specialties,,,painting company,,,"[""apollo""]",,,2025-10-16T22:10:00.772Z,2025-10-16T22:10:40.145Z,,,,,,,,,,https://app.apollo.io/#/organizations/60afb87d3da67c00019f6e0d?overrideScoreId=score,,
782,"ESP Painting, Inc",,,painting company,,,"[""apollo""]",,,2025-10-16T22:10:00.773Z,2025-10-16T22:10:40.146Z,,,,,,,,,,https://app.apollo.io/#/organizations/54a134a869702d3a9cd04e00?overrideScoreId=score,,
783,Corey Robbins Painting Company,,,painting company,,,"[""apollo""]",,,2025-10-16T22:10:00.773Z,2025-10-16T22:10:40.146Z,,,,,,,,,,https://app.apollo.io/#/organizations/54a1a1307468695860fe4503?overrideScoreId=score,,
784,The Oregon Painting Company LLC,,,painting company,,,"[""apollo""]",,,2025-10-16T22:10:00.773Z,2025-10-16T22:10:40.146Z,,,,,,,,,,https://app.apollo.io/#/organizations/5f4aae29a6e73b000175816a?overrideScoreId=score,,
785,WRIGHT PAINTING COMPANY LLC,,,painting company,,,"[""apollo""]",,,2025-10-16T22:10:00.773Z,2025-10-16T22:10:40.146Z,,,,,,,,,,https://app.apollo.io/#/organizations/66e28dd0a7929e00019e378f?overrideScoreId=score,,
786,A.H. Portland Painting Company,,,painting company,,,"[""apollo""]",,,2025-10-16T22:10:00.773Z,2025-10-16T22:10:40.146Z,,,,,,,,,,https://app.apollo.io/#/organizations/659234d737f10b0001f7978b?overrideScoreId=score,,
787,"Maller Painting Company - Beaverton, OR",,,painting company,,,"[""apollo""]",,,2025-10-16T22:10:00.774Z,2025-10-16T22:10:40.147Z,,,,,,,,,,https://app.apollo.io/#/organizations/670e4a830aa69d0001c79694?overrideScoreId=score,,
788,Zenith Painting Company,,,painting company,,,"[""apollo""]",,,2025-10-16T22:10:00.774Z,2025-10-16T22:10:40.147Z,,,,,,,,,,https://app.apollo.io/#/organizations/67285410ed6bc20001925a2b?overrideScoreId=score,,
789,"BENTLEYS PAINTING COMPANY, LLC",,,painting company,,,"[""apollo""]",,,2025-10-16T22:10:00.774Z,2025-10-16T22:10:40.147Z,,,,,,,,,,https://app.apollo.io/#/organizations/66efb177f5259400012ddb08?overrideScoreId=score,,
790,Artisan Painting llc,http://www.artisanpaintingllc.com/,artisanpaintingllc.com,painting company,,13,"[""apollo""]",,,2025-10-16T22:10:03.716Z,2025-10-16T22:10:40.147Z,,,,Media,Pennsylvania,,,,,https://app.apollo.io/#/organizations/6458d68d18675c00dc79713d?overrideScoreId=score,,
791,Final Touch Painting Company,,,painting company,,2,"[""apollo""]",,,2025-10-16T22:10:03.717Z,2025-10-16T22:10:40.147Z,,,,Wexford,Pennsylvania,,,,,https://app.apollo.io/#/organizations/55f5b75df3e5bb07680013a1?overrideScoreId=score,,
792,Burge Painting Company,http://www.burgepainting.com/,burgepainting.com,painting company,,5,"[""apollo""]",,,2025-10-16T22:10:03.718Z,2025-10-16T22:10:40.147Z,,,,Lansdale,Pennsylvania,,,,,https://app.apollo.io/#/organizations/5b84c3ddf874f74a1abe68ea?overrideScoreId=score,,
793,Dino Painting,http://www.dinopainting.com/,dinopainting.com,painting company,,2,"[""apollo""]",,,2025-10-16T22:10:03.718Z,2025-10-16T22:10:40.147Z,,,,Pittsburgh,Pennsylvania,,,,,https://app.apollo.io/#/organizations/668aa0e37ebc9f00013795e6?overrideScoreId=score,,
794,"East McKeesport, Pennsylvania",http://www.rubyspaintingcontracting.com/,rubyspaintingcontracting.com,painting company,,4,"[""apollo""]",,,2025-10-16T22:10:03.718Z,2025-10-16T22:10:40.147Z,,,,East McKeesport,Pennsylvania,,,,,https://app.apollo.io/#/organizations/5da2930c9ab26b0001499fd6?overrideScoreId=score,,
795,Arena Painting & Contracting,http://www.arenapaintingpgh.com/,arenapaintingpgh.com,painting company,,,"[""apollo""]",,,2025-10-16T22:10:03.718Z,2025-10-16T22:10:40.147Z,,,,Coraopolis,Pennsylvania,,,,,https://app.apollo.io/#/organizations/66e16e7bd0208a00018684ea?overrideScoreId=score,,
796,Four Pillars Paint LLC,http://www.fourpillarspaint.com/,fourpillarspaint.com,painting company,,3,"[""apollo""]",,,2025-10-16T22:10:03.718Z,2025-10-16T22:10:40.147Z,,,,Pittsburgh,Pennsylvania,,,,,https://app.apollo.io/#/organizations/61ed62b07cba130001131301?overrideScoreId=score,,
797,Ausherman Painting Inc,http://www.aushermanpainting.com/,aushermanpainting.com,painting company,,4,"[""apollo""]",,,2025-10-16T22:10:03.718Z,2025-10-16T22:10:40.147Z,,,,York,Pennsylvania,,,,,https://app.apollo.io/#/organizations/54a1a7aa7468695c82910505?overrideScoreId=score,,
798,Sarandis Painting Company Inc,http://www.sarandispainting.com/,sarandispainting.com,painting company,,2,"[""apollo""]",,,2025-10-16T22:10:03.718Z,2025-10-16T22:10:40.147Z,,,,Monroeville,Pennsylvania,,,,,https://app.apollo.io/#/organizations/55f7699df3e5bb16d8001f3a?overrideScoreId=score,,
799,"Bala Cynwyd, Pennsylvania",http://www.awgpainting.com/,awgpainting.com,painting company,,3,"[""apollo""]",,,2025-10-16T22:10:03.718Z,2025-10-16T22:10:40.147Z,,,,Bala Cynwyd,Pennsylvania,,,,,https://app.apollo.io/#/organizations/674bf03a1114fc000151f76f?overrideScoreId=score,,
800,Mojo Painting Company,http://www.mojopaintingco.com/,mojopaintingco.com,painting company,,2,"[""apollo""]",,,2025-10-16T22:10:03.719Z,2025-10-16T22:10:40.148Z,,,,Phoenixville,Pennsylvania,,,,,https://app.apollo.io/#/organizations/67a9a570b6a23b0021b02d5a?overrideScoreId=score,,
801,Yinzer Painting Company,http://www.yinzerpainting.com/,yinzerpainting.com,painting company,,,"[""apollo""]",,,2025-10-16T22:10:03.719Z,2025-10-16T22:10:40.148Z,,,,Homestead,Pennsylvania,,,,,https://app.apollo.io/#/organizations/641c1dfe728e9500017941e2?overrideScoreId=score,,
802,"New Castle, Pennsylvania",http://www.herculespainting.com/,herculespainting.com,painting company,,4,"[""apollo""]",,,2025-10-16T22:10:03.719Z,2025-10-16T22:10:40.148Z,,,,New Castle,Pennsylvania,,,,,https://app.apollo.io/#/organizations/670a9a10132fcc0001fe59c8?overrideScoreId=score,,
803,Guldin Painting Company,http://www.guldinpainting.com/,guldinpainting.com,painting company,,,"[""apollo""]",,,2025-10-16T22:10:03.719Z,2025-10-16T22:10:40.148Z,,,,Lansdale,Pennsylvania,,,,,https://app.apollo.io/#/organizations/6393487aa856b000016ba5d0?overrideScoreId=score,,
804,Mulberry Painting Company,http://www.mulberrypaintingcompany.com/,mulberrypaintingcompany.com,painting company,,1,"[""apollo""]",,,2025-10-16T22:10:03.719Z,2025-10-16T22:10:40.148Z,,,,Waynesburg,Pennsylvania,,,,,https://app.apollo.io/#/organizations/671340d0c2b2c900019bd228?overrideScoreId=score,,
805,Jrs Painting Company,http://www.jrs-painting.com/,jrs-painting.com,painting company,,,"[""apollo""]",,,2025-10-16T22:10:03.719Z,2025-10-16T22:10:40.148Z,,,,Wayne,Pennsylvania,,,,,https://app.apollo.io/#/organizations/5fd19eb1838cc00001407489?overrideScoreId=score,,
806,Craftsmanship Painting Company,http://www.philadelphiapaintingservice.com/,philadelphiapaintingservice.com,painting company,,,"[""apollo""]",,,2025-10-16T22:10:03.719Z,2025-10-16T22:10:40.148Z,,,,Philadelphia,Pennsylvania,,,,,https://app.apollo.io/#/organizations/66f91787155a830001eff16b?overrideScoreId=score,,
807,Artisan Painting llc,,,painting company,,,"[""apollo""]",,,2025-10-16T22:10:03.720Z,2025-10-16T22:10:40.148Z,,,,,,,,,,https://app.apollo.io/#/organizations/6458d68d18675c00dc79713d?overrideScoreId=score,,
808,Burge Painting Company,,,painting company,,,"[""apollo""]",,,2025-10-16T22:10:03.720Z,2025-10-16T22:10:40.148Z,,,,,,,,,,https://app.apollo.io/#/organizations/5b84c3ddf874f74a1abe68ea?overrideScoreId=score,,
809,Dino Painting,,,painting company,,,"[""apollo""]",,,2025-10-16T22:10:03.720Z,2025-10-16T22:10:40.148Z,,,,,,,,,,https://app.apollo.io/#/organizations/668aa0e37ebc9f00013795e6?overrideScoreId=score,,
810,"Ruby's Painting & Contracting Services, LLC",,,painting company,,,"[""apollo""]",,,2025-10-16T22:10:03.720Z,2025-10-16T22:10:40.148Z,,,,,,,,,,https://app.apollo.io/#/organizations/5da2930c9ab26b0001499fd6?overrideScoreId=score,,
811,Arena Painting & Contracting,,,painting company,,,"[""apollo""]",,,2025-10-16T22:10:03.720Z,2025-10-16T22:10:40.148Z,,,,,,,,,,https://app.apollo.io/#/organizations/66e16e7bd0208a00018684ea?overrideScoreId=score,,
812,Four Pillars Paint LLC,,,painting company,,,"[""apollo""]",,,2025-10-16T22:10:03.720Z,2025-10-16T22:10:40.148Z,,,,,,,,,,https://app.apollo.io/#/organizations/61ed62b07cba130001131301?overrideScoreId=score,,
813,Ausherman Painting Inc,,,painting company,,,"[""apollo""]",,,2025-10-16T22:10:03.720Z,2025-10-16T22:10:40.149Z,,,,,,,,,,https://app.apollo.io/#/organizations/54a1a7aa7468695c82910505?overrideScoreId=score,,
814,Sarandis Painting Company Inc,,,painting company,,,"[""apollo""]",,,2025-10-16T22:10:03.721Z,2025-10-16T22:10:40.149Z,,,,,,,,,,https://app.apollo.io/#/organizations/55f7699df3e5bb16d8001f3a?overrideScoreId=score,,
815,AWG Painting Company,,,painting company,,,"[""apollo""]",,,2025-10-16T22:10:03.721Z,2025-10-16T22:10:40.149Z,,,,,,,,,,https://app.apollo.io/#/organizations/674bf03a1114fc000151f76f?overrideScoreId=score,,
816,Mojo Painting Company,,,painting company,,,"[""apollo""]",,,2025-10-16T22:10:03.721Z,2025-10-16T22:10:40.149Z,,,,,,,,,,https://app.apollo.io/#/organizations/67a9a570b6a23b0021b02d5a?overrideScoreId=score,,
817,Yinzer Painting Company,,,painting company,,,"[""apollo""]",,,2025-10-16T22:10:03.721Z,2025-10-16T22:10:40.149Z,,,,,,,,,,https://app.apollo.io/#/organizations/641c1dfe728e9500017941e2?overrideScoreId=score,,
818,HERCULES PAINTING COMPANY INC,,,painting company,,,"[""apollo""]",,,2025-10-16T22:10:03.721Z,2025-10-16T22:10:40.149Z,,,,,,,,,,https://app.apollo.io/#/organizations/670a9a10132fcc0001fe59c8?overrideScoreId=score,,
819,POSTUPAK PAINTING COMPANY INC,,,painting company,,,"[""apollo""]",,,2025-10-16T22:10:03.721Z,2025-10-16T22:10:40.149Z,,,,,,,,,,https://app.apollo.io/#/organizations/6703adbd87d46200017dbd5e?overrideScoreId=score,,
820,Guldin Painting Company,,,painting company,,,"[""apollo""]",,,2025-10-16T22:10:03.722Z,2025-10-16T22:10:40.149Z,,,,,,,,,,https://app.apollo.io/#/organizations/6393487aa856b000016ba5d0?overrideScoreId=score,,
821,UMAR Painting Company,,,painting company,,,"[""apollo""]",,,2025-10-16T22:10:03.722Z,2025-10-16T22:10:40.149Z,,,,,,,,,,https://app.apollo.io/#/organizations/673d92fe45acbe0001ca86e9?overrideScoreId=score,,
822,Mulberry Painting Company,,,painting company,,,"[""apollo""]",,,2025-10-16T22:10:03.722Z,2025-10-16T22:10:40.149Z,,,,,,,,,,https://app.apollo.io/#/organizations/671340d0c2b2c900019bd228?overrideScoreId=score,,
823,Jrs Painting Company,,,painting company,,,"[""apollo""]",,,2025-10-16T22:10:03.722Z,2025-10-16T22:10:40.149Z,,,,,,,,,,https://app.apollo.io/#/organizations/5fd19eb1838cc00001407489?overrideScoreId=score,,
824,Craftsmanship Painting Company,,,painting company,,,"[""apollo""]",,,2025-10-16T22:10:03.722Z,2025-10-16T22:10:40.150Z,,,,,,,,,,https://app.apollo.io/#/organizations/66f91787155a830001eff16b?overrideScoreId=score,,
825,The Right Brush Co.,http://www.therightbrushinc.com/,therightbrushinc.com,painting company,,,"[""apollo""]",,,2025-10-16T22:10:06.648Z,2025-10-16T22:10:40.150Z,,,,Warren,Rhode Island,,,,,https://app.apollo.io/#/organizations/54a1294c69702da220158801?overrideScoreId=score,,
826,"Levine Painting Company, Inc.",http://www.levinepainting.com/,levinepainting.com,painting company,,5,"[""apollo""]",,,2025-10-16T22:10:06.648Z,2025-10-16T22:10:40.150Z,,,,Levine Painting Company,Inc.,,,,,https://app.apollo.io/#/organizations/5db1282f0dd2c00001411374?overrideScoreId=score,,
827,Smyth Painting Company,http://www.smythpainting.com/,smythpainting.com,painting company,,6,"[""apollo""]",,,2025-10-16T22:10:06.649Z,2025-10-16T22:10:40.150Z,,,,Middletown,Rhode Island,,,,,https://app.apollo.io/#/organizations/66e58e6f74f84e0001cf11fb?overrideScoreId=score,,
828,Rumford Painting Company,http://www.titanpaintingcompany.com/,titanpaintingcompany.com,painting company,,,"[""apollo""]",,,2025-10-16T22:10:06.649Z,2025-10-16T22:10:40.150Z,,,,East Providence,Rhode Island,,,,,https://app.apollo.io/#/organizations/66dd9bd4671a860001ff0ab7?overrideScoreId=score,,
829,The Right Brush Co.,,,painting company,,,"[""apollo""]",,,2025-10-16T22:10:06.649Z,2025-10-16T22:10:40.150Z,,,,,,,,,,https://app.apollo.io/#/organizations/54a1294c69702da220158801?overrideScoreId=score,,
830,"Levine Painting Company, Inc.",,,painting company,,,"[""apollo""]",,,2025-10-16T22:10:06.650Z,2025-10-16T22:10:40.150Z,,,,,,,,,,https://app.apollo.io/#/organizations/5db1282f0dd2c00001411374?overrideScoreId=score,,
831,Smyth Painting Company,,,painting company,,,"[""apollo""]",,,2025-10-16T22:10:06.650Z,2025-10-16T22:10:40.150Z,,,,,,,,,,https://app.apollo.io/#/organizations/66e58e6f74f84e0001cf11fb?overrideScoreId=score,,
832,Rumford Painting Company,,,painting company,,,"[""apollo""]",,,2025-10-16T22:10:06.650Z,2025-10-16T22:10:40.150Z,,,,,,,,,,https://app.apollo.io/#/organizations/66dd9bd4671a860001ff0ab7?overrideScoreId=score,,
833,Paint Rx,http://www.paint-rx.com/,paint-rx.com,painting company,,3,"[""apollo""]",,,2025-10-16T22:10:09.560Z,2025-10-16T22:10:40.150Z,,,,Myrtle Beach,South Carolina,,,,,https://app.apollo.io/#/organizations/63bb98268da6c40001305e51?overrideScoreId=score,,
834,Blue Nile Home Services,http://www.bluenilehomeservices.com/,bluenilehomeservices.com,painting company,,1,"[""apollo""]",,,2025-10-16T22:10:09.561Z,2025-10-16T22:10:40.150Z,,,,Charleston,South Carolina,,,,,https://app.apollo.io/#/organizations/636251dca4948a00a3092833?overrideScoreId=score,,
835,Skyline Services LLC,http://www.skylineservicessc.com/,skylineservicessc.com,painting company,,7,"[""apollo""]",,,2025-10-16T22:10:09.561Z,2025-10-16T22:10:40.151Z,,,,Bluffton,South Carolina,,,,,https://app.apollo.io/#/organizations/55ee4f75f3e5bb226c000ac9?overrideScoreId=score,,
836,"Rock Hill, South Carolina",http://www.cannonspainting.com/,cannonspainting.com,painting company,,1,"[""apollo""]",,,2025-10-16T22:10:09.562Z,2025-10-16T22:10:40.151Z,,,,Rock Hill,South Carolina,,,,,https://app.apollo.io/#/organizations/66ef3056758a070001cbda41?overrideScoreId=score,,
837,Rock Hill Painting Company,http://www.rockhillpaintingcompany.com/,rockhillpaintingcompany.com,painting company,,,"[""apollo""]",,,2025-10-16T22:10:09.562Z,2025-10-16T22:10:40.151Z,,,,Rock Hill,South Carolina,,,,,https://app.apollo.io/#/organizations/66f391d58df4fe0001b0d0f1?overrideScoreId=score,,
838,"Carolinas Premier Painting Company, Llc",http://www.carolinasppc.com/,carolinasppc.com,painting company,,,"[""apollo""]",,,2025-10-16T22:10:09.562Z,2025-10-16T22:10:40.151Z,,,,Carolinas Premier Painting Company,Llc,,,,,https://app.apollo.io/#/organizations/639234ef005e0800016b815a?overrideScoreId=score,,
839,Paint Rx,,,painting company,,,"[""apollo""]",,,2025-10-16T22:10:09.562Z,2025-10-16T22:10:40.151Z,,,,,,,,,,https://app.apollo.io/#/organizations/63bb98268da6c40001305e51?overrideScoreId=score,,
840,Taylor's Painting Company,,,painting company,,,"[""apollo""]",,,2025-10-16T22:10:09.562Z,2025-10-16T22:10:40.151Z,,,,,,,,,,https://app.apollo.io/#/organizations/673955ebaad7d500011641ad?overrideScoreId=score,,
841,Blue Nile Home Services,,,painting company,,,"[""apollo""]",,,2025-10-16T22:10:09.563Z,2025-10-16T22:10:40.151Z,,,,,,,,,,https://app.apollo.io/#/organizations/636251dca4948a00a3092833?overrideScoreId=score,,
842,Skyline Services LLC,,,painting company,,,"[""apollo""]",,,2025-10-16T22:10:09.563Z,2025-10-16T22:10:40.151Z,,,,,,,,,,https://app.apollo.io/#/organizations/55ee4f75f3e5bb226c000ac9?overrideScoreId=score,,
843,Cannon’s Painting Company,,,painting company,,,"[""apollo""]",,,2025-10-16T22:10:09.563Z,2025-10-16T22:10:40.151Z,,,,,,,,,,https://app.apollo.io/#/organizations/66ef3056758a070001cbda41?overrideScoreId=score,,
844,Rock Hill Painting Company,,,painting company,,,"[""apollo""]",,,2025-10-16T22:10:09.563Z,2025-10-16T22:10:40.152Z,,,,,,,,,,https://app.apollo.io/#/organizations/66f391d58df4fe0001b0d0f1?overrideScoreId=score,,
845,"Carolinas Premier Painting Company, Llc",,,painting company,,,"[""apollo""]",,,2025-10-16T22:10:09.563Z,2025-10-16T22:10:40.152Z,,,,,,,,,,https://app.apollo.io/#/organizations/639234ef005e0800016b815a?overrideScoreId=score,,
846,Canberra Painting Company PTY LTD,http://www.canberrapaintingcompany.com.au/,canberrapaintingcompany.com.au,painting company,,1,"[""apollo""]",,,2025-10-16T22:10:12.474Z,2025-10-16T22:10:40.152Z,,,,Mitchell,South Dakota,,,,,https://app.apollo.io/#/organizations/670a4f370d75880001d0e09c?overrideScoreId=score,,
847,Canberra Painting Company PTY LTD,,,painting company,,,"[""apollo""]",,,2025-10-16T22:10:12.475Z,2025-10-16T22:10:40.152Z,,,,,,,,,,https://app.apollo.io/#/organizations/670a4f370d75880001d0e09c?overrideScoreId=score,,
848,Nash Painting Company of Fairview,http://www.fairviewpaintingcompany.com/,fairviewpaintingcompany.com,painting company,,,"[""apollo""]",,,2025-10-16T22:10:15.385Z,2025-10-16T22:10:40.152Z,,,,Fairview,Tennessee,,,,,https://app.apollo.io/#/organizations/68020472923dd6000d5a0b12?overrideScoreId=score,,
849,Nolensville Painting Company,http://www.nolensvillepaintingcompany.com/,nolensvillepaintingcompany.com,painting company,,,"[""apollo""]",,,2025-10-16T22:10:15.387Z,2025-10-16T22:10:40.152Z,,,,Nolensville,Tennessee,,,,,https://app.apollo.io/#/organizations/670f772cf5a38802cf6c8a92?overrideScoreId=score,,
850,Croxall Painting and Property Improvement,http://www.croxallpainting.com/,croxallpainting.com,painting company,,4,"[""apollo""]",,,2025-10-16T22:10:15.387Z,2025-10-16T22:10:40.152Z,,,,Chattanooga,Tennessee,,,,,https://app.apollo.io/#/organizations/62c86bc420372700b32f110d?overrideScoreId=score,,
851,The Best Painters - La Vergne Painting Company,http://www.lavergnepaintingcompany.com/,lavergnepaintingcompany.com,painting company,,,"[""apollo""]",,,2025-10-16T22:10:15.387Z,2025-10-16T22:10:40.152Z,,,,La Vergne,Tennessee,,,,,https://app.apollo.io/#/organizations/67b40fa77541e400016ba55e?overrideScoreId=score,,
852,The Exquisite Decor Painting Company,http://www.exquisitedecorpainting.com/,exquisitedecorpainting.com,painting company,,1,"[""apollo""]",,,2025-10-16T22:10:15.388Z,2025-10-16T22:10:40.152Z,,,,Nashville,Tennessee,,,,,https://app.apollo.io/#/organizations/66dddd16950eb400012d1dab?overrideScoreId=score,,
853,Restored Painting Company,http://www.restoredpaintingcompany.com/,restoredpaintingcompany.com,painting company,,,"[""apollo""]",,,2025-10-16T22:10:15.388Z,2025-10-16T22:10:40.152Z,,,,Maryville,Tennessee,,,,,https://app.apollo.io/#/organizations/6703b795606e410001466681?overrideScoreId=score,,
854,Williams Painting Company LLC,http://www.williamspaintingcompany.com/,williamspaintingcompany.com,painting company,,,"[""apollo""]",,,2025-10-16T22:10:15.388Z,2025-10-16T22:10:40.153Z,,,,Chattanooga,Tennessee,,,,,https://app.apollo.io/#/organizations/5fd86e06830508000125ba6a?overrideScoreId=score,,
855,Nash Painting Company of Fairview,,,painting company,,,"[""apollo""]",,,2025-10-16T22:10:15.388Z,2025-10-16T22:10:40.153Z,,,,,,,,,,https://app.apollo.io/#/organizations/68020472923dd6000d5a0b12?overrideScoreId=score,,
856,Nolensville Painting Company,,,painting company,,,"[""apollo""]",,,2025-10-16T22:10:15.388Z,2025-10-16T22:10:40.153Z,,,,,,,,,,https://app.apollo.io/#/organizations/670f772cf5a38802cf6c8a92?overrideScoreId=score,,
857,"PAINT CORPS of Hendersonville, TN",,,painting company,,,"[""apollo""]",,,2025-10-16T22:10:15.388Z,2025-10-16T22:10:40.153Z,,,,,,,,,,https://app.apollo.io/#/organizations/62f2c6b573b30c00b69b267e?overrideScoreId=score,,
858,Croxall Painting and Property Improvement,,,painting company,,,"[""apollo""]",,,2025-10-16T22:10:15.389Z,2025-10-16T22:10:40.153Z,,,,,,,,,,https://app.apollo.io/#/organizations/62c86bc420372700b32f110d?overrideScoreId=score,,
859,The Best Painters - La Vergne Painting Company,,,painting company,,,"[""apollo""]",,,2025-10-16T22:10:15.389Z,2025-10-16T22:10:40.153Z,,,,,,,,,,https://app.apollo.io/#/organizations/67b40fa77541e400016ba55e?overrideScoreId=score,,
860,Tony V. Taylor Painting Company LLC,,,painting company,,,"[""apollo""]",,,2025-10-16T22:10:15.389Z,2025-10-16T22:10:40.153Z,,,,,,,,,,https://app.apollo.io/#/organizations/673826320c75e70001979023?overrideScoreId=score,,
861,The Exquisite Decor Painting Company,,,painting company,,,"[""apollo""]",,,2025-10-16T22:10:15.389Z,2025-10-16T22:10:40.153Z,,,,,,,,,,https://app.apollo.io/#/organizations/66dddd16950eb400012d1dab?overrideScoreId=score,,
862,Restored Painting Company,,,painting company,,,"[""apollo""]",,,2025-10-16T22:10:15.389Z,2025-10-16T22:10:40.154Z,,,,,,,,,,https://app.apollo.io/#/organizations/6703b795606e410001466681?overrideScoreId=score,,
863,"VFL Painting Company, LLC",,,painting company,,,"[""apollo""]",,,2025-10-16T22:10:15.389Z,2025-10-16T22:10:40.154Z,,,,,,,,,,https://app.apollo.io/#/organizations/66e95f264b0de900013ac73f?overrideScoreId=score,,
864,Williams Painting Company LLC,,,painting company,,,"[""apollo""]",,,2025-10-16T22:10:15.389Z,2025-10-16T22:10:40.154Z,,,,,,,,,,https://app.apollo.io/#/organizations/5fd86e06830508000125ba6a?overrideScoreId=score,,
865,Slater Painting Company Inc,http://www.slaterpainting.com/,slaterpainting.com,painting company,,7,"[""apollo""]",,,2025-10-16T22:10:18.382Z,2025-10-16T22:10:40.154Z,,,,Austin,Texas,,,,,https://app.apollo.io/#/organizations/5d0a2b4fa3ae61e1332c21d3?overrideScoreId=score,,
866,"San Antonio, Texas",,,painting company,,4,"[""apollo""]",,,2025-10-16T22:10:18.383Z,2025-10-16T22:10:40.155Z,,,,San Antonio,Texas,,,,,https://app.apollo.io/#/organizations/64a25cbfc07d60000138284b?overrideScoreId=score,,
867,Paper Moon Painting,http://www.papermoonpainting.com/,papermoonpainting.com,painting company,,11,"[""apollo""]",,,2025-10-16T22:10:18.384Z,2025-10-16T22:10:40.155Z,,,,San Antonio,Texas,,,,,https://app.apollo.io/#/organizations/5fca250562cea0000187b751?overrideScoreId=score,,
868,Texas Painting Company,http://www.repaintingtexas.com/,repaintingtexas.com,painting company,,14,"[""apollo""]",,,2025-10-16T22:10:18.384Z,2025-10-16T22:10:40.155Z,,,,Austin,Texas,,,,,https://app.apollo.io/#/organizations/54a1354569702d36c962bd00?overrideScoreId=score,,
869,Alexandris Painting,http://www.wepaintdfw.com/,wepaintdfw.com,painting company,,3,"[""apollo""]",,,2025-10-16T22:10:18.384Z,2025-10-16T22:10:40.155Z,,,,Plano,Texas,,,,,https://app.apollo.io/#/organizations/54a13a1c69702dac84169700?overrideScoreId=score,,
870,Brazos Painting Company,,,painting company,,1,"[""apollo""]",,,2025-10-16T22:10:18.384Z,2025-10-16T22:10:40.155Z,,,,Granbury,Texas,,,,,https://app.apollo.io/#/organizations/6450aed2ec04a40001b88649?overrideScoreId=score,,
871,Hendrick Painting,http://www.hendrickpainting.com/,hendrickpainting.com,painting company,,2,"[""apollo""]",,,2025-10-16T22:10:18.384Z,2025-10-16T22:10:40.155Z,,,,San Antonio,Texas,,,,,https://app.apollo.io/#/organizations/5e5787b29c01df00011f1d74?overrideScoreId=score,,
872,Southern Painting – North Dallas | Plano/Allen/McKinney,,,painting company,,6,"[""apollo""]",,,2025-10-16T22:10:18.384Z,2025-10-16T22:10:40.155Z,,,,Plano,Texas,,,,,https://app.apollo.io/#/organizations/56da0666f3e5bb706c0010bb?overrideScoreId=score,,
873,Houston Texas Painters,http://www.houstontexaspainters.com/,houstontexaspainters.com,painting company,,2,"[""apollo""]",,,2025-10-16T22:10:18.384Z,2025-10-16T22:10:40.155Z,,,,Houston,Texas,,,,,https://app.apollo.io/#/organizations/5e570413913acc00010637c9?overrideScoreId=score,,
874,Dallas Pro Paint & Drywall LLC,http://www.dallaspropaint.com/,dallaspropaint.com,painting company,,6,"[""apollo""]",,,2025-10-16T22:10:18.385Z,2025-10-16T22:10:40.155Z,,,,Carrollton,Texas,,,,,https://app.apollo.io/#/organizations/6139d41af041420001fdf6b1?overrideScoreId=score,,
875,Lopez Painting Company,http://www.jlopezpaintandfinish.com/,jlopezpaintandfinish.com,painting company,,9,"[""apollo""]",,,2025-10-16T22:10:18.385Z,2025-10-16T22:10:40.155Z,,,,Temple,Texas,,,,,https://app.apollo.io/#/organizations/5500b0ce7369642db6c41200?overrideScoreId=score,,
876,Annie Admin,http://www.annieadmin.com/,annieadmin.com,painting company,,9,"[""apollo""]",,,2025-10-16T22:10:18.385Z,2025-10-16T22:10:40.156Z,,,,Keller,Texas,,,,,https://app.apollo.io/#/organizations/5e55ab126fcac5000117b33b?overrideScoreId=score,,
877,Scott Derr Painting Company,http://www.scottderr.com/,scottderr.com,painting company,,6,"[""apollo""]",,,2025-10-16T22:10:18.385Z,2025-10-16T22:10:40.156Z,,,,Friendswood,Texas,,,,,https://app.apollo.io/#/organizations/57c49046a6da981605b35619?overrideScoreId=score,,
878,"Corpus Christi, Texas",http://www.trimexcommercial.com/,trimexcommercial.com,painting company,,3,"[""apollo""]",,,2025-10-16T22:10:18.385Z,2025-10-16T22:10:40.156Z,,,,Corpus Christi,Texas,,,,,https://app.apollo.io/#/organizations/63d4ca7a9633ed00013ac688?overrideScoreId=score,,
879,Platinum Painting,http://www.platinumpainting.com/,platinumpainting.com,painting company,,57,"[""apollo""]",,,2025-10-16T22:10:18.386Z,2025-10-16T22:10:40.156Z,,,,Keller,Texas,,,,,https://app.apollo.io/#/organizations/5e57d403108ba90001fa63f7?overrideScoreId=score,,
880,CHERRY PAINTING COMPANY,,,painting company,,,"[""apollo""]",,,2025-10-16T22:10:18.386Z,2025-10-16T22:10:40.156Z,,,,,,,,,,https://app.apollo.io/#/organizations/67275ea062f46c0001c87d3d?overrideScoreId=score,,
881,Slater Painting Company Inc,,,painting company,,,"[""apollo""]",,,2025-10-16T22:10:18.386Z,2025-10-16T22:10:40.156Z,,,,,,,,,,https://app.apollo.io/#/organizations/5d0a2b4fa3ae61e1332c21d3?overrideScoreId=score,,
882,LIME Painting of San Antonio,,,painting company,,,"[""apollo""]",,,2025-10-16T22:10:18.386Z,2025-10-16T22:10:40.156Z,,,,,,,,,,https://app.apollo.io/#/organizations/64a25cbfc07d60000138284b?overrideScoreId=score,,
883,Paper Moon Painting,,,painting company,,,"[""apollo""]",,,2025-10-16T22:10:18.386Z,2025-10-16T22:10:40.156Z,,,,,,,,,,https://app.apollo.io/#/organizations/5fca250562cea0000187b751?overrideScoreId=score,,
884,1+Multi,,,painting company,,,"[""apollo""]",,,2025-10-16T22:10:18.387Z,2025-10-16T22:10:40.156Z,,,,,,,,,,https://app.apollo.io/#/organizations/6161b1da28ecc30001beb80a?overrideScoreId=score,,
885,Texas Painting Company,,,painting company,,,"[""apollo""]",,,2025-10-16T22:10:18.392Z,2025-10-16T22:10:40.156Z,,,,,,,,,,https://app.apollo.io/#/organizations/54a1354569702d36c962bd00?overrideScoreId=score,,
886,Alexandris Painting,,,painting company,,,"[""apollo""]",,,2025-10-16T22:10:18.393Z,2025-10-16T22:10:40.156Z,,,,,,,,,,https://app.apollo.io/#/organizations/54a13a1c69702dac84169700?overrideScoreId=score,,
887,Hendrick Painting,,,painting company,,,"[""apollo""]",,,2025-10-16T22:10:18.393Z,2025-10-16T22:10:40.157Z,,,,,,,,,,https://app.apollo.io/#/organizations/5e5787b29c01df00011f1d74?overrideScoreId=score,,
888,JSL Painting Company,,,painting company,,,"[""apollo""]",,,2025-10-16T22:10:18.393Z,2025-10-16T22:10:40.157Z,,,,,,,,,,https://app.apollo.io/#/organizations/640d94bb4da0ed00017ded8e?overrideScoreId=score,,
889,Houston Texas Painters,,,painting company,,,"[""apollo""]",,,2025-10-16T22:10:18.394Z,2025-10-16T22:10:40.157Z,,,,,,,,,,https://app.apollo.io/#/organizations/5e570413913acc00010637c9?overrideScoreId=score,,
890,Dallas Pro Paint & Drywall LLC,,,painting company,,,"[""apollo""]",,,2025-10-16T22:10:18.394Z,2025-10-16T22:10:40.157Z,,,,,,,,,,https://app.apollo.io/#/organizations/6139d41af041420001fdf6b1?overrideScoreId=score,,
891,Lopez Painting Company,,,painting company,,,"[""apollo""]",,,2025-10-16T22:10:18.394Z,2025-10-16T22:10:40.157Z,,,,,,,,,,https://app.apollo.io/#/organizations/5500b0ce7369642db6c41200?overrideScoreId=score,,
892,Annie Admin,,,painting company,,,"[""apollo""]",,,2025-10-16T22:10:18.394Z,2025-10-16T22:10:40.158Z,,,,,,,,,,https://app.apollo.io/#/organizations/5e55ab126fcac5000117b33b?overrideScoreId=score,,
893,Scott Derr Painting Company,,,painting company,,,"[""apollo""]",,,2025-10-16T22:10:18.395Z,2025-10-16T22:10:40.158Z,,,,,,,,,,https://app.apollo.io/#/organizations/57c49046a6da981605b35619?overrideScoreId=score,,
894,Tri-Mex Commercial Painting Company,,,painting company,,,"[""apollo""]",,,2025-10-16T22:10:18.395Z,2025-10-16T22:10:40.158Z,,,,,,,,,,https://app.apollo.io/#/organizations/63d4ca7a9633ed00013ac688?overrideScoreId=score,,
895,Platinum Painting,,,painting company,,,"[""apollo""]",,,2025-10-16T22:10:18.395Z,2025-10-16T22:10:40.158Z,,,,,,,,,,https://app.apollo.io/#/organizations/5e57d403108ba90001fa63f7?overrideScoreId=score,,
896,Petersen Painting,http://www.petersenpainting.net/,petersenpainting.net,painting company,,22,"[""apollo""]",,,2025-10-16T22:10:21.349Z,2025-10-16T22:10:40.158Z,,,,Lehi,Utah,,,,,https://app.apollo.io/#/organizations/674bc3f1a7e4e50001a21112?overrideScoreId=score,,
897,Fred Marshall Painting,http://www.fredmarshallpainting.com/,fredmarshallpainting.com,painting company,,2,"[""apollo""]",,,2025-10-16T22:10:21.350Z,2025-10-16T22:10:40.158Z,,,,Park City,Utah,,,,,https://app.apollo.io/#/organizations/54a1289f69702db878300a01?overrideScoreId=score,,
898,Petersen Painting,,,painting company,,,"[""apollo""]",,,2025-10-16T22:10:21.351Z,2025-10-16T22:10:40.158Z,,,,,,,,,,https://app.apollo.io/#/organizations/674bc3f1a7e4e50001a21112?overrideScoreId=score,,
899,LIME Painting of Salt Lake,,,painting company,,,"[""apollo""]",,,2025-10-16T22:10:21.351Z,2025-10-16T22:10:40.158Z,,,,,,,,,,https://app.apollo.io/#/organizations/614d6d7a8e3fae00017e6fb7?overrideScoreId=score,,
900,Fred Marshall Painting,,,painting company,,,"[""apollo""]",,,2025-10-16T22:10:21.351Z,2025-10-16T22:10:40.159Z,,,,,,,,,,https://app.apollo.io/#/organizations/54a1289f69702db878300a01?overrideScoreId=score,,
901,"South Burlington, Vermont",http://www.vtpaintingcompany.com/,vtpaintingcompany.com,painting company,,,"[""apollo""]",,,2025-10-16T22:10:24.256Z,2025-10-16T22:10:40.159Z,,,,South Burlington,Vermont,,,,,https://app.apollo.io/#/organizations/6727d5e962f46c0001cd6baa?overrideScoreId=score,,
902,VT Painting Company,,,painting company,,,"[""apollo""]",,,2025-10-16T22:10:24.258Z,2025-10-16T22:10:40.159Z,,,,,,,,,,https://app.apollo.io/#/organizations/6727d5e962f46c0001cd6baa?overrideScoreId=score,,
903,Murray Painting,http://www.murraypaint.net/,murraypaint.net,painting company,,15,"[""apollo""]",,,2025-10-16T22:10:27.225Z,2025-10-16T22:10:40.159Z,,,,Richmond,Virginia,,,,,https://app.apollo.io/#/organizations/60b2503f7ea2d90001ba6f87?overrideScoreId=score,,
904,Manor Works Painting,http://www.manorworks.com/,manorworks.com,painting company,,4,"[""apollo""]",,,2025-10-16T22:10:27.227Z,2025-10-16T22:10:40.159Z,,,,Aldie,Virginia,,,,,https://app.apollo.io/#/organizations/61acc7be564df300018e9b45?overrideScoreId=score,,
905,Handy Manny's Painting,http://www.handymannyspainting.com/,handymannyspainting.com,painting company,,7,"[""apollo""]",,,2025-10-16T22:10:27.227Z,2025-10-16T22:10:40.159Z,,,,Arlington,Virginia,,,,,https://app.apollo.io/#/organizations/63baeb31941ae80001f789b8?overrideScoreId=score,,
906,James River Painting Company,,,painting company,,9,"[""apollo""]",,,2025-10-16T22:10:27.227Z,2025-10-16T22:10:40.159Z,,,,Richmond,Virginia,,,,,https://app.apollo.io/#/organizations/66dcaf264bbff90001fc0938?overrideScoreId=score,,
907,Monolith Painting Company,http://www.bluemontpaintingcontractor.com/,bluemontpaintingcontractor.com,painting company,,1,"[""apollo""]",,,2025-10-16T22:10:27.228Z,2025-10-16T22:10:40.159Z,,,,Bluemont,Virginia,,,,,https://app.apollo.io/#/organizations/674fd754112bea00013895ef?overrideScoreId=score,,
908,"Rochester Painting Company, LLC.",http://www.rochesterpaintingco.com/,rochesterpaintingco.com,painting company,,,"[""apollo""]",,,2025-10-16T22:10:27.228Z,2025-10-16T22:10:40.159Z,,,,Broadway,Virginia,,,,,https://app.apollo.io/#/organizations/67ee577356a013000d133d75?overrideScoreId=score,,
909,Superior Pressure Washing & Painting Company,http://www.superiorpnp.com/,superiorpnp.com,painting company,,1,"[""apollo""]",,,2025-10-16T22:10:27.230Z,2025-10-16T22:10:40.159Z,,,,Virginia Beach,Virginia,,,,,https://app.apollo.io/#/organizations/6700c531906fe40001be0baa?overrideScoreId=score,,
910,Edwin Painting Company,http://www.edwinpainting.com/,edwinpainting.com,painting company,,,"[""apollo""]",,,2025-10-16T22:10:27.230Z,2025-10-16T22:10:40.159Z,,,,South Riding,Virginia,,,,,https://app.apollo.io/#/organizations/6715ce353721b20001d5bb40?overrideScoreId=score,,
911,Wade Bros Painting Company,http://www.wadebrospainting.com/,wadebrospainting.com,painting company,,,"[""apollo""]",,,2025-10-16T22:10:27.230Z,2025-10-16T22:10:40.159Z,,,,Virginia Beach,Virginia,,,,,https://app.apollo.io/#/organizations/66de9b5f154ebe00017a5430?overrideScoreId=score,,
912,Broad Run Painting Company LLC,http://www.brpcs.com/,brpcs.com,painting company,,,"[""apollo""]",,,2025-10-16T22:10:27.231Z,2025-10-16T22:10:40.159Z,,,,Sterling,Virginia,,,,,https://app.apollo.io/#/organizations/66e77afecdedb40001045ce5?overrideScoreId=score,,
913,Murray Painting,,,painting company,,,"[""apollo""]",,,2025-10-16T22:10:27.231Z,2025-10-16T22:10:40.159Z,,,,,,,,,,https://app.apollo.io/#/organizations/60b2503f7ea2d90001ba6f87?overrideScoreId=score,,
914,Manor Works Painting,,,painting company,,,"[""apollo""]",,,2025-10-16T22:10:27.231Z,2025-10-16T22:10:40.160Z,,,,,,,,,,https://app.apollo.io/#/organizations/61acc7be564df300018e9b45?overrideScoreId=score,,
915,Handy Manny's Painting,,,painting company,,,"[""apollo""]",,,2025-10-16T22:10:27.231Z,2025-10-16T22:10:40.160Z,,,,,,,,,,https://app.apollo.io/#/organizations/63baeb31941ae80001f789b8?overrideScoreId=score,,
916,CG Painting Company LLC,,,painting company,,,"[""apollo""]",,,2025-10-16T22:10:27.231Z,2025-10-16T22:10:40.160Z,,,,,,,,,,https://app.apollo.io/#/organizations/645c9bf3b0b88900010dc68b?overrideScoreId=score,,
917,CRESCENT PAINTING COMPANY,,,painting company,,,"[""apollo""]",,,2025-10-16T22:10:27.232Z,2025-10-16T22:10:40.160Z,,,,,,,,,,https://app.apollo.io/#/organizations/5fd1ba714ca858000170db91?overrideScoreId=score,,
918,Monolith Painting Company,,,painting company,,,"[""apollo""]",,,2025-10-16T22:10:27.232Z,2025-10-16T22:10:40.160Z,,,,,,,,,,https://app.apollo.io/#/organizations/674fd754112bea00013895ef?overrideScoreId=score,,
919,"Rochester Painting Company, LLC.",,,painting company,,,"[""apollo""]",,,2025-10-16T22:10:27.232Z,2025-10-16T22:10:40.161Z,,,,,,,,,,https://app.apollo.io/#/organizations/67ee577356a013000d133d75?overrideScoreId=score,,
920,M & M Drywall And Painting Company,,,painting company,,,"[""apollo""]",,,2025-10-16T22:10:27.233Z,2025-10-16T22:10:40.161Z,,,,,,,,,,https://app.apollo.io/#/organizations/6708cb94a60fce0001db9c78?overrideScoreId=score,,
921,Superior Pressure Washing & Painting Company,,,painting company,,,"[""apollo""]",,,2025-10-16T22:10:27.233Z,2025-10-16T22:10:40.161Z,,,,,,,,,,https://app.apollo.io/#/organizations/6700c531906fe40001be0baa?overrideScoreId=score,,
922,Edwin Painting Company,,,painting company,,,"[""apollo""]",,,2025-10-16T22:10:27.233Z,2025-10-16T22:10:40.161Z,,,,,,,,,,https://app.apollo.io/#/organizations/6715ce353721b20001d5bb40?overrideScoreId=score,,
923,Wade Bros Painting Company,,,painting company,,,"[""apollo""]",,,2025-10-16T22:10:27.233Z,2025-10-16T22:10:40.162Z,,,,,,,,,,https://app.apollo.io/#/organizations/66de9b5f154ebe00017a5430?overrideScoreId=score,,
924,T.R. YOUNG PAINTING COMPANY,,,painting company,,,"[""apollo""]",,,2025-10-16T22:10:27.233Z,2025-10-16T22:10:40.162Z,,,,,,,,,,https://app.apollo.io/#/organizations/6714b19de73ec000013d12c4?overrideScoreId=score,,
925,Broad Run Painting Company LLC,,,painting company,,,"[""apollo""]",,,2025-10-16T22:10:27.234Z,2025-10-16T22:10:40.162Z,,,,,,,,,,https://app.apollo.io/#/organizations/66e77afecdedb40001045ce5?overrideScoreId=score,,
926,Tacoma House Painters,http://www.tacomahousepainter.com/,tacomahousepainter.com,painting company,,,"[""apollo""]",,,2025-10-16T22:10:30.918Z,2025-10-16T22:10:40.162Z,,,,Tacoma,Washington,,,,,https://app.apollo.io/#/organizations/64172457e4fdbb0001daa276?overrideScoreId=score,,
927,Northwest Residential & Commercial Painting Company,http://www.nwpaintingcompany.com/,nwpaintingcompany.com,painting company,,9,"[""apollo""]",,,2025-10-16T22:10:30.919Z,2025-10-16T22:10:40.162Z,,,,Seattle,Washington,,,,,https://app.apollo.io/#/organizations/54a1b6ef7468695c827f2b0a?overrideScoreId=score,,
928,All Pro Painting,http://www.allpropainting.com/,allpropainting.com,painting company,,94,"[""apollo""]",,,2025-10-16T22:10:30.919Z,2025-10-16T22:10:40.162Z,,,,Seattle,Washington,,,,,https://app.apollo.io/#/organizations/54a12aa869702db648c02302?overrideScoreId=score,,
929,Olympia Painting Company,http://www.olympiapaintingco.com/,olympiapaintingco.com,painting company,,6,"[""apollo""]",,,2025-10-16T22:10:30.920Z,2025-10-16T22:10:40.162Z,,,,Olympia,Washington,,,,,https://app.apollo.io/#/organizations/556ce2f173696412580d4300?overrideScoreId=score,,
930,"Pro Paints, LLC | Painting Company",http://www.propaintsnw.com/,propaintsnw.com,painting company,,2,"[""apollo""]",,,2025-10-16T22:10:30.920Z,2025-10-16T22:10:40.162Z,,,,Spokane,Washington,,,,,https://app.apollo.io/#/organizations/6509191eb300a600017c7061?overrideScoreId=score,,
931,Vanhousing Painters LLC,http://www.vanhousingpainters.com/,vanhousingpainters.com,painting company,,,"[""apollo""]",,,2025-10-16T22:10:30.920Z,2025-10-16T22:10:40.163Z,,,,Covington,Washington,,,,,https://app.apollo.io/#/organizations/67df7de01db03600206acb3a?overrideScoreId=score,,
932,Capitol Painting Company,http://www.capitolpaintingcompany.com/,capitolpaintingcompany.com,painting company,,7,"[""apollo""]",,,2025-10-16T22:10:30.922Z,2025-10-16T22:10:40.163Z,,,,Tumwater,Washington,,,,,https://app.apollo.io/#/organizations/5ed17f1dbeff4a0001cf5b30?overrideScoreId=score,,
933,Pacific Painting Company,http://www.pacpaint.com/,pacpaint.com,painting company,,11,"[""apollo""]",,,2025-10-16T22:10:30.922Z,2025-10-16T22:10:40.163Z,,,,Issaquah,Washington,,,,,https://app.apollo.io/#/organizations/674b107fc0db0800013e8018?overrideScoreId=score,,
934,Morgan Painting Company,http://www.morganpainting.com/,morganpainting.com,painting company,,4,"[""apollo""]",,,2025-10-16T22:10:30.922Z,2025-10-16T22:10:40.163Z,,,,Renton,Washington,,,,,https://app.apollo.io/#/organizations/55e81dd5f3e5bb7430000921?overrideScoreId=score,,
935,Hess Painting Company,,,painting company,,8,"[""apollo""]",,,2025-10-16T22:10:30.923Z,2025-10-16T22:10:40.163Z,,,,Puyallup,Washington,,,,,https://app.apollo.io/#/organizations/673148b58c7edd0001c5f406?overrideScoreId=score,,
936,"Mill Creek, Washington",http://www.emilyspaintcompany.com/,emilyspaintcompany.com,painting company,,,"[""apollo""]",,,2025-10-16T22:10:30.923Z,2025-10-16T22:10:40.163Z,,,,Mill Creek,Washington,,,,,https://app.apollo.io/#/organizations/6678f5bbd877460001400792?overrideScoreId=score,,
937,Tacoma House Painters,,,painting company,,,"[""apollo""]",,,2025-10-16T22:10:30.923Z,2025-10-16T22:10:40.163Z,,,,,,,,,,https://app.apollo.io/#/organizations/64172457e4fdbb0001daa276?overrideScoreId=score,,
938,Northwest Residential & Commercial Painting Company,,,painting company,,,"[""apollo""]",,,2025-10-16T22:10:30.923Z,2025-10-16T22:10:40.163Z,,,,,,,,,,https://app.apollo.io/#/organizations/54a1b6ef7468695c827f2b0a?overrideScoreId=score,,
939,All Pro Painting,,,painting company,,,"[""apollo""]",,,2025-10-16T22:10:30.923Z,2025-10-16T22:10:40.163Z,,,,,,,,,,https://app.apollo.io/#/organizations/54a12aa869702db648c02302?overrideScoreId=score,,
940,"JT Painting Company, LLC",,,painting company,,,"[""apollo""]",,,2025-10-16T22:10:30.924Z,2025-10-16T22:10:40.164Z,,,,,,,,,,https://app.apollo.io/#/organizations/5e583f5dc2f6da0001412716?overrideScoreId=score,,
941,"Krippner, Inc",,,painting company,,,"[""apollo""]",,,2025-10-16T22:10:30.924Z,2025-10-16T22:10:40.164Z,,,,,,,,,,https://app.apollo.io/#/organizations/54a23c6d7468693fda188718?overrideScoreId=score,,
942,Olympia Painting Company,,,painting company,,,"[""apollo""]",,,2025-10-16T22:10:30.924Z,2025-10-16T22:10:40.164Z,,,,,,,,,,https://app.apollo.io/#/organizations/556ce2f173696412580d4300?overrideScoreId=score,,
943,FITZ PAINTING,,,painting company,,,"[""apollo""]",,,2025-10-16T22:10:30.924Z,2025-10-16T22:10:40.164Z,,,,,,,,,,https://app.apollo.io/#/organizations/6452372559851d000129772d?overrideScoreId=score,,
944,"Pro Paints, LLC | Painting Company",,,painting company,,,"[""apollo""]",,,2025-10-16T22:10:30.925Z,2025-10-16T22:10:40.164Z,,,,,,,,,,https://app.apollo.io/#/organizations/6509191eb300a600017c7061?overrideScoreId=score,,
945,Vanhousing Painters LLC,,,painting company,,,"[""apollo""]",,,2025-10-16T22:10:30.925Z,2025-10-16T22:10:40.164Z,,,,,,,,,,https://app.apollo.io/#/organizations/67df7de01db03600206acb3a?overrideScoreId=score,,
946,Capitol Painting Company,,,painting company,,,"[""apollo""]",,,2025-10-16T22:10:30.925Z,2025-10-16T22:10:40.165Z,,,,,,,,,,https://app.apollo.io/#/organizations/5ed17f1dbeff4a0001cf5b30?overrideScoreId=score,,
947,"D.W. Hutchinson, Builders        and Kiss of Kolor Painting",,,painting company,,,"[""apollo""]",,,2025-10-16T22:10:30.925Z,2025-10-16T22:10:40.165Z,,,,,,,,,,https://app.apollo.io/#/organizations/64f70955dff1750001164af9?overrideScoreId=score,,
948,Pacific Painting Company,,,painting company,,,"[""apollo""]",,,2025-10-16T22:10:30.925Z,2025-10-16T22:10:40.165Z,,,,,,,,,,https://app.apollo.io/#/organizations/674b107fc0db0800013e8018?overrideScoreId=score,,
949,CLEFT PAINTING COMPANY LLC,,,painting company,,,"[""apollo""]",,,2025-10-16T22:10:30.925Z,2025-10-16T22:10:40.165Z,,,,,,,,,,https://app.apollo.io/#/organizations/6714fedfe73ec000014058db?overrideScoreId=score,,
950,Morgan Painting Company,,,painting company,,,"[""apollo""]",,,2025-10-16T22:10:30.926Z,2025-10-16T22:10:40.165Z,,,,,,,,,,https://app.apollo.io/#/organizations/55e81dd5f3e5bb7430000921?overrideScoreId=score,,
951,CeCe's Contracting - Spokane Painting Company,,,painting company,,,"[""apollo""]",,,2025-10-16T22:10:30.926Z,2025-10-16T22:10:40.165Z,,,,,,,,,,https://app.apollo.io/#/organizations/688af943010e780001a29e96?overrideScoreId=score,,
952,Emily's Painting Company LLC,,,painting company,,,"[""apollo""]",,,2025-10-16T22:10:30.926Z,2025-10-16T22:10:40.165Z,,,,,,,,,,https://app.apollo.io/#/organizations/6678f5bbd877460001400792?overrideScoreId=score,,
953,Pro Painter USA-North Shore,,,painting company,,,"[""apollo""]",,,2025-10-16T22:10:37.120Z,2025-10-16T22:10:40.165Z,,,,Wauwatosa,Wisconsin,,,,,https://app.apollo.io/#/organizations/67d8f250985ee000012f5abb?overrideScoreId=score,,
954,Ambrick Painting Company Inc.,http://www.ambrickpaintingcompany.com/,ambrickpaintingcompany.com,painting company,,3,"[""apollo""]",,,2025-10-16T22:10:37.122Z,2025-10-16T22:10:40.165Z,,,,Greenfield,Wisconsin,,,,,https://app.apollo.io/#/organizations/54a11ec169702d77c2a8a501?overrideScoreId=score,,
955,New Life Painting WI,http://www.newlifepaintingwi.com/,newlifepaintingwi.com,painting company,,1,"[""apollo""]",,,2025-10-16T22:10:37.122Z,2025-10-16T22:10:40.165Z,,,,Madison,Wisconsin,,,,,https://app.apollo.io/#/organizations/62a62d5028951700f75baa55?overrideScoreId=score,,
956,Haugen Homes Painting,http://www.hhpainters.com/,hhpainters.com,painting company,,2,"[""apollo""]",,,2025-10-16T22:10:37.122Z,2025-10-16T22:10:40.166Z,,,,Sheboygan,Wisconsin,,,,,https://app.apollo.io/#/organizations/60b28784f6c9fa0001354e58?overrideScoreId=score,,
957,"West Allis, Wisconsin",http://www.st8ptg.com/,st8ptg.com,painting company,,12,"[""apollo""]",,,2025-10-16T22:10:37.123Z,2025-10-16T22:10:40.166Z,,,,West Allis,Wisconsin,,,,,https://app.apollo.io/#/organizations/66e90c9eba65b70001413cb8?overrideScoreId=score,,
958,Atlas Painting Company,http://www.atlas-painting.com/,atlas-painting.com,painting company,,6,"[""apollo""]",,,2025-10-16T22:10:37.123Z,2025-10-16T22:10:40.166Z,,,,Madison,Wisconsin,,,,,https://app.apollo.io/#/organizations/5d0a3f33a3ae61089773edc7?overrideScoreId=score,,
959,"Stevens Point, Wisconsin",http://www.sdspaintingcompany.com/,sdspaintingcompany.com,painting company,,,"[""apollo""]",,,2025-10-16T22:10:37.123Z,2025-10-16T22:10:40.166Z,,,,Stevens Point,Wisconsin,,,,,https://app.apollo.io/#/organizations/67159979ad0eb40001abe048?overrideScoreId=score,,
960,"Eagle Painting Company, Llc",http://www.osbornmaine.org/,osbornmaine.org,painting company,,,"[""apollo""]",,,2025-10-16T22:10:37.123Z,2025-10-16T22:10:40.166Z,,,,Eagle Painting Company,Llc,,,,,https://app.apollo.io/#/organizations/5fd1af1f4f331d0001fecf12?overrideScoreId=score,,
961,Superior Werk Painting Company,http://www.superiorwerkpainting.com/,superiorwerkpainting.com,painting company,,1,"[""apollo""]",,,2025-10-16T22:10:37.123Z,2025-10-16T22:10:40.166Z,,,,Deerfield,Wisconsin,,,,,https://app.apollo.io/#/organizations/672484256dfe63000126fe50?overrideScoreId=score,,
962,Ambrick Painting Company Inc.,,,painting company,,,"[""apollo""]",,,2025-10-16T22:10:37.123Z,2025-10-16T22:10:40.166Z,,,,,,,,,,https://app.apollo.io/#/organizations/54a11ec169702d77c2a8a501?overrideScoreId=score,,
963,New Life Painting WI,,,painting company,,,"[""apollo""]",,,2025-10-16T22:10:37.123Z,2025-10-16T22:10:40.166Z,,,,,,,,,,https://app.apollo.io/#/organizations/62a62d5028951700f75baa55?overrideScoreId=score,,
964,Haugen Homes Painting,,,painting company,,,"[""apollo""]",,,2025-10-16T22:10:37.123Z,2025-10-16T22:10:40.167Z,,,,,,,,,,https://app.apollo.io/#/organizations/60b28784f6c9fa0001354e58?overrideScoreId=score,,
965,STATE PAINTING COMPANY,,,painting company,,,"[""apollo""]",,,2025-10-16T22:10:37.124Z,2025-10-16T22:10:40.167Z,,,,,,,,,,https://app.apollo.io/#/organizations/66e90c9eba65b70001413cb8?overrideScoreId=score,,
966,Atlas Painting Company,,,painting company,,,"[""apollo""]",,,2025-10-16T22:10:37.124Z,2025-10-16T22:10:40.167Z,,,,,,,,,,https://app.apollo.io/#/organizations/5d0a3f33a3ae61089773edc7?overrideScoreId=score,,
967,SDS PAINTING COMPANY - COMMERCIAL CONTRACTOR,,,painting company,,,"[""apollo""]",,,2025-10-16T22:10:37.124Z,2025-10-16T22:10:40.167Z,,,,,,,,,,https://app.apollo.io/#/organizations/67159979ad0eb40001abe048?overrideScoreId=score,,
968,"Eagle Painting Company, Llc",,,painting company,,,"[""apollo""]",,,2025-10-16T22:10:37.124Z,2025-10-16T22:10:40.167Z,,,,,,,,,,https://app.apollo.io/#/organizations/5fd1af1f4f331d0001fecf12?overrideScoreId=score,,
969,Superior Werk Painting Company,,,painting company,,,"[""apollo""]",,,2025-10-16T22:10:37.124Z,2025-10-16T22:10:40.167Z,,,,,,,,,,https://app.apollo.io/#/organizations/672484256dfe63000126fe50?overrideScoreId=score,,
970,Pavement Markings LLC,http://www.sheridanpavementmarkings.com/,sheridanpavementmarkings.com,painting company,,64,"[""apollo""]",,,2025-10-16T22:10:40.042Z,2025-10-16T22:10:40.167Z,,,,Sheridan,Wyoming,,,,,https://app.apollo.io/#/organizations/5da3ee217e5db600018e0b45?overrideScoreId=score,,
971,Pavement Markings LLC,,,painting company,,,"[""apollo""]",,,2025-10-16T22:10:40.043Z,2025-10-16T22:10:40.167Z,,,,,,,,,,https://app.apollo.io/#/organizations/5da3ee217e5db600018e0b45?overrideScoreId=score,,