Name,Website,Phone,Address,City,State,PostalCode,Rating,Reviews,Categories,Email,Source,Query,Apollo,Revenue,Employees,Keywords,LinkedIn,Facebook,Twitter,Hours,Description,SocialProfiles
HOLT CAT,http://www.holtcat.com,,,San Antonio,Texas,,,,,,apollo,"painting company, painting services - Texas",https://app.apollo.io/#/organizations/54a11b3e69702da753222900?overrideScoreId=score,,,,http://www.linkedin.com/company/holt-cat,https://www.facebook.com/HOLTCAT/,https://twitter.com/HOLT_CAT,,,
Ritchie Bros.,http://www.ritchiebros.com,,,Westchester,Illinois,,,,,,apollo,"painting company, painting services - Illinois",https://app.apollo.io/#/organizations/54a23b947468693fda2e3218?overrideScoreId=score,,,auctions+141,http://www.linkedin.com/company/ritchie-bros,,,,,
Neighborly®,http://www.neighborlybrands.com,,,Waco,Texas,,,,,,apollo,"painting company, painting services - Texas",https://app.apollo.io/#/organizations/5d09e03680f93e5f6e32c149?overrideScoreId=score,,,infrastructure+110,http://www.linkedin.com/company/neighborly,https://facebook.com/neighborlybrands/,https://twitter.com/neighborlybrand,,,
Standard Drywall Inc.,http://www.standarddrywall.com,,,Corona,California,,,,,,apollo,"painting company, painting services - California",https://app.apollo.io/#/organizations/54a19e1474686945faba4302?overrideScoreId=score,,,acoustical+123,http://www.linkedin.com/company/standard-drywall-inc.,https://facebook.com/standard-drywall-inc-2224929251061835,,,,
CertaPro Painters,http://www.certapro.com,,,Norristown,Pennsylvania,,,,,,apollo,"painting company, painting services - Pennsylvania",https://app.apollo.io/#/organizations/54a1281a69702db87870bb00?overrideScoreId=score,,,,http://www.linkedin.com/company/certapro-painters,https://facebook.com/certapropainters,https://twitter.com/CertaPro,,,
Royal Prestige,http://www.a-remodeling.com,,,Miami,Florida,,,,,,apollo,"painting company, painting services - Florida",https://app.apollo.io/#/organizations/5da4deda8c89ce0001a229a4?overrideScoreId=score,,,manufacturing+55,http://www.linkedin.com/company/royal-prestige,,,,,
Service King Collision,http://www.serviceking.com,,,Richardson,Texas,,,,,,apollo,"painting company, painting services - Texas",https://app.apollo.io/#/organizations/54a1b8557468694012f6fc0a?overrideScoreId=score,,,paint & body shops+125,http://www.linkedin.com/company/service-king,https://facebook.com/ServiceKingCollisionRepairofFayetteville,https://twitter.com/Service_King,,,
Waupaca Foundry,http://www.waupacafoundry.com,,,Waupaca,Wisconsin,,,,,,apollo,"painting company, painting services - Wisconsin",https://app.apollo.io/#/organizations/54a129cc69702d9b8bfbd401?overrideScoreId=score,,,gray iron+142,http://www.linkedin.com/company/waupaca-foundry,https://www.facebook.com/WaupacaFoundry,https://twitter.com/WaupacaFoundry,,,
Painting with a Twist,http://www.paintingwithatwist.com,,,Mandeville,Louisiana,,,,,,apollo,"painting company, painting services - Louisiana",https://app.apollo.io/#/organizations/54a13bf469702db45deead01?overrideScoreId=score,,,paintingart class+50,http://www.linkedin.com/company/painting-with-a-twist,https://facebook.com/paintingwithatwistcorp/,https://twitter.com/pwatcorporate,,,
CARSTAR Auto Body Repair Experts,http://www.carstar.com,,,Conway,Arkansas,,,,,,apollo,"painting company, painting services - Arkansas",https://app.apollo.io/#/organizations/54a1cc5574686954757c7f11?overrideScoreId=score,,,collision repair+135,http://www.linkedin.com/company/carstar,https://www.facebook.com/CARSTAR/,https://twitter.com/CARSTARAutoBody,,,
Quinn Company,http://www.quinncompany.com,,,City of Industry,California,,,,,,apollo,"painting company, painting services - California",https://app.apollo.io/#/organizations/54a1396269702d2bfd885200?overrideScoreId=score,,,,http://www.linkedin.com/company/quinn-group,https://www.facebook.com/quinncompany/,https://twitter.com/Quinn_Cat,,,
EmpireWorks Reconstruction,http://www.empireworks.com,,,Irvine,California,,,,,,apollo,"painting company, painting services - California",https://app.apollo.io/#/organizations/54a1f93c7468692e71291c02?overrideScoreId=score,,900,exterior reconstruction+65,http://www.linkedin.com/company/empireworks,https://facebook.com/empireworks,https://twitter.com/rooter_hero,,,
F & P America,http://www.fandp.com,,,Troy,Ohio,,,,,,apollo,"painting company, painting services - Ohio",https://app.apollo.io/#/organizations/54a134a769702d42558c3700?overrideScoreId=score,,900,,http://www.linkedin.com/company/f-&-p-america,,,,,
Place Services Inc.,http://www.placeservicesinc.com,,,Canton,Georgia,,,,,,apollo,"painting company, painting services - Georgia",https://app.apollo.io/#/organizations/54a1a1b37468695860177003?overrideScoreId=score,,800,nationwide licensing+63,http://www.linkedin.com/company/place-services-inc-,https://www.facebook.com/PlaceServicesIncorporated,,,,
College Works Painting,http://www.collegeworks.com,,,Irvine,California,,,,,,apollo,"painting company, painting services - California",https://app.apollo.io/#/organizations/54a1341b69702d2db4495e00?overrideScoreId=score,,580,paintingleading+44,http://www.linkedin.com/company/college-works-painting,https://facebook.com/collegeworks,https://twitter.com/College_Works,,,
Asian Paints Bangladesh Ltd.,http://www.asianpaints.com.bd,,,Cranberry,Pennsylvania,,,,,,apollo,"painting company, painting services - Pennsylvania",https://app.apollo.io/#/organizations/5ed1e6177101280001c22c69?overrideScoreId=score,,470,manufacturing+85,http://www.linkedin.com/company/asianpaintsbd,https://www.facebook.com/asianpaints,https://twitter.com/asianpaints,,,
Essor,http://www.goessor.com,,,Paris,New York,,,,,,apollo,"painting company, painting services - New York",https://app.apollo.io/#/organizations/5fd33f8c62959600beeca5e3?overrideScoreId=score,,410,,http://www.linkedin.com/company/goessor,,,,,
Handyman Connection,http://www.handymanconnection.com,,,Cincinnati,Ohio,,,,,,apollo,"painting company, painting services - Ohio",https://app.apollo.io/#/organizations/54a1aa097468694f8f1ffd05?overrideScoreId=score,,410,repairreplace+71,http://www.linkedin.com/company/handyman-connection,https://facebook.com/HandymanConnectionCorporate/,https://twitter.com/handymancorp,,,
Five Star Painting®,http://www.fivestarpainting.com,,,Waco,Texas,,,,,,apollo,"painting company, painting services - Texas",https://app.apollo.io/#/organizations/615d3b80fb711400013e56d1?overrideScoreId=score,,400,cleanon time+88,http://www.linkedin.com/company/five-star-painting,https://facebook.com/FiveStarPaintingInc,https://twitter.com/5Star_Painting/,,,
Safety Facility Services,http://www.safetyfacilityservices.com,,,New York,New York,,,,,,apollo,"painting company, painting services - New York",https://app.apollo.io/#/organizations/5569b4bd73696425e2f07e00?overrideScoreId=score,,400,janitorial services+91,http://www.linkedin.com/company/safety-facility-services,https://www.facebook.com/safetyfacilitysvs,,,,
Spencer Industries Incorporated,http://www.spencerindustries.com,,,Dale,Indiana,,,,,,apollo,"painting company, painting services - Indiana",https://app.apollo.io/#/organizations/54a12ab469702d9ebc6e1802?overrideScoreId=score,,400,vacuum forming+62,http://www.linkedin.com/company/spencer-industries-incorporated,https://www.facebook.com/pages/Custom-Thermoforming-Spencer-Industries-Incorporated/72979979357,https://twitter.com/spencerind,,,
Vivax Pros,http://www.vivaxpros.com,,,Denver,Colorado,,,,,,apollo,"painting company, painting services - Colorado",https://app.apollo.io/#/organizations/5da448f510ef7e00014d4a1a?overrideScoreId=score,,350,painting company+33,http://www.linkedin.com/company/vivax-pro-painting,https://facebook.com/vivaxpros,https://twitter.com/Vivax_Pros,,,
Fresh Coat Painters,http://www.freshcoatpainters.com,,,Cincinnati,Ohio,,,,,,apollo,"painting company, painting services - Ohio",https://app.apollo.io/#/organizations/5f7619fc0a4884008dd1d059?overrideScoreId=score,,340,residential painting+53,http://www.linkedin.com/company/fresh-coat-painters,https://facebook.com/FreshCoatPainters1?v=wall,https://twitter.com/freshcoatpaint,,,
"Dean Baldwin Painting, LP.",http://www.deanbaldwinpainting.com,,,Bulverde,Texas,,,,,,apollo,"painting company, painting services - Texas",https://app.apollo.io/#/organizations/54a1396969702db45d423d00?overrideScoreId=score,,340,,http://www.linkedin.com/company/dean-baldwin-painting-lp,https://facebook.com/pages/Dean-Baldwin-Painting/150728468379156,https://twitter.com/dean_paint,,,
Authority Brands,http://www.authoritybrands.com,,,Columbia,Maryland,,,,,,apollo,"painting company, painting services - Maryland",https://app.apollo.io/#/organizations/55ec98e2f3e5bb13920039db?overrideScoreId=score,,330,marketing+123,http://www.linkedin.com/company/authority-brands,https://facebook.com/AuthorityBrands,https://twitter.com/AuthorityBrnds,,,
J & J Construction,http://www.jandjconst.net,,,Westminster,Maryland,,,,,,apollo,"painting company, painting services - Maryland",https://app.apollo.io/#/organizations/5d345b27f65125ec423670ab?overrideScoreId=score,,300,construction+59,http://www.linkedin.com/company/j-j-construction,https://www.facebook.com/JJ2000Inc,,,,
Chatham Steel Corporation,http://www.chathamsteel.com,,,Savannah,Georgia,,,,,,apollo,"painting company, painting services - Georgia",https://app.apollo.io/#/organizations/54a1275b69702d95488a7d00?overrideScoreId=score,,270,metal products+57,http://www.linkedin.com/company/chatham-steel-corporation,https://www.facebook.com/ChathamSteelCorporation,https://twitter.com/ChathamPride,,,
Student Painters,http://www.studentpainters.biz,,,Shelby charter Township,Michigan,,,,,,apollo,"painting company, painting services - Michigan",https://app.apollo.io/#/organizations/55f3e350f3e5bb1e750035f3?overrideScoreId=score,,230,exterior painting+39,http://www.linkedin.com/company/student-painters,https://facebook.com/pages/Student-Painters-Corporate/102830983103685,https://twitter.com/studentpainters,,,
Stucco Repair Phoenix,http://www.stuccorepairphoenix.com,,,Phoenix,Arizona,,,,,,apollo,"painting company, painting services - Arizona",https://app.apollo.io/#/organizations/645e10f1fa1d730001e4008b?overrideScoreId=score,,200,,http://www.linkedin.com/company/stucco-repair-phoenix,,,,,
Creek Valley Construction,http://www.creekvalleyconstruction.com,,,Franklin,Tennessee,,,,,,apollo,"painting company, painting services - Tennessee",https://app.apollo.io/#/organizations/637b79bbd30deb00b9d1d207?overrideScoreId=score,,200,carpentry+22,http://www.linkedin.com/company/creekvalleyconstruction,,,,,
BrandPoint Services,http://www.brandpointservices.com,,,Norristown,Pennsylvania,,,,,,apollo,"painting company, painting services - Pennsylvania",https://app.apollo.io/#/organizations/5e55a2bca400c60001fa6d0e?overrideScoreId=score,,200,facility maintenance+86,http://www.linkedin.com/company/brandpoint-services,https://facebook.com/brandpointservices,https://twitter.com/brandpointserv,,,
painting contractor,http://www.wellspaintservice.com,,,Kiowa,Kansas,,,,,,apollo,"painting company, painting services - Kansas",https://app.apollo.io/#/organizations/56d978fff3e5bb731d002ade?overrideScoreId=score,,200,painting contractor,http://www.linkedin.com/company/painting-contractor,,,,,
Merrill Steel,http://www.merrillsteel.com,,,Schofield,Wisconsin,,,,,,apollo,"painting company, painting services - Wisconsin",https://app.apollo.io/#/organizations/55921d93736964199b3e7900?overrideScoreId=score,,200,structural steel+159,http://www.linkedin.com/company/merrill-iron-&-steel-inc-,https://facebook.com/merrill.steel.fabrication,,,,
360° Painting,http://www.360painting.com,,,Charlottesville,Virginia,,,,,,apollo,"painting company, painting services - Virginia",https://app.apollo.io/#/organizations/54a12a4369702d9b8b690a02?overrideScoreId=score,,200,,http://www.linkedin.com/company/360-painting,https://facebook.com/360Painting,https://twitter.com/360_Painting,,,
Painter Bros,http://www.painterbros.com,,,American Fork,Utah,,,,,,apollo,"painting company, painting services - Utah",https://app.apollo.io/#/organizations/60f648f7c0fda10001b16b6f?overrideScoreId=score,,190,interior painting+49,http://www.linkedin.com/company/painter-bros-franchising,,,,,
First Service,,,,Dania Beach,Florida,,,,,,apollo,"painting company, painting services - Florida",https://app.apollo.io/#/organizations/5fb891f21e6ee9011e0779ce?overrideScoreId=score,,160,property management+59,http://www.linkedin.com/company/first-service,https://facebook.com/fsresidential/,,,,
Painting Contractor USA,http://www.paintingcontractorusa.com,,,Fort Wayne,Indiana,,,,,,apollo,"painting company, painting services - Indiana",https://app.apollo.io/#/organizations/54a1bb977468695475b1090c?overrideScoreId=score,,160,agricultural painting+58,http://www.linkedin.com/company/painting-contractor-usa,https://facebook.com/PaintingContractorUSA,https://twitter.com/PContractorUSA,,,
Chaparral Company,http://www.chaparralco.com,,,Waco,Texas,,,,,,apollo,"painting company, painting services - Texas",https://app.apollo.io/#/organizations/5f9966c75503ee008c51b0cf?overrideScoreId=score,,150,high-quality service+61,http://www.linkedin.com/company/chaparral-company,,https://twitter.com/chaparral_is_ps,,,
Pete King Construction,http://www.petekingaz.com,,,Phoenix,Arizona,,,,,,apollo,"painting company, painting services - Arizona",https://app.apollo.io/#/organizations/5d09707080f93e32feb7662e?overrideScoreId=score,,150,drywall+101,http://www.linkedin.com/company/pete-king-construction,https://www.facebook.com/petekingconstruction/,,,,
Maguire,http://www.maguirewater.com,,,Sioux Falls,South Dakota,,,,,,apollo,"painting company, painting services - South Dakota",https://app.apollo.io/#/organizations/64585912762c7200012ed2df?overrideScoreId=score,,140,water tower experts,http://www.linkedin.com/company/maguire-inc,,,,,
HandyPro,http://www.handypro.com,,,Farmington,Michigan,,,,,,apollo,"painting company, painting services - Michigan",https://app.apollo.io/#/organizations/6065d9a26d288200e2af8a36?overrideScoreId=score,,140,fully licensed+76,http://www.linkedin.com/company/handypro,https://www.facebook.com/HandyProFans,https://twitter.com/HandyPro,,,
Rent Ready,http://www.rentready.com,,,Charlotte,North Carolina,,,,,,apollo,"painting company, painting services - North Carolina",https://app.apollo.io/#/organizations/56d3f23bf3e5bb3a5b001fc9?overrideScoreId=score,,140,multi family housing+22,http://www.linkedin.com/company/rent-ready,https://www.facebook.com/RentReadyApartments/,,,,
Armstrong Construction,http://www.jarmstrongconstruction.com,,,Covina,California,,,,,,apollo,"painting company, painting services - California",https://app.apollo.io/#/organizations/54a138a569702d2851ff0000?overrideScoreId=score,,140,,http://www.linkedin.com/company/armstrong-construction,,,,,
States Manufacturing Corporation,http://www.statesmfg.com,,,Champlin,Minnesota,,,,,,apollo,"painting company, painting services - Minnesota",https://app.apollo.io/#/organizations/5e55a7460babda000111a504?overrideScoreId=score,,130,switchgear+41,http://www.linkedin.com/company/states-manufacturing,,,,,
HOMEstretch,http://www.home-stretch.com,,,Cincinnati,Ohio,,,,,,apollo,"painting company, painting services - Ohio",https://app.apollo.io/#/organizations/5da37e17aa2462000157de7c?overrideScoreId=score,,130,paintingcleaning+66,http://www.linkedin.com/company/homestretch-services,https://www.facebook.com/HOMEstretchServices,https://twitter.com/HomeStretch_,,,
Integra Automation,http://www.integraautomation.net,,,Carrollton,Texas,,,,,,apollo,"painting company, painting services - Texas",https://app.apollo.io/#/organizations/55923e13736964199b09ee00?overrideScoreId=score,,130,,http://www.linkedin.com/company/integra-automation,,,,,
B and B Maintenance,http://www.bandbmaint.com,,,Lake Zurich,Illinois,,,,,,apollo,"painting company, painting services - Illinois",https://app.apollo.io/#/organizations/5500b0867369642db3411000?overrideScoreId=score,,130,janitorial services+10,http://www.linkedin.com/company/b-and-b-maintenance,https://facebook.com/bbmaint537,https://twitter.com/bandbmaintenace,,,
PCM Services,http://www.pcmservices.com,,,Beltsville,Maryland,,,,,,apollo,"painting company, painting services - Maryland",https://app.apollo.io/#/organizations/54a12a8669702d9b8be42702?overrideScoreId=score,,130,asphaltconcrete+62,http://www.linkedin.com/company/pcm-services,https://facebook.com/ExceedingClientExpectations,https://twitter.com/PCMServices92,,,
MC Painting,http://www.mc-painting.com,,,Oceanside,California,,,,,,apollo,"painting company, painting services - California",https://app.apollo.io/#/organizations/54a11be469702d8aa1205d00?overrideScoreId=score,,130,painting+52,http://www.linkedin.com/company/mc-painting,,,,,
Stewart Richey Contracting Group,http://www.stewartrichey.com,,,Bowling Green,Kentucky,,,,,,apollo,"painting company, painting services - Kentucky",https://app.apollo.io/#/organizations/54a19b1e74686954753d2901?overrideScoreId=score,,120,concretepainting+64,http://www.linkedin.com/company/stewart-richey-construction-inc-,https://facebook.com/StewartRichey,https://twitter.com/StewartRichey,,,
Eakas Corporation,http://www.eakas.com,,,Peru,Illinois,,,,,,apollo,"painting company, painting services - Illinois",https://app.apollo.io/#/organizations/54a1210c69702d918ca68102?overrideScoreId=score,,120,,http://www.linkedin.com/company/eakas-corporation,,,,,
Long Painting Company,http://www.longpainting.com,,,Kent,Washington,,,,,,apollo,"painting company, painting services - Washington",https://app.apollo.io/#/organizations/54a1206969702d8aa13d4102?overrideScoreId=score,,120,shop coating+49,http://www.linkedin.com/company/long-painting-company,https://facebook.com/longpaintingcompany,https://twitter.com/LongPaintingCo,,,
A&K Painting Company,http://www.akpainting.com,,,Charlotte,North Carolina,,,,,,apollo,"painting company, painting services - North Carolina",https://app.apollo.io/#/organizations/54a11eb469702d77c29b9b01?overrideScoreId=score,,120,,http://www.linkedin.com/company/a&k-painting,https://facebook.com/pages/AK-Painting-Company/257140764912,https://twitter.com/AKPaint,,,
Fisher Tank Company,http://www.fishertank.com,,,Chester,Pennsylvania,,,,,,apollo,"painting company, painting services - Pennsylvania",https://app.apollo.io/#/organizations/54a1afab746869401293ff07?overrideScoreId=score,,110,api 650api 653+65,http://www.linkedin.com/company/fisher-tank-company,http://www.facebook.com/FisherTankCompany/,https://twitter.com/fishertankco/,,,
"Swanson & Youngdale, Inc.",http://www.swansonyoungdale.com,,,Swanson & Youngdale,Inc.,,,,,,apollo,"painting company, painting services - Inc.",https://app.apollo.io/#/organizations/54a19e137468694012a44002?overrideScoreId=score,,110,commercial painting+46,http://www.linkedin.com/company/swanson-&-youngdale-inc.,https://www.facebook.com/Swanson-Youngdale-Inc-249764911736118/,https://twitter.com/SY_SYINC,,,
"Graydaze Contracting, Inc.",http://www.graydaze.com,,,Graydaze Contracting,Inc.,,,,,,apollo,"painting company, painting services - Inc.",https://app.apollo.io/#/organizations/54a1297a69702db6481a9701?overrideScoreId=score,,110,painting+59,http://www.linkedin.com/company/graydaze,https://www.facebook.com/GraydazeContracting,,,,
Stancil Services,http://www.stancilservices.com,,,Concord,North Carolina,,,,,,apollo,"painting company, painting services - North Carolina",https://app.apollo.io/#/organizations/54a1281369702d8eeb913201?overrideScoreId=score,,110,inc 5000+50,http://www.linkedin.com/company/stancil-services,,,,,
Pro Painters,http://www.mypropainters.com,,,Houston,Texas,,,,,,apollo,"painting company, painting services - Texas",https://app.apollo.io/#/organizations/55ed8641f3e5bb227b0016f5?overrideScoreId=score,,96,interior painting+62,http://www.linkedin.com/company/pro-painters,https://www.facebook.com/mypropainters,,,,
"Construction Force Services, Inc.",http://www.constructionforce.com,,,Construction Force Services,Inc.,,,,,,apollo,"painting company, painting services - Inc.",https://app.apollo.io/#/organizations/54a1345469702d2db4e08100?overrideScoreId=score,,91,direct hire+66,http://www.linkedin.com/company/construction-force-services,https://www.facebook.com/ConstructionForceServices/,https://twitter.com/constructionfs,,,
Yingling Aviation,http://www.yingling.aero,,,Wichita,Kansas,,,,,,apollo,"painting company, painting services - Kansas",https://app.apollo.io/#/organizations/54a116f969702d3ec0033100?overrideScoreId=score,,90,interiors+69,http://www.linkedin.com/company/yingling-aviation,https://www.facebook.com/YinglingAviation/,https://twitter.com/YinglingKICT,,,
North State an MRO Holdings Company,,,,Winston-Salem,North Carolina,,,,,,apollo,"painting company, painting services - North Carolina",https://app.apollo.io/#/organizations/55693d147369642109191700?overrideScoreId=score,,89,aircraft certification+89,http://www.linkedin.com/company/north-state-aviation,,https://twitter.com/aeromansv,,,
Superior Contracting & Maintenance,http://www.superior-maintenance.com,,,Marietta,Georgia,,,,,,apollo,"painting company, painting services - Georgia",https://app.apollo.io/#/organizations/5da3c1da3e9e680001c76474?overrideScoreId=score,,88,plumbingelectrical+83,http://www.linkedin.com/company/superior-contracting-maintenance,,,,,
Matrix Construction Services,http://www.matrixsvc.com,,,El Paso,Texas,,,,,,apollo,"painting company, painting services - Texas",https://app.apollo.io/#/organizations/556d5d05736964126193f200?overrideScoreId=score,,86,,http://www.linkedin.com/company/matrix-construction-services,https://www.facebook.com/MatrixConstructionServicesMCS/,https://twitter.com/matrixsvctexas,,,
Precision Painting Plus,http://www.precisionpaintingplus.net,,,Westbury,New York,,,,,,apollo,"painting company, painting services - New York",https://app.apollo.io/#/organizations/559215e473696418f65a5c00?overrideScoreId=score,,85,painting interior+75,http://www.linkedin.com/company/precision-painting-plus,https://facebook.com/precisionpaintingplus/,https://twitter.com/precisionpp,,,
Nolan Painting,http://www.nolanpainting.com,,,Havertown,Pennsylvania,,,,,,apollo,"painting company, painting services - Pennsylvania",https://app.apollo.io/#/organizations/54a1b02574686958600c5508?overrideScoreId=score,,84,,http://www.linkedin.com/company/nolan-painting,https://www.facebook.com/NolanPaintingContractor,https://twitter.com/nolan_painting,,,
"Ascher Brothers Co., Inc.",http://www.ascherbrothers.com,,,Chicago,Illinois,,,,,,apollo,"painting company, painting services - Illinois",https://app.apollo.io/#/organizations/61ec33991e83ed0001ec33ef?overrideScoreId=score,,80,,http://www.linkedin.com/company/ascherbrothers,https://facebook.com/AscherBrothersCoInc,,,,
Remodeling.com by EverConnect,http://www.remodeling.com,,,New York,New York,,,,,,apollo,"painting company, painting services - New York",https://app.apollo.io/#/organizations/57c4adb4a6da986812c1ea31?overrideScoreId=score,,79,local lead generation+60,http://www.linkedin.com/company/leadicious-llc,https://facebook.com/comremodeling,https://twitter.com/comremodeling,,,
"Arch Painting, Inc.",http://www.archpainting.com,,,Arch Painting,Inc.,,,,,,apollo,"painting company, painting services - Inc.",https://app.apollo.io/#/accounts/68f0199cc13bac00210d6d46?overrideScoreId=score,,78,corporateretail+81,http://www.linkedin.com/company/arch-painting-inc-,https://facebook.com/archpainting,https://twitter.com/archpainting,,,
Commercial Painting Inc.,http://www.commercialpainting-inc.com,,,San Jose,California,,,,,,apollo,"painting company, painting services - California",https://app.apollo.io/#/organizations/631598ce2403c500a3c231bb?overrideScoreId=score,,78,exterior painting+43,http://www.linkedin.com/company/commercial-painting-inc,https://www.facebook.com/Commercial-Painting-113912531294661/,,,,
Atelier,http://www.atelierorth.de,,,,,,,,,,apollo,"painting company, painting services",https://app.apollo.io/#/organizations/54a1b91174686949e792420b?overrideScoreId=score,,78,retail art supplies+39,http://www.linkedin.com/company/atelier_7,,,,,
"Superior Transportation, Inc.",http://www.superiortransportation.us,,,Superior Transportation,Inc.,,,,,,apollo,"painting company, painting services - Inc.",https://app.apollo.io/#/organizations/5d0a650980f93e49fa59092f?overrideScoreId=score,,76,oversized+83,http://www.linkedin.com/company/superior-transportation-inc,https://www.facebook.com/Superior-Transportation-Inc-320268034684310/,https://twitter.com/SuperiorTransSC,,,
NY Party Works,http://www.nypartyworks.com,,,Deer Park,New York,,,,,,apollo,"painting company, painting services - New York",https://app.apollo.io/#/organizations/54a11ce169702da753b3ed00?overrideScoreId=score,,76,unique photo items+47,http://www.linkedin.com/company/ny-party-works,https://facebook.com/NYPartyWorks,https://twitter.com/NYPartyWorks,,,
homeyou,http://www.homeyou.com,,,Woburn,Massachusetts,,,,,,apollo,"painting company, painting services - Massachusetts",https://app.apollo.io/#/organizations/6789ce8af636fa0199a5a034?overrideScoreId=score,,75,homeyou,http://www.linkedin.com/company/homeyou,https://www.facebook.com/teamhomeyou,https://twitter.com/teamhomeyou,,,
"Triple H Enterprises, Inc.",http://www.triplehenterprises.net,,,Triple H Enterprises,Inc.,,,,,,apollo,"painting company, painting services - Inc.",https://app.apollo.io/#/organizations/5d09ed7fa3ae61e1337c4e59?overrideScoreId=score,,75,oilgas engineering+69,http://www.linkedin.com/company/triple-h-enterprises-inc,https://www.facebook.com/triplehenterpriseswv/,,,,
"Lakeside Project Solutions, LLC",http://www.lakesideps.com,,,Denver,North Carolina,,,,,,apollo,"painting company, painting services - North Carolina",https://app.apollo.io/#/organizations/54a1a1d67468695c82a25c03?overrideScoreId=score,,74,,http://www.linkedin.com/company/lakeside-project-solutions,,,,,
Johnson Contracting Company,http://www.jccinc.com,,,East Moline,Illinois,,,,,,apollo,"painting company, painting services - Illinois",https://app.apollo.io/#/organizations/54a1a0b674686945fa261b03?overrideScoreId=score,,74,plumbingheating+63,http://www.linkedin.com/company/johnson-contracting-co--inc,,,,,
International Decorators Inc.,http://www.4idi.com,,,Barrington,Illinois,,,,,,apollo,"painting company, painting services - Illinois",https://app.apollo.io/#/organizations/54a199577468695860099f00?overrideScoreId=score,,74,,http://www.linkedin.com/company/international-decorators-inc-,https://www.facebook.com/internationaldecorators/,,,,
Encore Automation,http://www.encoreautomation.com,,,Auburn Hills,Michigan,,,,,,apollo,"painting company, painting services - Michigan",https://app.apollo.io/#/organizations/54a128ab69702d9ebcaf1b01?overrideScoreId=score,,74,,http://www.linkedin.com/company/encore-automation,https://facebook.com/encore-automation-138778069810,,,,
"FCP Services, Inc - Serving Great Customers Nationwide Since 1990",http://www.fcpservices.com,,,Eagan,Minnesota,,,,,,apollo,"painting company, painting services - Minnesota",https://app.apollo.io/#/organizations/55920f557369641865b84500?overrideScoreId=score,,73,facilities management+77,http://www.linkedin.com/company/fcpservices-inc,https://www.facebook.com/fcpservicespaint,https://twitter.com/fcpservices,,,
Prestige Group,http://www.prestige-grp.com,,,Clinton,Michigan,,,,,,apollo,"painting company, painting services - Michigan",https://app.apollo.io/#/organizations/54a135c469702d48e24ec500?overrideScoreId=score,,73,staffing3+58,http://www.linkedin.com/company/prestige-grp1,https://www.facebook.com/eng.prestige.grp,https://twitter.com/prestigeeng,,,
JC Painting Co,http://www.jcpaintingusa.com,,,Austin,Texas,,,,,,apollo,"painting company, painting services - Texas",https://app.apollo.io/#/organizations/55f9bb3ef3e5bb7c48001dd3?overrideScoreId=score,,72,,http://www.linkedin.com/company/jc-painting-co,,,,,
A&R Construction,http://www.arconstructionrc.com,,,Ridgecrest,California,,,,,,apollo,"painting company, painting services - California",https://app.apollo.io/#/organizations/62eb3ab258e64e00018f6fb6?overrideScoreId=score,,70,project management+58,http://www.linkedin.com/company/arconstructionrc,,,,,
"Jamestown Painting, Inc",http://www.jamestownpainting.com,,,Jamestown Painting,Inc,,,,,,apollo,"painting company, painting services - Inc",https://app.apollo.io/#/organizations/5ed4b0ede82ab60001a50ed9?overrideScoreId=score,,70,painting+80,http://www.linkedin.com/company/jamestown-painting,https://facebook.com/jamestownpaintinginc,https://twitter.com/jamestownpaint,,,
VPI,http://www.vpi.net,,,Sacramento,California,,,,,,apollo,"painting company, painting services - California",https://app.apollo.io/#/organizations/5e297c6d9577ad00e05e9c9c?overrideScoreId=score,,70,project management+50,http://www.linkedin.com/company/vpipro,https://www.facebook.com/VPIpro/,,,,
"Brothers Redevelopment, Inc.",http://www.brothersredevelopment.org,,,Brothers Redevelopment,Inc.,,,,,,apollo,"painting company, painting services - Inc.",https://app.apollo.io/#/organizations/5ed1ea04277f5b0001584203?overrideScoreId=score,,68,,http://www.linkedin.com/company/brothers-redevelopment-inc-,https://www.facebook.com/BrothersRedevelopment,https://twitter.com/Bros_Redevelop,,,
American Exteriors,http://www.americanexteriors.com,,,Lorton,Virginia,,,,,,apollo,"painting company, painting services - Virginia",https://app.apollo.io/#/organizations/5592139d7369641865a05400?overrideScoreId=score,,68,,http://www.linkedin.com/company/american-exteriors,,,,,
Block Renovation,http://www.blockrenovation.com,,,New York,New York,,,,,,apollo,"painting company, painting services - New York",https://app.apollo.io/#/organizations/5cda1f1dd132650bbef38f0d?overrideScoreId=score,,67,,http://www.linkedin.com/company/blockrenovation,https://www.facebook.com/blockrenovation/,,,,
Painting Plus,http://www.paintingplus.com,,,Marietta,Georgia,,,,,,apollo,"painting company, painting services - Georgia",https://app.apollo.io/#/organizations/54a127d369702db878558b00?overrideScoreId=score,,66,siding contractor+59,http://www.linkedin.com/company/paintingplus,https://www.facebook.com/PaintingPlusGa/,,,,
New Life Painting,http://www.new-life-painting.com,,,San Marcos,California,,,,,,apollo,"painting company, painting services - California",https://app.apollo.io/#/organizations/54a13c9069702d231f533702?overrideScoreId=score,,66,faux finishes+58,http://www.linkedin.com/company/new-life-painting,https://www.facebook.com/NewLifePaint/,https://twitter.com/newlifepainting,,,
Davis Painting,http://www.davispaintingco.com,,,Deer Park,Washington,,,,,,apollo,"painting company, painting services - Washington",https://app.apollo.io/#/organizations/645684109fd4b400a36471b9?overrideScoreId=score,,65,residential painting+91,http://www.linkedin.com/company/davis-painting,https://www.facebook.com/Davis-Painting-104383998949913,,,,
Arizona Painting Company,http://www.arizonapaintingcompany.com,,,Chandler,Arizona,,,,,,apollo,"painting company, painting services - Arizona",https://app.apollo.io/#/organizations/55696f187369642529bb2b00?overrideScoreId=score,,65,interior painting+93,http://www.linkedin.com/company/arizona-painting-company-llc,https://www.facebook.com/ArizonaPaintingCompany,https://twitter.com/AZPaintingCo,,,
Professional Property Management LLC,http://www.palmbeachcountypropertymanagement.com,,,Palm Beach Gardens,Florida,,,,,,apollo,"painting company, painting services - Florida",https://app.apollo.io/#/organizations/673dfb12c1567603eeb0a001?overrideScoreId=score,,64,painting services+48,http://www.linkedin.com/company/professional-property-management-llc,https://www.facebook.com/ppmpalmbeach,,,,
Pavement Markings LLC,http://www.sheridanpavementmarkings.com,,,Sheridan,Wyoming,,,,,,apollo,"painting company, painting services - Wyoming",https://app.apollo.io/#/organizations/5da3ee217e5db600018e0b45?overrideScoreId=score,,64,pavement striping+26,http://www.linkedin.com/company/pavement-markings-llc,https://www.facebook.com/Pavementmarkingsllc/,,,,
CG Inc,http://www.cginc-usa.com,,,Signal Hill,California,,,,,,apollo,"painting company, painting services - California",https://app.apollo.io/#/organizations/62eb58dc2f202b000155a354?overrideScoreId=score,,63,,http://www.linkedin.com/company/cg-inc,,,,,
Service Painting Corporation,http://www.servicepainting.com,,,Tampa,Florida,,,,,,apollo,"painting company, painting services - Florida",https://app.apollo.io/#/organizations/55923d947369642393579100?overrideScoreId=score,,63,commercial painting+52,http://www.linkedin.com/company/service-painting-corporation,,,,,
"Metro Construction, Inc",http://www.mymetroconstruction.com,,,Metro Construction,Inc,,,,,,apollo,"painting company, painting services - Inc",https://app.apollo.io/#/organizations/54a12b1f69702decc5f50000?overrideScoreId=score,,63,general contracting+56,http://www.linkedin.com/company/metro-construction-inc,https://facebook.com/MetroConstruction,https://twitter.com/MyMetroCon,,,
Optiline Enterprises,http://www.optiline.com,,,Nashua,New Hampshire,,,,,,apollo,"painting company, painting services - New Hampshire",https://app.apollo.io/#/organizations/5b8631f3f874f72e47be89d6?overrideScoreId=score,,62,,http://www.linkedin.com/company/optiline-enterprises,,https://twitter.com/OptilineEnt,,,
Midwest Pro Painting,http://www.mpp-inc.com,,,Livonia,Michigan,,,,,,apollo,"painting company, painting services - Michigan",https://app.apollo.io/#/organizations/5e56f64cfb3dbd0001b15653?overrideScoreId=score,,61,interior+54,http://www.linkedin.com/company/midwest-pro-painting,,,,,
"NJR CONSTRUCTION, LLC",http://www.njr-construction.com,,,Gastonia,North Carolina,,,,,,apollo,"painting company, painting services - North Carolina",https://app.apollo.io/#/organizations/5da470cce3ed0a00019a8047?overrideScoreId=score,,60,metal framing+59,http://www.linkedin.com/company/njr-construction-llc,https://www.facebook.com/profile.php,,,,
Vitatoe Industries,http://www.vitatoe.com,,,Chillicothe,Ohio,,,,,,apollo,"painting company, painting services - Ohio",https://app.apollo.io/#/organizations/5500bc5c73696416d4e22400?overrideScoreId=score,,60,,http://www.linkedin.com/company/vitatoe-industries,,,,,
Dl Construction,http://www.dl-constructiongroup.com,,,Warren,Ohio,,,,,,apollo,"painting company, painting services - Ohio",https://app.apollo.io/#/organizations/65fbca7bcac7f800073a8655?overrideScoreId=score,,59,,http://www.linkedin.com/company/dl-construction,,,,,
Manders Companies,http://www.mandersco.com,,,Rockville,Maryland,,,,,,apollo,"painting company, painting services - Maryland",https://app.apollo.io/#/organizations/65f22d38578b0e0007e26c6b?overrideScoreId=score,,59,painting+80,http://www.linkedin.com/company/manders-companies,,,,,
"Metal Works, Inc.",http://www.metalworks-inc.com,,,Metal Works,Inc.,,,,,,apollo,"painting company, painting services - Inc.",https://app.apollo.io/#/organizations/5f3db43d24ccf2000108cd0f?overrideScoreId=score,,59,,http://www.linkedin.com/company/metalworksnh,,https://twitter.com/metalworksnh,,,
Newman Tractor,http://www.newmantractor.com,,,Verona,Kentucky,,,,,,apollo,"painting company, painting services - Kentucky",https://app.apollo.io/#/organizations/5500ba6d73696460de641800?overrideScoreId=score,,59,,http://www.linkedin.com/company/newman-tractor-inc,https://www.facebook.com/newmantractorllc/,https://twitter.com/newmantractor,,,
Painter Ready Group,http://www.painter-ready.com,,,Nashville,Tennessee,,,,,,apollo,"painting company, painting services - Tennessee",https://app.apollo.io/#/organizations/54a1b75f746869401240a20a?overrideScoreId=score,,59,commercial+49,http://www.linkedin.com/company/painter-ready-group,https://facebook.com/PainterReadyChattanooga,,,,
Brush Masters,http://www.brushmasters.com,,,Maple Grove,Minnesota,,,,,,apollo,"painting company, painting services - Minnesota",https://app.apollo.io/#/organizations/54a138d569702d2185990a00?overrideScoreId=score,,59,paintingdrywall+55,http://www.linkedin.com/company/brush-masters,https://www.facebook.com/BrushMasters,https://twitter.com/brushmasters,,,
Baker Paint & Contracting Co,http://www.bakerpaint.com,,,Tucker,Georgia,,,,,,apollo,"painting company, painting services - Georgia",https://app.apollo.io/#/organizations/5fc952b2669288000107bff1?overrideScoreId=score,,57,commercial painting+69,http://www.linkedin.com/company/baker-paint-contracting-co,,,,,
Platinum Painting,http://www.platinumpainting.com,,,Keller,Texas,,,,,,apollo,"painting company, painting services - Texas",https://app.apollo.io/#/organizations/5e57d403108ba90001fa63f7?overrideScoreId=score,,57,,http://www.linkedin.com/company/platinum-painting-dfw,https://www.facebook.com/Platinum-Painting-494890083984252/,,,,
"Skyline Steel, Inc.",http://www.skylinesteelincaz.com,,,Skyline Steel,Inc.,,,,,,apollo,"painting company, painting services - Inc.",https://app.apollo.io/#/organizations/5da3210d8f5405000143d000?overrideScoreId=score,,57,steel fabrication+76,http://www.linkedin.com/company/skylinesteelincaz,https://facebook.com/SkylineSteelIncAZ,,,,
The Fine Arts Association,http://www.fineartsassociation.org,,,Willoughby,Ohio,,,,,,apollo,"painting company, painting services - Ohio",https://app.apollo.io/#/organizations/56da0a08f3e5bb704d000c4f?overrideScoreId=score,,57,private music lessons+61,http://www.linkedin.com/company/the-fine-arts-association,https://www.facebook.com/TheFineArtsAssociation,https://twitter.com/TheFineArtsAssn,,,
JD CARPENTRY,http://www.jdcarpentry.us,,,Manassas,Virginia,,,,,,apollo,"painting company, painting services - Virginia",https://app.apollo.io/#/organizations/55923e04736964199bd9ed00?overrideScoreId=score,,57,,http://www.linkedin.com/company/homeshield,,,,,
"Advanced Exteriors, Inc.",http://www.advancedexteriors.com,,,Advanced Exteriors,Inc.,,,,,,apollo,"painting company, painting services - Inc.",https://app.apollo.io/#/organizations/54fca55f73696401764f2e00?overrideScoreId=score,,57,roofingsiding+14,http://www.linkedin.com/company/advanced-exteriors-inc-,https://www.facebook.com/AdvancedExteriors/,,,,
C&C Painting,http://www.ccpainting.com,,,Tampa,Florida,,,,,,apollo,"painting company, painting services - Florida",https://app.apollo.io/#/organizations/54a12aae69702dc128c0f301?overrideScoreId=score,,57,wallpaper installation+59,http://www.linkedin.com/company/c&c-painting,https://www.facebook.com/234938358713,,,,
DeFOUW Automotive,http://www.defouw.com,,,Lafayette,Indiana,,,,,,apollo,"painting company, painting services - Indiana",https://app.apollo.io/#/organizations/559219af736964188a226b00?overrideScoreId=score,,56,chevroletbmw+52,http://www.linkedin.com/company/defouwautomotive,,,,,
"CALINC Training, LLC/CAL INC Environmental Institute",http://www.cal-inc.com,,,Vacaville,California,,,,,,apollo,"painting company, painting services - California",https://app.apollo.io/#/organizations/54a11cac69702da10ff0c100?overrideScoreId=score,,56,asbestos courses+46,http://www.linkedin.com/company/calinc-training-llc,https://facebook.com/pages/CAL-INC-Training-LLC/321763639803,,,,
Prime Painting,http://www.primepaintingphoenix.com,,,Tempe,Arizona,,,,,,apollo,"painting company, painting services - Arizona",https://app.apollo.io/#/organizations/60f2f03f6cb0ad000199aabc?overrideScoreId=score,,55,exterior painting+73,http://www.linkedin.com/company/myprimepainting,https://www.facebook.com/myprimepainting,https://twitter.com/myprimepainting,,,
The Painting Company,http://www.gopaintingcompany.com,,,Bellevue,Nebraska,,,,,,apollo,"painting company, painting services - Nebraska",https://app.apollo.io/#/organizations/5e56b2f652e7ad0001f55c3b?overrideScoreId=score,,55,,http://www.linkedin.com/company/the-painting-company-omaha,https://www.facebook.com/gopaintingcompany,https://twitter.com/gopaintingco,,,
DeSimone Construction,http://www.desimoneconstruct.com,,,Sayreville,New Jersey,,,,,,apollo,"painting company, painting services - New Jersey",https://app.apollo.io/#/organizations/5e56af251f91be00015678e1?overrideScoreId=score,,55,carpentry+46,http://www.linkedin.com/company/desimoneconstruction,,,,,
Merico,http://www.merico.com,,,San Francisco,California,,,,,,apollo,"painting company, painting services - California",https://app.apollo.io/#/organizations/5e335a55908d13008c4af796?overrideScoreId=score,,55,enterprise service+50,http://www.linkedin.com/company/merico-dev,,,,,
Owens-Service.com,http://www.or-l.com,,,Branford,Connecticut,,,,,,apollo,"painting company, painting services - Connecticut",https://app.apollo.io/#/organizations/54a2420e746869382590a21a?overrideScoreId=score,,55,junk removal+41,http://www.linkedin.com/company/or&l,,,,,
Buiding Maintenance Services,,,,Fayetteville,Arkansas,,,,,,apollo,"painting company, painting services - Arkansas",https://app.apollo.io/#/organizations/5f497667316b220001c7bcb5?overrideScoreId=score,,54,,http://www.linkedin.com/company/buiding-maintenance-services,http://www.facebook.com/buildingmaintenanceservicesinc,,,,
Zack Painting Company,http://www.zackpainting.com,,,Woodbridge Township,New Jersey,,,,,,apollo,"painting company, painting services - New Jersey",https://app.apollo.io/#/organizations/5500c3da73696460fc534900?overrideScoreId=score,,54,painting+66,http://www.linkedin.com/company/zack-painting-company,,,,,
Heggem-Lundquist,http://www.heggem-lundquist.com,,,Denver,Colorado,,,,,,apollo,"painting company, painting services - Colorado",https://app.apollo.io/#/organizations/54a11c4569702d77c24aa200?overrideScoreId=score,,54,quality work+34,http://www.linkedin.com/company/heggem-lundquist,https://facebook.com/HeggemLundquist,,,,
Elite Painting Services,http://www.elitepaintingservices.net,,,Cherry Hill,New Jersey,,,,,,apollo,"painting company, painting services - New Jersey",https://app.apollo.io/#/organizations/5da3f5b97e5db600018e364e?overrideScoreId=score,,53,project management+49,http://www.linkedin.com/company/elite-painting-services-l-l-c,https://www.facebook.com/Elite-Painting-Services-336806490501375,,,,
ACCENT PAINTING,http://www.accentpainting.com,,,Boring,Oregon,,,,,,apollo,"painting company, painting services - Oregon",https://app.apollo.io/#/organizations/5d0962e1f65125aef0006bf5?overrideScoreId=score,,53,,http://www.linkedin.com/company/accent-painting,,,,,
RAL Construction,http://www.ral-construction.com,,,Ardmore,Alabama,,,,,,apollo,"painting company, painting services - Alabama",https://app.apollo.io/#/organizations/5569cc0e7369642541189700?overrideScoreId=score,,26,home improvement+46,http://www.linkedin.com/company/ral-construction,,,,,
Rogers Painting Company,http://www.rogerspaintingcompany.net,,,Montgomery,Alabama,,,,,,apollo,"painting company, painting services - Alabama",https://app.apollo.io/#/organizations/55921f0a7369640b18b41400?overrideScoreId=score,,23,,http://www.linkedin.com/company/rogers-painting-company,,,,,
"Sundeleaf Painting, Inc.",http://www.sundeleafpainting.com,,,Sundeleaf Painting,Inc.,,,,,,apollo,"painting company, painting services - Inc.",https://app.apollo.io/#/organizations/54a1349069702d48e2621d00?overrideScoreId=score,,17,pressure washing+52,http://www.linkedin.com/company/sundeleaf-painting-inc-,https://facebook.com/pages/Sundeleaf-Painting/110848662270932,,,,
Paradiso Painting Company Inc,http://www.paradisopainting.com,,,Birmingham,Alabama,,,,,,apollo,"painting company, painting services - Alabama",https://app.apollo.io/#/organizations/55920398736964199b641a00?overrideScoreId=score,,16,,http://www.linkedin.com/company/paradiso-painting-company-inc,,,,,
Tank Pro Inc.-Tuscaloosa Alabama,http://www.tankproinc.com,,,Northport,Alabama,,,,,,apollo,"painting company, painting services - Alabama",https://app.apollo.io/#/organizations/54a1a10374686942d3cb2703?overrideScoreId=score,,15,custom art+58,http://www.linkedin.com/company/tank-pro-inc-,,https://twitter.com/tankproinc,,,
Ace Painting Company Inc,,,,Pinson,Alabama,,,,,,apollo,"painting company, painting services - Alabama",https://app.apollo.io/#/organizations/55923e2a73696418f671ed00?overrideScoreId=score,,13,,http://www.linkedin.com/company/ace-painting-company-inc,,,,,
Jmy Construction Inc,http://www.jmyconstruction.com,,,Harvest,Alabama,,,,,,apollo,"painting company, painting services - Alabama",https://app.apollo.io/#/organizations/55920b73736964185f413700?overrideScoreId=score,,12,electrical work+34,http://www.linkedin.com/company/jmy-construction-inc,,,,,
"Teague Construction Systems, Inc. - TCSI",http://www.teaguecsi.com,,,Teague Construction Systems,Inc. - TCSI,,,,,,apollo,"painting company, painting services - Inc. - TCSI",https://app.apollo.io/#/organizations/6138582d54ec1e00a4ae117f?overrideScoreId=score,,11,modified roofing+63,http://www.linkedin.com/company/teaguecsi,,,,,
"Stanley Smith Drywall, Inc.",http://www.stanleysmithdrywall.com,,,Stanley Smith Drywall,Inc.,,,,,,apollo,"painting company, painting services - Inc.",https://app.apollo.io/#/organizations/5ed93744bc12b60001f28408?overrideScoreId=score,,11,construction+49,http://www.linkedin.com/company/stanley-smith-drywall-inc.,,,,,
Home Repair Service,http://www.hrsbham.com,,,Pelham,Alabama,,,,,,apollo,"painting company, painting services - Alabama",https://app.apollo.io/#/organizations/663332c1dc445707f5f4d9fb?overrideScoreId=score,,10,basement finishing+66,http://www.linkedin.com/company/hrsbham,https://www.facebook.com/hrsbham/,,,,
"Pro 1 Painters, LLC",http://www.pro1painters.com,,,Mobile,Alabama,,,,,,apollo,"painting company, painting services - Alabama",https://app.apollo.io/#/organizations/55eccab2f3e5bb16d7000e3d?overrideScoreId=score,,7,residential painting+46,http://www.linkedin.com/company/pro-1-painters-llc,https://www.facebook.com/Pro1Painters/,,,,
Martin Painting Services,,,,Dothan,Alabama,,,,,,apollo,"painting company, painting services - Alabama",https://app.apollo.io/#/organizations/55923f6a736964191240f300?overrideScoreId=score,,7,,http://www.linkedin.com/company/martin-painting-services,,,,,
Empire Paint & Supply,http://www.empirepaintandsupply.com,,,Madison,Alabama,,,,,,apollo,"painting company, painting services - Alabama",https://app.apollo.io/#/organizations/6641d1b9c8ecce000171834e?overrideScoreId=score,,5,benjamin moore paints+20,http://www.linkedin.com/company/empire-paint-&-supply,,,,,
Chavez Painting Services,http://www.chavezpaintingrva.com,,,Huntsville,Alabama,,,,,,apollo,"painting company, painting services - Alabama",https://app.apollo.io/#/organizations/5592065f736964191e632500?overrideScoreId=score,,5,,http://www.linkedin.com/company/chavez-painting-services,,,,,
Select Drywall Systems Inc.,http://www.selectdrywallsystem.com,,,Helena,Alabama,,,,,,apollo,"painting company, painting services - Alabama",https://app.apollo.io/#/organizations/641920798dbcf60001e24186?overrideScoreId=score,,4,acoustical contractor+62,http://www.linkedin.com/company/select-drywalll-systems-inc,,,,,
E&S Contractor Painting Company Inc.,http://www.auburneandspainting.com,,,Auburn,Alabama,,,,,,apollo,"painting company, painting services - Alabama",https://app.apollo.io/#/organizations/674cc90447ad1e0001ba4c98?overrideScoreId=score,,3,,http://www.linkedin.com/company/e&s-contractor-painting-company-inc.,https://www.facebook.com/profile.php,,,,
360 Painting,,,,Birmingham,Alabama,,,,,,apollo,"painting company, painting services - Alabama",https://app.apollo.io/#/organizations/63b7c429afc56c0001d83d4a?overrideScoreId=score,,3,painting services+10,http://www.linkedin.com/company/360-painting-of-vestavia-hills,,,,,
The Painting Company of Birmingham,http://www.birminghampaintingco.com,,,Birmingham,Alabama,,,,,,apollo,"painting company, painting services - Alabama",https://app.apollo.io/#/organizations/5c276bd0f6512556a50f9bae?overrideScoreId=score,,3,residential painting+3,http://www.linkedin.com/company/the-painting-company-of-birmingham,https://facebook.com/tpcbirmingham,https://twitter.com/tpcbirmingham,,,
Fox Painting Services,http://www.foxpaintingservices.com,,,Birmingham,Alabama,,,,,,apollo,"painting company, painting services - Alabama",https://app.apollo.io/#/organizations/5a9cb7d9a6da98d9852829fe?overrideScoreId=score,,3,commercialexterior+2,http://www.linkedin.com/company/fox-painting-services,,,,,
Tidal Touch,http://www.tidaltouchpaint.com,,,Daphne,Alabama,,,,,,apollo,"painting company, painting services - Alabama",https://app.apollo.io/#/organizations/683ad516b0aa290001a445d1?overrideScoreId=score,,2,deck staining+61,http://www.linkedin.com/company/tidal-touch-painting,,,,,
RPS | Riley Painting Services,,,,Huntsville,Alabama,,,,,,apollo,"painting company, painting services - Alabama",https://app.apollo.io/#/organizations/67162881a616240001456238?overrideScoreId=score,,2,,http://www.linkedin.com/company/riley-painting-services,,,,,
MCALLISTER PAINTING COMPANY,http://www.mcallisterpaintingcompany.com,,,Slocomb,Alabama,,,,,,apollo,"painting company, painting services - Alabama",https://app.apollo.io/#/organizations/6725a5edcca4980001f104fc?overrideScoreId=score,,1,,http://www.linkedin.com/company/mcallister-painting-company,,,,,
"MNM Painting and Roofing, LLC",http://www.mnmpaintandroof.com,,,Tuscaloosa,Alabama,,,,,,apollo,"painting company, painting services - Alabama",https://app.apollo.io/#/organizations/6654438a669fc10001f8cead?overrideScoreId=score,,1,,http://www.linkedin.com/company/mnm-painting-and-roofing-llc,https://www.facebook.com/people/MNM-Painting-Roofing-LLC,,,,
Hayes Painting Services,http://www.hayespaint.com,,,Tuscumbia,Alabama,,,,,,apollo,"painting company, painting services - Alabama",https://app.apollo.io/#/organizations/674d520a47261100013ff0b6?overrideScoreId=score,,,,http://www.linkedin.com/company/hayes-painting-services,,,,,
Alaska Painting Services,http://www.alaskapaintingonline.com,,,Anchorage,Alaska,,,,,,apollo,"painting company, painting services - Alaska",https://app.apollo.io/#/organizations/57c4f10fa6da986a87fbf581?overrideScoreId=score,,5,home servicespainters,http://www.linkedin.com/company/alaska-painting-services,https://www.facebook.com/miamipaintingcontractors,https://twitter.com/alaskapainting,,,
MKD's Property Solutions and Installations,http://www.mkdspropertysolutions.com,,,Anchorage,Alaska,,,,,,apollo,"painting company, painting services - Alaska",https://app.apollo.io/#/organizations/642074e8abdc0200015ddd85?overrideScoreId=score,,4,deck repair+35,http://www.linkedin.com/company/mkd-s-property-solutions-llc,,,,,
Patronas Home Repair LLC,http://www.patronashomerepair.com,,,Anchorage,Alaska,,,,,,apollo,"painting company, painting services - Alaska",https://app.apollo.io/#/organizations/6100ed658b43e2000183b555?overrideScoreId=score,,2,home maintenance+50,http://www.linkedin.com/company/patronas-home-repair,,,,,
Penington Painting Company,http://www.teamppc.com,,,Chandler,Arizona,,,,,,apollo,"painting company, painting services - Arizona",https://app.apollo.io/#/organizations/66e5e8f4d82df900011d66ba?overrideScoreId=score,,45,,http://www.linkedin.com/company/penington-painting-company,https://facebook.com/peningtonpainting,,,,
Paint Kings,http://www.paintkings.com,,,Tucson,Arizona,,,,,,apollo,"painting company, painting services - Arizona",https://app.apollo.io/#/organizations/54a1b6c07468694f8f0c810a?overrideScoreId=score,,38,painting contractor+45,http://www.linkedin.com/company/paint-kings,https://facebook.com/pages/The-Paint-Kings-Inc/233721226781289,https://twitter.com/paintkings,,,
Roadrunner Drywall & Paint Corp,http://www.roadrunnerdrywall.com,,,Scottsdale,Arizona,,,,,,apollo,"painting company, painting services - Arizona",https://app.apollo.io/#/organizations/54a1ba1d74686942d3149c0b?overrideScoreId=score,,35,customer service+55,http://www.linkedin.com/company/roadrunner-drywall-corp,,,,,
Nkw Inc,http://www.nkwinc.com,,,Mesa,Arizona,,,,,,apollo,"painting company, painting services - Arizona",https://app.apollo.io/#/organizations/55f936a5f3e5bb6b20003df5?overrideScoreId=score,,34,,http://www.linkedin.com/company/nkw-inc,,,,,
"Extreme Drywall Concepts, LLC",http://www.extremedrywallconcepts.com,,,Phoenix,Arizona,,,,,,apollo,"painting company, painting services - Arizona",https://app.apollo.io/#/organizations/5da53c2e91250a0001da6a0d?overrideScoreId=score,,32,metal stud framing+57,http://www.linkedin.com/company/extremedrywallconcepts,https://www.facebook.com/extremedrywallconcepts,,,,
Frontier Group,http://www.frontiergroupco.com,,,Phoenix,Arizona,,,,,,apollo,"painting company, painting services - Arizona",https://app.apollo.io/#/organizations/556d83b173696411c7512a01?overrideScoreId=score,,29,chemical processing+54,http://www.linkedin.com/company/futureweld,,,,,
House Painters,http://www.hillisbrotherspainting.com,,,Mesa,Arizona,,,,,,apollo,"painting company, painting services - Arizona",https://app.apollo.io/#/organizations/55f8e084f3e5bb6be2000de2?overrideScoreId=score,,25,b2c+48,http://www.linkedin.com/company/house-painters,,,,,
"Design Drywall West, Inc.",http://www.designdrywallwest.com,,,Design Drywall West,Inc.,,,,,,apollo,"painting company, painting services - Inc.",https://app.apollo.io/#/organizations/5d095460f65125d6974a0101?overrideScoreId=score,,24,construction+40,http://www.linkedin.com/company/design-drywall-west-inc,https://www.facebook.com/designdrywallwest,,,,
"JOHANSEN INTERIORS, LLC",http://www.johanseninteriors.net,,,Chandler,Arizona,,,,,,apollo,"painting company, painting services - Arizona",https://app.apollo.io/#/organizations/5b14a9b5a6da98712ec048a6?overrideScoreId=score,,24,retail construction+91,http://www.linkedin.com/company/johansen-interiors-llc,https://www.facebook.com/Johanseninteriors/,,,,
"Indigo Contracting, LLC dba Indigo Paint & Contracting",http://www.indigocontracting.com,,,Phoenix,Arizona,,,,,,apollo,"painting company, painting services - Arizona",https://app.apollo.io/#/organizations/5569ee6d736964255da0b300?overrideScoreId=score,,23,repaintingretail+64,http://www.linkedin.com/company/indigo-paint-&-contracting,https://facebook.com/IndigoContracting,,,,
LUXOR PAINTING INC.,http://www.luxorpaintinginc.com,,,Tempe,Arizona,,,,,,apollo,"painting company, painting services - Arizona",https://app.apollo.io/#/organizations/54fca42b7369647e12331d00?overrideScoreId=score,,19,commercial painting+64,http://www.linkedin.com/company/luxor-painting-inc-,https://www.facebook.com/LuxorPaintingInc,https://twitter.com/painting_luxor,,,
"CDS Framing, Inc.",http://www.cdsframing.com,,,CDS Framing,Inc.,,,,,,apollo,"painting company, painting services - Inc.",https://app.apollo.io/#/organizations/54a12a4b69702db6487cfb01?overrideScoreId=score,,18,drywall+54,http://www.linkedin.com/company/cds-framing-inc.,,,,,
Apodaca Wall Systems,http://www.apodacainc.com,,,Phoenix,Arizona,,,,,,apollo,"painting company, painting services - Arizona",https://app.apollo.io/#/organizations/650163c1cc44590001edeada?overrideScoreId=score,,17,stuccopaint+52,http://www.linkedin.com/company/apodaca-wall-systems,https://facebook.com/stampedpassportphotography,https://twitter.com/StampedPassport,,,
Evolution Construction Services,,,,Phoenix,Arizona,,,,,,apollo,"painting company, painting services - Arizona",https://app.apollo.io/#/organizations/624f0905b46ac300a59b9b6a?overrideScoreId=score,,17,property maintenance+23,http://www.linkedin.com/company/evolutionarizona,,,,,
"Nelson J. Greer Painting Contractors, Inc",http://www.nelsongreerpainting.com,,,Nelson J. Greer Painting Contractors,Inc,,,,,,apollo,"painting company, painting services - Inc",https://app.apollo.io/#/organizations/54a1aecf74686949e702a807?overrideScoreId=score,,17,commercial buildings+76,http://www.linkedin.com/company/nelson-j-greer-painting-contr,https://facebook.com/nelson-j-greer-painting-111711240607701,,,,
Wall Assemblies,http://www.wallassemblies.com,,,Phoenix,Arizona,,,,,,apollo,"painting company, painting services - Arizona",https://app.apollo.io/#/organizations/5e55a3768184b40001fd8fbc?overrideScoreId=score,,16,drywall+50,http://www.linkedin.com/company/wallassemblies,,,,,
AO Services LLC,http://www.aoservicesco.com,,,Tempe,Arizona,,,,,,apollo,"painting company, painting services - Arizona",https://app.apollo.io/#/organizations/5fcab031b6fa100001d6d101?overrideScoreId=score,,13,mold remediation+67,http://www.linkedin.com/company/aoservicesllc,,,,,
Fine Point Finishes,http://www.finepointfinishes.com,,,Phoenix,Arizona,,,,,,apollo,"painting company, painting services - Arizona",https://app.apollo.io/#/organizations/5e55a1002361de000119e0ff?overrideScoreId=score,,13,remodeling+67,http://www.linkedin.com/company/fine-point-finishes-az,https://facebook.com/finepointfinishes,,,,
"Skyline Builders & Restoration, Inc.",http://www.azsbr.com,,,Skyline Builders & Restoration,Inc.,,,,,,apollo,"painting company, painting services - Inc.",https://app.apollo.io/#/organizations/65c9f9125095f70001b97aa2?overrideScoreId=score,,12,client relationships+52,http://www.linkedin.com/company/skyline-builders-&-restoration-inc.,,,,,
AKP SERVICES,http://www.akpservices.com,,,Tempe,Arizona,,,,,,apollo,"painting company, painting services - Arizona",https://app.apollo.io/#/organizations/5e55d162f453b00001843a6c?overrideScoreId=score,,12,painting+65,http://www.linkedin.com/company/akpservices,https://www.facebook.com/AKPServicesUSA/,https://twitter.com/AkpServices,,,
Danny White Painting Inc.,http://www.dannywhitepainting.com,,,Phoenix,Arizona,,,,,,apollo,"painting company, painting services - Arizona",https://app.apollo.io/#/organizations/55f73256f3e5bb190e023f43?overrideScoreId=score,,12,quality workmanship+34,http://www.linkedin.com/company/danny-white-painting-inc-,,,,,
TWD - Design. Build. Remodel.,http://www.twdaz.com,,,Phoenix,Arizona,,,,,,apollo,"painting company, painting services - Arizona",https://app.apollo.io/#/organizations/54a1289069702d9b8b3a3101?overrideScoreId=score,,12,home improvement+66,http://www.linkedin.com/company/todd-whittaker-drywall-inc-,https://facebook.com/ToddWhittakerDrywall,https://twitter.com/TWDAZ,,,
Alder Home Craft,http://www.alderhomecraft.com,,,Gilbert,Arizona,,,,,,apollo,"painting company, painting services - Arizona",https://app.apollo.io/#/organizations/665687234cebd8034a8f473a?overrideScoreId=score,,10,,http://www.linkedin.com/company/alderhomecraft,,,,,
Croc Painting Company,,,,Gilbert,Arizona,,,,,,apollo,"painting company, painting services - Arizona",https://app.apollo.io/#/organizations/63d5ab5fc7530100017eb267?overrideScoreId=score,,10,,http://www.linkedin.com/company/croc-painting-company,,,,,
Painting Solutions Inc.,http://www.paintingsolutionsaz.com,,,Phoenix,Arizona,,,,,,apollo,"painting company, painting services - Arizona",https://app.apollo.io/#/organizations/614d81da3a98da000123ce57?overrideScoreId=score,,10,epoxy coatings+82,http://www.linkedin.com/company/painting-solutions-inc,https://www.facebook.com/PaintingSolutionsAZ/,,,,
Country Boys Painting,http://www.countryboyspainting.com,,,Phoenix,Arizona,,,,,,apollo,"painting company, painting services - Arizona",https://app.apollo.io/#/organizations/56e6ea80f3e5bb3a24013090?overrideScoreId=score,,10,maintenance painting+37,http://www.linkedin.com/company/country-boys-painting,,,,,
Arizona Professional Painting,http://www.azpropaint.com,,,Phoenix,Arizona,,,,,,apollo,"painting company, painting services - Arizona",https://app.apollo.io/#/organizations/54a11c2969702d84c5458200?overrideScoreId=score,,10,,http://www.linkedin.com/company/arizona-professional-painting,https://www.facebook.com/AZProPaint/,,,,
"ALLSTAR PRO PAINTING, LLC",http://www.allstarpropainting.com,,,Gilbert,Arizona,,,,,,apollo,"painting company, painting services - Arizona",https://app.apollo.io/#/organizations/60aec6571c8ffa000192b6d0?overrideScoreId=score,,8,,http://www.linkedin.com/company/allstarpropainting,,,,,
Paradigm Manufacturing,http://www.p3dmfg.com,,,Phoenix,Arizona,,,,,,apollo,"painting company, painting services - Arizona",https://app.apollo.io/#/organizations/604a66bffa6fc7000115a678?overrideScoreId=score,,8,design3d printing+41,http://www.linkedin.com/company/p3dmfg,https://www.facebook.com/P3DMFG/,,,,
PINON PAINTING,http://www.pinonpainting.com,,,Prescott,Arizona,,,,,,apollo,"painting company, painting services - Arizona",https://app.apollo.io/#/organizations/55eaadc9f3e5bb5ef400206c?overrideScoreId=score,,8,commercial+65,http://www.linkedin.com/company/pinon-painting,https://facebook.com/pages/Pinon-Painting/154851881221682,,,,
"Crout & Heller Painting Services, Inc.",http://www.croutandheller.com,,,Crout & Heller Painting Services,Inc.,,,,,,apollo,"painting company, painting services - Inc.",https://app.apollo.io/#/organizations/688ae9d11743380001411ddb?overrideScoreId=score,,7,,http://www.linkedin.com/company/crout-&-heller-painting-services-inc.,,,,,
Metzger's Painting Professionals,http://www.metzgerspainting.com,,,Phoenix,Arizona,,,,,,apollo,"painting company, painting services - Arizona",https://app.apollo.io/#/organizations/63b6b09e9e5f6900a3595530?overrideScoreId=score,,7,commerical painting+74,http://www.linkedin.com/company/metzgerspainting,https://facebook.com/metzgerspainting/,https://twitter.com/MetzgersPaint,,,
Albrecht And Son LLC,http://www.albrechtandson.com,,,Youngtown,Arizona,,,,,,apollo,"painting company, painting services - Arizona",https://app.apollo.io/#/organizations/54a1a36c7468695475e9be03?overrideScoreId=score,,7,project consulation+68,http://www.linkedin.com/company/albrecht-and-son,https://www.facebook.com/albrecht&sonllc,https://twitter.com/albrechtandson,,,
"Leach Painting, Inc.",http://www.leachpainting.com,,,Leach Painting,Inc.,,,,,,apollo,"painting company, painting services - Inc.",https://app.apollo.io/#/organizations/54a1347869702d2f9f097900?overrideScoreId=score,,7,commercial painting+5,http://www.linkedin.com/company/leach-painting-inc.,https://facebook.com/pages/Leach-Painting-Inc/186871581343157,https://twitter.com/LeachPaint,,,
"Daisy Mountain Painting Services, LLC",http://www.daisymountainpainting.com,,,Phoenix,Arizona,,,,,,apollo,"painting company, painting services - Arizona",https://app.apollo.io/#/organizations/674cd6c0abc19b0001bac0cc?overrideScoreId=score,,6,,http://www.linkedin.com/company/daisy-mountain-painting-services-llc,,,,,
"1 BY 1 ROOF, SOLAR, & PAINT",http://www.1by1roof.com,,,Tucson,Arizona,,,,,,apollo,"painting company, painting services - Arizona",https://app.apollo.io/#/organizations/6396b9be0f44bd00a34467b0?overrideScoreId=score,,6,residential roofing+104,http://www.linkedin.com/company/1-by-1-roof,https://www.facebook.com/1by1Roof,,,,
"Ganado Painting and Wallcovering, Inc.",http://www.ganadopainting.com,,,Ganado Painting and Wallcovering,Inc.,,,,,,apollo,"painting company, painting services - Inc.",https://app.apollo.io/#/organizations/54a128db69702d979c5c5f01?overrideScoreId=score,,6,,http://www.linkedin.com/company/ganado-painting-and-wallcovering-inc-,https://facebook.com/pages/Ganado-Painting-and-Wallcovering-Inc/147125292059484,,,,
J & M Painting Services,http://www.jandmpaintingservices.com,,,Litchfield Park,Arizona,,,,,,apollo,"painting company, painting services - Arizona",https://app.apollo.io/#/organizations/66fd230531100f00011ebf1c?overrideScoreId=score,,5,,http://www.linkedin.com/company/j-&-m-painting-services,https://facebook.com/JandMPaintingServices/,,,,
Infinity Paving,http://www.infinitypavingaz.com,,,Phoenix,Arizona,,,,,,apollo,"painting company, painting services - Arizona",https://app.apollo.io/#/organizations/619e086cc590b500daf18c68?overrideScoreId=score,,5,,http://www.linkedin.com/company/infinitypaving,,,,,
Wild West Painting,http://www.wildwestpaintinginc.com,,,Tucson,Arizona,,,,,,apollo,"painting company, painting services - Arizona",https://app.apollo.io/#/organizations/6123a9b3db790b00da812909?overrideScoreId=score,,5,interior painting+78,http://www.linkedin.com/company/wild-west-painting,,,,,
"Max Restoration, LLC",http://www.max-restoration.com,,,Glendale,Arizona,,,,,,apollo,"painting company, painting services - Arizona",https://app.apollo.io/#/organizations/60e9bded578fa200da52d529?overrideScoreId=score,,5,,http://www.linkedin.com/company/max-restoration-llc,,,,,
All Pro Truck Body Shop,http://www.allprotruck.com,,,Glendale,Arizona,,,,,,apollo,"painting company, painting services - Arizona",https://app.apollo.io/#/organizations/57c4f66fa6da986a57bc19e9?overrideScoreId=score,,5,,http://www.linkedin.com/company/all-pro-fleet-painting,https://facebook.com/AllProFleet,https://twitter.com/AllProFleetAZ,,,
Arizona's Superior Painting,http://www.arizonasuperiorpainting.com,,,Scottsdale,Arizona,,,,,,apollo,"painting company, painting services - Arizona",https://app.apollo.io/#/organizations/614c22ef1ca82e00015d9cf9?overrideScoreId=score,,4,residential painting+53,http://www.linkedin.com/company/arizonasuperiorpainting,https://www.facebook.com/arizonasuperiorpainting,,,,
City Wide Facility Solutions - Southern Arizona,,,,Tucson,Arizona,,,,,,apollo,"painting company, painting services - Arizona",https://app.apollo.io/#/organizations/614627aea2fb7e00a40707f6?overrideScoreId=score,,4,janitorialfloor care+68,http://www.linkedin.com/company/city-wide-facilities-solutions-southern-arizona,https://facebook.com/citywidefacilitysolutions,,,,
Extra Mile Painting Company,http://www.extramilepaintingaz.com,,,Phoenix,Arizona,,,,,,apollo,"painting company, painting services - Arizona",https://app.apollo.io/#/organizations/55ed9f37f3e5bb164400699b?overrideScoreId=score,,4,residential painting+53,http://www.linkedin.com/company/extra-mile-painting-company,,,,,
AZ Spruce Up,http://www.azspruceup.com,,,Tempe,Arizona,,,,,,apollo,"painting company, painting services - Arizona",https://app.apollo.io/#/organizations/68d03a0bfe57500001d7996a?overrideScoreId=score,,3,repair & maintenance+25,http://www.linkedin.com/company/azspruceup,https://www.facebook.com/azspruceup,,,,
Straight Striping,http://www.stripingphoenix.com,,,Phoenix,Arizona,,,,,,apollo,"painting company, painting services - Arizona",https://app.apollo.io/#/organizations/604a380c4ddaca000155ee24?overrideScoreId=score,,3,firle lane painting+62,http://www.linkedin.com/company/straight-striping,https://facebook.com/pages/Straight-Striping-LLC/616988551677966,https://twitter.com/SStriping,,,
COe-Renovation,http://www.coerenovation.com,,,Phoenix,Arizona,,,,,,apollo,"painting company, painting services - Arizona",https://app.apollo.io/#/organizations/5b86fd59f874f708f3d78269?overrideScoreId=score,,3,hotel conversion+70,http://www.linkedin.com/company/coe-renovation,https://www.facebook.com/1845791319069098,,,,
Dougherty Painting Company,http://www.dohertypainting.com,,,Phoenix,Arizona,,,,,,apollo,"painting company, painting services - Arizona",https://app.apollo.io/#/organizations/556d8fb77369641226d03a01?overrideScoreId=score,,3,,http://www.linkedin.com/company/dougherty-painting-company,,,,,
EVO Construction Services,http://www.evogc.com,,,Phoenix,Arizona,,,,,,apollo,"painting company, painting services - Arizona",https://app.apollo.io/#/organizations/68d1051d0a145d0015061103?overrideScoreId=score,,2,construction+57,http://www.linkedin.com/company/evo-construction-services,,,,,
WILDCAT PAINTING COMPANY L.L.C.,http://www.wildcatpaintingcompany.com,,,Tucson,Arizona,,,,,,apollo,"painting company, painting services - Arizona",https://app.apollo.io/#/organizations/66f52b695a44f10001b41200?overrideScoreId=score,,2,,http://www.linkedin.com/company/wildcat-painting-company-l.l.c.,,,,,
Adix Painting - Dedicated to Raising the Standard for Residential Interior and Exterior Painting,http://www.adixpainting.com,,,Phoenix,Arizona,,,,,,apollo,"painting company, painting services - Arizona",https://app.apollo.io/#/organizations/5b13331da6da98dcb5c7d637?overrideScoreId=score,,2,coaching+14,http://www.linkedin.com/company/adix-painting-phoenix-az,,,,,
K&M Painting and Decorating,http://www.kandm-painting.com,,,Scottsdale,Arizona,,,,,,apollo,"painting company, painting services - Arizona",https://app.apollo.io/#/organizations/556d3719736964123814c000?overrideScoreId=score,,2,acoustical ceilings+27,http://www.linkedin.com/company/k&m-painting-and-decorating,https://facebook.com/kmpainting,,,,
"LIFE IN COLOR PAINTING SERVICES, LLC",http://www.lifeincolorpainting.com,,,San Tan Valley,Arizona,,,,,,apollo,"painting company, painting services - Arizona",https://app.apollo.io/#/organizations/6731955424c32c0001d29e1b?overrideScoreId=score,,1,,http://www.linkedin.com/company/life-in-color-painting-services-llc,https://facebook.com/lifeincolorpainting,,,,
Ph Painting Company,http://www.phpaintingcompany.com,,,Tucson,Arizona,,,,,,apollo,"painting company, painting services - Arizona",https://app.apollo.io/#/organizations/66e94dc86fc6aa0001f9ab23?overrideScoreId=score,,1,,http://www.linkedin.com/company/ph-painting-company,https://facebook.com/pages/Ph-Painting-Company/588551084548862,,,,
Elizarraraz Painting,http://www.elizarrarazpainting.com,,,Mesa,Arizona,,,,,,apollo,"painting company, painting services - Arizona",https://app.apollo.io/#/organizations/65eaf7f91f08d10007f60591?overrideScoreId=score,,1,,http://www.linkedin.com/company/elizarraraz-painting,,,,,
"The Experts Service Systems, LLC",http://www.expertsservicesystems.com,,,Peoria,Arizona,,,,,,apollo,"painting company, painting services - Arizona",https://app.apollo.io/#/organizations/5ed26bdd2fba0d0001e28def?overrideScoreId=score,,1,renovations+6,http://www.linkedin.com/company/the-experts-service-systems-llc,,,,,
ECO-LIFE CLEANING & PAINTING,http://www.eco-lifecleaningandpainting.com,,,Scottsdale,Arizona,,,,,,apollo,"painting company, painting services - Arizona",https://app.apollo.io/#/organizations/55eb98c9f3e5bb237900119a?overrideScoreId=score,,1,painting+73,http://www.linkedin.com/company/eco-life-cleaning,,,,,
Penington Painting Company,http://www.peningtonpainting.com,,,Chandler,Arizona,,,,,,apollo,"painting company, painting services - Arizona",https://app.apollo.io/#/organizations/68e68dc664ac410001fbbee6?overrideScoreId=score,,,,,https://facebook.com/peningtonpainting,,,,
PROFINISHERS LLC,http://www.profinishersllc.com,,,Phoenix,Arizona,,,,,,apollo,"painting company, painting services - Arizona",https://app.apollo.io/#/organizations/6852489c5f3e2e00019444f3?overrideScoreId=score,,,residential painting+41,http://www.linkedin.com/company/profinishers-llc,https://facebook.com/PROFINISHERSAZ,,,,
Insight Painting Company Llc,http://www.insightpaintingcompany.com,,,Mesa,Arizona,,,,,,apollo,"painting company, painting services - Arizona",https://app.apollo.io/#/organizations/6828f4d20dd41b0001360150?overrideScoreId=score,,,,,https://www.facebook.com/InsightPainting,https://twitter.com/InsightPainting,,,
CJ Painting & Services Inc,http://www.cjpaintinginc.com,,,Flagstaff,Arizona,,,,,,apollo,"painting company, painting services - Arizona",https://app.apollo.io/#/organizations/6713e397de521c0001f31f13?overrideScoreId=score,,,,http://www.linkedin.com/company/cj-painting-&-services-inc,,,,,
Moyas Painting Services,http://www.moyaspaintingservices.com,,,Phoenix,Arizona,,,,,,apollo,"painting company, painting services - Arizona",https://app.apollo.io/#/organizations/66f9b21d9c4c1b0001b79c19?overrideScoreId=score,,,,http://www.linkedin.com/company/moyas-painting-services,,,,,
CAPITAL PAINTING COMPANY LLC,http://www.capitalpaintingcompany.com,,,Gilbert,Arizona,,,,,,apollo,"painting company, painting services - Arizona",https://app.apollo.io/#/organizations/66f8d0bde0d5a00001b4789d?overrideScoreId=score,,,,http://www.linkedin.com/company/capital-painting-company-llc,https://www.facebook.com/CapitalPaintingCompany,,,,
Trulypaintingandmore home painting company,http://www.trulypaintingandmore.com,,,Mohave Valley,Arizona,,,,,,apollo,"painting company, painting services - Arizona",https://app.apollo.io/#/organizations/6688e5c650eb8e0001f7e7e5?overrideScoreId=score,,,design services,http://www.linkedin.com/company/trulypaintingandmore-home-painting-company,https://www.facebook.com/trulypaintingandmore/,,,,
"Economy Care Services, Inc.",http://www.economycareservices.com,,,Economy Care Services,Inc.,,,,,,apollo,"painting company, painting services - Inc.",https://app.apollo.io/#/organizations/61618f6928fafa00019e6853?overrideScoreId=score,,20,residential assembly+82,http://www.linkedin.com/company/economy-care-services-inc,,,,,
MCCORMICK PAINTING COMPANY,http://www.mccormickequipmentrentals.com,,,Little Rock,Arkansas,,,,,,apollo,"painting company, painting services - Arkansas",https://app.apollo.io/#/organizations/672dd53ba379130001a6aeb9?overrideScoreId=score,,15,,http://www.linkedin.com/company/mccormick-painting-company,https://facebook.com/pages/Maven/219081551481695,https://twitter.com/mavensf,,,
"AOP Metal Fabricators, LLC.",http://www.aopfab.com,,,Crossett,Arkansas,,,,,,apollo,"painting company, painting services - Arkansas",https://app.apollo.io/#/organizations/64685d552a85a700a3dd8399?overrideScoreId=score,,11,,http://www.linkedin.com/company/aop-metal-fabricators-industrial,,,,,
Turpin Painting Company Inc,,,,Little Rock,Arkansas,,,,,,apollo,"painting company, painting services - Arkansas",https://app.apollo.io/#/organizations/55921aff73696418f64c6f00?overrideScoreId=score,,7,,http://www.linkedin.com/company/turpin-painting-company-inc,,,,,
Quality Painting Company,http://www.adamroepaint.com,,,Camden,Arkansas,,,,,,apollo,"painting company, painting services - Arkansas",https://app.apollo.io/#/organizations/674810bf3e0e4200017de341?overrideScoreId=score,,6,,http://www.linkedin.com/company/quality-painting-company,,,,,
Hartley Commercial,http://www.hartleycommercial.com,,,Lowell,Arkansas,,,,,,apollo,"painting company, painting services - Arkansas",https://app.apollo.io/#/organizations/650abbe2fb10f8000195867d?overrideScoreId=score,,3,wallcoverings+28,http://www.linkedin.com/company/hartley-commercial,,,,,
US Painting Services,http://www.uspaintingservices.com,,,Conway,Arkansas,,,,,,apollo,"painting company, painting services - Arkansas",https://app.apollo.io/#/organizations/6746c3bb4c8ba2000175a1e2?overrideScoreId=score,,2,,http://www.linkedin.com/company/us-painting-services,,,,,
RPH Property Management,http://www.rphre.com,,,Farmington,Arkansas,,,,,,apollo,"painting company, painting services - Arkansas",https://app.apollo.io/#/organizations/5d361f66f65125f04ab31e14?overrideScoreId=score,,2,midrise multifamily+64,http://www.linkedin.com/company/rphdevelopment,https://facebook.com/rphre,,,,
Allison Scott Paint Co.,http://www.allisonscottpaintco.com,,,Bella Vista,Arkansas,,,,,,apollo,"painting company, painting services - Arkansas",https://app.apollo.io/#/organizations/65769eb3dedecd0114400a63?overrideScoreId=score,,1,,http://www.linkedin.com/company/allison-scott-paint-co,https://www.facebook.com/AllisonScottPaintCo,,,,
Brush Brothers Painting,http://www.nwapaint.com,,,Bentonville,Arkansas,,,,,,apollo,"painting company, painting services - Arkansas",https://app.apollo.io/#/organizations/674d89a60e9f1c00012cd51e?overrideScoreId=score,,,drywall repair+11,http://www.linkedin.com/company/brush-brothers-painting-nwa,,,,,
"KEITH'S CONSTRUCTION AND PAINTING COMPANY, INC.",http://www.keithspainting.com,,,Anaheim,California,,,,,,apollo,"painting company, painting services - California",https://app.apollo.io/#/organizations/6732db7c6bce5f000137732c?overrideScoreId=score,,3,wholesale building materials,http://www.linkedin.com/company/keith's-construction-and-painting-company-inc.,,,,,
Brian Miller Painting Company,http://www.brianmillerpaintingcompany.com,,,San Marcos,California,,,,,,apollo,"painting company, painting services - California",https://app.apollo.io/#/organizations/673158230af9f60001e9248d?overrideScoreId=score,,3,,http://www.linkedin.com/company/brian-miller-painting-company,,,,,
Modern Masters Painting,http://www.modernmasterspainting.com,,,San Diego,California,,,,,,apollo,"painting company, painting services - California",https://app.apollo.io/#/organizations/673088bb8c7edd0001be31f4?overrideScoreId=score,,3,exterior painting+56,http://www.linkedin.com/company/modern-masters-painting,,,,,
Pepe's House Painting Services,http://www.pepeshousepaintingservices.com,,,Fontana,California,,,,,,apollo,"painting company, painting services - California",https://app.apollo.io/#/organizations/6726111a7224cd0001d010cf?overrideScoreId=score,,3,,http://www.linkedin.com/company/pepes-house-painting-services,,,,,
"PEACOCK PAINTING COMPANY, INC.",http://www.peacockpaintingco.com,,,Novato,California,,,,,,apollo,"painting company, painting services - California",https://app.apollo.io/#/organizations/66f83cf74a9bbc00012149cd?overrideScoreId=score,,3,,http://www.linkedin.com/company/peacock-painting-company-inc.,,,,,
C.P.P. Painting / Color Pros Painting & Coatings Inc.,http://www.cpppainting.com,,,San Jose,California,,,,,,apollo,"painting company, painting services - California",https://app.apollo.io/#/organizations/6648f4297895c400010caaf6?overrideScoreId=score,,3,hoamulti family+14,http://www.linkedin.com/company/c-p-p-painting-color-pros-painting-coatings-inc,,,,,
PalmView Custom Homes,http://www.palmview.ca,,,Concord,California,,,,,,apollo,"painting company, painting services - California",https://app.apollo.io/#/organizations/6531f27a7cd5620001c8e0df?overrideScoreId=score,,3,,http://www.linkedin.com/company/palmview,https://www.facebook.com/p/PalmView-Contracting-100086109079915/,,,,
"S. SCURTI & SONS, INC.",http://www.scurtipainting.com,,,San Jose,California,,,,,,apollo,"painting company, painting services - California",https://app.apollo.io/#/organizations/646f22788ab3380001f857f5?overrideScoreId=score,,3,wallcoverings+41,http://www.linkedin.com/company/s.-scurti-&-sons-inc.,,,,,
Paint Blast US,http://www.paintblastus.com,,,Long Beach,California,,,,,,apollo,"painting company, painting services - California",https://app.apollo.io/#/organizations/61ec6b2a4fec27000163f3e0?overrideScoreId=score,,3,venetian plaster+52,http://www.linkedin.com/company/paintblastus,https://www.facebook.com/stencilsus/,,,,
Intrinsic Home Painting Services,http://www.intrinsicpainting.com,,,Los Angeles,California,,,,,,apollo,"painting company, painting services - California",https://app.apollo.io/#/organizations/614e991dcb891e0001fda201?overrideScoreId=score,,3,drywall repair+43,http://www.linkedin.com/company/intrinsicpaintingla,,,,,
"Universal Painting Contractors, Inc.",http://www.upcpaint.com,,,Universal Painting Contractors,Inc.,,,,,,apollo,"painting company, painting services - Inc.",https://app.apollo.io/#/organizations/60b2330715a03900014f81ad?overrideScoreId=score,,3,,http://www.linkedin.com/company/universal-painting-contractors-inc,https://www.facebook.com/UPCPaint,,,,
PaintPros of Napa Valley,http://www.paintprosnapa.com,,,Napa,California,,,,,,apollo,"painting company, painting services - California",https://app.apollo.io/#/organizations/5edbac7c4d8c35000196485a?overrideScoreId=score,,3,,http://www.linkedin.com/company/paint-pros-napa-valley-inc,,,,,
"Endure Painting, Inc.",http://www.endurepainting.com,,,Endure Painting,Inc.,,,,,,apollo,"painting company, painting services - Inc.",https://app.apollo.io/#/organizations/5ed1f65a2fba0d0001e0fed5?overrideScoreId=score,,3,painting services+54,http://www.linkedin.com/company/endure-painting,https://www.facebook.com/endurepaintinginc/,,,,
Revitaliste,http://www.revitaliste.com,,,San Francisco,California,,,,,,apollo,"painting company, painting services - California",https://app.apollo.io/#/organizations/5da4cde271be9400014d3bc0?overrideScoreId=score,,3,furniture services+62,http://www.linkedin.com/company/revitaliste,https://www.facebook.com/Revitaliste,,,,
Mendocino Group Cannabis Branding,http://www.harrymartinez.net,,,Redwood Valley,California,,,,,,apollo,"painting company, painting services - California",https://app.apollo.io/#/organizations/55922a3873696419813ca700?overrideScoreId=score,,3,advertising services+26,http://www.linkedin.com/company/mendocino-group-llc,https://facebook.com/pages/RiverRidge-Golf-Complex/132485363471208,,,,
Mark Bellingham Painting,http://www.markbellinghampainting.com,,,Moraga,California,,,,,,apollo,"painting company, painting services - California",https://app.apollo.io/#/organizations/54fca11e7369647de9ae0100?overrideScoreId=score,,3,,http://www.linkedin.com/company/mark-bellingham-painting,https://facebook.com/markbellinghampainting,,,,
Raider Painting Company,http://www.raiderpainting.com,,,Merced,California,,,,,,apollo,"painting company, painting services - California",https://app.apollo.io/#/organizations/54a23ccf7468693cdda5cb18?overrideScoreId=score,,3,,,,https://twitter.com/raiderpainting,,,
Kent Painting Company Inc.,http://www.kentpaintinginc.com,,,Fresno,California,,,,,,apollo,"painting company, painting services - California",https://app.apollo.io/#/organizations/54a12a3969702d8cfc3f3002?overrideScoreId=score,,3,epoxy+8,http://www.linkedin.com/company/kent-painting-company-inc.,,,,,
Lead Paint Inspections,http://www.magicbrush.net,,,San Francisco,California,,,,,,apollo,"painting company, painting services - California",https://app.apollo.io/#/organizations/54a1206f69702d7fe6127702?overrideScoreId=score,,3,,http://www.linkedin.com/company/lead-paint-inspections,,,,,
Eco-Clean Painting,http://www.ecocleanpainting.com,,,Atascadero,California,,,,,,apollo,"painting company, painting services - California",https://app.apollo.io/#/organizations/6761644024da9f01b1278e9c?overrideScoreId=score,,2,interior painting+10,http://www.linkedin.com/company/eco-clean-painting-commercial-residential-paso-robles-san-luis-obispo,https://www.facebook.com/ECO.CLEAN.PAINTERS,,,,
Lee's Painting Co.,http://www.leespainting.com,,,Huntington Beach,California,,,,,,apollo,"painting company, painting services - California",https://app.apollo.io/#/organizations/6757afe48ce90301b0aa3f70?overrideScoreId=score,,2,paintingestimates+56,http://www.linkedin.com/company/leespaintingco,https://www.facebook.com/LeesPaint,,,,
"Primus Paint Worx, Inc.",http://www.primuspaint.com,,,Primus Paint Worx,Inc.,,,,,,apollo,"painting company, painting services - Inc.",https://app.apollo.io/#/organizations/6745f74025b2d602d03c4130?overrideScoreId=score,,2,exteriorrepaint+52,http://www.linkedin.com/company/primus-paint-worx-inc,https://www.facebook.com/profile.php,,,,
Web’s Painting Company,http://www.webspainting.com,,,Los Angeles,California,,,,,,apollo,"painting company, painting services - California",https://app.apollo.io/#/organizations/673f0b0f7199f900018dffb1?overrideScoreId=score,,2,,http://www.linkedin.com/company/web%e2%80%99s-painting-company,,,,,
Mamba Stripes Corporation,http://www.mambastripes.com,,,Windsor,California,,,,,,apollo,"painting company, painting services - California",https://app.apollo.io/#/organizations/673a5a59cd909c0001431d3d?overrideScoreId=score,,2,parking lot line painting+51,http://www.linkedin.com/company/mambastripes,https://www.facebook.com/MambaStripesCorporation,,,,
Applied Artistry A Painting Company,http://www.appliedartistry.com,,,Huntington Beach,California,,,,,,apollo,"painting company, painting services - California",https://app.apollo.io/#/organizations/6731143ccfd91b00011cc7d4?overrideScoreId=score,,2,,http://www.linkedin.com/company/applied-artistry-a-painting-company,https://facebook.com/appliedartistry,,,,
"MARZ PAINTING COMPANY, THE",http://www.marzpaintingco.com,,,Sacramento,California,,,,,,apollo,"painting company, painting services - California",https://app.apollo.io/#/organizations/672ef78ccd1c1f000173c259?overrideScoreId=score,,2,,http://www.linkedin.com/company/marz-painting-company-the,https://facebook.com/pages/Marz-Painting-Co/1483150408583282,https://twitter.com/MarzPaintingCo,,,
Yes Painting Services,http://www.yespainting.net,,,San Jose,California,,,,,,apollo,"painting company, painting services - California",https://app.apollo.io/#/organizations/672dafe025d5ab00012b7e08?overrideScoreId=score,,2,,http://www.linkedin.com/company/yes-painting-services,,,,,
Coastal Colors Painting Company,,,,Carlsbad,California,,,,,,apollo,"painting company, painting services - California",https://app.apollo.io/#/organizations/6726c4017efe3d0001d18448?overrideScoreId=score,,2,,http://www.linkedin.com/company/coastalcolorspaintingcompany,,,,,
NEALS PAINTING COMPANY INC,http://www.nealspainting.com,,,Fairfield,California,,,,,,apollo,"painting company, painting services - California",https://app.apollo.io/#/organizations/67269a4393de3b0001aeb812?overrideScoreId=score,,2,,http://www.linkedin.com/company/neals-painting-company-inc,https://www.facebook.com/Neals-Painting-194579834221145/,,,,
Mr. Painter Painting Company,http://www.paintingcontractorturlock.com,,,Keyes,California,,,,,,apollo,"painting company, painting services - California",https://app.apollo.io/#/organizations/6714bdc7e73ec000013dab9c?overrideScoreId=score,,2,,http://www.linkedin.com/company/mr.-painter-painting-company,https://facebook.com/pages/Mr-painter-painting-co/929805607034929,,,,
Guzman Painting Services,http://www.guzmanpaintingservices.com,,,Los Angeles,California,,,,,,apollo,"painting company, painting services - California",https://app.apollo.io/#/organizations/6701f75d4860cf000131427a?overrideScoreId=score,,2,,http://www.linkedin.com/company/guzman-painting-services,,,,,
San Luis Obispo Painting Company,http://www.sanluisobispopainting.com,,,San Luis Obispo,California,,,,,,apollo,"painting company, painting services - California",https://app.apollo.io/#/organizations/6700eab6d46b890001ffe6ac?overrideScoreId=score,,2,,http://www.linkedin.com/company/san-luis-obispo-painting-company,http://www.facebook.com/slopainting/,,,,
Tolteca Painting Company,http://www.toltecapaintingcompany.com,,,Sacramento,California,,,,,,apollo,"painting company, painting services - California",https://app.apollo.io/#/organizations/66efccb11d94410001acfd16?overrideScoreId=score,,2,,http://www.linkedin.com/company/tolteca-painting-company,,,,,
"DC & ASSOCIATES PAINTING COMPANY, INC.",http://www.dcapainters.com,,,Lynwood,California,,,,,,apollo,"painting company, painting services - California",https://app.apollo.io/#/organizations/66eeb39c12ef530001f2bbad?overrideScoreId=score,,2,,http://www.linkedin.com/company/dc-&-associates-painting-company-inc.,https://www.facebook.com/DcAssociatesLA/,,,,
P & R Painting Services,http://www.prpaintingca.com,,,Covina,California,,,,,,apollo,"painting company, painting services - California",https://app.apollo.io/#/organizations/66d6b3f4485e9200012d5fa7?overrideScoreId=score,,2,,http://www.linkedin.com/company/p-&-r-painting-services,,,,,
Moya Painting,http://www.moyapaintinganddecorating.com,,,San Francisco,California,,,,,,apollo,"painting company, painting services - California",https://app.apollo.io/#/organizations/65f7e96e1aec6a01c680c2be?overrideScoreId=score,,2,paintingdesign+58,http://www.linkedin.com/company/moya-painting-and-decorating,,,,,
ALL LOS ANGELES PAINTING COMPANY INC.,http://www.alllosangelespaintingcompany.com,,,Los Angeles,California,,,,,,apollo,"painting company, painting services - California",https://app.apollo.io/#/organizations/65c494825b212b0001d9c2b9?overrideScoreId=score,,2,low voc paintb2c+68,http://www.linkedin.com/company/all-los-angeles-painting-company-inc.,,,,,
Capstone Painting,http://www.capstonepainting.ca,,,Waterloo,California,,,,,,apollo,"painting company, painting services - California",https://app.apollo.io/#/organizations/650ac989a013590001056c08?overrideScoreId=score,,2,fence staining+52,http://www.linkedin.com/company/capstonepainting,,,,,
Build And Decor Construction,http://www.buildanddecorconstruction.com,,,Los Angeles,California,,,,,,apollo,"painting company, painting services - California",https://app.apollo.io/#/organizations/64e6d910a1925900015a6579?overrideScoreId=score,,2,general contracting+56,http://www.linkedin.com/company/build-and-decor-construction,https://www.facebook.com/100076504697921,,,,
Coastline Painting & Decorating,http://www.coastlinepaintingsd.com,,,San Diego,California,,,,,,apollo,"painting company, painting services - California",https://app.apollo.io/#/organizations/63d5a8f02ece260001d2decd?overrideScoreId=score,,2,interior painting+56,http://www.linkedin.com/company/coastline-painting-decorating,,,,,
"The Painting Company, LLC",,,,San Diego,California,,,,,,apollo,"painting company, painting services - California",https://app.apollo.io/#/organizations/63c430ac9ac5ba00014b310a?overrideScoreId=score,,2,residential painting+3,http://www.linkedin.com/company/the-painting-company-san-diego,,,,,
A Superior Collision Shop Campbell,http://www.asuperiorshop.com,,,Campbell,California,,,,,,apollo,"painting company, painting services - California",https://app.apollo.io/#/organizations/6382ae34c2e1740001ae1f65?overrideScoreId=score,,2,pick up & drop+64,http://www.linkedin.com/company/a-superior-collision-shop-campbell,https://www.facebook.com/ASuperiorCollisionShop/,https://twitter.com/a_superiorshop,,,
"Handydads Construction, Inc.",http://www.handydads.net,,,Handydads Construction,Inc.,,,,,,apollo,"painting company, painting services - Inc.",https://app.apollo.io/#/organizations/63372e36ce6bad00a3288dd8?overrideScoreId=score,,2,home improvement+56,http://www.linkedin.com/company/handydads-construction-inc,https://www.facebook.com/Handydads-LLC-812411208813474/,,,,
"Najib Paint & Decorations, LLC",http://www.npdpaints.com,,,Oakland,California,,,,,,apollo,"painting company, painting services - California",https://app.apollo.io/#/organizations/62e3b699cfcebc00a3704e81?overrideScoreId=score,,2,residential remodeling+81,http://www.linkedin.com/company/nn-home-renovation,https://www.facebook.com/622286547639306,,,,
Oasis,http://www.residentialrenovationeastpaloaltoca.com,,,Health,Wellness & Fitness,,,,,,apollo,"painting company, painting services - Wellness & Fitness",https://app.apollo.io/#/organizations/5fc851ea7315de0001719225?overrideScoreId=score,,2,,http://www.linkedin.com/company/oasishealth,,,,,
U.S National Corp dba Jimenez Painting Company,,,,Los Angeles,California,,,,,,apollo,"painting company, painting services - California",https://app.apollo.io/#/organizations/5e57bbde5c00fd000191cdaf?overrideScoreId=score,,2,paintingarts & crafts+1,http://www.linkedin.com/company/u-s-national-corp-dba-jimenez-painting-company,,,,,
California Skyline Remodeling Inc.,http://www.californiaskylineremodeling.com,,,Los Angeles,California,,,,,,apollo,"painting company, painting services - California",https://app.apollo.io/#/organizations/5e55b858c678320001b801bf?overrideScoreId=score,,2,remodeling+82,http://www.linkedin.com/company/california-skyline-remodeling-inc,,,,,
TSW Builders,http://www.pro-gressivebuilders.com,,,Brea,California,,,,,,apollo,"painting company, painting services - California",https://app.apollo.io/#/organizations/5569dbc7736964255d37a100?overrideScoreId=score,,2,,http://www.linkedin.com/company/tsw-builders,https://www.facebook.com/tswpro/,,,,
3dmotive,http://www.3dmotive.com,,,Vista,California,,,,,,apollo,"painting company, painting services - California",https://app.apollo.io/#/organizations/54a1227769702da10ff62203?overrideScoreId=score,,2,tutorials+87,http://www.linkedin.com/company/3dmotive,https://facebook.com/3dmotive,http://twitter.com/3dmotive,,,
LuxePaintingSF,http://www.luxepaintingsf.com,,,San Francisco,California,,,,,,apollo,"painting company, painting services - California",https://app.apollo.io/#/organizations/68faf30b054d6300014f4c75?overrideScoreId=score,,1,exterior painting+20,http://www.linkedin.com/company/luxepaintingsf,https://www.facebook.com/profile.php,,,,
Parrotones - Painting Services,http://www.parrotones.com,,,Saratoga,California,,,,,,apollo,"painting company, painting services - California",https://app.apollo.io/#/organizations/67a3a142e7dee602ce58f88b?overrideScoreId=score,,1,painting+12,http://www.linkedin.com/company/parrotones,,,,,
ER Painting Services Inc,http://www.erpsocal.com,,,Santa Ana,California,,,,,,apollo,"painting company, painting services - California",https://app.apollo.io/#/organizations/674ff27b2e526f00011d2e6f?overrideScoreId=score,,1,,http://www.linkedin.com/company/er-painting-services-inc,,,,,
NJ Painting Services,http://www.njpaintingservices.com,,,San Jose,California,,,,,,apollo,"painting company, painting services - California",https://app.apollo.io/#/organizations/674fdcd2112bea000138b39c?overrideScoreId=score,,1,,http://www.linkedin.com/company/nj-painting-services,,,,,
Rubio's Painting Services,http://www.rubiospainting.com,,,San Diego,California,,,,,,apollo,"painting company, painting services - California",https://app.apollo.io/#/organizations/674ed78cbfaf7f00011d9eb3?overrideScoreId=score,,1,,http://www.linkedin.com/company/rubio's-painting-services,https://www.facebook.com/people/Rubios-Painting-Services/100069939016740/#,,,,
Condor National Painting Company,http://www.condornationalpainting.com,,,Los Angeles,California,,,,,,apollo,"painting company, painting services - California",https://app.apollo.io/#/organizations/674ce06ca3c1bb00010e1a1f?overrideScoreId=score,,1,,http://www.linkedin.com/company/condor-national-painting-company,,,,,
Melodi Major Design and Home Painting Services,http://www.melodimajordesign.com,,,Marina del Rey,California,,,,,,apollo,"painting company, painting services - California",https://app.apollo.io/#/organizations/674c0ce4dd39f80001f61636?overrideScoreId=score,,1,,http://www.linkedin.com/company/melodi-major-design-and-home-painting-services,,,,,
Einstein's Painting Company,http://www.einsteinspaintingco.com,,,Anaheim,California,,,,,,apollo,"painting company, painting services - California",https://app.apollo.io/#/organizations/6743db5bac145700014a02ad?overrideScoreId=score,,1,,http://www.linkedin.com/company/einstein's-painting-company,,,,,
The Hamilton Face Painter,http://www.hamiltonfacepainter.com,,,Hamilton City,California,,,,,,apollo,"painting company, painting services - California",https://app.apollo.io/#/organizations/672da8ff270c950001b84d03?overrideScoreId=score,,1,face painting+32,http://www.linkedin.com/company/hamiltonfacepainter,http://www.facebook.com/hamiltonfacepainter,,,,
111 Painting Service,http://www.111paintingservice.com,,,Sacramento,California,,,,,,apollo,"painting company, painting services - California",https://app.apollo.io/#/organizations/6718bc6d1bf8da0001170399?overrideScoreId=score,,1,,http://www.linkedin.com/company/111-painting-service,,,,,
Meza Painting Company,http://www.mezapaintingco.com,,,Walnut Creek,California,,,,,,apollo,"painting company, painting services - California",https://app.apollo.io/#/organizations/6715d5b5eb99680001e052fc?overrideScoreId=score,,1,,http://www.linkedin.com/company/meza-painting-company,,,,,
Borlodan Painting Company,http://www.borlodanpainting.com,,,Atascadero,California,,,,,,apollo,"painting company, painting services - California",https://app.apollo.io/#/organizations/670e08c7406039000121c188?overrideScoreId=score,,1,,http://www.linkedin.com/company/borlodan-painting-company,,https://twitter.com/BorlodanPaint,,,
ITALIAN PAINTING SERVICES INC,http://www.italianpaintingservices.com,,,Los Angeles,California,,,,,,apollo,"painting company, painting services - California",https://app.apollo.io/#/organizations/6700dcf07482bf0001220a31?overrideScoreId=score,,1,,http://www.linkedin.com/company/italian-painting-services-inc,https://facebook.com/pages/Italian-Painting-Services/321002244742327,,,,
Larry Bisordi Painting Company,http://www.bisordipainting.com,,,Burbank,California,,,,,,apollo,"painting company, painting services - California",https://app.apollo.io/#/organizations/6700c06d7482bf000120df6f?overrideScoreId=score,,1,,http://www.linkedin.com/company/larry-bisordi-painting-company,,,,,
najeraspaintingllc,http://www.najeraspainting.com,,,Fontana,California,,,,,,apollo,"painting company, painting services - California",https://app.apollo.io/#/organizations/66e28782a7929e00019e100e?overrideScoreId=score,,1,najeraspaintingllc,http://www.linkedin.com/company/najeraspaintingllc,,,,,
HiTech Painting Inc.,,,,El Cajon,California,,,,,,apollo,"painting company, painting services - California",https://app.apollo.io/#/organizations/66e26609df613a00012a6fc1?overrideScoreId=score,,1,commercial painting+59,http://www.linkedin.com/company/hitech-painting,https://www.facebook.com/hitechpaintsandiego,,,,
B.E.S. Painting Company,http://www.bespainting.com,,,Long Beach,California,,,,,,apollo,"painting company, painting services - California",https://app.apollo.io/#/organizations/66d4b36170ecc9000134b5c0?overrideScoreId=score,,1,,http://www.linkedin.com/company/b.e.s.-painting-company,https://facebook.com/bespainting,,,,
Best Property Management Painting Services,http://www.bpmpaintingservices.com,,,Vista,California,,,,,,apollo,"painting company, painting services - California",https://app.apollo.io/#/organizations/665377d69d08570001022100?overrideScoreId=score,,1,,http://www.linkedin.com/company/best-property-management-painting-services,,,,,
Design Systems Painting Company,http://www.designsystemspainting.com,,,Carmichael,California,,,,,,apollo,"painting company, painting services - California",https://app.apollo.io/#/organizations/6642f96a701ae60001901c62?overrideScoreId=score,,1,commercial painting+3,http://www.linkedin.com/company/design-systems-painting-inc,https://www.facebook.com/107847251768627,,,,
Finish Line Painting Services,http://www.finishlinepainting.com,,,Encinitas,California,,,,,,apollo,"painting company, painting services - California",https://app.apollo.io/#/organizations/6641449aa3807c00019af69b?overrideScoreId=score,,1,commercial painting & residential painting,http://www.linkedin.com/company/finishlinepaintingservices,https://facebook.com/FinishLinePaintingServices,,,,
Speck Painting,http://www.speckpainting.ca,,,Richmond,California,,,,,,apollo,"painting company, painting services - California",https://app.apollo.io/#/organizations/663884445ac33f00013ee18c?overrideScoreId=score,,1,sealant replacement+51,http://www.linkedin.com/company/speck-painting,,,,,
NJ Kann Painting,http://www.njkannpainting.com,,,San Jose,California,,,,,,apollo,"painting company, painting services - California",https://app.apollo.io/#/organizations/66348b550888d104386cf741?overrideScoreId=score,,1,commercial+18,http://www.linkedin.com/company/njkannpainting,,,,,
Absolute Integrity Handyman Services Inc.,http://www.absoluteintegrityhandyman.com,,,Fresno,California,,,,,,apollo,"painting company, painting services - California",https://app.apollo.io/#/organizations/661a664269e59600076f0c24?overrideScoreId=score,,1,electricalplumbing+42,http://www.linkedin.com/company/absolute-integrity-handyman-services-inc,https://www.facebook.com/people/Absolute-Integrity-Handyman-Services-Inc/61555543640956/,,,,
Expressions Painting Company,http://www.expressionspaintingco.com,,,Stockton,California,,,,,,apollo,"painting company, painting services - California",https://app.apollo.io/#/organizations/65546a731a843a0001c72c1c?overrideScoreId=score,,1,,http://www.linkedin.com/company/expressions-painting-company,https://www.facebook.com/Expressionspaintingcompany/,,,,
Great Walls Painting Inc,http://www.greatwallspainting.com,,,San Jose,California,,,,,,apollo,"painting company, painting services - California",https://app.apollo.io/#/organizations/654dcfb2dd1ecf0001aed7d4?overrideScoreId=score,,1,residential+32,http://www.linkedin.com/company/great-walls-painting-inc,https://www.facebook.com/Commercial.Residential.Painting,,,,
Maintenance Plus (San Diego),http://www.maintenanceplussd.com,,,San Diego,California,,,,,,apollo,"painting company, painting services - California",https://app.apollo.io/#/organizations/6509764d203e1a000135d480?overrideScoreId=score,,1,technology adoption+61,http://www.linkedin.com/company/maintenance-plus-san-diego,,,,,
EW Builders Group,http://www.ewbuildersgroup.com,,,La Habra,California,,,,,,apollo,"painting company, painting services - California",https://app.apollo.io/#/organizations/6464880100837c0001b9c9c7?overrideScoreId=score,,1,furniture+102,http://www.linkedin.com/company/ewbuildersgroup,https://www.facebook.com/100691011992680,,,,
Georgetown Student Painting,http://www.georgetownstudentpainting.ca,,,Georgetown,California,,,,,,apollo,"painting company, painting services - California",https://app.apollo.io/#/organizations/63c6698b96751a0001b68cb1?overrideScoreId=score,,1,commercial painting+60,http://www.linkedin.com/company/georgetown-student-painting,https://www.facebook.com/Georgetownstudentpainting/services,,,,
Third Generation Painters,http://www.thirdgenerationpainters.ca,,,Vernon,California,,,,,,apollo,"painting company, painting services - California",https://app.apollo.io/#/organizations/6248884908719d00dcb20f93?overrideScoreId=score,,1,b2c+45,http://www.linkedin.com/company/third-generation-painters,,,,,
ZOOM interiors,http://www.zoominteriors.com,,,Los Angeles,California,,,,,,apollo,"painting company, painting services - California",https://app.apollo.io/#/organizations/5ed22ee20fc35b0001c25cfa?overrideScoreId=score,,1,virtual interior design+54,http://www.linkedin.com/company/zoom-interiors,https://facebook.com/ZOOMinteriors,https://twitter.com/ZOOMinteriors,,,
NIDACO Inc. Paint Group,http://www.nidaco.ca,,,London,California,,,,,,apollo,"painting company, painting services - California",https://app.apollo.io/#/organizations/5e5757e78d755a00014a385f?overrideScoreId=score,,1,kitchen cabinets+67,http://www.linkedin.com/company/nidacoinc,https://www.facebook.com/nidacoinc,,,,
Remodel Repair Replace,http://www.remodelrepairreplace.com,,,San Ramon,California,,,,,,apollo,"painting company, painting services - California",https://app.apollo.io/#/organizations/5e55eab196cd410001ff41d0?overrideScoreId=score,,1,window replacement+42,http://www.linkedin.com/company/remodel-repair-replace,,,,,
Tilt Up Painting Inc. San Diego,http://www.tiltuppainting.com,,,San Diego,California,,,,,,apollo,"painting company, painting services - California",https://app.apollo.io/#/organizations/5da52b22959a900001ca3e54?overrideScoreId=score,,1,painting+69,http://www.linkedin.com/company/tilt-up-painting,,,,,
B & R CREATIVE BUILDERS INC,http://www.creativebuilders.com,,,Los Angeles,California,,,,,,apollo,"painting company, painting services - California",https://app.apollo.io/#/organizations/5a9eaf4da6da98d96646c4fd?overrideScoreId=score,,1,custom home builder+49,http://www.linkedin.com/company/b-&-r-creative-builders-inc,http://facebook.com/bnrcreativebuilders,,,,
BUILDAWORKS INC,http://www.buildaworks.com,,,Rancho Cucamonga,California,,,,,,apollo,"painting company, painting services - California",https://app.apollo.io/#/organizations/59bba8eda6da985a06b39a8b?overrideScoreId=score,,1,general contractor+68,http://www.linkedin.com/company/buildaworks,https://www.facebook.com/Buildaworks/,,,,
Elegant Environment,http://www.elegant-environments.com,,,Laguna Niguel,California,,,,,,apollo,"painting company, painting services - California",https://app.apollo.io/#/organizations/57c4a6c4a6da9840ed90e100?overrideScoreId=score,,1,kitchen remodeling+46,http://www.linkedin.com/company/elegant-environment,,,,,
Walls n Beyond Painting Company,http://www.wallsnbeyond.com,,,San Mateo,California,,,,,,apollo,"painting company, painting services - California",https://app.apollo.io/#/organizations/54fca1e27369647d9b740c00?overrideScoreId=score,,1,barbequeburgers+4,http://www.linkedin.com/company/walls-n-beyond,,,,,
ArnPar Enterprises,http://www.photobasedart.com,,,,,,,,,,apollo,"painting company, painting services",https://app.apollo.io/#/organizations/54a25d7b7468693fdad2401d?overrideScoreId=score,,1,fine art photos+4,http://www.linkedin.com/company/arnpar-enterprises,,,,,
JC'S PAINTING & COATINGS,http://www.jcspaintingandcoatingsca.com,,,Fresno,California,,,,,,apollo,"painting company, painting services - California",https://app.apollo.io/#/organizations/68d03ad18a78250001b83fe5?overrideScoreId=score,,,vocs-free products+24,http://www.linkedin.com/company/jc's-painting-&-coatings,,,,,
San Diego Curb Painters,http://www.sandiegocurbpainters.com,,,San Diego,California,,,,,,apollo,"painting company, painting services - California",https://app.apollo.io/#/organizations/688ae76a1ee6180001aa4e95?overrideScoreId=score,,,curb address painting+56,http://www.linkedin.com/company/san-diego-curb-painters,,,,,
Jacobs Ladder Painting Services,http://www.jacobsladderpainting.com,,,San Diego,California,,,,,,apollo,"painting company, painting services - California",https://app.apollo.io/#/organizations/674c10d590dfc40001969c00?overrideScoreId=score,,,,http://www.linkedin.com/company/jacobs-ladder-painting-services,,,,,
Da Silva Painting Services,http://www.dasilvapaintingservices.com,,,San Francisco,California,,,,,,apollo,"painting company, painting services - California",https://app.apollo.io/#/organizations/674855ffe2e1cd000129de33?overrideScoreId=score,,,,http://www.linkedin.com/company/da-silva-painting-services,,,,,
Molitor Painting Company,http://www.molitorpainting.com,,,Penn Valley,California,,,,,,apollo,"painting company, painting services - California",https://app.apollo.io/#/organizations/6742313320518b00017a1ca1?overrideScoreId=score,,,,http://www.linkedin.com/company/molitor-painting-company,,,,,
Pasion Painting Services Inc.,http://www.pasionpainting.com,,,Rodeo,California,,,,,,apollo,"painting company, painting services - California",https://app.apollo.io/#/organizations/674180cda3b1ed0001ae126f?overrideScoreId=score,,,exterior painting+4,http://www.linkedin.com/company/pasion-painting-services-inc,https://www.facebook.com/Pasion-Painting-Service-Inc-105836780776746/,https://twitter.com/PasionPainting,,,
Walls N Beyond Painting Company,http://www.sanfranciscopaintingservice.com,,,San Francisco,California,,,,,,apollo,"painting company, painting services - California",https://app.apollo.io/#/organizations/6741672d299002000138586e?overrideScoreId=score,,,,http://www.linkedin.com/company/walls-n-beyond-painting-company,,,,,
NELAN PAINTING COMPANY INC.,http://www.nelanpainting.com,,,Laguna Beach,California,,,,,,apollo,"painting company, painting services - California",https://app.apollo.io/#/organizations/67318eef9c24470001e6fbd6?overrideScoreId=score,,,,http://www.linkedin.com/company/nelan-painting-company-inc.,,,,,
Painting Services Of Mountain View,http://www.paintingservicesofmountainview.com,,,Mountain View,California,,,,,,apollo,"painting company, painting services - California",https://app.apollo.io/#/organizations/672b5210ef1b850001d31a0f?overrideScoreId=score,,,,http://www.linkedin.com/company/painting-services-of-mountain-view,,,,,
"RINGLEVER PAINTING COMPANY, INC.",http://www.ringleverpainting.com,,,Oceanside,California,,,,,,apollo,"painting company, painting services - California",https://app.apollo.io/#/organizations/6727063d0426250001775b20?overrideScoreId=score,,,,http://www.linkedin.com/company/ringlever-painting-company-inc.,,,,,
RB Painting Company Painter Culver City,http://www.rbpaintingco.com,,,Culver City,California,,,,,,apollo,"painting company, painting services - California",https://app.apollo.io/#/organizations/6726e87e6893d600010a0fdb?overrideScoreId=score,,,,http://www.linkedin.com/company/rb-painting-company-painter-culver-city,https://facebook.com/pages/RB-Painting-Company-Inc/108709262534225,,,,
D’Art Painting Services,http://www.painterssf.com,,,San Francisco,California,,,,,,apollo,"painting company, painting services - California",https://app.apollo.io/#/organizations/672646b64acbcd00012dabc1?overrideScoreId=score,,,,http://www.linkedin.com/company/d%e2%80%99art-painting-services,,,,,
"PEPPERLING PAINTING COMPANY, INC.",http://www.peppaints.com,,,Torrance,California,,,,,,apollo,"painting company, painting services - California",https://app.apollo.io/#/organizations/672477a6a93e7e000192655c?overrideScoreId=score,,,,http://www.linkedin.com/company/pepperling-painting-company-inc.,,,,,
