Name,Website,Phone,Address,City,State,PostalCode,Rating,Reviews,Categories,Email,Source,Query,Apollo,Revenue,Employees,Keywords,LinkedIn,Facebook,Twitter,Hours,Description,SocialProfiles
HOLT CAT,http://www.holtcat.com,,,San Antonio,Texas,,,,,,apollo,"painting company, painting services - Texas",https://app.apollo.io/#/organizations/54a11b3e69702da753222900?overrideScoreId=score,,,,,,,,,
Ritchie Bros.,http://www.ritchiebros.com,,,Westchester,Illinois,,,,,,apollo,"painting company, painting services - Illinois",https://app.apollo.io/#/organizations/54a23b947468693fda2e3218?overrideScoreId=score,,,,,,,,,
Neighborly®,http://www.neighborlybrands.com,,,Waco,Texas,,,,,,apollo,"painting company, painting services - Texas",https://app.apollo.io/#/organizations/5d09e03680f93e5f6e32c149?overrideScoreId=score,,,,,,,,,
Standard Drywall Inc.,http://www.standarddrywall.com,,,Corona,California,,,,,,apollo,"painting company, painting services - California",https://app.apollo.io/#/organizations/54a19e1474686945faba4302?overrideScoreId=score,,,,,,,,,
CertaPro Painters,http://www.certapro.com,,,Norristown,Pennsylvania,,,,,,apollo,"painting company, painting services - Pennsylvania",https://app.apollo.io/#/organizations/54a1281a69702db87870bb00?overrideScoreId=score,,,,,,,,,
Royal Prestige,http://www.a-remodeling.com,,,Miami,Florida,,,,,,apollo,"painting company, painting services - Florida",https://app.apollo.io/#/organizations/5da4deda8c89ce0001a229a4?overrideScoreId=score,,,,,,,,,
Service King Collision,http://www.serviceking.com,,,Richardson,Texas,,,,,,apollo,"painting company, painting services - Texas",https://app.apollo.io/#/organizations/54a1b8557468694012f6fc0a?overrideScoreId=score,,,,,,,,,
Waupaca Foundry,http://www.waupacafoundry.com,,,Waupaca,Wisconsin,,,,,,apollo,"painting company, painting services - Wisconsin",https://app.apollo.io/#/organizations/54a129cc69702d9b8bfbd401?overrideScoreId=score,,,,,,,,,
Painting with a Twist,http://www.paintingwithatwist.com,,,Mandeville,Louisiana,,,,,,apollo,"painting company, painting services - Louisiana",https://app.apollo.io/#/organizations/54a13bf469702db45deead01?overrideScoreId=score,,,,,,,,,
CARSTAR Auto Body Repair Experts,http://www.carstar.com,,,Conway,Arkansas,,,,,,apollo,"painting company, painting services - Arkansas",https://app.apollo.io/#/organizations/54a1cc5574686954757c7f11?overrideScoreId=score,,,,,,,,,
Quinn Company,http://www.quinncompany.com,,,City of Industry,California,,,,,,apollo,"painting company, painting services - California",https://app.apollo.io/#/organizations/54a1396269702d2bfd885200?overrideScoreId=score,,,,,,,,,
EmpireWorks Reconstruction,http://www.empireworks.com,,,Irvine,California,,,,,,apollo,"painting company, painting services - California",https://app.apollo.io/#/organizations/54a1f93c7468692e71291c02?overrideScoreId=score,,,,,,,,,
F & P America,http://www.fandp.com,,,Troy,Ohio,,,,,,apollo,"painting company, painting services - Ohio",https://app.apollo.io/#/organizations/54a134a769702d42558c3700?overrideScoreId=score,,,,,,,,,
Place Services Inc.,http://www.placeservicesinc.com,,,Canton,Georgia,,,,,,apollo,"painting company, painting services - Georgia",https://app.apollo.io/#/organizations/54a1a1b37468695860177003?overrideScoreId=score,,,,,,,,,
College Works Painting,http://www.collegeworks.com,,,Irvine,California,,,,,,apollo,"painting company, painting services - California",https://app.apollo.io/#/organizations/54a1341b69702d2db4495e00?overrideScoreId=score,,,,,,,,,
Asian Paints Bangladesh Ltd.,http://www.asianpaints.com.bd,,,Cranberry,Pennsylvania,,,,,,apollo,"painting company, painting services - Pennsylvania",https://app.apollo.io/#/organizations/5ed1e6177101280001c22c69?overrideScoreId=score,,,,,,,,,
Essor,http://www.goessor.com,,,Paris,New York,,,,,,apollo,"painting company, painting services - New York",https://app.apollo.io/#/organizations/5fd33f8c62959600beeca5e3?overrideScoreId=score,,,,,,,,,
Handyman Connection,http://www.handymanconnection.com,,,Cincinnati,Ohio,,,,,,apollo,"painting company, painting services - Ohio",https://app.apollo.io/#/organizations/54a1aa097468694f8f1ffd05?overrideScoreId=score,,,,,,,,,
Five Star Painting®,http://www.fivestarpainting.com,,,Waco,Texas,,,,,,apollo,"painting company, painting services - Texas",https://app.apollo.io/#/organizations/615d3b80fb711400013e56d1?overrideScoreId=score,,,,,,,,,
Safety Facility Services,http://www.safetyfacilityservices.com,,,New York,New York,,,,,,apollo,"painting company, painting services - New York",https://app.apollo.io/#/organizations/5569b4bd73696425e2f07e00?overrideScoreId=score,,,,,,,,,
Spencer Industries Incorporated,http://www.spencerindustries.com,,,Dale,Indiana,,,,,,apollo,"painting company, painting services - Indiana",https://app.apollo.io/#/organizations/54a12ab469702d9ebc6e1802?overrideScoreId=score,,,,,,,,,
Vivax Pros,http://www.vivaxpros.com,,,Denver,Colorado,,,,,,apollo,"painting company, painting services - Colorado",https://app.apollo.io/#/organizations/5da448f510ef7e00014d4a1a?overrideScoreId=score,,,,,,,,,
Fresh Coat Painters,http://www.freshcoatpainters.com,,,Cincinnati,Ohio,,,,,,apollo,"painting company, painting services - Ohio",https://app.apollo.io/#/organizations/5f7619fc0a4884008dd1d059?overrideScoreId=score,,,,,,,,,
"Dean Baldwin Painting, LP.",http://www.deanbaldwinpainting.com,,,Bulverde,Texas,,,,,,apollo,"painting company, painting services - Texas",https://app.apollo.io/#/organizations/54a1396969702db45d423d00?overrideScoreId=score,,,,,,,,,
Authority Brands,http://www.authoritybrands.com,,,Columbia,Maryland,,,,,,apollo,"painting company, painting services - Maryland",https://app.apollo.io/#/organizations/55ec98e2f3e5bb13920039db?overrideScoreId=score,,,,,,,,,
J & J Construction,http://www.jandjconst.net,,,Westminster,Maryland,,,,,,apollo,"painting company, painting services - Maryland",https://app.apollo.io/#/organizations/5d345b27f65125ec423670ab?overrideScoreId=score,,,,,,,,,
Chatham Steel Corporation,http://www.chathamsteel.com,,,Savannah,Georgia,,,,,,apollo,"painting company, painting services - Georgia",https://app.apollo.io/#/organizations/54a1275b69702d95488a7d00?overrideScoreId=score,,,,,,,,,
Student Painters,http://www.studentpainters.biz,,,Shelby charter Township,Michigan,,,,,,apollo,"painting company, painting services - Michigan",https://app.apollo.io/#/organizations/55f3e350f3e5bb1e750035f3?overrideScoreId=score,,,,,,,,,
Stucco Repair Phoenix,http://www.stuccorepairphoenix.com,,,Phoenix,Arizona,,,,,,apollo,"painting company, painting services - Arizona",https://app.apollo.io/#/organizations/645e10f1fa1d730001e4008b?overrideScoreId=score,,,,,,,,,
Creek Valley Construction,http://www.creekvalleyconstruction.com,,,Franklin,Tennessee,,,,,,apollo,"painting company, painting services - Tennessee",https://app.apollo.io/#/organizations/637b79bbd30deb00b9d1d207?overrideScoreId=score,,,,,,,,,
BrandPoint Services,http://www.brandpointservices.com,,,Norristown,Pennsylvania,,,,,,apollo,"painting company, painting services - Pennsylvania",https://app.apollo.io/#/organizations/5e55a2bca400c60001fa6d0e?overrideScoreId=score,,,,,,,,,
painting contractor,http://www.wellspaintservice.com,,,Kiowa,Kansas,,,,,,apollo,"painting company, painting services - Kansas",https://app.apollo.io/#/organizations/56d978fff3e5bb731d002ade?overrideScoreId=score,,,,,,,,,
Merrill Steel,http://www.merrillsteel.com,,,Schofield,Wisconsin,,,,,,apollo,"painting company, painting services - Wisconsin",https://app.apollo.io/#/organizations/55921d93736964199b3e7900?overrideScoreId=score,,,,,,,,,
360° Painting,http://www.360painting.com,,,Charlottesville,Virginia,,,,,,apollo,"painting company, painting services - Virginia",https://app.apollo.io/#/organizations/54a12a4369702d9b8b690a02?overrideScoreId=score,,,,,,,,,
Painter Bros,http://www.painterbros.com,,,American Fork,Utah,,,,,,apollo,"painting company, painting services - Utah",https://app.apollo.io/#/organizations/60f648f7c0fda10001b16b6f?overrideScoreId=score,,,,,,,,,
First Service,,,,Dania Beach,Florida,,,,,,apollo,"painting company, painting services - Florida",https://app.apollo.io/#/organizations/5fb891f21e6ee9011e0779ce?overrideScoreId=score,,,,,,,,,
Painting Contractor USA,http://www.paintingcontractorusa.com,,,Fort Wayne,Indiana,,,,,,apollo,"painting company, painting services - Indiana",https://app.apollo.io/#/organizations/54a1bb977468695475b1090c?overrideScoreId=score,,,,,,,,,
Chaparral Company,http://www.chaparralco.com,,,Waco,Texas,,,,,,apollo,"painting company, painting services - Texas",https://app.apollo.io/#/organizations/5f9966c75503ee008c51b0cf?overrideScoreId=score,,,,,,,,,
Pete King Construction,http://www.petekingaz.com,,,Phoenix,Arizona,,,,,,apollo,"painting company, painting services - Arizona",https://app.apollo.io/#/organizations/5d09707080f93e32feb7662e?overrideScoreId=score,,,,,,,,,
Maguire,http://www.maguirewater.com,,,Sioux Falls,South Dakota,,,,,,apollo,"painting company, painting services - South Dakota",https://app.apollo.io/#/organizations/64585912762c7200012ed2df?overrideScoreId=score,,,,,,,,,
HandyPro,http://www.handypro.com,,,Farmington,Michigan,,,,,,apollo,"painting company, painting services - Michigan",https://app.apollo.io/#/organizations/6065d9a26d288200e2af8a36?overrideScoreId=score,,,,,,,,,
Rent Ready,http://www.rentready.com,,,Charlotte,North Carolina,,,,,,apollo,"painting company, painting services - North Carolina",https://app.apollo.io/#/organizations/56d3f23bf3e5bb3a5b001fc9?overrideScoreId=score,,,,,,,,,
Armstrong Construction,http://www.jarmstrongconstruction.com,,,Covina,California,,,,,,apollo,"painting company, painting services - California",https://app.apollo.io/#/organizations/54a138a569702d2851ff0000?overrideScoreId=score,,,,,,,,,
States Manufacturing Corporation,http://www.statesmfg.com,,,Champlin,Minnesota,,,,,,apollo,"painting company, painting services - Minnesota",https://app.apollo.io/#/organizations/5e55a7460babda000111a504?overrideScoreId=score,,,,,,,,,
HOMEstretch,http://www.home-stretch.com,,,Cincinnati,Ohio,,,,,,apollo,"painting company, painting services - Ohio",https://app.apollo.io/#/organizations/5da37e17aa2462000157de7c?overrideScoreId=score,,,,,,,,,
Integra Automation,http://www.integraautomation.net,,,Carrollton,Texas,,,,,,apollo,"painting company, painting services - Texas",https://app.apollo.io/#/organizations/55923e13736964199b09ee00?overrideScoreId=score,,,,,,,,,
B and B Maintenance,http://www.bandbmaint.com,,,Lake Zurich,Illinois,,,,,,apollo,"painting company, painting services - Illinois",https://app.apollo.io/#/organizations/5500b0867369642db3411000?overrideScoreId=score,,,,,,,,,
PCM Services,http://www.pcmservices.com,,,Beltsville,Maryland,,,,,,apollo,"painting company, painting services - Maryland",https://app.apollo.io/#/organizations/54a12a8669702d9b8be42702?overrideScoreId=score,,,,,,,,,
MC Painting,http://www.mc-painting.com,,,Oceanside,California,,,,,,apollo,"painting company, painting services - California",https://app.apollo.io/#/organizations/54a11be469702d8aa1205d00?overrideScoreId=score,,,,,,,,,
Stewart Richey Contracting Group,http://www.stewartrichey.com,,,Bowling Green,Kentucky,,,,,,apollo,"painting company, painting services - Kentucky",https://app.apollo.io/#/organizations/54a19b1e74686954753d2901?overrideScoreId=score,,,,,,,,,
Eakas Corporation,http://www.eakas.com,,,Peru,Illinois,,,,,,apollo,"painting company, painting services - Illinois",https://app.apollo.io/#/organizations/54a1210c69702d918ca68102?overrideScoreId=score,,,,,,,,,
Long Painting Company,http://www.longpainting.com,,,Kent,Washington,,,,,,apollo,"painting company, painting services - Washington",https://app.apollo.io/#/organizations/54a1206969702d8aa13d4102?overrideScoreId=score,,,,,,,,,
A&K Painting Company,http://www.akpainting.com,,,Charlotte,North Carolina,,,,,,apollo,"painting company, painting services - North Carolina",https://app.apollo.io/#/organizations/54a11eb469702d77c29b9b01?overrideScoreId=score,,,,,,,,,
Fisher Tank Company,http://www.fishertank.com,,,Chester,Pennsylvania,,,,,,apollo,"painting company, painting services - Pennsylvania",https://app.apollo.io/#/organizations/54a1afab746869401293ff07?overrideScoreId=score,,,,,,,,,
"Swanson & Youngdale, Inc.",http://www.swansonyoungdale.com,,,Swanson & Youngdale,Inc.,,,,,,apollo,"painting company, painting services - Inc.",https://app.apollo.io/#/organizations/54a19e137468694012a44002?overrideScoreId=score,,,,,,,,,
"Graydaze Contracting, Inc.",http://www.graydaze.com,,,Graydaze Contracting,Inc.,,,,,,apollo,"painting company, painting services - Inc.",https://app.apollo.io/#/organizations/54a1297a69702db6481a9701?overrideScoreId=score,,,,,,,,,
Stancil Services,http://www.stancilservices.com,,,Concord,North Carolina,,,,,,apollo,"painting company, painting services - North Carolina",https://app.apollo.io/#/organizations/54a1281369702d8eeb913201?overrideScoreId=score,,,,,,,,,
Pro Painters,http://www.mypropainters.com,,,Houston,Texas,,,,,,apollo,"painting company, painting services - Texas",https://app.apollo.io/#/organizations/55ed8641f3e5bb227b0016f5?overrideScoreId=score,,,,,,,,,
"Construction Force Services, Inc.",http://www.constructionforce.com,,,Construction Force Services,Inc.,,,,,,apollo,"painting company, painting services - Inc.",https://app.apollo.io/#/organizations/54a1345469702d2db4e08100?overrideScoreId=score,,,,,,,,,
Yingling Aviation,http://www.yingling.aero,,,Wichita,Kansas,,,,,,apollo,"painting company, painting services - Kansas",https://app.apollo.io/#/organizations/54a116f969702d3ec0033100?overrideScoreId=score,,,,,,,,,
North State an MRO Holdings Company,,,,Winston-Salem,North Carolina,,,,,,apollo,"painting company, painting services - North Carolina",https://app.apollo.io/#/organizations/55693d147369642109191700?overrideScoreId=score,,,,,,,,,
Superior Contracting & Maintenance,http://www.superior-maintenance.com,,,Marietta,Georgia,,,,,,apollo,"painting company, painting services - Georgia",https://app.apollo.io/#/organizations/5da3c1da3e9e680001c76474?overrideScoreId=score,,,,,,,,,
Matrix Construction Services,http://www.matrixsvc.com,,,El Paso,Texas,,,,,,apollo,"painting company, painting services - Texas",https://app.apollo.io/#/organizations/556d5d05736964126193f200?overrideScoreId=score,,,,,,,,,
Precision Painting Plus,http://www.precisionpaintingplus.net,,,Westbury,New York,,,,,,apollo,"painting company, painting services - New York",https://app.apollo.io/#/organizations/559215e473696418f65a5c00?overrideScoreId=score,,,,,,,,,
Nolan Painting,http://www.nolanpainting.com,,,Havertown,Pennsylvania,,,,,,apollo,"painting company, painting services - Pennsylvania",https://app.apollo.io/#/organizations/54a1b02574686958600c5508?overrideScoreId=score,,,,,,,,,
"Ascher Brothers Co., Inc.",http://www.ascherbrothers.com,,,Chicago,Illinois,,,,,,apollo,"painting company, painting services - Illinois",https://app.apollo.io/#/organizations/61ec33991e83ed0001ec33ef?overrideScoreId=score,,,,,,,,,
Remodeling.com by EverConnect,http://www.remodeling.com,,,New York,New York,,,,,,apollo,"painting company, painting services - New York",https://app.apollo.io/#/organizations/57c4adb4a6da986812c1ea31?overrideScoreId=score,,,,,,,,,
"Arch Painting, Inc.",http://www.archpainting.com,,,Arch Painting,Inc.,,,,,,apollo,"painting company, painting services - Inc.",https://app.apollo.io/#/accounts/68f0199cc13bac00210d6d46?overrideScoreId=score,,,,,,,,,
Commercial Painting Inc.,http://www.commercialpainting-inc.com,,,San Jose,California,,,,,,apollo,"painting company, painting services - California",https://app.apollo.io/#/organizations/631598ce2403c500a3c231bb?overrideScoreId=score,,,,,,,,,
Atelier,http://www.atelierorth.de,,,,,,,,,,apollo,"painting company, painting services",https://app.apollo.io/#/organizations/54a1b91174686949e792420b?overrideScoreId=score,,,,,,,,,
"Superior Transportation, Inc.",http://www.superiortransportation.us,,,Superior Transportation,Inc.,,,,,,apollo,"painting company, painting services - Inc.",https://app.apollo.io/#/organizations/5d0a650980f93e49fa59092f?overrideScoreId=score,,,,,,,,,
NY Party Works,http://www.nypartyworks.com,,,Deer Park,New York,,,,,,apollo,"painting company, painting services - New York",https://app.apollo.io/#/organizations/54a11ce169702da753b3ed00?overrideScoreId=score,,,,,,,,,
homeyou,http://www.homeyou.com,,,Woburn,Massachusetts,,,,,,apollo,"painting company, painting services - Massachusetts",https://app.apollo.io/#/organizations/6789ce8af636fa0199a5a034?overrideScoreId=score,,,,,,,,,
"Triple H Enterprises, Inc.",http://www.triplehenterprises.net,,,Triple H Enterprises,Inc.,,,,,,apollo,"painting company, painting services - Inc.",https://app.apollo.io/#/organizations/5d09ed7fa3ae61e1337c4e59?overrideScoreId=score,,,,,,,,,
"Lakeside Project Solutions, LLC",http://www.lakesideps.com,,,Denver,North Carolina,,,,,,apollo,"painting company, painting services - North Carolina",https://app.apollo.io/#/organizations/54a1a1d67468695c82a25c03?overrideScoreId=score,,,,,,,,,
Johnson Contracting Company,http://www.jccinc.com,,,East Moline,Illinois,,,,,,apollo,"painting company, painting services - Illinois",https://app.apollo.io/#/organizations/54a1a0b674686945fa261b03?overrideScoreId=score,,,,,,,,,
International Decorators Inc.,http://www.4idi.com,,,Barrington,Illinois,,,,,,apollo,"painting company, painting services - Illinois",https://app.apollo.io/#/organizations/54a199577468695860099f00?overrideScoreId=score,,,,,,,,,
Encore Automation,http://www.encoreautomation.com,,,Auburn Hills,Michigan,,,,,,apollo,"painting company, painting services - Michigan",https://app.apollo.io/#/organizations/54a128ab69702d9ebcaf1b01?overrideScoreId=score,,,,,,,,,
"FCP Services, Inc - Serving Great Customers Nationwide Since 1990",http://www.fcpservices.com,,,Eagan,Minnesota,,,,,,apollo,"painting company, painting services - Minnesota",https://app.apollo.io/#/organizations/55920f557369641865b84500?overrideScoreId=score,,,,,,,,,
Prestige Group,http://www.prestige-grp.com,,,Clinton,Michigan,,,,,,apollo,"painting company, painting services - Michigan",https://app.apollo.io/#/organizations/54a135c469702d48e24ec500?overrideScoreId=score,,,,,,,,,
JC Painting Co,http://www.jcpaintingusa.com,,,Austin,Texas,,,,,,apollo,"painting company, painting services - Texas",https://app.apollo.io/#/organizations/55f9bb3ef3e5bb7c48001dd3?overrideScoreId=score,,,,,,,,,
A&R Construction,http://www.arconstructionrc.com,,,Ridgecrest,California,,,,,,apollo,"painting company, painting services - California",https://app.apollo.io/#/organizations/62eb3ab258e64e00018f6fb6?overrideScoreId=score,,,,,,,,,
"Jamestown Painting, Inc",http://www.jamestownpainting.com,,,Jamestown Painting,Inc,,,,,,apollo,"painting company, painting services - Inc",https://app.apollo.io/#/organizations/5ed4b0ede82ab60001a50ed9?overrideScoreId=score,,,,,,,,,
VPI,http://www.vpi.net,,,Sacramento,California,,,,,,apollo,"painting company, painting services - California",https://app.apollo.io/#/organizations/5e297c6d9577ad00e05e9c9c?overrideScoreId=score,,,,,,,,,
"Brothers Redevelopment, Inc.",http://www.brothersredevelopment.org,,,Brothers Redevelopment,Inc.,,,,,,apollo,"painting company, painting services - Inc.",https://app.apollo.io/#/organizations/5ed1ea04277f5b0001584203?overrideScoreId=score,,,,,,,,,
American Exteriors,http://www.americanexteriors.com,,,Lorton,Virginia,,,,,,apollo,"painting company, painting services - Virginia",https://app.apollo.io/#/organizations/5592139d7369641865a05400?overrideScoreId=score,,,,,,,,,
Sunvair Inc,http://www.sunvair.com,,,Santa Clarita,California,,,,,,apollo,"painting company, painting services - California",https://app.apollo.io/#/organizations/5f4d8668ec03920001056a8a?overrideScoreId=score,,,,,,,,,
Block Renovation,http://www.blockrenovation.com,,,New York,New York,,,,,,apollo,"painting company, painting services - New York",https://app.apollo.io/#/organizations/5cda1f1dd132650bbef38f0d?overrideScoreId=score,,,,,,,,,
Painting Plus,http://www.paintingplus.com,,,Marietta,Georgia,,,,,,apollo,"painting company, painting services - Georgia",https://app.apollo.io/#/organizations/54a127d369702db878558b00?overrideScoreId=score,,,,,,,,,
New Life Painting,http://www.new-life-painting.com,,,San Marcos,California,,,,,,apollo,"painting company, painting services - California",https://app.apollo.io/#/organizations/54a13c9069702d231f533702?overrideScoreId=score,,,,,,,,,
Davis Painting,http://www.davispaintingco.com,,,Deer Park,Washington,,,,,,apollo,"painting company, painting services - Washington",https://app.apollo.io/#/organizations/645684109fd4b400a36471b9?overrideScoreId=score,,,,,,,,,
Arizona Painting Company,http://www.arizonapaintingcompany.com,,,Chandler,Arizona,,,,,,apollo,"painting company, painting services - Arizona",https://app.apollo.io/#/organizations/55696f187369642529bb2b00?overrideScoreId=score,,,,,,,,,
Professional Property Management LLC,http://www.palmbeachcountypropertymanagement.com,,,Palm Beach Gardens,Florida,,,,,,apollo,"painting company, painting services - Florida",https://app.apollo.io/#/organizations/673dfb12c1567603eeb0a001?overrideScoreId=score,,,,,,,,,
Pavement Markings LLC,http://www.sheridanpavementmarkings.com,,,Sheridan,Wyoming,,,,,,apollo,"painting company, painting services - Wyoming",https://app.apollo.io/#/organizations/5da3ee217e5db600018e0b45?overrideScoreId=score,,,,,,,,,
CG Inc,http://www.cginc-usa.com,,,Signal Hill,California,,,,,,apollo,"painting company, painting services - California",https://app.apollo.io/#/organizations/62eb58dc2f202b000155a354?overrideScoreId=score,,,,,,,,,
Service Painting Corporation,http://www.servicepainting.com,,,Tampa,Florida,,,,,,apollo,"painting company, painting services - Florida",https://app.apollo.io/#/organizations/55923d947369642393579100?overrideScoreId=score,,,,,,,,,
"Metro Construction, Inc",http://www.mymetroconstruction.com,,,Metro Construction,Inc,,,,,,apollo,"painting company, painting services - Inc",https://app.apollo.io/#/organizations/54a12b1f69702decc5f50000?overrideScoreId=score,,,,,,,,,
Optiline Enterprises,http://www.optiline.com,,,Nashua,New Hampshire,,,,,,apollo,"painting company, painting services - New Hampshire",https://app.apollo.io/#/organizations/5b8631f3f874f72e47be89d6?overrideScoreId=score,,,,,,,,,
Midwest Pro Painting,http://www.mpp-inc.com,,,Livonia,Michigan,,,,,,apollo,"painting company, painting services - Michigan",https://app.apollo.io/#/organizations/5e56f64cfb3dbd0001b15653?overrideScoreId=score,,,,,,,,,
"NJR CONSTRUCTION, LLC",http://www.njr-construction.com,,,Gastonia,North Carolina,,,,,,apollo,"painting company, painting services - North Carolina",https://app.apollo.io/#/organizations/5da470cce3ed0a00019a8047?overrideScoreId=score,,,,,,,,,
Vitatoe Industries,http://www.vitatoe.com,,,Chillicothe,Ohio,,,,,,apollo,"painting company, painting services - Ohio",https://app.apollo.io/#/organizations/5500bc5c73696416d4e22400?overrideScoreId=score,,,,,,,,,
Dl Construction,http://www.dl-constructiongroup.com,,,Warren,Ohio,,,,,,apollo,"painting company, painting services - Ohio",https://app.apollo.io/#/organizations/65fbca7bcac7f800073a8655?overrideScoreId=score,,,,,,,,,
Manders Companies,http://www.mandersco.com,,,Rockville,Maryland,,,,,,apollo,"painting company, painting services - Maryland",https://app.apollo.io/#/organizations/65f22d38578b0e0007e26c6b?overrideScoreId=score,,,,,,,,,
"Metal Works, Inc.",http://www.metalworks-inc.com,,,Metal Works,Inc.,,,,,,apollo,"painting company, painting services - Inc.",https://app.apollo.io/#/organizations/5f3db43d24ccf2000108cd0f?overrideScoreId=score,,,,,,,,,
Newman Tractor,http://www.newmantractor.com,,,Verona,Kentucky,,,,,,apollo,"painting company, painting services - Kentucky",https://app.apollo.io/#/organizations/5500ba6d73696460de641800?overrideScoreId=score,,,,,,,,,
Painter Ready Group,http://www.painter-ready.com,,,Nashville,Tennessee,,,,,,apollo,"painting company, painting services - Tennessee",https://app.apollo.io/#/organizations/54a1b75f746869401240a20a?overrideScoreId=score,,,,,,,,,
Brush Masters,http://www.brushmasters.com,,,Maple Grove,Minnesota,,,,,,apollo,"painting company, painting services - Minnesota",https://app.apollo.io/#/organizations/54a138d569702d2185990a00?overrideScoreId=score,,,,,,,,,
"Common Links Construction, LLC",http://www.clcbuild.com,,,Brookfield,Wisconsin,,,,,,apollo,"painting company, painting services - Wisconsin",https://app.apollo.io/#/organizations/54a1273f69702dc841641500?overrideScoreId=score,,,,,,,,,
Baker Paint & Contracting Co,http://www.bakerpaint.com,,,Tucker,Georgia,,,,,,apollo,"painting company, painting services - Georgia",https://app.apollo.io/#/organizations/5fc952b2669288000107bff1?overrideScoreId=score,,,,,,,,,
Platinum Painting,http://www.platinumpainting.com,,,Keller,Texas,,,,,,apollo,"painting company, painting services - Texas",https://app.apollo.io/#/organizations/5e57d403108ba90001fa63f7?overrideScoreId=score,,,,,,,,,
"Skyline Steel, Inc.",http://www.skylinesteelincaz.com,,,Skyline Steel,Inc.,,,,,,apollo,"painting company, painting services - Inc.",https://app.apollo.io/#/organizations/5da3210d8f5405000143d000?overrideScoreId=score,,,,,,,,,
The Fine Arts Association,http://www.fineartsassociation.org,,,Willoughby,Ohio,,,,,,apollo,"painting company, painting services - Ohio",https://app.apollo.io/#/organizations/56da0a08f3e5bb704d000c4f?overrideScoreId=score,,,,,,,,,
JD CARPENTRY,http://www.jdcarpentry.us,,,Manassas,Virginia,,,,,,apollo,"painting company, painting services - Virginia",https://app.apollo.io/#/organizations/55923e04736964199bd9ed00?overrideScoreId=score,,,,,,,,,
"Advanced Exteriors, Inc.",http://www.advancedexteriors.com,,,Advanced Exteriors,Inc.,,,,,,apollo,"painting company, painting services - Inc.",https://app.apollo.io/#/organizations/54fca55f73696401764f2e00?overrideScoreId=score,,,,,,,,,
C&C Painting,http://www.ccpainting.com,,,Tampa,Florida,,,,,,apollo,"painting company, painting services - Florida",https://app.apollo.io/#/organizations/54a12aae69702dc128c0f301?overrideScoreId=score,,,,,,,,,
DeFOUW Automotive,http://www.defouw.com,,,Lafayette,Indiana,,,,,,apollo,"painting company, painting services - Indiana",https://app.apollo.io/#/organizations/559219af736964188a226b00?overrideScoreId=score,,,,,,,,,
"CALINC Training, LLC/CAL INC Environmental Institute",http://www.cal-inc.com,,,Vacaville,California,,,,,,apollo,"painting company, painting services - California",https://app.apollo.io/#/organizations/54a11cac69702da10ff0c100?overrideScoreId=score,,,,,,,,,
Prime Painting,http://www.primepaintingphoenix.com,,,Tempe,Arizona,,,,,,apollo,"painting company, painting services - Arizona",https://app.apollo.io/#/organizations/60f2f03f6cb0ad000199aabc?overrideScoreId=score,,,,,,,,,
The Painting Company,http://www.gopaintingcompany.com,,,Bellevue,Nebraska,,,,,,apollo,"painting company, painting services - Nebraska",https://app.apollo.io/#/organizations/5e56b2f652e7ad0001f55c3b?overrideScoreId=score,,,,,,,,,
DeSimone Construction,http://www.desimoneconstruct.com,,,Sayreville,New Jersey,,,,,,apollo,"painting company, painting services - New Jersey",https://app.apollo.io/#/organizations/5e56af251f91be00015678e1?overrideScoreId=score,,,,,,,,,
Merico,http://www.merico.com,,,San Francisco,California,,,,,,apollo,"painting company, painting services - California",https://app.apollo.io/#/organizations/5e335a55908d13008c4af796?overrideScoreId=score,,,,,,,,,
Owens-Service.com,http://www.or-l.com,,,Branford,Connecticut,,,,,,apollo,"painting company, painting services - Connecticut",https://app.apollo.io/#/organizations/54a2420e746869382590a21a?overrideScoreId=score,,,,,,,,,
Buiding Maintenance Services,,,,Fayetteville,Arkansas,,,,,,apollo,"painting company, painting services - Arkansas",https://app.apollo.io/#/organizations/5f497667316b220001c7bcb5?overrideScoreId=score,,,,,,,,,
Zack Painting Company,http://www.zackpainting.com,,,Woodbridge Township,New Jersey,,,,,,apollo,"painting company, painting services - New Jersey",https://app.apollo.io/#/organizations/5500c3da73696460fc534900?overrideScoreId=score,,,,,,,,,
Heggem-Lundquist,http://www.heggem-lundquist.com,,,Denver,Colorado,,,,,,apollo,"painting company, painting services - Colorado",https://app.apollo.io/#/organizations/54a11c4569702d77c24aa200?overrideScoreId=score,,,,,,,,,
RAL Construction,http://www.ral-construction.com,,,Ardmore,Alabama,,,,,,apollo,"painting company, painting services - Alabama",https://app.apollo.io/#/organizations/5569cc0e7369642541189700?overrideScoreId=score,,,,,,,,,
Rogers Painting Company,http://www.rogerspaintingcompany.net,,,Montgomery,Alabama,,,,,,apollo,"painting company, painting services - Alabama",https://app.apollo.io/#/organizations/55921f0a7369640b18b41400?overrideScoreId=score,,,,,,,,,
"Sundeleaf Painting, Inc.",http://www.sundeleafpainting.com,,,Sundeleaf Painting,Inc.,,,,,,apollo,"painting company, painting services - Inc.",https://app.apollo.io/#/organizations/54a1349069702d48e2621d00?overrideScoreId=score,,,,,,,,,
Paradiso Painting Company Inc,http://www.paradisopainting.com,,,Birmingham,Alabama,,,,,,apollo,"painting company, painting services - Alabama",https://app.apollo.io/#/organizations/55920398736964199b641a00?overrideScoreId=score,,,,,,,,,
Tank Pro Inc.-Tuscaloosa Alabama,http://www.tankproinc.com,,,Northport,Alabama,,,,,,apollo,"painting company, painting services - Alabama",https://app.apollo.io/#/organizations/54a1a10374686942d3cb2703?overrideScoreId=score,,,,,,,,,
Ace Painting Company Inc,,,,Pinson,Alabama,,,,,,apollo,"painting company, painting services - Alabama",https://app.apollo.io/#/organizations/55923e2a73696418f671ed00?overrideScoreId=score,,,,,,,,,
Jmy Construction Inc,http://www.jmyconstruction.com,,,Harvest,Alabama,,,,,,apollo,"painting company, painting services - Alabama",https://app.apollo.io/#/organizations/55920b73736964185f413700?overrideScoreId=score,,,,,,,,,
"Teague Construction Systems, Inc. - TCSI",http://www.teaguecsi.com,,,Teague Construction Systems,Inc. - TCSI,,,,,,apollo,"painting company, painting services - Inc. - TCSI",https://app.apollo.io/#/organizations/6138582d54ec1e00a4ae117f?overrideScoreId=score,,,,,,,,,
"Stanley Smith Drywall, Inc.",http://www.stanleysmithdrywall.com,,,Stanley Smith Drywall,Inc.,,,,,,apollo,"painting company, painting services - Inc.",https://app.apollo.io/#/organizations/5ed93744bc12b60001f28408?overrideScoreId=score,,,,,,,,,
Home Repair Service,http://www.hrsbham.com,,,Pelham,Alabama,,,,,,apollo,"painting company, painting services - Alabama",https://app.apollo.io/#/organizations/663332c1dc445707f5f4d9fb?overrideScoreId=score,,,,,,,,,
"Pro 1 Painters, LLC",http://www.pro1painters.com,,,Mobile,Alabama,,,,,,apollo,"painting company, painting services - Alabama",https://app.apollo.io/#/organizations/55eccab2f3e5bb16d7000e3d?overrideScoreId=score,,,,,,,,,
Martin Painting Services,,,,Dothan,Alabama,,,,,,apollo,"painting company, painting services - Alabama",https://app.apollo.io/#/organizations/55923f6a736964191240f300?overrideScoreId=score,,,,,,,,,
Empire Paint & Supply,http://www.empirepaintandsupply.com,,,Madison,Alabama,,,,,,apollo,"painting company, painting services - Alabama",https://app.apollo.io/#/organizations/6641d1b9c8ecce000171834e?overrideScoreId=score,,,,,,,,,
Chavez Painting Services,http://www.chavezpaintingrva.com,,,Huntsville,Alabama,,,,,,apollo,"painting company, painting services - Alabama",https://app.apollo.io/#/organizations/5592065f736964191e632500?overrideScoreId=score,,,,,,,,,
Select Drywall Systems Inc.,http://www.selectdrywallsystem.com,,,Helena,Alabama,,,,,,apollo,"painting company, painting services - Alabama",https://app.apollo.io/#/organizations/641920798dbcf60001e24186?overrideScoreId=score,,,,,,,,,
E&S Contractor Painting Company Inc.,http://www.auburneandspainting.com,,,Auburn,Alabama,,,,,,apollo,"painting company, painting services - Alabama",https://app.apollo.io/#/organizations/674cc90447ad1e0001ba4c98?overrideScoreId=score,,,,,,,,,
360 Painting,,,,Birmingham,Alabama,,,,,,apollo,"painting company, painting services - Alabama",https://app.apollo.io/#/organizations/63b7c429afc56c0001d83d4a?overrideScoreId=score,,,,,,,,,
The Painting Company of Birmingham,http://www.birminghampaintingco.com,,,Birmingham,Alabama,,,,,,apollo,"painting company, painting services - Alabama",https://app.apollo.io/#/organizations/5c276bd0f6512556a50f9bae?overrideScoreId=score,,,,,,,,,
Fox Painting Services,http://www.foxpaintingservices.com,,,Birmingham,Alabama,,,,,,apollo,"painting company, painting services - Alabama",https://app.apollo.io/#/organizations/5a9cb7d9a6da98d9852829fe?overrideScoreId=score,,,,,,,,,
Tidal Touch,http://www.tidaltouchpaint.com,,,Daphne,Alabama,,,,,,apollo,"painting company, painting services - Alabama",https://app.apollo.io/#/organizations/683ad516b0aa290001a445d1?overrideScoreId=score,,,,,,,,,
RPS | Riley Painting Services,,,,Huntsville,Alabama,,,,,,apollo,"painting company, painting services - Alabama",https://app.apollo.io/#/organizations/67162881a616240001456238?overrideScoreId=score,,,,,,,,,
MCALLISTER PAINTING COMPANY,http://www.mcallisterpaintingcompany.com,,,Slocomb,Alabama,,,,,,apollo,"painting company, painting services - Alabama",https://app.apollo.io/#/organizations/6725a5edcca4980001f104fc?overrideScoreId=score,,,,,,,,,
"MNM Painting and Roofing, LLC",http://www.mnmpaintandroof.com,,,Tuscaloosa,Alabama,,,,,,apollo,"painting company, painting services - Alabama",https://app.apollo.io/#/organizations/6654438a669fc10001f8cead?overrideScoreId=score,,,,,,,,,
Hayes Painting Services,http://www.hayespaint.com,,,Tuscumbia,Alabama,,,,,,apollo,"painting company, painting services - Alabama",https://app.apollo.io/#/organizations/674d520a47261100013ff0b6?overrideScoreId=score,,,,,,,,,
Alaska Painting Services,http://www.alaskapaintingonline.com,,,Anchorage,Alaska,,,,,,apollo,"painting company, painting services - Alaska",https://app.apollo.io/#/organizations/57c4f10fa6da986a87fbf581?overrideScoreId=score,,,,,,,,,
MKD's Property Solutions and Installations,http://www.mkdspropertysolutions.com,,,Anchorage,Alaska,,,,,,apollo,"painting company, painting services - Alaska",https://app.apollo.io/#/organizations/642074e8abdc0200015ddd85?overrideScoreId=score,,,,,,,,,
Patronas Home Repair LLC,http://www.patronashomerepair.com,,,Anchorage,Alaska,,,,,,apollo,"painting company, painting services - Alaska",https://app.apollo.io/#/organizations/6100ed658b43e2000183b555?overrideScoreId=score,,,,,,,,,
Penington Painting Company,http://www.teamppc.com,,,Chandler,Arizona,,,,,,apollo,"painting company, painting services - Arizona",https://app.apollo.io/#/organizations/66e5e8f4d82df900011d66ba?overrideScoreId=score,,,,,,,,,
Paint Kings,http://www.paintkings.com,,,Tucson,Arizona,,,,,,apollo,"painting company, painting services - Arizona",https://app.apollo.io/#/organizations/54a1b6c07468694f8f0c810a?overrideScoreId=score,,,,,,,,,
Roadrunner Drywall & Paint Corp,http://www.roadrunnerdrywall.com,,,Scottsdale,Arizona,,,,,,apollo,"painting company, painting services - Arizona",https://app.apollo.io/#/organizations/54a1ba1d74686942d3149c0b?overrideScoreId=score,,,,,,,,,
Nkw Inc,http://www.nkwinc.com,,,Mesa,Arizona,,,,,,apollo,"painting company, painting services - Arizona",https://app.apollo.io/#/organizations/55f936a5f3e5bb6b20003df5?overrideScoreId=score,,,,,,,,,
"Extreme Drywall Concepts, LLC",http://www.extremedrywallconcepts.com,,,Phoenix,Arizona,,,,,,apollo,"painting company, painting services - Arizona",https://app.apollo.io/#/organizations/5da53c2e91250a0001da6a0d?overrideScoreId=score,,,,,,,,,
Frontier Group,http://www.frontiergroupco.com,,,Phoenix,Arizona,,,,,,apollo,"painting company, painting services - Arizona",https://app.apollo.io/#/organizations/556d83b173696411c7512a01?overrideScoreId=score,,,,,,,,,
House Painters,http://www.hillisbrotherspainting.com,,,Mesa,Arizona,,,,,,apollo,"painting company, painting services - Arizona",https://app.apollo.io/#/organizations/55f8e084f3e5bb6be2000de2?overrideScoreId=score,,,,,,,,,
"Design Drywall West, Inc.",http://www.designdrywallwest.com,,,Design Drywall West,Inc.,,,,,,apollo,"painting company, painting services - Inc.",https://app.apollo.io/#/organizations/5d095460f65125d6974a0101?overrideScoreId=score,,,,,,,,,
"JOHANSEN INTERIORS, LLC",http://www.johanseninteriors.net,,,Chandler,Arizona,,,,,,apollo,"painting company, painting services - Arizona",https://app.apollo.io/#/organizations/5b14a9b5a6da98712ec048a6?overrideScoreId=score,,,,,,,,,
"Indigo Contracting, LLC dba Indigo Paint & Contracting",http://www.indigocontracting.com,,,Phoenix,Arizona,,,,,,apollo,"painting company, painting services - Arizona",https://app.apollo.io/#/organizations/5569ee6d736964255da0b300?overrideScoreId=score,,,,,,,,,
LUXOR PAINTING INC.,http://www.luxorpaintinginc.com,,,Tempe,Arizona,,,,,,apollo,"painting company, painting services - Arizona",https://app.apollo.io/#/organizations/54fca42b7369647e12331d00?overrideScoreId=score,,,,,,,,,
"CDS Framing, Inc.",http://www.cdsframing.com,,,CDS Framing,Inc.,,,,,,apollo,"painting company, painting services - Inc.",https://app.apollo.io/#/organizations/54a12a4b69702db6487cfb01?overrideScoreId=score,,,,,,,,,
Apodaca Wall Systems,http://www.apodacainc.com,,,Phoenix,Arizona,,,,,,apollo,"painting company, painting services - Arizona",https://app.apollo.io/#/organizations/650163c1cc44590001edeada?overrideScoreId=score,,,,,,,,,
Evolution Construction Services,,,,Phoenix,Arizona,,,,,,apollo,"painting company, painting services - Arizona",https://app.apollo.io/#/organizations/624f0905b46ac300a59b9b6a?overrideScoreId=score,,,,,,,,,
"Nelson J. Greer Painting Contractors, Inc",http://www.nelsongreerpainting.com,,,Nelson J. Greer Painting Contractors,Inc,,,,,,apollo,"painting company, painting services - Inc",https://app.apollo.io/#/organizations/54a1aecf74686949e702a807?overrideScoreId=score,,,,,,,,,
Wall Assemblies,http://www.wallassemblies.com,,,Phoenix,Arizona,,,,,,apollo,"painting company, painting services - Arizona",https://app.apollo.io/#/organizations/5e55a3768184b40001fd8fbc?overrideScoreId=score,,,,,,,,,
AO Services LLC,http://www.aoservicesco.com,,,Tempe,Arizona,,,,,,apollo,"painting company, painting services - Arizona",https://app.apollo.io/#/organizations/5fcab031b6fa100001d6d101?overrideScoreId=score,,,,,,,,,
Fine Point Finishes,http://www.finepointfinishes.com,,,Phoenix,Arizona,,,,,,apollo,"painting company, painting services - Arizona",https://app.apollo.io/#/organizations/5e55a1002361de000119e0ff?overrideScoreId=score,,,,,,,,,
"Skyline Builders & Restoration, Inc.",http://www.azsbr.com,,,Skyline Builders & Restoration,Inc.,,,,,,apollo,"painting company, painting services - Inc.",https://app.apollo.io/#/organizations/65c9f9125095f70001b97aa2?overrideScoreId=score,,,,,,,,,
AKP SERVICES,http://www.akpservices.com,,,Tempe,Arizona,,,,,,apollo,"painting company, painting services - Arizona",https://app.apollo.io/#/organizations/5e55d162f453b00001843a6c?overrideScoreId=score,,,,,,,,,
Danny White Painting Inc.,,,,,,,,,,,apollo,"painting company, painting services",https://app.apollo.io/#/organizations/55f73256f3e5bb190e023f43?,,,,,,,,,
TWD - Design. Build. Remodel.,,,,,,,,,,,apollo,"painting company, painting services",https://app.apollo.io/#/organizations/54a1289069702d9b8b3a3101?,,,,,,,,,
Alder Home Craft,,,,,,,,,,,apollo,"painting company, painting services",https://app.apollo.io/#/organizations/665687234cebd8034a8f473a?,,,,,,,,,
Croc Painting Company,,,,,,,,,,,apollo,"painting company, painting services",https://app.apollo.io/#/organizations/63d5ab5fc7530100017eb267?,,,,,,,,,
Painting Solutions Inc.,,,,,,,,,,,apollo,"painting company, painting services",https://app.apollo.io/#/organizations/614d81da3a98da000123ce57?,,,,,,,,,
Country Boys Painting,,,,,,,,,,,apollo,"painting company, painting services",https://app.apollo.io/#/organizations/56e6ea80f3e5bb3a24013090?,,,,,,,,,
Arizona Professional Painting,,,,,,,,,,,apollo,"painting company, painting services",https://app.apollo.io/#/organizations/54a11c2969702d84c5458200?,,,,,,,,,
"ALLSTAR PRO PAINTING, LLC",,,,,,,,,,,apollo,"painting company, painting services",https://app.apollo.io/#/organizations/60aec6571c8ffa000192b6d0?,,,,,,,,,
Paradigm Manufacturing,,,,,,,,,,,apollo,"painting company, painting services",https://app.apollo.io/#/organizations/604a66bffa6fc7000115a678?,,,,,,,,,
PINON PAINTING,,,,,,,,,,,apollo,"painting company, painting services",https://app.apollo.io/#/organizations/55eaadc9f3e5bb5ef400206c?,,,,,,,,,
"Crout & Heller Painting Services, Inc.",,,,Crout & Heller Painting Services,Inc.,,,,,,apollo,"painting company, painting services - Inc.",https://app.apollo.io/#/organizations/688ae9d11743380001411ddb?,,,,,,,,,
Metzger's Painting Professionals,,,,,,,,,,,apollo,"painting company, painting services",https://app.apollo.io/#/organizations/63b6b09e9e5f6900a3595530?,,,,,,,,,
Albrecht And Son LLC,,,,,,,,,,,apollo,"painting company, painting services",https://app.apollo.io/#/organizations/54a1a36c7468695475e9be03?,,,,,,,,,
"Leach Painting, Inc.",,,,Leach Painting,Inc.,,,,,,apollo,"painting company, painting services - Inc.",https://app.apollo.io/#/organizations/54a1347869702d2f9f097900?,,,,,,,,,
"Daisy Mountain Painting Services, LLC",,,,,,,,,,,apollo,"painting company, painting services",https://app.apollo.io/#/organizations/674cd6c0abc19b0001bac0cc?,,,,,,,,,
"1 BY 1 ROOF, SOLAR, & PAINT",,,,,,,,,,,apollo,"painting company, painting services",https://app.apollo.io/#/organizations/6396b9be0f44bd00a34467b0?,,,,,,,,,
"Ganado Painting and Wallcovering, Inc.",,,,Ganado Painting and Wallcovering,Inc.,,,,,,apollo,"painting company, painting services - Inc.",https://app.apollo.io/#/organizations/54a128db69702d979c5c5f01?,,,,,,,,,
J & M Painting Services,,,,,,,,,,,apollo,"painting company, painting services",https://app.apollo.io/#/organizations/66fd230531100f00011ebf1c?,,,,,,,,,
Infinity Paving,,,,,,,,,,,apollo,"painting company, painting services",https://app.apollo.io/#/organizations/619e086cc590b500daf18c68?,,,,,,,,,
Wild West Painting,,,,,,,,,,,apollo,"painting company, painting services",https://app.apollo.io/#/organizations/6123a9b3db790b00da812909?,,,,,,,,,
"Max Restoration, LLC",,,,,,,,,,,apollo,"painting company, painting services",https://app.apollo.io/#/organizations/60e9bded578fa200da52d529?,,,,,,,,,
All Pro Truck Body Shop,,,,,,,,,,,apollo,"painting company, painting services",https://app.apollo.io/#/organizations/57c4f66fa6da986a57bc19e9?,,,,,,,,,
Arizona's Superior Painting,,,,,,,,,,,apollo,"painting company, painting services",https://app.apollo.io/#/organizations/614c22ef1ca82e00015d9cf9?,,,,,,,,,
City Wide Facility Solutions - Southern Arizona,,,,,,,,,,,apollo,"painting company, painting services",https://app.apollo.io/#/organizations/614627aea2fb7e00a40707f6?,,,,,,,,,
Extra Mile Painting Company,,,,,,,,,,,apollo,"painting company, painting services",https://app.apollo.io/#/organizations/55ed9f37f3e5bb164400699b?,,,,,,,,,
AZ Spruce Up,http://www.azspruceup.com,,,Tempe,Arizona,,,,,,apollo,"painting company, painting services - Arizona",https://app.apollo.io/#/organizations/68d03a0bfe57500001d7996a?overrideScoreId=score,,,,,,,,,
Straight Striping,http://www.stripingphoenix.com,,,Phoenix,Arizona,,,,,,apollo,"painting company, painting services - Arizona",https://app.apollo.io/#/organizations/604a380c4ddaca000155ee24?overrideScoreId=score,,,,,,,,,
COe-Renovation,http://www.coerenovation.com,,,Phoenix,Arizona,,,,,,apollo,"painting company, painting services - Arizona",https://app.apollo.io/#/organizations/5b86fd59f874f708f3d78269?overrideScoreId=score,,,,,,,,,
Dougherty Painting Company,http://www.dohertypainting.com,,,Phoenix,Arizona,,,,,,apollo,"painting company, painting services - Arizona",https://app.apollo.io/#/organizations/556d8fb77369641226d03a01?overrideScoreId=score,,,,,,,,,
EVO Construction Services,http://www.evogc.com,,,Phoenix,Arizona,,,,,,apollo,"painting company, painting services - Arizona",https://app.apollo.io/#/organizations/68d1051d0a145d0015061103?overrideScoreId=score,,,,,,,,,
WILDCAT PAINTING COMPANY L.L.C.,http://www.wildcatpaintingcompany.com,,,Tucson,Arizona,,,,,,apollo,"painting company, painting services - Arizona",https://app.apollo.io/#/organizations/66f52b695a44f10001b41200?overrideScoreId=score,,,,,,,,,
Adix Painting - Dedicated to Raising the Standard for Residential Interior and Exterior Painting,http://www.adixpainting.com,,,Phoenix,Arizona,,,,,,apollo,"painting company, painting services - Arizona",https://app.apollo.io/#/organizations/5b13331da6da98dcb5c7d637?overrideScoreId=score,,,,,,,,,
K&M Painting and Decorating,http://www.kandm-painting.com,,,Scottsdale,Arizona,,,,,,apollo,"painting company, painting services - Arizona",https://app.apollo.io/#/organizations/556d3719736964123814c000?overrideScoreId=score,,,,,,,,,
"LIFE IN COLOR PAINTING SERVICES, LLC",http://www.lifeincolorpainting.com,,,San Tan Valley,Arizona,,,,,,apollo,"painting company, painting services - Arizona",https://app.apollo.io/#/organizations/6731955424c32c0001d29e1b?overrideScoreId=score,,,,,,,,,
Ph Painting Company,http://www.phpaintingcompany.com,,,Tucson,Arizona,,,,,,apollo,"painting company, painting services - Arizona",https://app.apollo.io/#/organizations/66e94dc86fc6aa0001f9ab23?overrideScoreId=score,,,,,,,,,
Elizarraraz Painting,http://www.elizarrarazpainting.com,,,Mesa,Arizona,,,,,,apollo,"painting company, painting services - Arizona",https://app.apollo.io/#/organizations/65eaf7f91f08d10007f60591?overrideScoreId=score,,,,,,,,,
"The Experts Service Systems, LLC",http://www.expertsservicesystems.com,,,Peoria,Arizona,,,,,,apollo,"painting company, painting services - Arizona",https://app.apollo.io/#/organizations/5ed26bdd2fba0d0001e28def?overrideScoreId=score,,,,,,,,,
ECO-LIFE CLEANING & PAINTING,http://www.eco-lifecleaningandpainting.com,,,Scottsdale,Arizona,,,,,,apollo,"painting company, painting services - Arizona",https://app.apollo.io/#/organizations/55eb98c9f3e5bb237900119a?overrideScoreId=score,,,,,,,,,
Penington Painting Company,http://www.peningtonpainting.com,,,Chandler,Arizona,,,,,,apollo,"painting company, painting services - Arizona",https://app.apollo.io/#/organizations/68e68dc664ac410001fbbee6?overrideScoreId=score,,,,,,,,,
PROFINISHERS LLC,http://www.profinishersllc.com,,,Phoenix,Arizona,,,,,,apollo,"painting company, painting services - Arizona",https://app.apollo.io/#/organizations/6852489c5f3e2e00019444f3?overrideScoreId=score,,,,,,,,,
Insight Painting Company Llc,http://www.insightpaintingcompany.com,,,Mesa,Arizona,,,,,,apollo,"painting company, painting services - Arizona",https://app.apollo.io/#/organizations/6828f4d20dd41b0001360150?overrideScoreId=score,,,,,,,,,
CJ Painting & Services Inc,http://www.cjpaintinginc.com,,,Flagstaff,Arizona,,,,,,apollo,"painting company, painting services - Arizona",https://app.apollo.io/#/organizations/6713e397de521c0001f31f13?overrideScoreId=score,,,,,,,,,
Moyas Painting Services,http://www.moyaspaintingservices.com,,,Phoenix,Arizona,,,,,,apollo,"painting company, painting services - Arizona",https://app.apollo.io/#/organizations/66f9b21d9c4c1b0001b79c19?overrideScoreId=score,,,,,,,,,
CAPITAL PAINTING COMPANY LLC,http://www.capitalpaintingcompany.com,,,Gilbert,Arizona,,,,,,apollo,"painting company, painting services - Arizona",https://app.apollo.io/#/organizations/66f8d0bde0d5a00001b4789d?overrideScoreId=score,,,,,,,,,
Trulypaintingandmore home painting company,http://www.trulypaintingandmore.com,,,Mohave Valley,Arizona,,,,,,apollo,"painting company, painting services - Arizona",https://app.apollo.io/#/organizations/6688e5c650eb8e0001f7e7e5?overrideScoreId=score,,,,,,,,,
"Economy Care Services, Inc.",http://www.economycareservices.com,,,Economy Care Services,Inc.,,,,,,apollo,"painting company, painting services - Inc.",https://app.apollo.io/#/organizations/61618f6928fafa00019e6853?overrideScoreId=score,,,,,,,,,
MCCORMICK PAINTING COMPANY,http://www.mccormickequipmentrentals.com,,,Little Rock,Arkansas,,,,,,apollo,"painting company, painting services - Arkansas",https://app.apollo.io/#/organizations/672dd53ba379130001a6aeb9?overrideScoreId=score,,,,,,,,,
"AOP Metal Fabricators, LLC.",http://www.aopfab.com,,,Crossett,Arkansas,,,,,,apollo,"painting company, painting services - Arkansas",https://app.apollo.io/#/organizations/64685d552a85a700a3dd8399?overrideScoreId=score,,,,,,,,,
Turpin Painting Company Inc,,,,Little Rock,Arkansas,,,,,,apollo,"painting company, painting services - Arkansas",https://app.apollo.io/#/organizations/55921aff73696418f64c6f00?overrideScoreId=score,,,,,,,,,
Quality Painting Company,http://www.adamroepaint.com,,,Camden,Arkansas,,,,,,apollo,"painting company, painting services - Arkansas",https://app.apollo.io/#/organizations/674810bf3e0e4200017de341?overrideScoreId=score,,,,,,,,,
Hartley Commercial,http://www.hartleycommercial.com,,,Lowell,Arkansas,,,,,,apollo,"painting company, painting services - Arkansas",https://app.apollo.io/#/organizations/650abbe2fb10f8000195867d?overrideScoreId=score,,,,,,,,,
US Painting Services,http://www.uspaintingservices.com,,,Conway,Arkansas,,,,,,apollo,"painting company, painting services - Arkansas",https://app.apollo.io/#/organizations/6746c3bb4c8ba2000175a1e2?overrideScoreId=score,,,,,,,,,
RPH Property Management,http://www.rphre.com,,,Farmington,Arkansas,,,,,,apollo,"painting company, painting services - Arkansas",https://app.apollo.io/#/organizations/5d361f66f65125f04ab31e14?overrideScoreId=score,,,,,,,,,
Allison Scott Paint Co.,http://www.allisonscottpaintco.com,,,Bella Vista,Arkansas,,,,,,apollo,"painting company, painting services - Arkansas",https://app.apollo.io/#/organizations/65769eb3dedecd0114400a63?overrideScoreId=score,,,,,,,,,
Brush Brothers Painting,http://www.nwapaint.com,,,Bentonville,Arkansas,,,,,,apollo,"painting company, painting services - Arkansas",https://app.apollo.io/#/organizations/674d89a60e9f1c00012cd51e?overrideScoreId=score,,,,,,,,,
"KEITH'S CONSTRUCTION AND PAINTING COMPANY, INC.",http://www.keithspainting.com,,,Anaheim,California,,,,,,apollo,"painting company, painting services - California",https://app.apollo.io/#/organizations/6732db7c6bce5f000137732c?overrideScoreId=score,,,,,,,,,
Brian Miller Painting Company,http://www.brianmillerpaintingcompany.com,,,San Marcos,California,,,,,,apollo,"painting company, painting services - California",https://app.apollo.io/#/organizations/673158230af9f60001e9248d?overrideScoreId=score,,,,,,,,,
Modern Masters Painting,http://www.modernmasterspainting.com,,,San Diego,California,,,,,,apollo,"painting company, painting services - California",https://app.apollo.io/#/organizations/673088bb8c7edd0001be31f4?overrideScoreId=score,,,,,,,,,
Pepe's House Painting Services,http://www.pepeshousepaintingservices.com,,,Fontana,California,,,,,,apollo,"painting company, painting services - California",https://app.apollo.io/#/organizations/6726111a7224cd0001d010cf?overrideScoreId=score,,,,,,,,,
"PEACOCK PAINTING COMPANY, INC.",http://www.peacockpaintingco.com,,,Novato,California,,,,,,apollo,"painting company, painting services - California",https://app.apollo.io/#/organizations/66f83cf74a9bbc00012149cd?overrideScoreId=score,,,,,,,,,
C.P.P. Painting / Color Pros Painting & Coatings Inc.,http://www.cpppainting.com,,,San Jose,California,,,,,,apollo,"painting company, painting services - California",https://app.apollo.io/#/organizations/6648f4297895c400010caaf6?overrideScoreId=score,,,,,,,,,
PalmView Custom Homes,http://www.palmview.ca,,,Concord,California,,,,,,apollo,"painting company, painting services - California",https://app.apollo.io/#/organizations/6531f27a7cd5620001c8e0df?overrideScoreId=score,,,,,,,,,
"S. SCURTI & SONS, INC.",http://www.scurtipainting.com,,,San Jose,California,,,,,,apollo,"painting company, painting services - California",https://app.apollo.io/#/organizations/646f22788ab3380001f857f5?overrideScoreId=score,,,,,,,,,
Paint Blast US,http://www.paintblastus.com,,,Long Beach,California,,,,,,apollo,"painting company, painting services - California",https://app.apollo.io/#/organizations/61ec6b2a4fec27000163f3e0?overrideScoreId=score,,,,,,,,,
Intrinsic Home Painting Services,http://www.intrinsicpainting.com,,,Los Angeles,California,,,,,,apollo,"painting company, painting services - California",https://app.apollo.io/#/organizations/614e991dcb891e0001fda201?overrideScoreId=score,,,,,,,,,
"Universal Painting Contractors, Inc.",http://www.upcpaint.com,,,Universal Painting Contractors,Inc.,,,,,,apollo,"painting company, painting services - Inc.",https://app.apollo.io/#/organizations/60b2330715a03900014f81ad?overrideScoreId=score,,,,,,,,,
PaintPros of Napa Valley,http://www.paintprosnapa.com,,,Napa,California,,,,,,apollo,"painting company, painting services - California",https://app.apollo.io/#/organizations/5edbac7c4d8c35000196485a?overrideScoreId=score,,,,,,,,,
"Endure Painting, Inc.",http://www.endurepainting.com,,,Endure Painting,Inc.,,,,,,apollo,"painting company, painting services - Inc.",https://app.apollo.io/#/organizations/5ed1f65a2fba0d0001e0fed5?overrideScoreId=score,,,,,,,,,
Revitaliste,http://www.revitaliste.com,,,San Francisco,California,,,,,,apollo,"painting company, painting services - California",https://app.apollo.io/#/organizations/5da4cde271be9400014d3bc0?overrideScoreId=score,,,,,,,,,
Mendocino Group Cannabis Branding,http://www.harrymartinez.net,,,Redwood Valley,California,,,,,,apollo,"painting company, painting services - California",https://app.apollo.io/#/organizations/55922a3873696419813ca700?overrideScoreId=score,,,,,,,,,
Mark Bellingham Painting,http://www.markbellinghampainting.com,,,Moraga,California,,,,,,apollo,"painting company, painting services - California",https://app.apollo.io/#/organizations/54fca11e7369647de9ae0100?overrideScoreId=score,,,,,,,,,
Raider Painting Company,http://www.raiderpainting.com,,,Merced,California,,,,,,apollo,"painting company, painting services - California",https://app.apollo.io/#/organizations/54a23ccf7468693cdda5cb18?overrideScoreId=score,,,,,,,,,
Kent Painting Company Inc.,http://www.kentpaintinginc.com,,,Fresno,California,,,,,,apollo,"painting company, painting services - California",https://app.apollo.io/#/organizations/54a12a3969702d8cfc3f3002?overrideScoreId=score,,,,,,,,,
Lead Paint Inspections,http://www.magicbrush.net,,,San Francisco,California,,,,,,apollo,"painting company, painting services - California",https://app.apollo.io/#/organizations/54a1206f69702d7fe6127702?overrideScoreId=score,,,,,,,,,
Eco-Clean Painting,http://www.ecocleanpainting.com,,,Atascadero,California,,,,,,apollo,"painting company, painting services - California",https://app.apollo.io/#/organizations/6761644024da9f01b1278e9c?overrideScoreId=score,,,,,,,,,
Lee's Painting Co.,http://www.leespainting.com,,,Huntington Beach,California,,,,,,apollo,"painting company, painting services - California",https://app.apollo.io/#/organizations/6757afe48ce90301b0aa3f70?overrideScoreId=score,,,,,,,,,
"Primus Paint Worx, Inc.",http://www.primuspaint.com,,,Primus Paint Worx,Inc.,,,,,,apollo,"painting company, painting services - Inc.",https://app.apollo.io/#/organizations/6745f74025b2d602d03c4130?overrideScoreId=score,,,,,,,,,
Web’s Painting Company,http://www.webspainting.com,,,Los Angeles,California,,,,,,apollo,"painting company, painting services - California",https://app.apollo.io/#/organizations/673f0b0f7199f900018dffb1?overrideScoreId=score,,,,,,,,,
Mamba Stripes Corporation,http://www.mambastripes.com,,,Windsor,California,,,,,,apollo,"painting company, painting services - California",https://app.apollo.io/#/organizations/673a5a59cd909c0001431d3d?overrideScoreId=score,,,,,,,,,
Applied Artistry A Painting Company,http://www.appliedartistry.com,,,Huntington Beach,California,,,,,,apollo,"painting company, painting services - California",https://app.apollo.io/#/organizations/6731143ccfd91b00011cc7d4?overrideScoreId=score,,,,,,,,,
"MARZ PAINTING COMPANY, THE",http://www.marzpaintingco.com,,,Sacramento,California,,,,,,apollo,"painting company, painting services - California",https://app.apollo.io/#/organizations/672ef78ccd1c1f000173c259?overrideScoreId=score,,,,,,,,,
Yes Painting Services,http://www.yespainting.net,,,San Jose,California,,,,,,apollo,"painting company, painting services - California",https://app.apollo.io/#/organizations/672dafe025d5ab00012b7e08?overrideScoreId=score,,,,,,,,,
Coastal Colors Painting Company,,,,Carlsbad,California,,,,,,apollo,"painting company, painting services - California",https://app.apollo.io/#/organizations/6726c4017efe3d0001d18448?overrideScoreId=score,,,,,,,,,
NEALS PAINTING COMPANY INC,http://www.nealspainting.com,,,Fairfield,California,,,,,,apollo,"painting company, painting services - California",https://app.apollo.io/#/organizations/67269a4393de3b0001aeb812?overrideScoreId=score,,,,,,,,,
Mr. Painter Painting Company,http://www.paintingcontractorturlock.com,,,Keyes,California,,,,,,apollo,"painting company, painting services - California",https://app.apollo.io/#/organizations/6714bdc7e73ec000013dab9c?overrideScoreId=score,,,,,,,,,
Guzman Painting Services,http://www.guzmanpaintingservices.com,,,Los Angeles,California,,,,,,apollo,"painting company, painting services - California",https://app.apollo.io/#/organizations/6701f75d4860cf000131427a?overrideScoreId=score,,,,,,,,,
San Luis Obispo Painting Company,http://www.sanluisobispopainting.com,,,San Luis Obispo,California,,,,,,apollo,"painting company, painting services - California",https://app.apollo.io/#/organizations/6700eab6d46b890001ffe6ac?overrideScoreId=score,,,,,,,,,
Tolteca Painting Company,http://www.toltecapaintingcompany.com,,,Sacramento,California,,,,,,apollo,"painting company, painting services - California",https://app.apollo.io/#/organizations/66efccb11d94410001acfd16?overrideScoreId=score,,,,,,,,,
"DC & ASSOCIATES PAINTING COMPANY, INC.",http://www.dcapainters.com,,,Lynwood,California,,,,,,apollo,"painting company, painting services - California",https://app.apollo.io/#/organizations/66eeb39c12ef530001f2bbad?overrideScoreId=score,,,,,,,,,
P & R Painting Services,http://www.prpaintingca.com,,,Covina,California,,,,,,apollo,"painting company, painting services - California",https://app.apollo.io/#/organizations/66d6b3f4485e9200012d5fa7?overrideScoreId=score,,,,,,,,,
Moya Painting,http://www.moyapaintinganddecorating.com,,,San Francisco,California,,,,,,apollo,"painting company, painting services - California",https://app.apollo.io/#/organizations/65f7e96e1aec6a01c680c2be?overrideScoreId=score,,,,,,,,,
ALL LOS ANGELES PAINTING COMPANY INC.,http://www.alllosangelespaintingcompany.com,,,Los Angeles,California,,,,,,apollo,"painting company, painting services - California",https://app.apollo.io/#/organizations/65c494825b212b0001d9c2b9?overrideScoreId=score,,,,,,,,,
Capstone Painting,http://www.capstonepainting.ca,,,Waterloo,California,,,,,,apollo,"painting company, painting services - California",https://app.apollo.io/#/organizations/650ac989a013590001056c08?overrideScoreId=score,,,,,,,,,
Build And Decor Construction,http://www.buildanddecorconstruction.com,,,Los Angeles,California,,,,,,apollo,"painting company, painting services - California",https://app.apollo.io/#/organizations/64e6d910a1925900015a6579?overrideScoreId=score,,,,,,,,,
Coastline Painting & Decorating,http://www.coastlinepaintingsd.com,,,San Diego,California,,,,,,apollo,"painting company, painting services - California",https://app.apollo.io/#/organizations/63d5a8f02ece260001d2decd?overrideScoreId=score,,,,,,,,,
"The Painting Company, LLC",,,,San Diego,California,,,,,,apollo,"painting company, painting services - California",https://app.apollo.io/#/organizations/63c430ac9ac5ba00014b310a?overrideScoreId=score,,,,,,,,,
A Superior Collision Shop Campbell,http://www.asuperiorshop.com,,,Campbell,California,,,,,,apollo,"painting company, painting services - California",https://app.apollo.io/#/organizations/6382ae34c2e1740001ae1f65?overrideScoreId=score,,,,,,,,,
"Handydads Construction, Inc.",http://www.handydads.net,,,Handydads Construction,Inc.,,,,,,apollo,"painting company, painting services - Inc.",https://app.apollo.io/#/organizations/63372e36ce6bad00a3288dd8?overrideScoreId=score,,,,,,,,,
"Najib Paint & Decorations, LLC",http://www.npdpaints.com,,,Oakland,California,,,,,,apollo,"painting company, painting services - California",https://app.apollo.io/#/organizations/62e3b699cfcebc00a3704e81?overrideScoreId=score,,,,,,,,,
Oasis,http://www.residentialrenovationeastpaloaltoca.com,,,Health,Wellness & Fitness,,,,,,apollo,"painting company, painting services - Wellness & Fitness",https://app.apollo.io/#/organizations/5fc851ea7315de0001719225?overrideScoreId=score,,,,,,,,,
U.S National Corp dba Jimenez Painting Company,,,,Los Angeles,California,,,,,,apollo,"painting company, painting services - California",https://app.apollo.io/#/organizations/5e57bbde5c00fd000191cdaf?overrideScoreId=score,,,,,,,,,
California Skyline Remodeling Inc.,http://www.californiaskylineremodeling.com,,,Los Angeles,California,,,,,,apollo,"painting company, painting services - California",https://app.apollo.io/#/organizations/5e55b858c678320001b801bf?overrideScoreId=score,,,,,,,,,
TSW Builders,http://www.pro-gressivebuilders.com,,,Brea,California,,,,,,apollo,"painting company, painting services - California",https://app.apollo.io/#/organizations/5569dbc7736964255d37a100?overrideScoreId=score,,,,,,,,,
3dmotive,http://www.3dmotive.com,,,Vista,California,,,,,,apollo,"painting company, painting services - California",https://app.apollo.io/#/organizations/54a1227769702da10ff62203?overrideScoreId=score,,,,,,,,,
LuxePaintingSF,http://www.luxepaintingsf.com,,,San Francisco,California,,,,,,apollo,"painting company, painting services - California",https://app.apollo.io/#/organizations/68faf30b054d6300014f4c75?overrideScoreId=score,,,,,,,,,
Parrotones - Painting Services,http://www.parrotones.com,,,,,,,,,,apollo,"painting company, painting services",https://app.apollo.io/#/organizations/67a3a142e7dee602ce58f88b?overrideScoreId=score,,,,,,,,,
ER Painting Services Inc,http://www.erpsocal.com,,,,,,,,,,apollo,"painting company, painting services",https://app.apollo.io/#/organizations/674ff27b2e526f00011d2e6f?overrideScoreId=score,,,,,,,,,
NJ Painting Services,http://www.njpaintingservices.com,,,,,,,,,,apollo,"painting company, painting services",https://app.apollo.io/#/organizations/674fdcd2112bea000138b39c?overrideScoreId=score,,,,,,,,,
Rubio's Painting Services,http://www.rubiospainting.com,,,,,,,,,,apollo,"painting company, painting services",https://app.apollo.io/#/organizations/674ed78cbfaf7f00011d9eb3?overrideScoreId=score,,,,,,,,,
Condor National Painting Company,http://www.condornationalpainting.com,,,,,,,,,,apollo,"painting company, painting services",https://app.apollo.io/#/organizations/674ce06ca3c1bb00010e1a1f?overrideScoreId=score,,,,,,,,,
Melodi Major Design and Home Painting Services,http://www.melodimajordesign.com,,,,,,,,,,apollo,"painting company, painting services",https://app.apollo.io/#/organizations/674c0ce4dd39f80001f61636?overrideScoreId=score,,,,,,,,,
Einstein's Painting Company,http://www.einsteinspaintingco.com,,,,,,,,,,apollo,"painting company, painting services",https://app.apollo.io/#/organizations/6743db5bac145700014a02ad?overrideScoreId=score,,,,,,,,,
The Hamilton Face Painter,http://www.hamiltonfacepainter.com,,,,,,,,,,apollo,"painting company, painting services",https://app.apollo.io/#/organizations/672da8ff270c950001b84d03?overrideScoreId=score,,,,,,,,,
111 Painting Service,http://www.111paintingservice.com,,,,,,,,,,apollo,"painting company, painting services",https://app.apollo.io/#/organizations/6718bc6d1bf8da0001170399?overrideScoreId=score,,,,,,,,,
Meza Painting Company,http://www.mezapaintingco.com,,,,,,,,,,apollo,"painting company, painting services",https://app.apollo.io/#/organizations/6715d5b5eb99680001e052fc?overrideScoreId=score,,,,,,,,,
Borlodan Painting Company,http://www.borlodanpainting.com,,,,,,,,,,apollo,"painting company, painting services",https://app.apollo.io/#/organizations/670e08c7406039000121c188?overrideScoreId=score,,,,,,,,,
ITALIAN PAINTING SERVICES INC,http://www.italianpaintingservices.com,,,,,,,,,,apollo,"painting company, painting services",https://app.apollo.io/#/organizations/6700dcf07482bf0001220a31?overrideScoreId=score,,,,,,,,,
Larry Bisordi Painting Company,http://www.bisordipainting.com,,,,,,,,,,apollo,"painting company, painting services",https://app.apollo.io/#/organizations/6700c06d7482bf000120df6f?overrideScoreId=score,,,,,,,,,
najeraspaintingllc,http://www.najeraspainting.com,,,,,,,,,,apollo,"painting company, painting services",https://app.apollo.io/#/organizations/66e28782a7929e00019e100e?overrideScoreId=score,,,,,,,,,
HiTech Painting Inc.,,,,,,,,,,,apollo,"painting company, painting services",https://app.apollo.io/#/organizations/66e26609df613a00012a6fc1?overrideScoreId=score,,,,,,,,,
B.E.S. Painting Company,http://www.bespainting.com,,,,,,,,,,apollo,"painting company, painting services",https://app.apollo.io/#/organizations/66d4b36170ecc9000134b5c0?overrideScoreId=score,,,,,,,,,
Best Property Management Painting Services,http://www.bpmpaintingservices.com,,,,,,,,,,apollo,"painting company, painting services",https://app.apollo.io/#/organizations/665377d69d08570001022100?overrideScoreId=score,,,,,,,,,
Design Systems Painting Company,http://www.designsystemspainting.com,,,,,,,,,,apollo,"painting company, painting services",https://app.apollo.io/#/organizations/6642f96a701ae60001901c62?overrideScoreId=score,,,,,,,,,
Finish Line Painting Services,http://www.finishlinepainting.com,,,,,,,,,,apollo,"painting company, painting services",https://app.apollo.io/#/organizations/6641449aa3807c00019af69b?overrideScoreId=score,,,,,,,,,
Speck Painting,http://www.speckpainting.ca,,,,,,,,,,apollo,"painting company, painting services",https://app.apollo.io/#/organizations/663884445ac33f00013ee18c?overrideScoreId=score,,,,,,,,,
NJ Kann Painting,http://www.njkannpainting.com,,,,,,,,,,apollo,"painting company, painting services",https://app.apollo.io/#/organizations/66348b550888d104386cf741?overrideScoreId=score,,,,,,,,,
Absolute Integrity Handyman Services Inc.,http://www.absoluteintegrityhandyman.com,,,,,,,,,,apollo,"painting company, painting services",https://app.apollo.io/#/organizations/661a664269e59600076f0c24?overrideScoreId=score,,,,,,,,,
Expressions Painting Company,http://www.expressionspaintingco.com,,,,,,,,,,apollo,"painting company, painting services",https://app.apollo.io/#/organizations/65546a731a843a0001c72c1c?overrideScoreId=score,,,,,,,,,
Great Walls Painting Inc,http://www.greatwallspainting.com,,,,,,,,,,apollo,"painting company, painting services",https://app.apollo.io/#/organizations/654dcfb2dd1ecf0001aed7d4?overrideScoreId=score,,,,,,,,,
Maintenance Plus (San Diego),http://www.maintenanceplussd.com,,,,,,,,,,apollo,"painting company, painting services",https://app.apollo.io/#/organizations/6509764d203e1a000135d480?overrideScoreId=score,,,,,,,,,
EW Builders Group,http://www.ewbuildersgroup.com,,,La Habra,California,,,,,,apollo,"painting company, painting services - California",https://app.apollo.io/#/organizations/6464880100837c0001b9c9c7?overrideScoreId=score,,,,,,,,,
Georgetown Student Painting,http://www.georgetownstudentpainting.ca,,,Georgetown,California,,,,,,apollo,"painting company, painting services - California",https://app.apollo.io/#/organizations/63c6698b96751a0001b68cb1?overrideScoreId=score,,,,,,,,,
Third Generation Painters,http://www.thirdgenerationpainters.ca,,,Vernon,California,,,,,,apollo,"painting company, painting services - California",https://app.apollo.io/#/organizations/6248884908719d00dcb20f93?overrideScoreId=score,,,,,,,,,
ZOOM interiors,http://www.zoominteriors.com,,,Los Angeles,California,,,,,,apollo,"painting company, painting services - California",https://app.apollo.io/#/organizations/5ed22ee20fc35b0001c25cfa?overrideScoreId=score,,,,,,,,,
NIDACO Inc. Paint Group,http://www.nidaco.ca,,,London,California,,,,,,apollo,"painting company, painting services - California",https://app.apollo.io/#/organizations/5e5757e78d755a00014a385f?overrideScoreId=score,,,,,,,,,
Remodel Repair Replace,http://www.remodelrepairreplace.com,,,San Ramon,California,,,,,,apollo,"painting company, painting services - California",https://app.apollo.io/#/organizations/5e55eab196cd410001ff41d0?overrideScoreId=score,,,,,,,,,
Tilt Up Painting Inc. San Diego,http://www.tiltuppainting.com,,,San Diego,California,,,,,,apollo,"painting company, painting services - California",https://app.apollo.io/#/organizations/5da52b22959a900001ca3e54?overrideScoreId=score,,,,,,,,,
B & R CREATIVE BUILDERS INC,http://www.creativebuilders.com,,,Los Angeles,California,,,,,,apollo,"painting company, painting services - California",https://app.apollo.io/#/organizations/5a9eaf4da6da98d96646c4fd?overrideScoreId=score,,,,,,,,,
BUILDAWORKS INC,http://www.buildaworks.com,,,Rancho Cucamonga,California,,,,,,apollo,"painting company, painting services - California",https://app.apollo.io/#/organizations/59bba8eda6da985a06b39a8b?overrideScoreId=score,,,,,,,,,
Elegant Environment,http://www.elegant-environments.com,,,Laguna Niguel,California,,,,,,apollo,"painting company, painting services - California",https://app.apollo.io/#/organizations/57c4a6c4a6da9840ed90e100?overrideScoreId=score,,,,,,,,,
Walls n Beyond Painting Company,http://www.wallsnbeyond.com,,,San Mateo,California,,,,,,apollo,"painting company, painting services - California",https://app.apollo.io/#/organizations/54fca1e27369647d9b740c00?overrideScoreId=score,,,,,,,,,
ArnPar Enterprises,http://www.photobasedart.com,,,,,,,,,,apollo,"painting company, painting services",https://app.apollo.io/#/organizations/54a25d7b7468693fdad2401d?overrideScoreId=score,,,,,,,,,
JC'S PAINTING & COATINGS,http://www.jcspaintingandcoatingsca.com,,,Fresno,California,,,,,,apollo,"painting company, painting services - California",https://app.apollo.io/#/organizations/68d03ad18a78250001b83fe5?overrideScoreId=score,,,,,,,,,
San Diego Curb Painters,http://www.sandiegocurbpainters.com,,,San Diego,California,,,,,,apollo,"painting company, painting services - California",https://app.apollo.io/#/organizations/688ae76a1ee6180001aa4e95?overrideScoreId=score,,,,,,,,,
Jacobs Ladder Painting Services,http://www.jacobsladderpainting.com,,,San Diego,California,,,,,,apollo,"painting company, painting services - California",https://app.apollo.io/#/organizations/674c10d590dfc40001969c00?overrideScoreId=score,,,,,,,,,
Da Silva Painting Services,http://www.dasilvapaintingservices.com,,,San Francisco,California,,,,,,apollo,"painting company, painting services - California",https://app.apollo.io/#/organizations/674855ffe2e1cd000129de33?overrideScoreId=score,,,,,,,,,
Molitor Painting Company,http://www.molitorpainting.com,,,Penn Valley,California,,,,,,apollo,"painting company, painting services - California",https://app.apollo.io/#/organizations/6742313320518b00017a1ca1?overrideScoreId=score,,,,,,,,,
Pasion Painting Services Inc.,http://www.pasionpainting.com,,,Rodeo,California,,,,,,apollo,"painting company, painting services - California",https://app.apollo.io/#/organizations/674180cda3b1ed0001ae126f?overrideScoreId=score,,,,,,,,,
Walls N Beyond Painting Company,http://www.sanfranciscopaintingservice.com,,,San Francisco,California,,,,,,apollo,"painting company, painting services - California",https://app.apollo.io/#/organizations/6741672d299002000138586e?overrideScoreId=score,,,,,,,,,
NELAN PAINTING COMPANY INC.,http://www.nelanpainting.com,,,Laguna Beach,California,,,,,,apollo,"painting company, painting services - California",https://app.apollo.io/#/organizations/67318eef9c24470001e6fbd6?overrideScoreId=score,,,,,,,,,
Painting Services Of Mountain View,http://www.paintingservicesofmountainview.com,,,Mountain View,California,,,,,,apollo,"painting company, painting services - California",https://app.apollo.io/#/organizations/672b5210ef1b850001d31a0f?overrideScoreId=score,,,,,,,,,
"RINGLEVER PAINTING COMPANY, INC.",http://www.ringleverpainting.com,,,Oceanside,California,,,,,,apollo,"painting company, painting services - California",https://app.apollo.io/#/organizations/6727063d0426250001775b20?overrideScoreId=score,,,,,,,,,
RB Painting Company Painter Culver City,http://www.rbpaintingco.com,,,Culver City,California,,,,,,apollo,"painting company, painting services - California",https://app.apollo.io/#/organizations/6726e87e6893d600010a0fdb?overrideScoreId=score,,,,,,,,,
D’Art Painting Services,http://www.painterssf.com,,,San Francisco,California,,,,,,apollo,"painting company, painting services - California",https://app.apollo.io/#/organizations/672646b64acbcd00012dabc1?overrideScoreId=score,,,,,,,,,
"PEPPERLING PAINTING COMPANY, INC.",http://www.peppaints.com,,,Torrance,California,,,,,,apollo,"painting company, painting services - California",https://app.apollo.io/#/organizations/672477a6a93e7e000192655c?overrideScoreId=score,,,,,,,,,
CH Painting Company,http://www.chinohillspainting.com,,,Chino Hills,California,,,,,,apollo,"painting company, painting services - California",https://app.apollo.io/#/organizations/674b22abc0db0800013ee8f3?overrideScoreId=score,,,,,,,,,
Ryan Painting Services,http://www.ryanpaintingservices.com,,,South Pasadena,California,,,,,,apollo,"painting company, painting services - California",https://app.apollo.io/#/organizations/673329b24503e30001ffc349?overrideScoreId=score,,,,,,,,,
Marin Painting Company,http://www.marinpainting.com,,,Novato,California,,,,,,apollo,"painting company, painting services - California",https://app.apollo.io/#/organizations/66fd0fffcfaef40001d842a6?overrideScoreId=score,,,,,,,,,
Flores Painting and Drywall,http://www.florespd.com,,,San Jose,California,,,,,,apollo,"painting company, painting services - California",https://app.apollo.io/#/organizations/664f5a3ab99e63075f31c5f4?overrideScoreId=score,,,,,,,,,
Browder Painting Company,http://www.browderpainting.com,,,San Luis Obispo,California,,,,,,apollo,"painting company, painting services - California",https://app.apollo.io/#/organizations/664965a3f22ed9000176daa0?overrideScoreId=score,,,,,,,,,
Scope Environmental,http://www.scopeclean.com,,,Santa Clarita,California,,,,,,apollo,"painting company, painting services - California",https://app.apollo.io/#/organizations/5fc9fe85a62be00001edb41d?overrideScoreId=score,,,,,,,,,
Sunwest Painting,http://www.sunwestpainting.net,,,San Jose,California,,,,,,apollo,"painting company, painting services - California",https://app.apollo.io/#/organizations/5f3e76ad0615e7008c8f1f4b?overrideScoreId=score,,,,,,,,,
Prestige Paint & Decorative,http://www.prestigepaintdeco.com,,,Corona,California,,,,,,apollo,"painting company, painting services - California",https://app.apollo.io/#/organizations/5e579f8a54c3e10001a3bfd9?overrideScoreId=score,,,,,,,,,
SPC Building Services,http://www.spcbs.com,,,Riverside,California,,,,,,apollo,"painting company, painting services - California",https://app.apollo.io/#/organizations/56de6b86f3e5bb3fda0027fc?overrideScoreId=score,,,,,,,,,
Unique Painting Services,http://www.uniquepaintingservices.net,,,Novato,California,,,,,,apollo,"painting company, painting services - California",https://app.apollo.io/#/organizations/66f8c98b5e4cdc0001d422ea?overrideScoreId=score,,,,,,,,,
JK Painting Services,http://www.jkpaintingservices.com,,,Alpine,California,,,,,,apollo,"painting company, painting services - California",https://app.apollo.io/#/organizations/66e523ebf07a5600019d7b14?overrideScoreId=score,,,,,,,,,
CertaPro Painters of Orange County,http://www.cppainters-orangecounty.com,,,Orange,California,,,,,,apollo,"painting company, painting services - California",https://app.apollo.io/#/organizations/6547289ecb6ad7000174d389?overrideScoreId=score,,,,,,,,,
Generation Homes and Commercial,http://www.generation-homes.com,,,Clovis,California,,,,,,apollo,"painting company, painting services - California",https://app.apollo.io/#/organizations/641d535cd3f1890001efecd7?overrideScoreId=score,,,,,,,,,
Basurto Painting,http://www.basurtopainting.com,,,San Jose,California,,,,,,apollo,"painting company, painting services - California",https://app.apollo.io/#/organizations/64167ecbc35c1f0001f915ab?overrideScoreId=score,,,,,,,,,
Mike Chavez Painting,http://www.mikechavezpainting.com,,,Santa Rosa,California,,,,,,apollo,"painting company, painting services - California",https://app.apollo.io/#/organizations/6363657573bc960001fc2cd9?overrideScoreId=score,,,,,,,,,
RSL Construction Group Inc.,http://www.rslconstructiongroup.com,,,Costa Mesa,California,,,,,,apollo,"painting company, painting services - California",https://app.apollo.io/#/organizations/6162150f98d72b00012ef0f7?overrideScoreId=score,,,,,,,,,
CCP PAINTING INC.,http://www.ccp-painting.com,,,Concord,California,,,,,,apollo,"painting company, painting services - California",https://app.apollo.io/#/organizations/6089d28214e34800e28a134d?overrideScoreId=score,,,,,,,,,
"HiTech Painting, Inc.",http://www.hitechpaint.com,,,HiTech Painting,Inc.,,,,,,apollo,"painting company, painting services - Inc.",https://app.apollo.io/#/organizations/5e56e9f93233cb00017c5416?overrideScoreId=score,,,,,,,,,
Pinnacle Painting and Decorating,http://www.paintwithpinnacle.com,,,,,,,,,,apollo,"painting company, painting services",https://app.apollo.io/#/organizations/5da6bb4146748d0001956f42?overrideScoreId=score,,,,,,,,,
Trico Painting,http://www.tricopainting.com,,,Roseville,California,,,,,,apollo,"painting company, painting services - California",https://app.apollo.io/#/organizations/55e83dd9f3e5bb092b000462?overrideScoreId=score,,,,,,,,,
California Cylinder Corp,http://www.californiacylinder.com,,,Upland,California,,,,,,apollo,"painting company, painting services - California",https://app.apollo.io/#/organizations/54a20d2b7468693cdd315e08?overrideScoreId=score,,,,,,,,,
"A.A. Paint & Custom Finishes, Inc.",http://www.aapaint.com,,,A.A. Paint & Custom Finishes,Inc.,,,,,,apollo,"painting company, painting services - Inc.",https://app.apollo.io/#/organizations/54a11f8369702da42501da01?overrideScoreId=score,,,,,,,,,
Sierra West Painting Company,http://www.sierrawestpainting.com,,,Costa Mesa,California,,,,,,apollo,"painting company, painting services - California",https://app.apollo.io/#/organizations/673daf2988b2320001466d26?overrideScoreId=score,,,,,,,,,
All Superior Custom Painting & Siding,http://www.allsuperiorcustompainting.com,,,Yuba City,California,,,,,,apollo,"painting company, painting services - California",https://app.apollo.io/#/organizations/65f57da15f4799000647a0c8?overrideScoreId=score,,,,,,,,,
Next Level Painting Bay Area,http://www.nextlevelpaint.com,,,Oakland,California,,,,,,apollo,"painting company, painting services - California",https://app.apollo.io/#/organizations/645681868bc45f02a62fc0bb?overrideScoreId=score,,,,,,,,,
"Copper-Burton, Inc.",http://www.copperburton.com,,,Copper-Burton,Inc.,,,,,,apollo,"painting company, painting services - Inc.",https://app.apollo.io/#/organizations/5f3efa60b17aa100014d435b?overrideScoreId=score,,,,,,,,,
Loyalty Technical Services LLC,http://www.loyaltyuae.com,,,Dublin,California,,,,,,apollo,"painting company, painting services - California",https://app.apollo.io/#/organizations/5ed681eba49269000158b2ab?overrideScoreId=score,,,,,,,,,
Beauchemin Industriel,http://www.beaucheminind.com,,,Danville,California,,,,,,apollo,"painting company, painting services - California",https://app.apollo.io/#/organizations/57c4dadba6da986abef6f610?overrideScoreId=score,,,,,,,,,
TCI Striping,http://www.tcistriping.com,,,Riverside,California,,,,,,apollo,"painting company, painting services - California",https://app.apollo.io/#/organizations/55f469b4f3e5bb1de1008a24?overrideScoreId=score,,,,,,,,,
Award Painting Company,http://www.awardpaintingco.com,,,Fairfield,California,,,,,,apollo,"painting company, painting services - California",https://app.apollo.io/#/organizations/55e8c19ff3e5bb144800006f?overrideScoreId=score,,,,,,,,,
HouseSavers,http://www.housesavers.com,,,San Rafael,California,,,,,,apollo,"painting company, painting services - California",https://app.apollo.io/#/organizations/54fca5f57369647dd42f3800?overrideScoreId=score,,,,,,,,,
"Terry Hunt Painting & Decorating, Inc.",http://www.thpd.com,,,Terry Hunt Painting & Decorating,Inc.,,,,,,apollo,"painting company, painting services - Inc.",https://app.apollo.io/#/organizations/54a1bcd074686945fa84890c?overrideScoreId=score,,,,,,,,,
North County Home Remodeling,http://www.northcountyhomeremodeling.com,,,San Marcos,California,,,,,,apollo,"painting company, painting services - California",https://app.apollo.io/#/organizations/650abe6e0753e200012a564f?overrideScoreId=score,,,,,,,,,
Kolorama Coatings,http://www.koloramacoatings.com,,,Oxnard,California,,,,,,apollo,"painting company, painting services - California",https://app.apollo.io/#/organizations/63db851206446500daac7640?overrideScoreId=score,,,,,,,,,
Stark Remodeling Los Angeles,http://www.starkremodelingservices.com,,,Los Angeles,California,,,,,,apollo,"painting company, painting services - California",https://app.apollo.io/#/organizations/6311dddd9a5618008b2f9053?overrideScoreId=score,,,,,,,,,
AllSets Design & Construction,http://www.allsets.com,,,Los Angeles,California,,,,,,apollo,"painting company, painting services - California",https://app.apollo.io/#/organizations/61ec686755de680001c33407?overrideScoreId=score,,,,,,,,,
Moorhouse,http://www.moorhousecoating.com,,,Palm Desert,California,,,,,,apollo,"painting company, painting services - California",https://app.apollo.io/#/organizations/60d70bae21ec6f008ca9977d?overrideScoreId=score,,,,,,,,,
"ADL PAINTING AND WALL COVERING, INC",http://www.adlpainting.com,,,Corona,California,,,,,,apollo,"painting company, painting services - California",https://app.apollo.io/#/organizations/5ed1a167fc64a30001a31fc7?overrideScoreId=score,,,,,,,,,
Tower Power Group Inc.,http://www.towerpowergroup.com,,,Sacramento,California,,,,,,apollo,"painting company, painting services - California",https://app.apollo.io/#/organizations/556d69f87369641261dc0401?overrideScoreId=score,,,,,,,,,
"Brad Stoner Painting, Inc.",http://www.bradstonerpainting.com,,,Brad Stoner Painting,Inc.,,,,,,apollo,"painting company, painting services - Inc.",https://app.apollo.io/#/organizations/54a1a2bf7468695860febc03?overrideScoreId=score,,,,,,,,,
"CBC Cleaning and Construction, Inc",http://www.cbcfirst.com,,,CBC Cleaning and Construction,Inc,,,,,,apollo,"painting company, painting services - Inc",https://app.apollo.io/#/organizations/54a1a12674686942d30b3203?overrideScoreId=score,,,,,,,,,
New Life Bath & Kitchen,http://www.newlifehi.com,,,Santa Maria,California,,,,,,apollo,"painting company, painting services - California",https://app.apollo.io/#/organizations/54a135b369702d2f9fb62d01?overrideScoreId=score,,,,,,,,,
Partnership Painting,http://www.partnershippainting.com,,,Pasadena,California,,,,,,apollo,"painting company, painting services - California",https://app.apollo.io/#/organizations/54a12ad969702d9313675f02?overrideScoreId=score,,,,,,,,,
San Diego Paint Pros,http://www.sandiegopaintpros.com,,,San Diego,California,,,,,,apollo,"painting company, painting services - California",https://app.apollo.io/#/organizations/614ef70f6c4e6b0001853625?overrideScoreId=score,,,,,,,,,
Bedford Gallery,http://www.bedfordgallery.org,,,Walnut Creek,California,,,,,,apollo,"painting company, painting services - California",https://app.apollo.io/#/organizations/5ed03a177aef740001800f66?overrideScoreId=score,,,,,,,,,
"QCP, Inc.",http://www.qcpconstruction.com,,,Ventura,California,,,,,,apollo,"painting company, painting services - California",https://app.apollo.io/#/organizations/56e11e64f3e5bb3f5d00016b?overrideScoreId=score,,,,,,,,,
"D AND B PAINTING COMPANY, INC.",http://www.dbpaint.com,,,Oakland,California,,,,,,apollo,"painting company, painting services - California",https://app.apollo.io/#/organizations/55ef63dff3e5bb49b10005c7?overrideScoreId=score,,,,,,,,,
Joaquin Painting,http://www.joaquinpainting.com,,,Modesto,California,,,,,,apollo,"painting company, painting services - California",https://app.apollo.io/#/organizations/5592355e73696419d880cd00?overrideScoreId=score,,,,,,,,,
RedHammer Building Services,http://www.redhammerbuilding.com,,,Sacramento,California,,,,,,apollo,"painting company, painting services - California",https://app.apollo.io/#/organizations/556d5883736964127ee7e700?overrideScoreId=score,,,,,,,,,
Ray-Mac Painting,http://www.raymacpainting.com,,,Camarillo,California,,,,,,apollo,"painting company, painting services - California",https://app.apollo.io/#/organizations/54a1344369702d3cbb241c00?overrideScoreId=score,,,,,,,,,
Foxtrot Construction,http://www.foxtco.com,,,Ontario,California,,,,,,apollo,"painting company, painting services - California",https://app.apollo.io/#/organizations/67c88e0acb8fcb000d2731ee?overrideScoreId=score,,,,,,,,,
WALL 2 WALL PAINTING & SERVICES,http://www.wall2wallpaintingandservices.com,,,Escondido,California,,,,,,apollo,"painting company, painting services - California",https://app.apollo.io/#/organizations/6738ac580c75e700019a8f30?overrideScoreId=score,,,,,,,,,
Brady Construction Group,http://www.bradyconstruction.com,,,Ontario,California,,,,,,apollo,"painting company, painting services - California",https://app.apollo.io/#/organizations/64ae12f640d97501d561f5a2?overrideScoreId=score,,,,,,,,,
JLM Painting Inc,http://www.jlmpaintinginc.com,,,Petaluma,California,,,,,,apollo,"painting company, painting services - California",https://app.apollo.io/#/organizations/63b3df5342ae1c00fcbc5443?overrideScoreId=score,,,,,,,,,
"Majestic Life General Contracting, Inc. / Majestic Life Painting",http://www.majesticlifecontracting.com,,,Rancho Cordova,California,,,,,,apollo,"painting company, painting services - California",https://app.apollo.io/#/organizations/5ed5827645fca50001eae84c?overrideScoreId=score,,,,,,,,,
Kelley Painting Services,,,,Murrieta,California,,,,,,apollo,"painting company, painting services - California",https://app.apollo.io/#/organizations/57c4cfbaa6da986a7fc94aa0?overrideScoreId=score,,,,,,,,,
BROWDER PAINTING COMPANY INC.,,,,San Luis Obispo,California,,,,,,apollo,"painting company, painting services - California",https://app.apollo.io/#/organizations/66fce997a8ca0e000112a3b6?overrideScoreId=score,,,,,,,,,
MIGALE PAINTING COMPANY,http://www.migalepainting.com,,,Novato,California,,,,,,apollo,"painting company, painting services - California",https://app.apollo.io/#/organizations/66f1070d3a3bc5000178f9bf?overrideScoreId=score,,,,,,,,,
RA PAINTING & SERVICES INC,http://www.rapaint.com,,,El Cajon,California,,,,,,apollo,"painting company, painting services - California",https://app.apollo.io/#/organizations/66d4870696c434000160abf5?overrideScoreId=score,,,,,,,,,
Basile Interiors Ltd,http://www.basileinteriors.com,,,Windsor,California,,,,,,apollo,"painting company, painting services - California",https://app.apollo.io/#/organizations/6368e2c410bbcf000132e8dc?overrideScoreId=score,,,,,,,,,
Cali Builders & Construction Inc.,http://www.cali-builders.com,,,Los Angeles,California,,,,,,apollo,"painting company, painting services - California",https://app.apollo.io/#/organizations/60d424f46844f900da571656?overrideScoreId=score,,,,,,,,,
MPG Painting,http://www.mpgpainting.net,,,Sacramento,California,,,,,,apollo,"painting company, painting services - California",https://app.apollo.io/#/organizations/60b1e99bd26791000182aa36?overrideScoreId=score,,,,,,,,,
City Wide Restoration and Construction,http://www.citywiderestorationandconstruction.com,,,Sacramento,California,,,,,,apollo,"painting company, painting services - California",https://app.apollo.io/#/organizations/5fc88aa851b0ec0001da20f2?overrideScoreId=score,,,,,,,,,
The Painting Company San Diego,http://www.sandiegopaintingcompany.com,,,San Diego,California,,,,,,apollo,"painting company, painting services - California",https://app.apollo.io/#/organizations/5e582db89303fe00015a92ba?overrideScoreId=score,,,,,,,,,
ProCom Painting Inc.,http://www.procompainting.com,,,Ontario,California,,,,,,apollo,"painting company, painting services - California",https://app.apollo.io/#/organizations/5e55c811c1df75000167ce90?overrideScoreId=score,,,,,,,,,
Construction Concern Inc,http://www.constructionconcern.com,,,Santa Clarita,California,,,,,,apollo,"painting company, painting services - California",https://app.apollo.io/#/organizations/55ea5c62f3e5bb5940005f5a?overrideScoreId=score,,,,,,,,,
Kunst Painting,http://www.kunstpainting.com,,,San Rafael,California,,,,,,apollo,"painting company, painting services - California",https://app.apollo.io/#/organizations/5569f15c73696425db1ab900?overrideScoreId=score,,,,,,,,,
"Vertex Coatings, Inc.",http://www.vertexcoatings.com,,,Vertex Coatings,Inc.,,,,,,apollo,"painting company, painting services - Inc.",https://app.apollo.io/#/organizations/55f7bb76f3e5bb4c880001f9?overrideScoreId=score,,,,,,,,,
R&K TRADESMEN PLUMBING ELECTRICAL H.V.A.C. GENERAL CONRACTORS,http://www.rktradesmen.com,,,Los Angeles,California,,,,,,apollo,"painting company, painting services - California",https://app.apollo.io/#/organizations/54fca4d27369640180612f00?overrideScoreId=score,,,,,,,,,
Rayco Painting,http://www.raycopainting.com,,,Oakland,California,,,,,,apollo,"painting company, painting services - California",https://app.apollo.io/#/organizations/54a1287d69702dc84157e600?overrideScoreId=score,,,,,,,,,
Troy's Painting,http://www.troyspainting.com,,,Santa Ana,California,,,,,,apollo,"painting company, painting services - California",https://app.apollo.io/#/organizations/54a1f9247468693fda340d02?overrideScoreId=score,,,,,,,,,
C2SI,http://www.c2si.com,,,Carlsbad,California,,,,,,apollo,"painting company, painting services - California",https://app.apollo.io/#/organizations/54a11ec369702da10f9e9a01?overrideScoreId=score,,,,,,,,,
ALLBRiGHT 1-800-PAINTING,http://www.allbrightpainting.com,,,Santa Clarita,California,,,,,,apollo,"painting company, painting services - California",https://app.apollo.io/#/organizations/556cf67a736964122a9c6100?overrideScoreId=score,,,,,,,,,
Shafran Construction,http://www.shafranconstruction.com,,,Agoura Hills,California,,,,,,apollo,"painting company, painting services - California",https://app.apollo.io/#/organizations/54fca62873696401a7a53200?overrideScoreId=score,,,,,,,,,
GoldenLine Construction,http://www.goldenlineconstruction.com,,,Los Angeles,California,,,,,,apollo,"painting company, painting services - California",https://app.apollo.io/#/organizations/54fca59d7369647fe21d3300?overrideScoreId=score,,,,,,,,,
R&L Quality Painting,http://www.rlqualitypainting.com,,,Brea,California,,,,,,apollo,"painting company, painting services - California",https://app.apollo.io/#/organizations/5ed211f9abf8dd0001a39465?overrideScoreId=score,,,,,,,,,
"Perryman Painting & Remodeling, Inc.",http://www.perrymanpainting.com,,,Perryman Painting & Remodeling,Inc.,,,,,,apollo,"painting company, painting services - Inc.",https://app.apollo.io/#/organizations/5da52c87313a320001957a27?overrideScoreId=score,,,,,,,,,
River City Reconstruction & Painting,http://www.rcityrestoration.com,,,Sacramento,California,,,,,,apollo,"painting company, painting services - California",https://app.apollo.io/#/organizations/5569f8c973696434798a0100?overrideScoreId=score,,,,,,,,,
Hytron Manufacturing,http://www.hytronmanufacturing.com,,,Huntington Beach,California,,,,,,apollo,"painting company, painting services - California",https://app.apollo.io/#/organizations/5f43c48f9a74ec008c2517cd?overrideScoreId=score,,,,,,,,,
Armstrong Installation Service,http://www.armstrong1234.com,,,Emeryville,California,,,,,,apollo,"painting company, painting services - California",https://app.apollo.io/#/organizations/5da4609fd7e66f00017c2784?overrideScoreId=score,,,,,,,,,
"ALC Construction, LLC",http://www.alcconstructioninc.com,,,Los Angeles,California,,,,,,apollo,"painting company, painting services - California",https://app.apollo.io/#/organizations/556db209736964126c4f7401?overrideScoreId=score,,,,,,,,,
Larson Bros. Painting,http://www.larsonbrospainting.com,,,Napa,California,,,,,,apollo,"painting company, painting services - California",https://app.apollo.io/#/organizations/54fca5e573696401aac03100?overrideScoreId=score,,,,,,,,,
CalPro Construction & Painting,http://www.thinkcalpro.com,,,Roseville,California,,,,,,apollo,"painting company, painting services - California",https://app.apollo.io/#/organizations/54a1bb2174686942d34e040c?overrideScoreId=score,,,,,,,,,
Silicon Valley Builders Group,http://www.svbuildersgroup.com,,,San Jose,California,,,,,,apollo,"painting company, painting services - California",https://app.apollo.io/#/organizations/54a19f5d74686949e73fa802?overrideScoreId=score,,,,,,,,,
"Roussos Construction, Inc.",http://www.roussosconstruction.com,,,Roussos Construction,Inc.,,,,,,apollo,"painting company, painting services - Inc.",https://app.apollo.io/#/organizations/54a13a2d69702db45dc7a800?overrideScoreId=score,,,,,,,,,
"MICKEY WALL PAINTING, INC.",http://www.mickeywallpainting.com,,,Turlock,California,,,,,,apollo,"painting company, painting services - California",https://app.apollo.io/#/organizations/54a1206f69702da753154302?overrideScoreId=score,,,,,,,,,
"Landmark Painting, Inc.",http://www.landmarkpaintinginc.com,,,Landmark Painting,Inc.,,,,,,apollo,"painting company, painting services - Inc.",https://app.apollo.io/#/organizations/5da3684b0f892d00019d6579?overrideScoreId=score,,,,,,,,,
Around The House Handyman,http://www.hernandezhandymanservices.net,,,Fresno,California,,,,,,apollo,"painting company, painting services - California",https://app.apollo.io/#/organizations/57c505cfa6da986a673dacc5?overrideScoreId=score,,,,,,,,,
McCarthy Painting Inc.,http://www.mccarthypainting.com,,,San Rafael,California,,,,,,apollo,"painting company, painting services - California",https://app.apollo.io/#/organizations/54a1c25974686949e7c0960e?overrideScoreId=score,,,,,,,,,
Z&CJS,http://www.zncservices.com,,,Irvine,California,,,,,,apollo,"painting company, painting services - California",https://app.apollo.io/#/organizations/61bcda31cc869900da298669?overrideScoreId=score,,,,,,,,,
BAB Facilities,http://www.babfacilities.com,,,Santa Clara,California,,,,,,apollo,"painting company, painting services - California",https://app.apollo.io/#/organizations/616010ab31366d0001c4fc57?overrideScoreId=score,,,,,,,,,
Pro Painting Co.LLC,http://www.propaintingcollc.com,,,Los Angeles,California,,,,,,apollo,"painting company, painting services - California",https://app.apollo.io/#/organizations/5ed13e090c370f000191bad5?overrideScoreId=score,,,,,,,,,
Svendsen's Bay Marine,http://www.baymaritime.com,,,Richmond,California,,,,,,apollo,"painting company, painting services - California",https://app.apollo.io/#/organizations/5e56ed89bae08c0001371998?overrideScoreId=score,,,,,,,,,
"Abayla Contracting Services, Inc.",http://www.abayla.com,,,Abayla Contracting Services,Inc.,,,,,,apollo,"painting company, painting services - Inc.",https://app.apollo.io/#/organizations/5e55fa1f8ee16e00019c9555?overrideScoreId=score,,,,,,,,,
A-T.E.A.M. Contractors Inc.,http://www.ateam777.com,,,Oceanside,California,,,,,,apollo,"painting company, painting services - California",https://app.apollo.io/#/organizations/5d095652a3ae61145bc40398?overrideScoreId=score,,,,,,,,,
QUIROZ CONSTRUCTION,http://www.quirozconstructioninc.com,,,Corcoran,California,,,,,,apollo,"painting company, painting services - California",https://app.apollo.io/#/organizations/55f95c30f3e5bb6c41005272?overrideScoreId=score,,,,,,,,,
Expedite Precision Works Inc. - Precision Component Manufacturer,http://www.expediteprecision.com,,,San Jose,California,,,,,,apollo,"painting company, painting services - California",https://app.apollo.io/#/organizations/54a135d569702d44948eda00?overrideScoreId=score,,,,,,,,,
"Roy Miller Painting, Inc.",http://www.roymillerpainting.com,,,Roy Miller Painting,Inc.,,,,,,apollo,"painting company, painting services - Inc.",https://app.apollo.io/#/organizations/54a1225269702d84c5effb02?overrideScoreId=score,,,,,,,,,
Bay Painting Inc.,http://www.baypaintinginc.com,,,San Jose,California,,,,,,apollo,"painting company, painting services - California",https://app.apollo.io/#/organizations/63d5a32db1a1af0001d63828?overrideScoreId=score,,,,,,,,,
All Bay Paint Inc.,http://www.allbaypaint.com,,,Santa Clara,California,,,,,,apollo,"painting company, painting services - California",https://app.apollo.io/#/organizations/5f3fee0c1f48df0001a31abe?overrideScoreId=score,,,,,,,,,
Lawrence B. Bonas Company,http://www.bonasco.com,,,Costa Mesa,California,,,,,,apollo,"painting company, painting services - California",https://app.apollo.io/#/organizations/5e500b291a794800f29d1e52?overrideScoreId=score,,,,,,,,,
Anthony's Paint & Body Shop,http://www.anthonysbodyshop.com,,,Inglewood,California,,,,,,apollo,"painting company, painting services - California",https://app.apollo.io/#/organizations/5da4f21feaff2c000149fd1c?overrideScoreId=score,,,,,,,,,
Winv Painting & Coatings,http://www.winv.com,,,Corona,California,,,,,,apollo,"painting company, painting services - California",https://app.apollo.io/#/organizations/5b872300324d4412a18c1475?overrideScoreId=score,,,,,,,,,
Electron Plating Inc,http://www.electronplating.com,,,Santa Ana,California,,,,,,apollo,"painting company, painting services - California",https://app.apollo.io/#/organizations/55ea595ff3e5bb596c004c49?overrideScoreId=score,,,,,,,,,
West Coast Specialties,http://www.westcoastspecialtiessandiego.com,,,La Mirada,California,,,,,,apollo,"painting company, painting services - California",https://app.apollo.io/#/organizations/5592041b73696419d80d1b00?overrideScoreId=score,,,,,,,,,
Yancey Company,http://www.yanceycompany.com,,,Sacramento,California,,,,,,apollo,"painting company, painting services - California",https://app.apollo.io/#/organizations/54a208f47468693cdd1fea06?overrideScoreId=score,,,,,,,,,
Nugent Painting Inc.,http://www.nugentpainting.com,,,Huntington Beach,California,,,,,,apollo,"painting company, painting services - California",https://app.apollo.io/#/organizations/61616b68d15be40001229e92?overrideScoreId=score,,,,,,,,,
Rossi Painting & Construction,http://www.rossipainting.com,,,San Carlos,California,,,,,,apollo,"painting company, painting services - California",https://app.apollo.io/#/organizations/604a9bd9a8096d0001c3d87a?overrideScoreId=score,,,,,,,,,
Experts In Your Home,http://www.expertsinyourhome.com,,,Chico,California,,,,,,apollo,"painting company, painting services - California",https://app.apollo.io/#/organizations/5e584e95aa941100011869ff?overrideScoreId=score,,,,,,,,,
Tollner Painting Inc,http://www.tollnerpainting.com,,,Campbell,California,,,,,,apollo,"painting company, painting services - California",https://app.apollo.io/#/organizations/55921e94736964186f1e7e00?overrideScoreId=score,,,,,,,,,
J.W. Peterson Painting Inc.,http://www.jwpetersonpainting.com,,,Livermore,California,,,,,,apollo,"painting company, painting services - California",https://app.apollo.io/#/organizations/556ceec47369641226a04f00?overrideScoreId=score,,,,,,,,,
Vivid Inc.,http://www.vividinc.com,,,Santa Clara,California,,,,,,apollo,"painting company, painting services - California",https://app.apollo.io/#/organizations/54a1e35b7468695c82bca615?overrideScoreId=score,,,,,,,,,
Painters Plus,http://www.paintersplus.us,,,Encinitas,California,,,,,,apollo,"painting company, painting services - California",https://app.apollo.io/#/organizations/673d8a51d2ed6201b024c4c5?overrideScoreId=score,,,,,,,,,
Encinitas Home Remodeling,http://www.encinitashomeremodeling.com,,,San Marcos,California,,,,,,apollo,"painting company, painting services - California",https://app.apollo.io/#/organizations/650295108c40fe0001e8e07f?overrideScoreId=score,,,,,,,,,
SKY EDIFICE,http://www.skyedifice.com,,,Cerritos,California,,,,,,apollo,"painting company, painting services - California",https://app.apollo.io/#/organizations/61616eed8bfbd30001b43792?overrideScoreId=score,,,,,,,,,
LA Contractors and Builders,http://www.lacontractorsbuilders.com,,,Los Angeles,California,,,,,,apollo,"painting company, painting services - California",https://app.apollo.io/#/organizations/604a7663a1a8d700018dc6a4?overrideScoreId=score,,,,,,,,,
Brooks Painting Inc.,http://www.brookspainting.com,,,Davis,California,,,,,,apollo,"painting company, painting services - California",https://app.apollo.io/#/organizations/54a12b1469702d95481e5a02?overrideScoreId=score,,,,,,,,,
Axis Construction,http://www.axisconstruction.com,,,Hayward,California,,,,,,apollo,"painting company, painting services - California",https://app.apollo.io/#/organizations/5f48d37097047500014c927e?overrideScoreId=score,,,,,,,,,
Reliable Painting,http://www.reliablepainting.com,,,San Diego,California,,,,,,apollo,"painting company, painting services - California",https://app.apollo.io/#/organizations/54a135b469702d4494c7c300?overrideScoreId=score,,,,,,,,,
"DC Painting, Inc.",http://www.dcpaint.com,,,DC Painting,Inc.,,,,,,apollo,"painting company, painting services - Inc.",https://app.apollo.io/#/organizations/54a209e67468693fda8d4507?overrideScoreId=score,,,,,,,,,
Duggan and Associates,http://www.dugganla.com,,,Los Angeles,California,,,,,,apollo,"painting company, painting services - California",https://app.apollo.io/#/organizations/5d33f360f651253558fc210e?overrideScoreId=score,,,,,,,,,
Allied Storage Containers,http://www.alliedstoragecontainers.com,,,Colton,California,,,,,,apollo,"painting company, painting services - California",https://app.apollo.io/#/organizations/57c4f8e6a6da986a07d26f06?overrideScoreId=score,,,,,,,,,
AeroPro LLC,http://www.aeropro.us,,,San Bernardino,California,,,,,,apollo,"painting company, painting services - California",https://app.apollo.io/#/organizations/608042fbf06be700fe33bbcc?overrideScoreId=score,,,,,,,,,
TME ENTERPRISES,http://www.tmepaint.com,,,San Martin,California,,,,,,apollo,"painting company, painting services - California",https://app.apollo.io/#/organizations/55edb39cf3e5bb584e000085?overrideScoreId=score,,,,,,,,,
PS2 Inc,http://www.ps2-inc.com,,,Gardena,California,,,,,,apollo,"painting company, painting services - California",https://app.apollo.io/#/organizations/55eb491cf3e5bb781e0034a2?overrideScoreId=score,,,,,,,,,
Crown Painting Inc,http://www.crownpaintinginc.com,,,Modesto,California,,,,,,apollo,"painting company, painting services - California",https://app.apollo.io/#/organizations/5e56abdf6e001c00015bca1e?overrideScoreId=score,,,,,,,,,
"George E. Masker, Inc.",http://www.maskerpainting.com,,,George E. Masker,Inc.,,,,,,apollo,"painting company, painting services - Inc.",https://app.apollo.io/#/organizations/54a1df3e7468695475ab5e15?overrideScoreId=score,,,,,,,,,
Pro-Tech Painting,http://www.pro-techpainting.com,,,San Diego,California,,,,,,apollo,"painting company, painting services - California",https://app.apollo.io/#/organizations/54a11c5369702d8ccce59700?overrideScoreId=score,,,,,,,,,
MC Contracting,http://www.mc-contracting.com,,,Oceanside,California,,,,,,apollo,"painting company, painting services - California",https://app.apollo.io/#/organizations/5b84c54d324d44716a2001c4?overrideScoreId=score,,,,,,,,,
Legacy Painting Contractors,http://www.legacypaintingcontractorsca.com,,,Pleasanton,California,,,,,,apollo,"painting company, painting services - California",https://app.apollo.io/#/organizations/5500b2d97369642daa6a2a00?overrideScoreId=score,,,,,,,,,
Cinderella Company,http://www.thecinderellacompany.com,,,Concord,California,,,,,,apollo,"painting company, painting services - California",https://app.apollo.io/#/organizations/54a11e7769702d9d7ef96f01?overrideScoreId=score,,,,,,,,,
Pacific Western Painting and Construction,http://www.pacwestpainting.com,,,San Marcos,California,,,,,,apollo,"painting company, painting services - California",https://app.apollo.io/#/organizations/54a1295d69702dcef98e9301?overrideScoreId=score,,,,,,,,,
Community Labor Partnership,http://www.communitylaborpartnership.com,,,Los Alamos,California,,,,,,apollo,"painting company, painting services - California",https://app.apollo.io/#/organizations/6263ee586691e90001b8a796?overrideScoreId=score,,,,,,,,,
"SIGNATURE PAINTING AND CONSTRUCTION, INC.",http://www.signatureservices.us,,,Walnut Creek,California,,,,,,apollo,"painting company, painting services - California",https://app.apollo.io/#/organizations/665377961bc7340001b49075?overrideScoreId=score,,,,,,,,,
"Magic Maintenance, Inc.",http://www.magicmaintenanceinc.com,,,Magic Maintenance,Inc.,,,,,,apollo,"painting company, painting services - Inc.",https://app.apollo.io/#/organizations/67a252109b81e902d0f766a2?overrideScoreId=score,,,,,,,,,
Urban Painting,http://www.urbanpainting.com,,,San Rafael,California,,,,,,apollo,"painting company, painting services - California",https://app.apollo.io/#/organizations/5ed25c0aeeff5c00012dc210?overrideScoreId=score,,,,,,,,,
Mcr Construction,http://www.mcrdreambuilders.com,,,Moorpark,California,,,,,,apollo,"painting company, painting services - California",https://app.apollo.io/#/organizations/57c505daa6da986a1b288fdf?overrideScoreId=score,,,,,,,,,
Varsity Painting,http://www.varsitypainting.com,,,Walnut Creek,California,,,,,,apollo,"painting company, painting services - California",https://app.apollo.io/#/organizations/54a137f869702d9b89351100?overrideScoreId=score,,,,,,,,,
Steves Painting,http://www.stevespaintinginc.com,,,Ontario,California,,,,,,apollo,"painting company, painting services - California",https://app.apollo.io/#/organizations/55ec9b1bf3e5bb12cd0049e6?overrideScoreId=score,,,,,,,,,
"MB Jessee Painting, Inc.",http://www.mbjessee.com,,,MB Jessee Painting,Inc.,,,,,,apollo,"painting company, painting services - Inc.",https://app.apollo.io/#/organizations/55f48969f3e5bb3aac000cca?overrideScoreId=score,,,,,,,,,
EnVision LED Lighting,http://www.envisionledlighting.com,,,Bell,California,,,,,,apollo,"painting company, painting services - California",https://app.apollo.io/#/organizations/54fca31f73696401544d1800?overrideScoreId=score,,,,,,,,,
ALP CONSTRUCTION & PAINTING INC,http://www.alpconstructionca.com,,,Pleasant Hill,California,,,,,,apollo,"painting company, painting services - California",https://app.apollo.io/#/organizations/5e5694241a459300015c93bc?overrideScoreId=score,,,,,,,,,
Pacific Drywall,http://www.pacificdrywall.com,,,San Jose,California,,,,,,apollo,"painting company, painting services - California",https://app.apollo.io/#/organizations/5d0a82dba3ae613a6ca6c575?overrideScoreId=score,,,,,,,,,
Gallaher Company,http://www.gallaherco.com,,,San Jose,California,,,,,,apollo,"painting company, painting services - California",https://app.apollo.io/#/organizations/55696da07369642598092800?overrideScoreId=score,,,,,,,,,
Affinity Painting Company Inc.,http://www.affinity-painting.com,,,Covina,California,,,,,,apollo,"painting company, painting services - California",https://app.apollo.io/#/organizations/5da7015581f1650001b1c11f?overrideScoreId=score,,,,,,,,,
"Painting Unlimited, Inc.",http://www.paintingunlimited-inc.com,,,Painting Unlimited,Inc.,,,,,,apollo,"painting company, painting services - Inc.",https://app.apollo.io/#/organizations/5e57addca4128d0001c84836?overrideScoreId=score,,,,,,,,,
Rogall + Co.,http://www.rogall.com,,,Morro Bay,California,,,,,,apollo,"painting company, painting services - California",https://app.apollo.io/#/organizations/56d5ffd0f3e5bb35e50009d7?overrideScoreId=score,,,,,,,,,
