Name,Website,Phone,Address,City,State,PostalCode,Rating,Reviews,Categories,Email,Source,Query,Apollo,Revenue,Employees,Keywords,LinkedIn,Facebook,Twitter,Hours,Description,SocialProfiles
Ritchie Bros.,http://www.ritchiebros.com,,,Westchester,Illinois,,,,,,apollo,"painting company, painting services - Illinois",https://app.apollo.io/#/organizations/54a23b947468693fda2e3218?overrideScoreId=score,,,auctions+110,http://www.linkedin.com/company/ritchie-bros,,,,,
Standard Drywall Inc.,http://www.standarddrywall.com,,,Corona,California,,,,,,apollo,"painting company, painting services - California",https://app.apollo.io/#/organizations/54a19e1474686945faba4302?overrideScoreId=score,,,acoustical+123,http://www.linkedin.com/company/standard-drywall-inc.,https://facebook.com/standard-drywall-inc-2224929251061835,,,,
College Works Painting,http://www.collegeworks.com,,,Irvine,California,,,,,,apollo,"painting company, painting services - California",https://app.apollo.io/#/organizations/54a1341b69702d2db4495e00?overrideScoreId=score,9.5M,,paintingleading+62,http://www.linkedin.com/company/college-works-painting,https://facebook.com/collegeworks,https://twitter.com/College_Works,,,
Vivax Pros,http://www.vivaxpros.com,,,Denver,Colorado,,,,,,apollo,"painting company, painting services - Colorado",https://app.apollo.io/#/organizations/5da448f510ef7e00014d4a1a?overrideScoreId=score,25M,,painting company+57,http://www.linkedin.com/company/vivax-pro-painting,https://facebook.com/vivaxpros,https://twitter.com/Vivax_Pros,,,
J & J Construction,http://www.jandjconst.net,,,Westminster,Maryland,,,,,,apollo,"painting company, painting services - Maryland",https://app.apollo.io/#/organizations/5d345b27f65125ec423670ab?overrideScoreId=score,,,construction+59,http://www.linkedin.com/company/j-j-construction,https://www.facebook.com/JJ2000Inc,,,,
Stucco Repair Phoenix,http://www.stuccorepairphoenix.com,,,Phoenix,Arizona,,,,,,apollo,"painting company, painting services - Arizona",https://app.apollo.io/#/organizations/645e10f1fa1d730001e4008b?overrideScoreId=score,,,,http://www.linkedin.com/company/stucco-repair-phoenix,,,,,
Creek Valley Construction,http://www.creekvalleyconstruction.com,,,Franklin,Tennessee,,,,,,apollo,"painting company, painting services - Tennessee",https://app.apollo.io/#/organizations/637b79bbd30deb00b9d1d207?overrideScoreId=score,,,carpentry+66,http://www.linkedin.com/company/creekvalleyconstruction,,,,,
painting contractor,http://www.wellspaintservice.com,,,Kiowa,Kansas,,,,,,apollo,"painting company, painting services - Kansas",https://app.apollo.io/#/organizations/56d978fff3e5bb731d002ade?overrideScoreId=score,,,painting contractor,http://www.linkedin.com/company/painting-contractor,,,,,
Painter Bros,http://www.painterbros.com,,,American Fork,Utah,,,,,,apollo,"painting company, painting services - Utah",https://app.apollo.io/#/organizations/60f648f7c0fda10001b16b6f?overrideScoreId=score,,,interior painting+59,http://www.linkedin.com/company/painter-bros-franchising,,,,,
Reynolds Construction Company,http://www.reynoldsconstructioncompany.com,,,Pine Bluff,Arkansas,,,,,,apollo,"painting company, painting services - Arkansas",https://app.apollo.io/#/organizations/5ed179d1d694a4000192322b?overrideScoreId=score,,,commercial roofing+53,http://www.linkedin.com/company/reynolds-construction-company,https://www.facebook.com/ReynoldsConstructionAndCommercialRoofing/,https://twitter.com/reynoldsconstr2,,,
Professional Painting,http://www.professionalpainting.com,,,Redding,California,,,,,,apollo,"painting company, painting services - California",https://app.apollo.io/#/organizations/5c260a2aa3ae6149eb9264d9?overrideScoreId=score,,,exterior painting+47,http://www.linkedin.com/company/professional-paintingredding,https://www.facebook.com/professionalpaintingredding/,https://twitter.com/propaintredding,,,
Painting Contractor USA,http://www.paintingcontractorusa.com,,,Fort Wayne,Indiana,,,,,,apollo,"painting company, painting services - Indiana",https://app.apollo.io/#/organizations/54a1bb977468695475b1090c?overrideScoreId=score,48.8M,,agricultural painting+58,http://www.linkedin.com/company/painting-contractor-usa,https://facebook.com/PaintingContractorUSA,https://twitter.com/PContractorUSA,,,
Chaparral Company,http://www.chaparralco.com,,,Waco,Texas,,,,,,apollo,"painting company, painting services - Texas",https://app.apollo.io/#/organizations/5f9966c75503ee008c51b0cf?overrideScoreId=score,33.4M,,piping insulation+49,http://www.linkedin.com/company/chaparral-company,,https://twitter.com/chaparral_is_ps,,,
Pete King Construction,http://www.petekingaz.com,,,Phoenix,Arizona,,,,,,apollo,"painting company, painting services - Arizona",https://app.apollo.io/#/organizations/5d09707080f93e32feb7662e?overrideScoreId=score,25.6M,,drywall+65,http://www.linkedin.com/company/pete-king-construction,https://www.facebook.com/petekingconstruction/,,,,
ATG Construction Services,http://www.atgweb.com,,,Hillsboro,Oregon,,,,,,apollo,"painting company, painting services - Oregon",https://app.apollo.io/#/organizations/5500c3b47369641710974600?overrideScoreId=score,10M,,architectural services+79,http://www.linkedin.com/company/advanced-technology-group-inc-,https://www.facebook.com/ATGWebInc/,,,,
Maguire,http://www.maguirewater.com,,,Sioux Falls,South Dakota,,,,,,apollo,"painting company, painting services - South Dakota",https://app.apollo.io/#/organizations/64585912762c7200012ed2df?overrideScoreId=score,,,water tower experts+54,http://www.linkedin.com/company/maguire-inc,,,,,
HandyPro,http://www.handypro.com,,,Farmington,Michigan,,,,,,apollo,"painting company, painting services - Michigan",https://app.apollo.io/#/organizations/6065d9a26d288200e2af8a36?overrideScoreId=score,2M,,fully licensed+76,http://www.linkedin.com/company/handypro,https://www.facebook.com/HandyProFans,https://twitter.com/HandyPro,,,
Armstrong Construction,http://www.jarmstrongconstruction.com,,,Covina,California,,,,,,apollo,"painting company, painting services - California",https://app.apollo.io/#/organizations/54a138a569702d2851ff0000?overrideScoreId=score,26.4M,,,http://www.linkedin.com/company/armstrong-construction,,,,,
Axis Industries,http://www.axisindustries.com,,,La Porte,Texas,,,,,,apollo,"painting company, painting services - Texas",https://app.apollo.io/#/organizations/6217060000442b0001b15498?overrideScoreId=score,,,scaffolding+63,http://www.linkedin.com/company/axis-industries,,,,,
PCM Services,http://www.pcmservices.com,,,Beltsville,Maryland,,,,,,apollo,"painting company, painting services - Maryland",https://app.apollo.io/#/organizations/54a12a8669702d9b8be42702?overrideScoreId=score,1.9M,,asphaltconcrete+62,http://www.linkedin.com/company/pcm-services,https://facebook.com/ExceedingClientExpectations,https://twitter.com/PCMServices92,,,
MC Painting,http://www.mc-painting.com,,,Oceanside,California,,,,,,apollo,"painting company, painting services - California",https://app.apollo.io/#/organizations/54a11be469702d8aa1205d00?overrideScoreId=score,,,painting+52,http://www.linkedin.com/company/mc-painting,,,,,
Stewart Richey Contracting Group,http://www.stewartrichey.com,,,Bowling Green,Kentucky,,,,,,apollo,"painting company, painting services - Kentucky",https://app.apollo.io/#/organizations/54a19b1e74686954753d2901?overrideScoreId=score,4.9M,,concretepainting+66,http://www.linkedin.com/company/stewart-richey-construction-inc-,https://facebook.com/StewartRichey,https://twitter.com/StewartRichey,,,
Long Painting Company,http://www.longpainting.com,,,Kent,Washington,,,,,,apollo,"painting company, painting services - Washington",https://app.apollo.io/#/organizations/54a1206969702d8aa13d4102?overrideScoreId=score,4.4M,,tank linings+57,http://www.linkedin.com/company/long-painting-company,https://facebook.com/longpaintingcompany,https://twitter.com/LongPaintingCo,,,
A&K Painting Company,http://www.akpainting.com,,,Charlotte,North Carolina,,,,,,apollo,"painting company, painting services - North Carolina",https://app.apollo.io/#/organizations/54a11eb469702d77c29b9b01?overrideScoreId=score,4.1M,,,http://www.linkedin.com/company/a&k-painting,https://facebook.com/pages/AK-Painting-Company/257140764912,https://twitter.com/AKPaint,,,
"CENTURY DRYWALL, INC.",http://www.centurydrywallinc.com,,,Lincoln,Rhode Island,,,,,,apollo,"painting company, painting services - Rhode Island",https://app.apollo.io/#/organizations/6656e22b48b4440001a0755d?overrideScoreId=score,80M,,,http://www.linkedin.com/company/century-drywall-inc.,,,,,
"Omni Glass & Paint, LLC",http://www.omnigp.com,,,Oshkosh,Wisconsin,,,,,,apollo,"painting company, painting services - Wisconsin",https://app.apollo.io/#/organizations/55f00f51f3e5bb0e5c003d20?overrideScoreId=score,1.3M,,commercial glass+59,http://www.linkedin.com/company/omni-glass-&-paint-inc-,http://facebook.com/omnigp,https://twitter.com/omniglasspaint,,,
Fisher Tank Company,http://www.fishertank.com,,,Chester,Pennsylvania,,,,,,apollo,"painting company, painting services - Pennsylvania",https://app.apollo.io/#/organizations/54a1afab746869401293ff07?overrideScoreId=score,24.3M,,api 650api 653+65,http://www.linkedin.com/company/fisher-tank-company,http://www.facebook.com/FisherTankCompany/,https://twitter.com/fishertankco/,,,
"Swanson & Youngdale, Inc.",http://www.swansonyoungdale.com,,,Swanson & Youngdale,Inc.,,,,,,apollo,"painting company, painting services - Inc.",https://app.apollo.io/#/organizations/54a19e137468694012a44002?overrideScoreId=score,11.6M,,commercial painting+46,http://www.linkedin.com/company/swanson-&-youngdale-inc.,https://www.facebook.com/Swanson-Youngdale-Inc-249764911736118/,https://twitter.com/SY_SYINC,,,
"Graydaze Contracting, Inc.",http://www.graydaze.com,,,Graydaze Contracting,Inc.,,,,,,apollo,"painting company, painting services - Inc.",https://app.apollo.io/#/organizations/54a1297a69702db6481a9701?overrideScoreId=score,100M,,painting+57,http://www.linkedin.com/company/graydaze,https://www.facebook.com/GraydazeContracting,,,,
Stancil Services,http://www.stancilservices.com,,,Concord,North Carolina,,,,,,apollo,"painting company, painting services - North Carolina",https://app.apollo.io/#/organizations/54a1281369702d8eeb913201?overrideScoreId=score,35.1M,,inc 5000+46,http://www.linkedin.com/company/stancil-services,,,,,
Pro Painters,http://www.mypropainters.com,,,Houston,Texas,,,,,,apollo,"painting company, painting services - Texas",https://app.apollo.io/#/organizations/55ed8641f3e5bb227b0016f5?overrideScoreId=score,,,interior painting+62,http://www.linkedin.com/company/pro-painters,https://www.facebook.com/mypropainters,,,,
Superior Contracting & Maintenance,http://www.superior-maintenance.com,,,Marietta,Georgia,,,,,,apollo,"painting company, painting services - Georgia",https://app.apollo.io/#/organizations/5da3c1da3e9e680001c76474?overrideScoreId=score,,,plumbingelectrical+83,http://www.linkedin.com/company/superior-contracting-maintenance,,,,,
Precision Painting Plus,http://www.precisionpaintingplus.net,,,Westbury,New York,,,,,,apollo,"painting company, painting services - New York",https://app.apollo.io/#/organizations/559215e473696418f65a5c00?overrideScoreId=score,12.3M,,painting interior+75,http://www.linkedin.com/company/precision-painting-plus,https://facebook.com/precisionpaintingplus/,https://twitter.com/precisionpp,,,
Nolan Painting,http://www.nolanpainting.com,,,Havertown,Pennsylvania,,,,,,apollo,"painting company, painting services - Pennsylvania",https://app.apollo.io/#/organizations/54a1b02574686958600c5508?overrideScoreId=score,13.4M,,,http://www.linkedin.com/company/nolan-painting,https://www.facebook.com/NolanPaintingContractor,https://twitter.com/nolan_painting,,,
"Ascher Brothers Co., Inc.",http://www.ascherbrothers.com,,,Chicago,Illinois,,,,,,apollo,"painting company, painting services - Illinois",https://app.apollo.io/#/organizations/61ec33991e83ed0001ec33ef?overrideScoreId=score,31.8M,,,http://www.linkedin.com/company/ascherbrothers,https://facebook.com/AscherBrothersCoInc,,,,
Whitecap Construction Services,http://www.whitecapconstructionservices.com,,,Manassas,Virginia,,,,,,apollo,"painting company, painting services - Virginia",https://app.apollo.io/#/organizations/61eb8515ab01540001e837df?overrideScoreId=score,,,remodelswindows+93,http://www.linkedin.com/company/whitecap-construction-services,https://www.facebook.com/WhitecapConstructionServices/,,,,
IOC Construction,http://www.iocconstruction.com,,,Batavia,Illinois,,,,,,apollo,"painting company, painting services - Illinois",https://app.apollo.io/#/organizations/54a135fe69702d46f0c7ea00?overrideScoreId=score,,,interior+69,http://www.linkedin.com/company/inside-out-company,,,,,
"Arch Painting, Inc.",http://www.archpainting.com,,,Arch Painting,Inc.,,,,,,apollo,"painting company, painting services - Inc.",https://app.apollo.io/#/accounts/68f0199cc13bac00210d6d46?overrideScoreId=score,9.1M,,corporateretail+81,http://www.linkedin.com/company/arch-painting-inc-,https://facebook.com/archpainting,https://twitter.com/archpainting,,,
PRESTIGE PAINTING,http://www.prestigepainting1.com,,,Venetia,Pennsylvania,,,,,,apollo,"painting company, painting services - Pennsylvania",https://app.apollo.io/#/organizations/54a1bfab7468694f8fa8cb0d?overrideScoreId=score,,,interior painting+49,http://www.linkedin.com/company/prestige-painting,,,,,
Johnson Contracting Company,http://www.jccinc.com,,,East Moline,Illinois,,,,,,apollo,"painting company, painting services - Illinois",https://app.apollo.io/#/organizations/54a1a0b674686945fa261b03?overrideScoreId=score,27.4M,,plumbingheating+63,http://www.linkedin.com/company/johnson-contracting-co--inc,,,,,
International Decorators Inc.,http://www.4idi.com,,,Barrington,Illinois,,,,,,apollo,"painting company, painting services - Illinois",https://app.apollo.io/#/organizations/54a199577468695860099f00?overrideScoreId=score,64.0M,,,http://www.linkedin.com/company/international-decorators-inc-,https://www.facebook.com/internationaldecorators/,,,,
JC Painting Co,http://www.jcpaintingusa.com,,,Austin,Texas,,,,,,apollo,"painting company, painting services - Texas",https://app.apollo.io/#/organizations/55f9bb3ef3e5bb7c48001dd3?overrideScoreId=score,,,,http://www.linkedin.com/company/jc-painting-co,,,,,
"Jamestown Painting, Inc",http://www.jamestownpainting.com,,,Jamestown Painting,Inc,,,,,,apollo,"painting company, painting services - Inc",https://app.apollo.io/#/organizations/5ed4b0ede82ab60001a50ed9?overrideScoreId=score,32.8M,,joint expansions+76,http://www.linkedin.com/company/jamestown-painting,https://facebook.com/jamestownpaintinginc,https://twitter.com/jamestownpaint,,,
VPI,http://www.vpi.net,,,Sacramento,California,,,,,,apollo,"painting company, painting services - California",https://app.apollo.io/#/organizations/5e297c6d9577ad00e05e9c9c?overrideScoreId=score,,,project management+50,http://www.linkedin.com/company/vpipro,https://www.facebook.com/VPIpro/,,,,
General Coatings Corporation,http://www.gencoat.com,,,San Diego,California,,,,,,apollo,"painting company, painting services - California",https://app.apollo.io/#/organizations/673e4e5271ff6a01b0b0f13d?overrideScoreId=score,6.5M,,waterproof coatings+47,http://www.linkedin.com/company/general-coatings-corporation,https://facebook.com/GenCoat,https://twitter.com/gencoat,,,
My Handyman,http://www.myhandymancolumbus.com,,,Westerville,Ohio,,,,,,apollo,"painting company, painting services - Ohio",https://app.apollo.io/#/organizations/55f1c537f3e5bb15d6003ae2?overrideScoreId=score,,,exterior repairs+81,http://www.linkedin.com/company/my-handyman-columbus,https://www.facebook.com/HandymanColumbus,https://twitter.com/MyHandyman_Cbus,,,
American Exteriors,http://www.americanexteriors.com,,,Lorton,Virginia,,,,,,apollo,"painting company, painting services - Virginia",https://app.apollo.io/#/organizations/5592139d7369641865a05400?overrideScoreId=score,,,timely completion+88,http://www.linkedin.com/company/american-exteriors,,,,,
Williams Professional Painting,http://www.williamsprofessionalpainting.com,,,Alexandria,Virginia,,,,,,apollo,"painting company, painting services - Virginia",https://app.apollo.io/#/organizations/54a1b7047468695c822f320a?overrideScoreId=score,30.1M,,,http://www.linkedin.com/company/williams-professional-painting,https://www.facebook.com/williamsprofessionalpainting/,https://twitter.com/WilliamsPaint,,,
Painting Plus,http://www.paintingplus.com,,,Marietta,Georgia,,,,,,apollo,"painting company, painting services - Georgia",https://app.apollo.io/#/organizations/54a127d369702db878558b00?overrideScoreId=score,5.1M,,siding contractor+98,http://www.linkedin.com/company/paintingplus,https://www.facebook.com/PaintingPlusGa/,,,,
SpecSys Inc.,http://www.specsys.com,,,Montevideo,Minnesota,,,,,,apollo,"painting company, painting services - Minnesota",https://app.apollo.io/#/organizations/5c2539a1f65125e24633ca2e?overrideScoreId=score,,,contract manufacturing+61,http://www.linkedin.com/company/specsys-inc,https://www.facebook.com/specsys/,https://twitter.com/specsys_inc,,,
New Life Painting,http://www.new-life-painting.com,,,San Marcos,California,,,,,,apollo,"painting company, painting services - California",https://app.apollo.io/#/organizations/54a13c9069702d231f533702?overrideScoreId=score,,,stucco repair+47,http://www.linkedin.com/company/new-life-painting,https://www.facebook.com/NewLifePaint/,https://twitter.com/newlifepainting,,,
Davis Painting,http://www.davispaintingco.com,,,Deer Park,Washington,,,,,,apollo,"painting company, painting services - Washington",https://app.apollo.io/#/organizations/645684109fd4b400a36471b9?overrideScoreId=score,,,residential painting+91,http://www.linkedin.com/company/davis-painting,https://www.facebook.com/Davis-Painting-104383998949913,,,,
Copperhead Inc.,http://www.copperheadconstruction.com,,,Nashville,Tennessee,,,,,,apollo,"painting company, painting services - Tennessee",https://app.apollo.io/#/organizations/5da3821aba58a30001181650?overrideScoreId=score,,,design/build+33,http://www.linkedin.com/company/copperheadinc,,,,,
"TMI Coatings, LLC",http://www.tmicoatings.com,,,Saint Paul,Minnesota,,,,,,apollo,"painting company, painting services - Minnesota",https://app.apollo.io/#/organizations/54a19d6a74686945fad10202?overrideScoreId=score,5.8M,,,http://www.linkedin.com/company/tmi-coatings-llc,https://facebook.com/TMICoatings,https://twitter.com/TMICoatings,,,
Pavement Markings LLC,http://www.sheridanpavementmarkings.com,,,Sheridan,Wyoming,,,,,,apollo,"painting company, painting services - Wyoming",https://app.apollo.io/#/organizations/5da3ee217e5db600018e0b45?overrideScoreId=score,,,pavement striping+42,http://www.linkedin.com/company/pavement-markings-llc,https://www.facebook.com/Pavementmarkingsllc/,,,,
Service Painting Corporation,http://www.servicepainting.com,,,Tampa,Florida,,,,,,apollo,"painting company, painting services - Florida",https://app.apollo.io/#/organizations/55923d947369642393579100?overrideScoreId=score,5.8M,,commercial painting+54,http://www.linkedin.com/company/service-painting-corporation,,,,,
"Metro Construction, Inc",http://www.mymetroconstruction.com,,,Metro Construction,Inc,,,,,,apollo,"painting company, painting services - Inc",https://app.apollo.io/#/organizations/54a12b1f69702decc5f50000?overrideScoreId=score,7.2M,,general contracting+56,http://www.linkedin.com/company/metro-construction-inc,https://facebook.com/MetroConstruction,https://twitter.com/MyMetroCon,,,
Excel Roofing,http://www.excelroofing.com,,,Englewood,Colorado,,,,,,apollo,"painting company, painting services - Colorado",https://app.apollo.io/#/organizations/5a9e0d79a6da98d935698f66?overrideScoreId=score,26.9M,,roofingwindows+87,http://www.linkedin.com/company/excel-roofing,https://www.facebook.com/ExcelRoofingInc,https://twitter.com/excelroofinginc,,,
"Mark Beamish Waterproofing, Inc.",http://www.markbeamish.com,,,Mark Beamish Waterproofing,Inc.,,,,,,apollo,"painting company, painting services - Inc.",https://app.apollo.io/#/organizations/54a25e7574686935beeba21d?overrideScoreId=score,13.0M,,,http://www.linkedin.com/company/mark-beamish-waterproofing,https://facebook.com/markbeamishwaterproofing,https://twitter.com/mbw_1981,,,
Optiline Enterprises,http://www.optiline.com,,,Nashua,New Hampshire,,,,,,apollo,"painting company, painting services - New Hampshire",https://app.apollo.io/#/organizations/5b8631f3f874f72e47be89d6?overrideScoreId=score,,,,http://www.linkedin.com/company/optiline-enterprises,,https://twitter.com/OptilineEnt,,,
"NJR CONSTRUCTION, LLC",http://www.njr-construction.com,,,Gastonia,North Carolina,,,,,,apollo,"painting company, painting services - North Carolina",https://app.apollo.io/#/organizations/5da470cce3ed0a00019a8047?overrideScoreId=score,,,metal framing+59,http://www.linkedin.com/company/njr-construction-llc,https://www.facebook.com/profile.php,,,,
Dl Construction,http://www.dl-constructiongroup.com,,,Warren,Ohio,,,,,,apollo,"painting company, painting services - Ohio",https://app.apollo.io/#/organizations/65fbca7bcac7f800073a8655?overrideScoreId=score,,,,http://www.linkedin.com/company/dl-construction,,,,,
Painter Ready Group,http://www.painter-ready.com,,,Nashville,Tennessee,,,,,,apollo,"painting company, painting services - Tennessee",https://app.apollo.io/#/organizations/54a1b75f746869401240a20a?overrideScoreId=score,,,retail painting+50,http://www.linkedin.com/company/painter-ready-group,https://facebook.com/PainterReadyChattanooga,,,,
Cobra Electric,http://www.cobraelectric.com,,,Baton Rouge,Louisiana,,,,,,apollo,"painting company, painting services - Louisiana",https://app.apollo.io/#/organizations/55ee7e31f3e5bb22c8001d09?overrideScoreId=score,12.4M,,traffic sensors+46,http://www.linkedin.com/company/cobra-electric,,,,,
"Common Links Construction, LLC",http://www.clcbuild.com,,,Brookfield,Wisconsin,,,,,,apollo,"painting company, painting services - Wisconsin",https://app.apollo.io/#/organizations/54a1273f69702dc841641500?overrideScoreId=score,31.5M,,,http://www.linkedin.com/company/common-links-construction-llc,,,,,
Platinum Painting,http://www.platinumpainting.com,,,Keller,Texas,,,,,,apollo,"painting company, painting services - Texas",https://app.apollo.io/#/organizations/5e57d403108ba90001fa63f7?overrideScoreId=score,33.6M,,,http://www.linkedin.com/company/platinum-painting-dfw,https://www.facebook.com/Platinum-Painting-494890083984252/,,,,
"Advanced Exteriors, Inc.",http://www.advancedexteriors.com,,,Advanced Exteriors,Inc.,,,,,,apollo,"painting company, painting services - Inc.",https://app.apollo.io/#/organizations/54fca55f73696401764f2e00?overrideScoreId=score,7.9M,,roofingsiding+63,http://www.linkedin.com/company/advanced-exteriors-inc-,https://www.facebook.com/AdvancedExteriors/,,,,
Clifty Group,http://www.cliftygroup.com,,,Fort Collins,Colorado,,,,,,apollo,"painting company, painting services - Colorado",https://app.apollo.io/#/organizations/5ed7edb5893152000194cf84?overrideScoreId=score,,,pipeline installation+49,http://www.linkedin.com/company/clifty-group,,,,,
Prime Painting,http://www.primepaintingphoenix.com,,,Tempe,Arizona,,,,,,apollo,"painting company, painting services - Arizona",https://app.apollo.io/#/organizations/60f2f03f6cb0ad000199aabc?overrideScoreId=score,,,exterior painting+68,http://www.linkedin.com/company/myprimepainting,https://www.facebook.com/myprimepainting,https://twitter.com/myprimepainting,,,
The Painting Company,http://www.gopaintingcompany.com,,,Bellevue,Nebraska,,,,,,apollo,"painting company, painting services - Nebraska",https://app.apollo.io/#/organizations/5e56b2f652e7ad0001f55c3b?overrideScoreId=score,,,surface repair+103,http://www.linkedin.com/company/the-painting-company-omaha,https://www.facebook.com/gopaintingcompany,https://twitter.com/gopaintingco,,,
DeSimone Construction,http://www.desimoneconstruct.com,,,Sayreville,New Jersey,,,,,,apollo,"painting company, painting services - New Jersey",https://app.apollo.io/#/organizations/5e56af251f91be00015678e1?overrideScoreId=score,,,quality workmanship+56,http://www.linkedin.com/company/desimoneconstruction,,,,,
Rumsey Construction & Restoration,http://www.rumseycr.com,,,Columbia,South Carolina,,,,,,apollo,"painting company, painting services - South Carolina",https://app.apollo.io/#/organizations/5e55e70f7eadb10001712a7c?overrideScoreId=score,,,water damage+60,http://www.linkedin.com/company/rumsey-construction-restoration,https://facebook.com/rumseycrclt,https://twitter.com/rumseycr_clt,,,
Empire Painting,http://www.empirepaintingwi.com,,,Delafield,Wisconsin,,,,,,apollo,"painting company, painting services - Wisconsin",https://app.apollo.io/#/organizations/5b143c17a6da98dce2ea2c21?overrideScoreId=score,2.4M,,interior painting+71,http://www.linkedin.com/company/empirepaintingwi,https://facebook.com/EmpirePaintingWI,https://twitter.com/EPaintingWI,,,
"YellowHammer, LLC",http://www.yellowhammerconstruction.com,,,Hoover,Alabama,,,,,,apollo,"painting company, painting services - Alabama",https://app.apollo.io/#/organizations/5fc965c502961e0001509f1e?overrideScoreId=score,,,custom home building+65,http://www.linkedin.com/company/yellowhammer-llc,https://www.facebook.com/yellowhammerconstruction/,https://twitter.com/yellowhammerllc,,,
Zack Painting Company,http://www.zackpainting.com,,,Woodbridge Township,New Jersey,,,,,,apollo,"painting company, painting services - New Jersey",https://app.apollo.io/#/organizations/5500c3da73696460fc534900?overrideScoreId=score,10M,,painting+66,http://www.linkedin.com/company/zack-painting-company,,,,,
Heggem-Lundquist,http://www.heggem-lundquist.com,,,Denver,Colorado,,,,,,apollo,"painting company, painting services - Colorado",https://app.apollo.io/#/organizations/54a11c4569702d77c24aa200?overrideScoreId=score,29.2M,,quality work+34,http://www.linkedin.com/company/heggem-lundquist,https://facebook.com/HeggemLundquist,,,,
Prestige Painting,http://www.prestigepaintingpa.com,,,Kinzers,Pennsylvania,,,,,,apollo,"painting company, painting services - Pennsylvania",https://app.apollo.io/#/organizations/61342dea6442b20001691644?overrideScoreId=score,,,dri-one flame retardant+51,http://www.linkedin.com/company/prestige-painting-pa,https://www.facebook.com/prestigepaintingpa/,,,,
Elite Painting Services,http://www.elitepaintingservices.net,,,Cherry Hill,New Jersey,,,,,,apollo,"painting company, painting services - New Jersey",https://app.apollo.io/#/organizations/5da3f5b97e5db600018e364e?overrideScoreId=score,,,project management+49,http://www.linkedin.com/company/elite-painting-services-l-l-c,https://www.facebook.com/Elite-Painting-Services-336806490501375,,,,
Gonzalez Painting,http://www.edgonzalezpainting.com,,,Twin Falls,Idaho,,,,,,apollo,"painting company, painting services - Idaho",https://app.apollo.io/#/organizations/55e81e6ff3e5bb15ff0008a0?overrideScoreId=score,,,,http://www.linkedin.com/company/gonzalez-painting,,,,,
Final Touch Painting Services,http://www.ftpaint.com,,,Delaware,Ohio,,,,,,apollo,"painting company, painting services - Ohio",https://app.apollo.io/#/organizations/556d268b73696411b63fa100?overrideScoreId=score,,,fences & siding+52,http://www.linkedin.com/company/final-touch-painting-services,https://www.facebook.com/FinalTouchPaintingServices,,,,
Masterpiece Painting CO,http://www.masterpiecepainting.com,,,Fort Collins,Colorado,,,,,,apollo,"painting company, painting services - Colorado",https://app.apollo.io/#/organizations/55f84cfaf3e5bb7643004c05?overrideScoreId=score,,,residential repainting+44,http://www.linkedin.com/company/masterpiece-painting-co,,,,,
Handy Man Repairs,http://www.fixsl.com,,,Saint Louis,Missouri,,,,,,apollo,"painting company, painting services - Missouri",https://app.apollo.io/#/organizations/5592053573696418bc312000?overrideScoreId=score,,,window installation+124,http://www.linkedin.com/company/handy-man-repairs,,,,,
Phillips Home Improvements,http://www.phillipshomeimprovements.com,,,Allen,Texas,,,,,,apollo,"painting company, painting services - Texas",https://app.apollo.io/#/organizations/5b84bc61324d44720b138047?overrideScoreId=score,,,roofinggutters+59,http://www.linkedin.com/company/phillips-home-improvements,https://facebook.com/phillipshomeimprovements,https://twitter.com/phillipspaint,,,
Handy Helper,http://www.homefronthandymantc.com,,,Traverse City,Michigan,,,,,,apollo,"painting company, painting services - Michigan",https://app.apollo.io/#/organizations/55e8d29df3e5bb5cf40001f9?overrideScoreId=score,,,fence repair+50,http://www.linkedin.com/company/handy-helper,,,,,
Painters Plus,http://www.paintersplus.us,,,Encinitas,California,,,,,,apollo,"painting company, painting services - California",https://app.apollo.io/#/organizations/673d8a51d2ed6201b024c4c5?overrideScoreId=score,,,business painting+53,http://www.linkedin.com/company/painters-plus-wny,,,,,
SKY EDIFICE,http://www.skyedifice.com,,,Cerritos,California,,,,,,apollo,"painting company, painting services - California",https://app.apollo.io/#/organizations/61616eed8bfbd30001b43792?overrideScoreId=score,,,construction company+18,http://www.linkedin.com/company/sky-edifice,,,,,
LA Contractors and Builders,http://www.lacontractorsbuilders.com,,,Los Angeles,California,,,,,,apollo,"painting company, painting services - California",https://app.apollo.io/#/organizations/604a7663a1a8d700018dc6a4?overrideScoreId=score,,,plumbingstucco+77,http://www.linkedin.com/company/lacontractors-andbuilders,https://www.facebook.com/lacontractorsandbuilders/,https://twitter.com/la_builders,,,
PRO Painting LLC,http://www.dfwpropainting.com,,,Plano,Texas,,,,,,apollo,"painting company, painting services - Texas",https://app.apollo.io/#/organizations/5da378e1da23c000012ae3b3?overrideScoreId=score,,,residential+77,http://www.linkedin.com/company/propaintingllc,https://www.facebook.com/dfwpropainting/,https://twitter.com/DFWPROPAINTING,,,
"R.L. James, Inc. General Contractor",http://www.rljames.com,,,R.L. James,Inc. General Contractor,,,,,,apollo,"painting company, painting services - Inc. General Contractor",https://app.apollo.io/#/organizations/56dcad48f3e5bb548a0000e5?overrideScoreId=score,10.1M,,general contractor+56,http://www.linkedin.com/company/r-l--james-inc--general-contractor,https://www.facebook.com/RLJAMESINC,,,,
PERFECT TOUCH PAINTING COMPANY LLC,http://www.perfecttouchp.com,,,Washington,District of Columbia,,,,,,apollo,"painting company, painting services - District of Columbia",https://app.apollo.io/#/organizations/672664e63ca5f70001953294?overrideScoreId=score,,,,http://www.linkedin.com/company/perfect-touch-painting-company-llc,https://www.facebook.com/perfecttouchllc,,,,
Rainbow Painting Company,http://www.rainbowpaintingcompany.com,,,O'Fallon,Missouri,,,,,,apollo,"painting company, painting services - Missouri",https://app.apollo.io/#/organizations/5e5972b114af6900013741a9?overrideScoreId=score,,,paintingstaining+47,http://www.linkedin.com/company/rainbow-painting-company,,,,,
Zebby Sulecki Inc.,http://www.zebbysuleckiinc.com,,,Broomall,Pennsylvania,,,,,,apollo,"painting company, painting services - Pennsylvania",https://app.apollo.io/#/organizations/5e56cf1d81ca9300014ec9c6?overrideScoreId=score,,,structural framing+24,http://www.linkedin.com/company/zebbysuleckiinc,https://www.facebook.com/zebbysuleckiinc/,,,,
DK Painting,http://www.dkpaintinghawaii.com,,,Austin,Texas,,,,,,apollo,"painting company, painting services - Texas",https://app.apollo.io/#/organizations/55f0b7cff3e5bb16c5000bcc?overrideScoreId=score,,,water repellents+48,http://www.linkedin.com/company/dk-painting,,,,,
Tradewinds Construction,http://www.tradewindsconstruction.com,,,Las Vegas,Nevada,,,,,,apollo,"painting company, painting services - Nevada",https://app.apollo.io/#/organizations/55f061e1f3e5bb4b09002d6f?overrideScoreId=score,15.8M,,construction safety+33,http://www.linkedin.com/company/tradewinds-construction-inc,https://facebook.com/tradewinds-construction-790380831089317,https://twitter.com/tradewindscons1,,,
Brooks Painting Inc.,http://www.brookspainting.com,,,Davis,California,,,,,,apollo,"painting company, painting services - California",https://app.apollo.io/#/organizations/54a12b1469702d95481e5a02?overrideScoreId=score,22.0M,,painting+60,http://www.linkedin.com/company/brooks-painting-inc.,https://facebook.com/brookspainting,,,,
"Interfinish, LLC",http://www.interfinish.net,,,Hanover,Maryland,,,,,,apollo,"painting company, painting services - Maryland",https://app.apollo.io/#/organizations/57c4da8aa6da986a2f6fecb0?overrideScoreId=score,,,flooringpainting+53,http://www.linkedin.com/company/interfinish-interiors,,,,,
Reliable Painting,http://www.reliablepainting.com,,,San Diego,California,,,,,,apollo,"painting company, painting services - California",https://app.apollo.io/#/organizations/54a135b469702d4494c7c300?overrideScoreId=score,,,induastrial coatings+81,http://www.linkedin.com/company/reliable-painting,https://www.facebook.com/RELIABLEPAINTINGSD/,,,,
Ancon Construction,http://www.anconconstruction.com,,,Goshen,Indiana,,,,,,apollo,"painting company, painting services - Indiana",https://app.apollo.io/#/organizations/54a1288469702d8cfc235501?overrideScoreId=score,10.7M,,design build+65,http://www.linkedin.com/company/ancon-construction-company,https://facebook.com/pages/Ancon-Construction-Inc/144013052880,https://twitter.com/anconconst,,,
"DC Painting, Inc.",http://www.dcpaint.com,,,DC Painting,Inc.,,,,,,apollo,"painting company, painting services - Inc.",https://app.apollo.io/#/organizations/54a209e67468693fda8d4507?overrideScoreId=score,,,property management+29,http://www.linkedin.com/company/dc-painting-inc-,,,,,
Performance Insulation Contractors,http://www.pic-inc.com,,,La Porte,Texas,,,,,,apollo,"painting company, painting services - Texas",https://app.apollo.io/#/organizations/54a1ce5174686945faa04012?overrideScoreId=score,,,insulation+57,http://www.linkedin.com/company/performance-insulation-contractors,,,,,
Southwest Exteriors,http://www.southwestexteriors.com,,,San Antonio,Texas,,,,,,apollo,"painting company, painting services - Texas",https://app.apollo.io/#/organizations/54a12ae669702d8eebd6a202?overrideScoreId=score,29M,,,http://www.linkedin.com/company/southwest-exteriors,https://facebook.com/southwestexteriors,https://twitter.com/TeamSWEx,,,
Penington Painting Company,http://www.teamppc.com,,,Chandler,Arizona,,,,,,apollo,"painting company, painting services - Arizona",https://app.apollo.io/#/organizations/66e5e8f4d82df900011d66ba?overrideScoreId=score,13.1M,,,http://www.linkedin.com/company/penington-painting-company,https://facebook.com/peningtonpainting,,,,
Gonzalez Construction,http://www.gonzalez-kc.com,,,Kansas City,Missouri,,,,,,apollo,"painting company, painting services - Missouri",https://app.apollo.io/#/organizations/5e58ce17ff35de000111fe89?overrideScoreId=score,,,,http://www.linkedin.com/company/gonzalezconstructionkc,,,,,
"Restore Construction Group, Inc.",http://www.rcg-us.com,,,Restore Construction Group,Inc.,,,,,,apollo,"painting company, painting services - Inc.",https://app.apollo.io/#/organizations/5e582e7b9c01df0001b04344?overrideScoreId=score,43.8M,,concrete restoration+41,http://www.linkedin.com/company/restore-construction-group-inc-2006,https://facebook.com/RestoreConstructionGroup/,https://twitter.com/restorecgi,,,
Highmark Companies,http://www.highmarkcos.com,,,Savage,Minnesota,,,,,,apollo,"painting company, painting services - Minnesota",https://app.apollo.io/#/organizations/5e567cffed06f70001d61e9e?overrideScoreId=score,,,custom home building+63,http://www.linkedin.com/company/highmarkcos,https://www.facebook.com/HighmarkCompanies,,,,
Premium Painting,http://www.premiumpainting-msp.com,,,Minneapolis,Minnesota,,,,,,apollo,"painting company, painting services - Minnesota",https://app.apollo.io/#/organizations/54a129de69702db64841c901?overrideScoreId=score,,,wallpaper removal+62,http://www.linkedin.com/company/premium-painting,,,,,
Paint EZ,http://www.paintez.com,,,Provo,Utah,,,,,,apollo,"painting company, painting services - Utah",https://app.apollo.io/#/organizations/614ed9a60d18890001f7dfb5?overrideScoreId=score,15.1M,,interior painting+55,http://www.linkedin.com/company/paintez,https://facebook.com/pages/About-The-House-Painting-and-Repair/712556578780965,https://twitter.com/paint_ez,,,
"Unforgettable Coatings, Inc.",http://www.unforgettablecoatings.com,,,Unforgettable Coatings,Inc.,,,,,,apollo,"painting company, painting services - Inc.",https://app.apollo.io/#/organizations/556d263f7369641261faa200?overrideScoreId=score,,,,http://www.linkedin.com/company/unforgettable-coatings-inc-,,,,,
Ktn Construction,http://www.ktnbuilders.com,,,North Port,Florida,,,,,,apollo,"painting company, painting services - Florida",https://app.apollo.io/#/organizations/556969007369642541d61f00?overrideScoreId=score,,,site management+113,http://www.linkedin.com/company/ktn-construction,,,,,
PPD Painting,http://www.ppdpainting.com,,,Bellwood,Illinois,,,,,,apollo,"painting company, painting services - Illinois",https://app.apollo.io/#/organizations/54a1b93d7468694f8fbf6e0b?overrideScoreId=score,2.6M,,,http://www.linkedin.com/company/precision-painting-&-decorating-llc-,https://www.facebook.com/PrecisionPaintingDecorating,https://twitter.com/PPDPainting1,,,
Universal Industrial Painting,http://www.universalpainting.com,,,Lakeland,Florida,,,,,,apollo,"painting company, painting services - Florida",https://app.apollo.io/#/organizations/54a1343969702d38bb671e00?overrideScoreId=score,6.2M,,paintingcoatings+59,http://www.linkedin.com/company/universal-painting-corporation,https://facebook.com/UIPCL/info,https://twitter.com/universalpaint,,,
Evolve Construction & Restoration,http://www.evolveconstruction.com,,,Naples,Florida,,,,,,apollo,"painting company, painting services - Florida",https://app.apollo.io/#/organizations/63e0d95cffd9c301485ac108?overrideScoreId=score,,,roofing+51,http://www.linkedin.com/company/evolveconstruction,https://www.facebook.com/evolveconstructioncompany,https://twitter.com/evolveBuild,,,
Duggan and Associates,http://www.dugganla.com,,,Los Angeles,California,,,,,,apollo,"painting company, painting services - California",https://app.apollo.io/#/organizations/5d33f360f651253558fc210e?overrideScoreId=score,3.9M,,commercial painting+99,http://www.linkedin.com/company/dugganla,https://facebook.com/DugganAndAssoc,https://twitter.com/DugganGLA,,,
Mike's Quality Painting,http://www.mikesqualitypainting.com,,,Albuquerque,New Mexico,,,,,,apollo,"painting company, painting services - New Mexico",https://app.apollo.io/#/organizations/5500afb27369642da1440600?overrideScoreId=score,3.2M,,interior painting+51,http://www.linkedin.com/company/mike's-quality-painting,https://www.facebook.com/MikesQualityPainting/,https://twitter.com/MQPABQ,,,
"United Painting Services, Inc",http://www.unitedpaintingservices.com,,,United Painting Services,Inc,,,,,,apollo,"painting company, painting services - Inc",https://app.apollo.io/#/organizations/54a12b1769702d93136b8302?overrideScoreId=score,4.0M,,warehouse coatings+61,http://www.linkedin.com/company/united-painting-services-inc,https://facebook.com/pages/United-Painting-Services-Inc/132995103435468,https://twitter.com/UPainting,,,
Apex Painting,http://www.apexpainting.biz,,,Owatonna,Minnesota,,,,,,apollo,"painting company, painting services - Minnesota",https://app.apollo.io/#/organizations/5e58392ad5bd4a00015bd99d?overrideScoreId=score,,,maintenance painting+45,http://www.linkedin.com/company/apexpainting,,,,,
Absolute Painting,http://www.absolutehousepainters.com,,,Lawrence,Kansas,,,,,,apollo,"painting company, painting services - Kansas",https://app.apollo.io/#/organizations/5e5768e4f5f6f300017589bf?overrideScoreId=score,1.8M,,historic exterior+113,http://www.linkedin.com/company/absolute-painting,https://facebook.com/pages/Absolute-Painting-LLC/247124858761131,https://twitter.com/painterabsolute,,,
Cor-Ray Painting Co.,http://www.corraypainting.com,,,Santa Fe Springs,California,,,,,,apollo,"painting company, painting services - California",https://app.apollo.io/#/organizations/5e5594e646ce93000115c84f?overrideScoreId=score,15.7M,,corrosion control+51,http://www.linkedin.com/company/cor-ray-painting-co,,,,,
Pennsylvania Tool Sales and Service,http://www.penntoolsalesandservice.com,,,Youngstown,Ohio,,,,,,apollo,"painting company, painting services - Ohio",https://app.apollo.io/#/organizations/54a1a3327468694f8fc1d203?overrideScoreId=score,,,construction supplies+53,http://www.linkedin.com/company/pennsylvania-tool-sales-and-service,https://facebook.com/pennsylvania-tool-sales-service-126311624089807,,,,
Protective Coatings Inc,http://www.pci-corp.biz,,,Dayton,Ohio,,,,,,apollo,"painting company, painting services - Ohio",https://app.apollo.io/#/organizations/5f47dc911a2d9600011133c2?overrideScoreId=score,,,,http://www.linkedin.com/company/protective-coatings-inc,,,,,
Affordable Renovations,http://www.affordablerenovationssa.com,,,New York,New York,,,,,,apollo,"painting company, painting services - New York",https://app.apollo.io/#/organizations/5d0a86acf65125d0ed8157bf?overrideScoreId=score,,,remodeling services+38,http://www.linkedin.com/company/affordable-renovations,,,,,
"Mid America Steel, Inc.",http://www.midamsteel.com,,,Mid America Steel,Inc.,,,,,,apollo,"painting company, painting services - Inc.",https://app.apollo.io/#/organizations/5c237485f65125b9b9562757?overrideScoreId=score,,,,http://www.linkedin.com/company/mid-america-steel-inc.,,,,,
Base Construction,http://www.baseconstructionca.com,,,Buena Park,California,,,,,,apollo,"painting company, painting services - California",https://app.apollo.io/#/organizations/54a20dd17468693cdd819a08?overrideScoreId=score,,,process piping+56,http://www.linkedin.com/company/base-construction,,https://twitter.com/base_coninc,,,
"Campbell Painting, Inc.",http://www.campbellpaintinginc.com,,,Campbell Painting,Inc.,,,,,,apollo,"painting company, painting services - Inc.",https://app.apollo.io/#/organizations/54a1d02b746869547526d412?overrideScoreId=score,,,,http://www.linkedin.com/company/campbell-painting-inc.,,,,,
Three Stone,http://www.threestone.com,,,Franklin,Tennessee,,,,,,apollo,"painting company, painting services - Tennessee",https://app.apollo.io/#/organizations/65a9081852f7bd0001b1a31c?overrideScoreId=score,,,roofingwindows+49,http://www.linkedin.com/company/threestoneexteriors,,,,,
RAL Construction,http://www.ral-construction.com,,,Ardmore,Alabama,,,,,,apollo,"painting company, painting services - Alabama",https://app.apollo.io/#/organizations/5569cc0e7369642541189700?overrideScoreId=score,,,home improvement+46,http://www.linkedin.com/company/ral-construction,,,,,
"Sundeleaf Painting, Inc.",http://www.sundeleafpainting.com,,,Sundeleaf Painting,Inc.,,,,,,apollo,"painting company, painting services - Inc.",https://app.apollo.io/#/organizations/54a1349069702d48e2621d00?overrideScoreId=score,10.5M,,,http://www.linkedin.com/company/sundeleaf-painting-inc-,https://facebook.com/pages/Sundeleaf-Painting/110848662270932,,,,
Jmy Construction Inc,http://www.jmyconstruction.com,,,Harvest,Alabama,,,,,,apollo,"painting company, painting services - Alabama",https://app.apollo.io/#/organizations/55920b73736964185f413700?overrideScoreId=score,,,electrical work+34,http://www.linkedin.com/company/jmy-construction-inc,,,,,
"Teague Construction Systems, Inc. - TCSI",http://www.teaguecsi.com,,,Teague Construction Systems,Inc. - TCSI,,,,,,apollo,"painting company, painting services - Inc. - TCSI",https://app.apollo.io/#/organizations/6138582d54ec1e00a4ae117f?overrideScoreId=score,,,modified roofing+63,http://www.linkedin.com/company/teaguecsi,,,,,
"Stanley Smith Drywall, Inc.",http://www.stanleysmithdrywall.com,,,Stanley Smith Drywall,Inc.,,,,,,apollo,"painting company, painting services - Inc.",https://app.apollo.io/#/organizations/5ed93744bc12b60001f28408?overrideScoreId=score,,,regional construction+47,http://www.linkedin.com/company/stanley-smith-drywall-inc.,,,,,
Home Repair Service,http://www.hrsbham.com,,,Pelham,Alabama,,,,,,apollo,"painting company, painting services - Alabama",https://app.apollo.io/#/organizations/663332c1dc445707f5f4d9fb?overrideScoreId=score,,,bathroom remodeling+110,http://www.linkedin.com/company/hrsbham,https://www.facebook.com/hrsbham/,,,,
Martin Painting Services,,,,Dothan,Alabama,,,,,,apollo,"painting company, painting services - Alabama",https://app.apollo.io/#/organizations/55923f6a736964191240f300?overrideScoreId=score,,,,http://www.linkedin.com/company/martin-painting-services,,,,,
Chavez Painting Services,http://www.chavezpaintingrva.com,,,Huntsville,Alabama,,,,,,apollo,"painting company, painting services - Alabama",https://app.apollo.io/#/organizations/5592065f736964191e632500?overrideScoreId=score,,,,http://www.linkedin.com/company/chavez-painting-services,,,,,
Select Drywall Systems Inc.,http://www.selectdrywallsystem.com,,,Helena,Alabama,,,,,,apollo,"painting company, painting services - Alabama",https://app.apollo.io/#/organizations/641920798dbcf60001e24186?overrideScoreId=score,,,acoustical contractor+98,http://www.linkedin.com/company/select-drywalll-systems-inc,,,,,
Fox Painting Services,http://www.foxpaintingservices.com,,,Birmingham,Alabama,,,,,,apollo,"painting company, painting services - Alabama",https://app.apollo.io/#/organizations/5a9cb7d9a6da98d9852829fe?overrideScoreId=score,,,commercialexterior+2,http://www.linkedin.com/company/fox-painting-services,,,,,
Tidal Touch,http://www.tidaltouchpaint.com,,,Daphne,Alabama,,,,,,apollo,"painting company, painting services - Alabama",https://app.apollo.io/#/organizations/683ad516b0aa290001a445d1?overrideScoreId=score,,,,http://www.linkedin.com/company/tidal-touch-painting,,,,,
RPS | Riley Painting Services,,,,Huntsville,Alabama,,,,,,apollo,"painting company, painting services - Alabama",https://app.apollo.io/#/organizations/67162881a616240001456238?overrideScoreId=score,,,,http://www.linkedin.com/company/riley-painting-services,,,,,
"MNM Painting and Roofing, LLC",http://www.mnmpaintandroof.com,,,Tuscaloosa,Alabama,,,,,,apollo,"painting company, painting services - Alabama",https://app.apollo.io/#/organizations/6654438a669fc10001f8cead?overrideScoreId=score,,,roofing materials+48,http://www.linkedin.com/company/mnm-painting-and-roofing-llc,https://www.facebook.com/people/MNM-Painting-Roofing-LLC,,,,
Alaska Painting Services,http://www.alaskapaintingonline.com,,,Anchorage,Alaska,,,,,,apollo,"painting company, painting services - Alaska",https://app.apollo.io/#/organizations/57c4f10fa6da986a87fbf581?overrideScoreId=score,,,home servicespainters,http://www.linkedin.com/company/alaska-painting-services,https://www.facebook.com/miamipaintingcontractors,https://twitter.com/alaskapainting,,,
Patronas Home Repair LLC,http://www.patronashomerepair.com,,,Anchorage,Alaska,,,,,,apollo,"painting company, painting services - Alaska",https://app.apollo.io/#/organizations/6100ed658b43e2000183b555?overrideScoreId=score,,,handyman services+55,http://www.linkedin.com/company/patronas-home-repair,,,,,
Paint Kings,http://www.paintkings.com,,,Tucson,Arizona,,,,,,apollo,"painting company, painting services - Arizona",https://app.apollo.io/#/organizations/54a1b6c07468694f8f0c810a?overrideScoreId=score,18.9M,,painting contractor+45,http://www.linkedin.com/company/paint-kings,https://facebook.com/pages/The-Paint-Kings-Inc/233721226781289,https://twitter.com/paintkings,,,
Roadrunner Drywall & Paint Corp,http://www.roadrunnerdrywall.com,,,Scottsdale,Arizona,,,,,,apollo,"painting company, painting services - Arizona",https://app.apollo.io/#/organizations/54a1ba1d74686942d3149c0b?overrideScoreId=score,,,customer service+88,http://www.linkedin.com/company/roadrunner-drywall-corp,,,,,
"Extreme Drywall Concepts, LLC",http://www.extremedrywallconcepts.com,,,Phoenix,Arizona,,,,,,apollo,"painting company, painting services - Arizona",https://app.apollo.io/#/organizations/5da53c2e91250a0001da6a0d?overrideScoreId=score,,,metal stud framing+57,http://www.linkedin.com/company/extremedrywallconcepts,https://www.facebook.com/extremedrywallconcepts,,,,
"Design Drywall West, Inc.",http://www.designdrywallwest.com,,,Design Drywall West,Inc.,,,,,,apollo,"painting company, painting services - Inc.",https://app.apollo.io/#/organizations/5d095460f65125d6974a0101?overrideScoreId=score,17.5M,,construction+40,http://www.linkedin.com/company/design-drywall-west-inc,https://www.facebook.com/designdrywallwest,,,,
"JOHANSEN INTERIORS, LLC",http://www.johanseninteriors.net,,,Chandler,Arizona,,,,,,apollo,"painting company, painting services - Arizona",https://app.apollo.io/#/organizations/5b14a9b5a6da98712ec048a6?overrideScoreId=score,,,retail construction+91,http://www.linkedin.com/company/johansen-interiors-llc,https://www.facebook.com/Johanseninteriors/,,,,
LUXOR PAINTING INC.,http://www.luxorpaintinginc.com,,,Tempe,Arizona,,,,,,apollo,"painting company, painting services - Arizona",https://app.apollo.io/#/organizations/54fca42b7369647e12331d00?overrideScoreId=score,197K,,house painting+69,http://www.linkedin.com/company/luxor-painting-inc-,https://www.facebook.com/LuxorPaintingInc,https://twitter.com/painting_luxor,,,
Coyles Painting,http://www.coylespainting.com,,,Mesa,Arizona,,,,,,apollo,"painting company, painting services - Arizona",https://app.apollo.io/#/organizations/5592306f736964191ec1bd00?overrideScoreId=score,,,,http://www.linkedin.com/company/coyles-painting,,,,,
"CDS Framing, Inc.",http://www.cdsframing.com,,,CDS Framing,Inc.,,,,,,apollo,"painting company, painting services - Inc.",https://app.apollo.io/#/organizations/54a12a4b69702db6487cfb01?overrideScoreId=score,9.5M,,drywall+54,http://www.linkedin.com/company/cds-framing-inc.,,,,,
Evolution Construction Services,,,,Phoenix,Arizona,,,,,,apollo,"painting company, painting services - Arizona",https://app.apollo.io/#/organizations/624f0905b46ac300a59b9b6a?overrideScoreId=score,,,property maintenance+23,http://www.linkedin.com/company/evolutionarizona,,,,,
Wall Assemblies,http://www.wallassemblies.com,,,Phoenix,Arizona,,,,,,apollo,"painting company, painting services - Arizona",https://app.apollo.io/#/organizations/5e55a3768184b40001fd8fbc?overrideScoreId=score,,,drywall+50,http://www.linkedin.com/company/wallassemblies,,,,,
AO Services LLC,http://www.aoservicesco.com,,,Tempe,Arizona,,,,,,apollo,"painting company, painting services - Arizona",https://app.apollo.io/#/organizations/5fcab031b6fa100001d6d101?overrideScoreId=score,,,mold remediation+67,http://www.linkedin.com/company/aoservicesllc,,,,,
Fine Point Finishes,http://www.finepointfinishes.com,,,Phoenix,Arizona,,,,,,apollo,"painting company, painting services - Arizona",https://app.apollo.io/#/organizations/5e55a1002361de000119e0ff?overrideScoreId=score,,,remodeling+67,http://www.linkedin.com/company/fine-point-finishes-az,https://facebook.com/finepointfinishes,,,,
"Skyline Builders & Restoration, Inc.",http://www.azsbr.com,,,Skyline Builders & Restoration,Inc.,,,,,,apollo,"painting company, painting services - Inc.",https://app.apollo.io/#/organizations/65c9f9125095f70001b97aa2?overrideScoreId=score,22.1M,,client relationships+52,http://www.linkedin.com/company/skyline-builders-&-restoration-inc.,,,,,
AKP SERVICES,http://www.akpservices.com,,,Tempe,Arizona,,,,,,apollo,"painting company, painting services - Arizona",https://app.apollo.io/#/organizations/5e55d162f453b00001843a6c?overrideScoreId=score,,,painting+65,http://www.linkedin.com/company/akpservices,https://www.facebook.com/AKPServicesUSA/,https://twitter.com/AkpServices,,,
Danny White Painting Inc.,http://www.dannywhitepainting.com,,,Phoenix,Arizona,,,,,,apollo,"painting company, painting services - Arizona",https://app.apollo.io/#/organizations/55f73256f3e5bb190e023f43?overrideScoreId=score,14.2M,,quality workmanship+34,http://www.linkedin.com/company/danny-white-painting-inc-,,,,,
Alder Home Craft,http://www.alderhomecraft.com,,,Gilbert,Arizona,,,,,,apollo,"painting company, painting services - Arizona",https://app.apollo.io/#/organizations/665687234cebd8034a8f473a?overrideScoreId=score,,,home improvement+63,http://www.linkedin.com/company/alderhomecraft,,,,,
Painting Solutions Inc.,http://www.paintingsolutionsaz.com,,,Phoenix,Arizona,,,,,,apollo,"painting company, painting services - Arizona",https://app.apollo.io/#/organizations/614d81da3a98da000123ce57?overrideScoreId=score,,,epoxy coatings+82,http://www.linkedin.com/company/painting-solutions-inc,https://www.facebook.com/PaintingSolutionsAZ/,,,,
Gilbert's Arizona Painting Contractors,http://www.gilbertspainting.com,,,Gilbert,Arizona,,,,,,apollo,"painting company, painting services - Arizona",https://app.apollo.io/#/organizations/5e55a3217013e9000129585a?overrideScoreId=score,,,industrial facilities+74,http://www.linkedin.com/company/gilberts-arizona-painting-contractors,https://facebook.com/GilbertsPainting,https://twitter.com/GilbertPainting,,,
Country Boys Painting,http://www.countryboyspainting.com,,,Phoenix,Arizona,,,,,,apollo,"painting company, painting services - Arizona",https://app.apollo.io/#/organizations/56e6ea80f3e5bb3a24013090?overrideScoreId=score,,,hoa properties+54,http://www.linkedin.com/company/country-boys-painting,,,,,
Arizona Professional Painting,http://www.azpropaint.com,,,Phoenix,Arizona,,,,,,apollo,"painting company, painting services - Arizona",https://app.apollo.io/#/organizations/54a11c2969702d84c5458200?overrideScoreId=score,14.5M,,,http://www.linkedin.com/company/arizona-professional-painting,https://www.facebook.com/AZProPaint/,,,,
"ALLSTAR PRO PAINTING, LLC",http://www.allstarpropainting.com,,,Gilbert,Arizona,,,,,,apollo,"painting company, painting services - Arizona",https://app.apollo.io/#/organizations/60aec6571c8ffa000192b6d0?overrideScoreId=score,,,,http://www.linkedin.com/company/allstarpropainting,,,,,
PINON PAINTING,http://www.pinonpainting.com,,,Prescott,Arizona,,,,,,apollo,"painting company, painting services - Arizona",https://app.apollo.io/#/organizations/55eaadc9f3e5bb5ef400206c?overrideScoreId=score,16.6M,,commercial+94,http://www.linkedin.com/company/pinon-painting,https://facebook.com/pages/Pinon-Painting/154851881221682,,,,
Metzger's Painting Professionals,http://www.metzgerspainting.com,,,Phoenix,Arizona,,,,,,apollo,"painting company, painting services - Arizona",https://app.apollo.io/#/organizations/63b6b09e9e5f6900a3595530?overrideScoreId=score,,,commerical painting+74,http://www.linkedin.com/company/metzgerspainting,https://facebook.com/metzgerspainting/,https://twitter.com/MetzgersPaint,,,
Albrecht And Son LLC,http://www.albrechtandson.com,,,Youngtown,Arizona,,,,,,apollo,"painting company, painting services - Arizona",https://app.apollo.io/#/organizations/54a1a36c7468695475e9be03?overrideScoreId=score,34.2M,,project consulation+68,http://www.linkedin.com/company/albrecht-and-son,https://www.facebook.com/albrecht&sonllc,https://twitter.com/albrechtandson,,,
"Leach Painting, Inc.",http://www.leachpainting.com,,,Leach Painting,Inc.,,,,,,apollo,"painting company, painting services - Inc.",https://app.apollo.io/#/organizations/54a1347869702d2f9f097900?overrideScoreId=score,6.5M,,residential painting+31,http://www.linkedin.com/company/leach-painting-inc.,https://facebook.com/pages/Leach-Painting-Inc/186871581343157,https://twitter.com/LeachPaint,,,
"Daisy Mountain Painting Services, LLC",http://www.daisymountainpainting.com,,,Phoenix,Arizona,,,,,,apollo,"painting company, painting services - Arizona",https://app.apollo.io/#/organizations/674cd6c0abc19b0001bac0cc?overrideScoreId=score,,,,http://www.linkedin.com/company/daisy-mountain-painting-services-llc,,,,,
"1 BY 1 ROOF, SOLAR, & PAINT",http://www.1by1roof.com,,,Tucson,Arizona,,,,,,apollo,"painting company, painting services - Arizona",https://app.apollo.io/#/organizations/6396b9be0f44bd00a34467b0?overrideScoreId=score,,,residential roofing+75,http://www.linkedin.com/company/1-by-1-roof,https://www.facebook.com/1by1Roof,,,,
"Miko, LLC",http://www.mikollc.com,,,Phoenix,Arizona,,,,,,apollo,"painting company, painting services - Arizona",https://app.apollo.io/#/organizations/6360f461a7c99700b4939e7f?overrideScoreId=score,,,remodels+74,http://www.linkedin.com/company/miko-llc,https://www.facebook.com/mikollc/,,,,
"Ganado Painting and Wallcovering, Inc.",http://www.ganadopainting.com,,,Ganado Painting and Wallcovering,Inc.,,,,,,apollo,"painting company, painting services - Inc.",https://app.apollo.io/#/organizations/54a128db69702d979c5c5f01?overrideScoreId=score,18M,,,http://www.linkedin.com/company/ganado-painting-and-wallcovering-inc-,https://facebook.com/pages/Ganado-Painting-and-Wallcovering-Inc/147125292059484,,,,
Infinity Paving,http://www.infinitypavingaz.com,,,Phoenix,Arizona,,,,,,apollo,"painting company, painting services - Arizona",https://app.apollo.io/#/organizations/619e086cc590b500daf18c68?overrideScoreId=score,,,,http://www.linkedin.com/company/infinitypaving,,,,,
Repair Masters,http://www.repairmastersarizona.com,,,Gilbert,Arizona,,,,,,apollo,"painting company, painting services - Arizona",https://app.apollo.io/#/organizations/65c92ddebf5dbb00017cfad2?overrideScoreId=score,,,property flips+37,http://www.linkedin.com/company/repair-masters-az,,,,,
COe-Renovation,http://www.coerenovation.com,,,Phoenix,Arizona,,,,,,apollo,"painting company, painting services - Arizona",https://app.apollo.io/#/organizations/5b86fd59f874f708f3d78269?overrideScoreId=score,,,hotel conversion+70,http://www.linkedin.com/company/coe-renovation,https://www.facebook.com/1845791319069098,,,,
Dougherty Painting Company,http://www.dohertypainting.com,,,Phoenix,Arizona,,,,,,apollo,"painting company, painting services - Arizona",https://app.apollo.io/#/organizations/556d8fb77369641226d03a01?overrideScoreId=score,,,,http://www.linkedin.com/company/dougherty-painting-company,,,,,
WILDCAT PAINTING COMPANY L.L.C.,http://www.wildcatpaintingcompany.com,,,Tucson,Arizona,,,,,,apollo,"painting company, painting services - Arizona",https://app.apollo.io/#/organizations/66f52b695a44f10001b41200?overrideScoreId=score,,,,http://www.linkedin.com/company/wildcat-painting-company-l.l.c.,,,,,
Adix Painting - Dedicated to Raising the Standard for Residential Interior and Exterior Painting,http://www.adixpainting.com,,,Phoenix,Arizona,,,,,,apollo,"painting company, painting services - Arizona",https://app.apollo.io/#/organizations/5b13331da6da98dcb5c7d637?overrideScoreId=score,,,coaching+14,http://www.linkedin.com/company/adix-painting-phoenix-az,,,,,
K&M Painting and Decorating,http://www.kandm-painting.com,,,Scottsdale,Arizona,,,,,,apollo,"painting company, painting services - Arizona",https://app.apollo.io/#/organizations/556d3719736964123814c000?overrideScoreId=score,22.1M,,acoustical ceilings+27,http://www.linkedin.com/company/k&m-painting-and-decorating,https://facebook.com/kmpainting,,,,
"LIFE IN COLOR PAINTING SERVICES, LLC",http://www.lifeincolorpainting.com,,,San Tan Valley,Arizona,,,,,,apollo,"painting company, painting services - Arizona",https://app.apollo.io/#/organizations/6731955424c32c0001d29e1b?overrideScoreId=score,18.7M,,,http://www.linkedin.com/company/life-in-color-painting-services-llc,https://facebook.com/lifeincolorpainting,,,,
Elizarraraz Painting,http://www.elizarrarazpainting.com,,,Mesa,Arizona,,,,,,apollo,"painting company, painting services - Arizona",https://app.apollo.io/#/organizations/65eaf7f91f08d10007f60591?overrideScoreId=score,,,,http://www.linkedin.com/company/elizarraraz-painting,,,,,
"The Experts Service Systems, LLC",http://www.expertsservicesystems.com,,,Peoria,Arizona,,,,,,apollo,"painting company, painting services - Arizona",https://app.apollo.io/#/organizations/5ed26bdd2fba0d0001e28def?overrideScoreId=score,,,renovations+6,http://www.linkedin.com/company/the-experts-service-systems-llc,,,,,
ECO-LIFE CLEANING & PAINTING,http://www.eco-lifecleaningandpainting.com,,,Scottsdale,Arizona,,,,,,apollo,"painting company, painting services - Arizona",https://app.apollo.io/#/organizations/55eb98c9f3e5bb237900119a?overrideScoreId=score,,,,http://www.linkedin.com/company/eco-life-cleaning,,,,,
EVO Construction Services,http://www.evogc.com,,,Phoenix,Arizona,,,,,,apollo,"painting company, painting services - Arizona",https://app.apollo.io/#/organizations/68d1051d0a145d0015061103?overrideScoreId=score,,,construction+27,http://www.linkedin.com/company/evo-construction-services,,,,,
CAPITAL PAINTING COMPANY LLC,http://www.capitalpaintingcompany.com,,,Gilbert,Arizona,,,,,,apollo,"painting company, painting services - Arizona",https://app.apollo.io/#/organizations/66f8d0bde0d5a00001b4789d?overrideScoreId=score,,,,http://www.linkedin.com/company/capital-painting-company-llc,https://www.facebook.com/CapitalPaintingCompany,,,,
MCCORMICK PAINTING COMPANY,http://www.mccormickequipmentrentals.com,,,Little Rock,Arkansas,,,,,,apollo,"painting company, painting services - Arkansas",https://app.apollo.io/#/organizations/672dd53ba379130001a6aeb9?overrideScoreId=score,4.0M,,,http://www.linkedin.com/company/mccormick-painting-company,https://facebook.com/pages/Maven/219081551481695,https://twitter.com/mavensf,,,
Turpin Painting Company Inc,,,,Little Rock,Arkansas,,,,,,apollo,"painting company, painting services - Arkansas",https://app.apollo.io/#/organizations/55921aff73696418f64c6f00?overrideScoreId=score,,,,http://www.linkedin.com/company/turpin-painting-company-inc,,,,,
Quality Painting Company,http://www.adamroepaint.com,,,Camden,Arkansas,,,,,,apollo,"painting company, painting services - Arkansas",https://app.apollo.io/#/organizations/674810bf3e0e4200017de341?overrideScoreId=score,,,,http://www.linkedin.com/company/quality-painting-company,,,,,
Brian Miller Painting Company,http://www.brianmillerpaintingcompany.com,,,San Marcos,California,,,,,,apollo,"painting company, painting services - California",https://app.apollo.io/#/organizations/673158230af9f60001e9248d?overrideScoreId=score,,,,http://www.linkedin.com/company/brian-miller-painting-company,,,,,
Modern Masters Painting,http://www.modernmasterspainting.com,,,San Diego,California,,,,,,apollo,"painting company, painting services - California",https://app.apollo.io/#/organizations/673088bb8c7edd0001be31f4?overrideScoreId=score,,,exterior painting+74,http://www.linkedin.com/company/modern-masters-painting,,,,,
"PEACOCK PAINTING COMPANY, INC.",http://www.peacockpaintingco.com,,,Novato,California,,,,,,apollo,"painting company, painting services - California",https://app.apollo.io/#/organizations/66f83cf74a9bbc00012149cd?overrideScoreId=score,,,,http://www.linkedin.com/company/peacock-painting-company-inc.,,,,,
C.P.P. Painting / Color Pros Painting & Coatings Inc.,http://www.cpppainting.com,,,San Jose,California,,,,,,apollo,"painting company, painting services - California",https://app.apollo.io/#/organizations/6648f4297895c400010caaf6?overrideScoreId=score,,,hoamulti family+57,http://www.linkedin.com/company/c-p-p-painting-color-pros-painting-coatings-inc,,,,,
PalmView Custom Homes,http://www.palmview.ca,,,Concord,California,,,,,,apollo,"painting company, painting services - California",https://app.apollo.io/#/organizations/6531f27a7cd5620001c8e0df?overrideScoreId=score,,,,http://www.linkedin.com/company/palmview,https://www.facebook.com/p/PalmView-Contracting-100086109079915/,,,,
"S. SCURTI & SONS, INC.",http://www.scurtipainting.com,,,San Jose,California,,,,,,apollo,"painting company, painting services - California",https://app.apollo.io/#/organizations/646f22788ab3380001f857f5?overrideScoreId=score,,,wallcoverings+41,http://www.linkedin.com/company/s.-scurti-&-sons-inc.,,,,,
Paint Blast US,http://www.paintblastus.com,,,Long Beach,California,,,,,,apollo,"painting company, painting services - California",https://app.apollo.io/#/organizations/61ec6b2a4fec27000163f3e0?overrideScoreId=score,,,sandblasting stencils+56,http://www.linkedin.com/company/paintblastus,https://www.facebook.com/stencilsus/,,,,
Intrinsic Home Painting Services,http://www.intrinsicpainting.com,,,Los Angeles,California,,,,,,apollo,"painting company, painting services - California",https://app.apollo.io/#/organizations/614e991dcb891e0001fda201?overrideScoreId=score,,,texture match+41,http://www.linkedin.com/company/intrinsicpaintingla,,,,,
PaintPros of Napa Valley,http://www.paintprosnapa.com,,,Napa,California,,,,,,apollo,"painting company, painting services - California",https://app.apollo.io/#/organizations/5edbac7c4d8c35000196485a?overrideScoreId=score,,,,http://www.linkedin.com/company/paint-pros-napa-valley-inc,,,,,
"Endure Painting, Inc.",http://www.endurepainting.com,,,Endure Painting,Inc.,,,,,,apollo,"painting company, painting services - Inc.",https://app.apollo.io/#/organizations/5ed1f65a2fba0d0001e0fed5?overrideScoreId=score,,,painting services+50,http://www.linkedin.com/company/endure-painting,https://www.facebook.com/endurepaintinginc/,,,,
Mark Bellingham Painting,http://www.markbellinghampainting.com,,,Moraga,California,,,,,,apollo,"painting company, painting services - California",https://app.apollo.io/#/organizations/54fca11e7369647de9ae0100?overrideScoreId=score,,,,http://www.linkedin.com/company/mark-bellingham-painting,https://facebook.com/markbellinghampainting,,,,
Kent Painting Company Inc.,http://www.kentpaintinginc.com,,,Fresno,California,,,,,,apollo,"painting company, painting services - California",https://app.apollo.io/#/organizations/54a12a3969702d8cfc3f3002?overrideScoreId=score,,,epoxy+8,http://www.linkedin.com/company/kent-painting-company-inc.,,,,,
Lead Paint Inspections,http://www.magicbrush.net,,,San Francisco,California,,,,,,apollo,"painting company, painting services - California",https://app.apollo.io/#/organizations/54a1206f69702d7fe6127702?overrideScoreId=score,,,,http://www.linkedin.com/company/lead-paint-inspections,,,,,
Eco-Clean Painting,http://www.ecocleanpainting.com,,,Atascadero,California,,,,,,apollo,"painting company, painting services - California",https://app.apollo.io/#/organizations/6761644024da9f01b1278e9c?overrideScoreId=score,,,interior painting+10,http://www.linkedin.com/company/eco-clean-painting-commercial-residential-paso-robles-san-luis-obispo,https://www.facebook.com/ECO.CLEAN.PAINTERS,,,,
Lee's Painting Co.,http://www.leespainting.com,,,Huntington Beach,California,,,,,,apollo,"painting company, painting services - California",https://app.apollo.io/#/organizations/6757afe48ce90301b0aa3f70?overrideScoreId=score,,,paintingestimates+56,http://www.linkedin.com/company/leespaintingco,https://www.facebook.com/LeesPaint,,,,
"Primus Paint Worx, Inc.",http://www.primuspaint.com,,,Primus Paint Worx,Inc.,,,,,,apollo,"painting company, painting services - Inc.",https://app.apollo.io/#/organizations/6745f74025b2d602d03c4130?overrideScoreId=score,,,exteriorrepaint+24,http://www.linkedin.com/company/primus-paint-worx-inc,https://www.facebook.com/profile.php,,,,
Web’s Painting Company,http://www.webspainting.com,,,Los Angeles,California,,,,,,apollo,"painting company, painting services - California",https://app.apollo.io/#/organizations/673f0b0f7199f900018dffb1?overrideScoreId=score,,,,http://www.linkedin.com/company/web%e2%80%99s-painting-company,,,,,
Mamba Stripes Corporation,http://www.mambastripes.com,,,Windsor,California,,,,,,apollo,"painting company, painting services - California",https://app.apollo.io/#/organizations/673a5a59cd909c0001431d3d?overrideScoreId=score,,,free quotes+47,http://www.linkedin.com/company/mambastripes,https://www.facebook.com/MambaStripesCorporation,,,,
Applied Artistry A Painting Company,http://www.appliedartistry.com,,,Huntington Beach,California,,,,,,apollo,"painting company, painting services - California",https://app.apollo.io/#/organizations/6731143ccfd91b00011cc7d4?overrideScoreId=score,9.7M,,,http://www.linkedin.com/company/applied-artistry-a-painting-company,https://facebook.com/appliedartistry,,,,
"MARZ PAINTING COMPANY, THE",http://www.marzpaintingco.com,,,Sacramento,California,,,,,,apollo,"painting company, painting services - California",https://app.apollo.io/#/organizations/672ef78ccd1c1f000173c259?overrideScoreId=score,5.5M,,,http://www.linkedin.com/company/marz-painting-company-the,https://facebook.com/pages/Marz-Painting-Co/1483150408583282,https://twitter.com/MarzPaintingCo,,,
Yes Painting Services,http://www.yespainting.net,,,San Jose,California,,,,,,apollo,"painting company, painting services - California",https://app.apollo.io/#/organizations/672dafe025d5ab00012b7e08?overrideScoreId=score,,,,http://www.linkedin.com/company/yes-painting-services,,,,,
NEALS PAINTING COMPANY INC,http://www.nealspainting.com,,,Fairfield,California,,,,,,apollo,"painting company, painting services - California",https://app.apollo.io/#/organizations/67269a4393de3b0001aeb812?overrideScoreId=score,34.3M,,,http://www.linkedin.com/company/neals-painting-company-inc,https://www.facebook.com/Neals-Painting-194579834221145/,,,,
Mr. Painter Painting Company,http://www.paintingcontractorturlock.com,,,Keyes,California,,,,,,apollo,"painting company, painting services - California",https://app.apollo.io/#/organizations/6714bdc7e73ec000013dab9c?overrideScoreId=score,35.9M,,,http://www.linkedin.com/company/mr.-painter-painting-company,https://facebook.com/pages/Mr-painter-painting-co/929805607034929,,,,
Guzman Painting Services,http://www.guzmanpaintingservices.com,,,Los Angeles,California,,,,,,apollo,"painting company, painting services - California",https://app.apollo.io/#/organizations/6701f75d4860cf000131427a?overrideScoreId=score,,,,http://www.linkedin.com/company/guzman-painting-services,,,,,
Moya Painting,http://www.moyapaintinganddecorating.com,,,San Francisco,California,,,,,,apollo,"painting company, painting services - California",https://app.apollo.io/#/organizations/65f7e96e1aec6a01c680c2be?overrideScoreId=score,,,paintingdesign+56,http://www.linkedin.com/company/moya-painting-and-decorating,,,,,
ALL LOS ANGELES PAINTING COMPANY INC.,http://www.alllosangelespaintingcompany.com,,,Los Angeles,California,,,,,,apollo,"painting company, painting services - California",https://app.apollo.io/#/organizations/65c494825b212b0001d9c2b9?overrideScoreId=score,,,paint color selection+52,http://www.linkedin.com/company/all-los-angeles-painting-company-inc.,,,,,
Build And Decor Construction,http://www.buildanddecorconstruction.com,,,Los Angeles,California,,,,,,apollo,"painting company, painting services - California",https://app.apollo.io/#/organizations/64e6d910a1925900015a6579?overrideScoreId=score,,,general contracting+62,http://www.linkedin.com/company/build-and-decor-construction,https://www.facebook.com/100076504697921,,,,
"Handydads Construction, Inc.",http://www.handydads.net,,,Handydads Construction,Inc.,,,,,,apollo,"painting company, painting services - Inc.",https://app.apollo.io/#/organizations/63372e36ce6bad00a3288dd8?overrideScoreId=score,,,home improvement+56,http://www.linkedin.com/company/handydads-construction-inc,https://www.facebook.com/Handydads-LLC-812411208813474/,,,,
"Najib Paint & Decorations, LLC",http://www.npdpaints.com,,,Oakland,California,,,,,,apollo,"painting company, painting services - California",https://app.apollo.io/#/organizations/62e3b699cfcebc00a3704e81?overrideScoreId=score,,,residential remodeling+81,http://www.linkedin.com/company/nn-home-renovation,https://www.facebook.com/622286547639306,,,,
U.S National Corp dba Jimenez Painting Company,,,,Los Angeles,California,,,,,,apollo,"painting company, painting services - California",https://app.apollo.io/#/organizations/5e57bbde5c00fd000191cdaf?overrideScoreId=score,,,paintingarts & crafts+1,http://www.linkedin.com/company/u-s-national-corp-dba-jimenez-painting-company,,,,,
California Skyline Remodeling Inc.,http://www.californiaskylineremodeling.com,,,Los Angeles,California,,,,,,apollo,"painting company, painting services - California",https://app.apollo.io/#/organizations/5e55b858c678320001b801bf?overrideScoreId=score,,,remodeling+82,http://www.linkedin.com/company/california-skyline-remodeling-inc,,,,,
TSW Builders,http://www.pro-gressivebuilders.com,,,Brea,California,,,,,,apollo,"painting company, painting services - California",https://app.apollo.io/#/organizations/5569dbc7736964255d37a100?overrideScoreId=score,31M,,,http://www.linkedin.com/company/tsw-builders,https://www.facebook.com/tswpro/,,,,
KRM International Trading Group LTD,http://www.krmitg.com,,,London,California,,,,,,apollo,"painting company, painting services - California",https://app.apollo.io/#/organizations/54a23b867468693825885118?overrideScoreId=score,,,firefighting solutions+54,http://www.linkedin.com/company/krm-international-trading-group-fzc,https://www.facebook.com/KRMITG,,,,
ER Painting Services Inc,http://www.erpsocal.com,,,Santa Ana,California,,,,,,apollo,"painting company, painting services - California",https://app.apollo.io/#/organizations/674ff27b2e526f00011d2e6f?overrideScoreId=score,,,,http://www.linkedin.com/company/er-painting-services-inc,,,,,
Condor National Painting Company,http://www.condornationalpainting.com,,,Los Angeles,California,,,,,,apollo,"painting company, painting services - California",https://app.apollo.io/#/organizations/674ce06ca3c1bb00010e1a1f?overrideScoreId=score,,,,http://www.linkedin.com/company/condor-national-painting-company,,,,,
Melodi Major Design and Home Painting Services,http://www.melodimajordesign.com,,,Marina del Rey,California,,,,,,apollo,"painting company, painting services - California",https://app.apollo.io/#/organizations/674c0ce4dd39f80001f61636?overrideScoreId=score,,,,http://www.linkedin.com/company/melodi-major-design-and-home-painting-services,,,,,
ITALIAN PAINTING SERVICES INC,http://www.italianpaintingservices.com,,,Los Angeles,California,,,,,,apollo,"painting company, painting services - California",https://app.apollo.io/#/organizations/6700dcf07482bf0001220a31?overrideScoreId=score,26.4M,,,http://www.linkedin.com/company/italian-painting-services-inc,https://facebook.com/pages/Italian-Painting-Services/321002244742327,,,,
najeraspaintingllc,http://www.najeraspainting.com,,,Fontana,California,,,,,,apollo,"painting company, painting services - California",https://app.apollo.io/#/organizations/66e28782a7929e00019e100e?overrideScoreId=score,,,najeraspaintingllc,http://www.linkedin.com/company/najeraspaintingllc,,,,,
B.E.S. Painting Company,http://www.bespainting.com,,,Long Beach,California,,,,,,apollo,"painting company, painting services - California",https://app.apollo.io/#/organizations/66d4b36170ecc9000134b5c0?overrideScoreId=score,,,,http://www.linkedin.com/company/b.e.s.-painting-company,https://facebook.com/bespainting,,,,
Best Property Management Painting Services,http://www.bpmpaintingservices.com,,,Vista,California,,,,,,apollo,"painting company, painting services - California",https://app.apollo.io/#/organizations/665377d69d08570001022100?overrideScoreId=score,,,,http://www.linkedin.com/company/best-property-management-painting-services,,,,,
Design Systems Painting Company,http://www.designsystemspainting.com,,,Carmichael,California,,,,,,apollo,"painting company, painting services - California",https://app.apollo.io/#/organizations/6642f96a701ae60001901c62?overrideScoreId=score,,,commercial painting+3,http://www.linkedin.com/company/design-systems-painting-inc,https://www.facebook.com/107847251768627,,,,
Finish Line Painting Services,http://www.finishlinepainting.com,,,Encinitas,California,,,,,,apollo,"painting company, painting services - California",https://app.apollo.io/#/organizations/6641449aa3807c00019af69b?overrideScoreId=score,12.5M,,commercial painting & residential painting,http://www.linkedin.com/company/finishlinepaintingservices,https://facebook.com/FinishLinePaintingServices,,,,
Speck Painting,http://www.speckpainting.ca,,,Richmond,California,,,,,,apollo,"painting company, painting services - California",https://app.apollo.io/#/organizations/663884445ac33f00013ee18c?overrideScoreId=score,,,polyurethane injection+52,http://www.linkedin.com/company/speck-painting,,,,,
NJ Kann Painting,http://www.njkannpainting.com,,,San Jose,California,,,,,,apollo,"painting company, painting services - California",https://app.apollo.io/#/organizations/66348b550888d104386cf741?overrideScoreId=score,,,highend residential+65,http://www.linkedin.com/company/njkannpainting,,,,,
Expressions Painting Company,http://www.expressionspaintingco.com,,,Stockton,California,,,,,,apollo,"painting company, painting services - California",https://app.apollo.io/#/organizations/65546a731a843a0001c72c1c?overrideScoreId=score,,,,http://www.linkedin.com/company/expressions-painting-company,https://www.facebook.com/Expressionspaintingcompany/,,,,
Great Walls Painting Inc,http://www.greatwallspainting.com,,,San Jose,California,,,,,,apollo,"painting company, painting services - California",https://app.apollo.io/#/organizations/654dcfb2dd1ecf0001aed7d4?overrideScoreId=score,,,residential+70,http://www.linkedin.com/company/great-walls-painting-inc,https://www.facebook.com/Commercial.Residential.Painting,,,,
Maintenance Plus (San Diego),http://www.maintenanceplussd.com,,,San Diego,California,,,,,,apollo,"painting company, painting services - California",https://app.apollo.io/#/organizations/6509764d203e1a000135d480?overrideScoreId=score,,,technology adoption+61,http://www.linkedin.com/company/maintenance-plus-san-diego,,,,,
Georgetown Student Painting,http://www.georgetownstudentpainting.ca,,,Georgetown,California,,,,,,apollo,"painting company, painting services - California",https://app.apollo.io/#/organizations/63c6698b96751a0001b68cb1?overrideScoreId=score,,,commercial painting+60,http://www.linkedin.com/company/georgetown-student-painting,https://www.facebook.com/Georgetownstudentpainting/services,,,,
Third Generation Painters,http://www.thirdgenerationpainters.ca,,,Vernon,California,,,,,,apollo,"painting company, painting services - California",https://app.apollo.io/#/organizations/6248884908719d00dcb20f93?overrideScoreId=score,,,,http://www.linkedin.com/company/third-generation-painters,,,,,
NIDACO Inc. Paint Group,http://www.nidaco.ca,,,London,California,,,,,,apollo,"painting company, painting services - California",https://app.apollo.io/#/organizations/5e5757e78d755a00014a385f?overrideScoreId=score,,,kitchen cabinets+67,http://www.linkedin.com/company/nidacoinc,https://www.facebook.com/nidacoinc,,,,
Remodel Repair Replace,http://www.remodelrepairreplace.com,,,San Ramon,California,,,,,,apollo,"painting company, painting services - California",https://app.apollo.io/#/organizations/5e55eab196cd410001ff41d0?overrideScoreId=score,,,contractor services+39,http://www.linkedin.com/company/remodel-repair-replace,,,,,
Tilt Up Painting Inc. San Diego,http://www.tiltuppainting.com,,,San Diego,California,,,,,,apollo,"painting company, painting services - California",https://app.apollo.io/#/organizations/5da52b22959a900001ca3e54?overrideScoreId=score,,,painting+69,http://www.linkedin.com/company/tilt-up-painting,,,,,
B & R CREATIVE BUILDERS INC,http://www.creativebuilders.com,,,Los Angeles,California,,,,,,apollo,"painting company, painting services - California",https://app.apollo.io/#/organizations/5a9eaf4da6da98d96646c4fd?overrideScoreId=score,,,custom home builder+49,http://www.linkedin.com/company/b-&-r-creative-builders-inc,http://facebook.com/bnrcreativebuilders,,,,
Walls n Beyond Painting Company,http://www.wallsnbeyond.com,,,San Mateo,California,,,,,,apollo,"painting company, painting services - California",https://app.apollo.io/#/organizations/54fca1e27369647d9b740c00?overrideScoreId=score,,,barbequeburgers+4,http://www.linkedin.com/company/walls-n-beyond,,,,,
Ultimate Design & Construction,http://www.ultimatedesignconstruction.com,,,Riverside,California,,,,,,apollo,"painting company, painting services - California",https://app.apollo.io/#/organizations/54a1297369702d8cfc75d301?overrideScoreId=score,,,kitchen+60,http://www.linkedin.com/company/ultimate-design-&-construction,,,,,
Jacobs Ladder Painting Services,http://www.jacobsladderpainting.com,,,San Diego,California,,,,,,apollo,"painting company, painting services - California",https://app.apollo.io/#/organizations/674c10d590dfc40001969c00?overrideScoreId=score,,,,http://www.linkedin.com/company/jacobs-ladder-painting-services,,,,,
Pasion Painting Services Inc.,http://www.pasionpainting.com,,,Rodeo,California,,,,,,apollo,"painting company, painting services - California",https://app.apollo.io/#/organizations/674180cda3b1ed0001ae126f?overrideScoreId=score,,,exterior painting+4,http://www.linkedin.com/company/pasion-painting-services-inc,https://www.facebook.com/Pasion-Painting-Service-Inc-105836780776746/,https://twitter.com/PasionPainting,,,
NELAN PAINTING COMPANY INC.,http://www.nelanpainting.com,,,Laguna Beach,California,,,,,,apollo,"painting company, painting services - California",https://app.apollo.io/#/organizations/67318eef9c24470001e6fbd6?overrideScoreId=score,,,,http://www.linkedin.com/company/nelan-painting-company-inc.,,,,,
Painting Services Of Mountain View,http://www.paintingservicesofmountainview.com,,,Mountain View,California,,,,,,apollo,"painting company, painting services - California",https://app.apollo.io/#/organizations/672b5210ef1b850001d31a0f?overrideScoreId=score,,,,http://www.linkedin.com/company/painting-services-of-mountain-view,,,,,
"RINGLEVER PAINTING COMPANY, INC.",http://www.ringleverpainting.com,,,Oceanside,California,,,,,,apollo,"painting company, painting services - California",https://app.apollo.io/#/organizations/6727063d0426250001775b20?overrideScoreId=score,,,,http://www.linkedin.com/company/ringlever-painting-company-inc.,,,,,
D’Art Painting Services,http://www.painterssf.com,,,San Francisco,California,,,,,,apollo,"painting company, painting services - California",https://app.apollo.io/#/organizations/672646b64acbcd00012dabc1?overrideScoreId=score,,,,http://www.linkedin.com/company/d%e2%80%99art-painting-services,,,,,
"PEPPERLING PAINTING COMPANY, INC.",http://www.peppaints.com,,,Torrance,California,,,,,,apollo,"painting company, painting services - California",https://app.apollo.io/#/organizations/672477a6a93e7e000192655c?overrideScoreId=score,,,,http://www.linkedin.com/company/pepperling-painting-company-inc.,,,,,
Anselm Painting Company,http://www.paintthesky.biz,,,Arroyo Grande,California,,,,,,apollo,"painting company, painting services - California",https://app.apollo.io/#/organizations/6715cf41eb99680001e00ef5?overrideScoreId=score,,,,http://www.linkedin.com/company/anselm-painting-company,,,,,
"PRO IMAGE PAINTING SERVICES, INC.",http://www.proimagepainting.com,,,Lemon Grove,California,,,,,,apollo,"painting company, painting services - California",https://app.apollo.io/#/organizations/66f518034e2bbd0001ba3138?overrideScoreId=score,,,,http://www.linkedin.com/company/pro-image-painting-services-inc.,,,,,
Master Glow Painting Company,http://www.masterglowpainting.com,,,Sunnyvale,California,,,,,,apollo,"painting company, painting services - California",https://app.apollo.io/#/organizations/66f29cb14065b00001602fee?overrideScoreId=score,,,,http://www.linkedin.com/company/master-glow-painting-company,,,,,
Montano’s Painting Company,http://www.montanos-painting.com,,,Anaheim,California,,,,,,apollo,"painting company, painting services - California",https://app.apollo.io/#/organizations/66eea173858f5600016fdb66?overrideScoreId=score,,,,http://www.linkedin.com/company/montano%e2%80%99s-painting-company,,,,,
U & S Painting Company,http://www.unspainting.net,,,Los Angeles,California,,,,,,apollo,"painting company, painting services - California",https://app.apollo.io/#/organizations/66ed41eeb5a29a000169f073?overrideScoreId=score,,,,http://www.linkedin.com/company/u-&-s-painting-company,,,,,
2020 Painting Company,http://www.2020paintingcompany.com,,,La Mesa,California,,,,,,apollo,"painting company, painting services - California",https://app.apollo.io/#/organizations/66d3f2443f06c50001ff869e?overrideScoreId=score,,,,http://www.linkedin.com/company/2020-painting-company,,,,,
The Better Painting Company,http://www.thebetterpaintingco.com,,,San Diego,California,,,,,,apollo,"painting company, painting services - California",https://app.apollo.io/#/organizations/641a8fddfa64490001c646a5?overrideScoreId=score,,,house painting+4,http://www.linkedin.com/company/the-better-painting-company,,,,,
CH Painting Company,http://www.chinohillspainting.com,,,Chino Hills,California,,,,,,apollo,"painting company, painting services - California",https://app.apollo.io/#/organizations/674b22abc0db0800013ee8f3?overrideScoreId=score,,,,http://www.linkedin.com/company/ch-painting-company,,,,,
Ryan Painting Services,http://www.ryanpaintingservices.com,,,South Pasadena,California,,,,,,apollo,"painting company, painting services - California",https://app.apollo.io/#/organizations/673329b24503e30001ffc349?overrideScoreId=score,,,,http://www.linkedin.com/company/ryan-painting-services,,,,,
Marin Painting Company,http://www.marinpainting.com,,,Novato,California,,,,,,apollo,"painting company, painting services - California",https://app.apollo.io/#/organizations/66fd0fffcfaef40001d842a6?overrideScoreId=score,,,,http://www.linkedin.com/company/marin-painting-company,,,,,
Flores Painting and Drywall,http://www.florespd.com,,,San Jose,California,,,,,,apollo,"painting company, painting services - California",https://app.apollo.io/#/organizations/664f5a3ab99e63075f31c5f4?overrideScoreId=score,,,specialty finishes+40,http://www.linkedin.com/company/flores-painting-and-drywall,,,,,
Browder Painting Company,http://www.browderpainting.com,,,San Luis Obispo,California,,,,,,apollo,"painting company, painting services - California",https://app.apollo.io/#/organizations/664965a3f22ed9000176daa0?overrideScoreId=score,6.0M,,power washing+11,http://www.linkedin.com/company/browder-painting,https://facebook.com/browderpainting,https://twitter.com/BrowderPainting,,,
Promodeling Inc,http://www.promodelinginc.com,,,El Cerrito,California,,,,,,apollo,"painting company, painting services - California",https://app.apollo.io/#/organizations/61174145844fdf0001bd91d5?overrideScoreId=score,,,home improvement+65,http://www.linkedin.com/company/promodeling-inc,,,,,
Sunwest Painting,http://www.sunwestpainting.net,,,San Jose,California,,,,,,apollo,"painting company, painting services - California",https://app.apollo.io/#/organizations/5f3e76ad0615e7008c8f1f4b?overrideScoreId=score,,,commercial painting+64,http://www.linkedin.com/company/sunwestpainting,,,,,
Prestige Paint & Decorative,http://www.prestigepaintdeco.com,,,Corona,California,,,,,,apollo,"painting company, painting services - California",https://app.apollo.io/#/organizations/5e579f8a54c3e10001a3bfd9?overrideScoreId=score,,,hilow rise+62,http://www.linkedin.com/company/prestige-paint-decorative,https://www.facebook.com/prestigepaintdeco,https://twitter.com/PrestigePaint08,,,
"J. Davis Construction Management, Inc.",http://www.jdcminc.com,,,J. Davis Construction Management,Inc.,,,,,,apollo,"painting company, painting services - Inc.",https://app.apollo.io/#/organizations/673ee5b17f69bd00013cb28b?overrideScoreId=score,,,concrete work+51,http://www.linkedin.com/company/j.-davis-construction-management-inc.,,,,,
JK Painting Services,http://www.jkpaintingservices.com,,,Alpine,California,,,,,,apollo,"painting company, painting services - California",https://app.apollo.io/#/organizations/66e523ebf07a5600019d7b14?overrideScoreId=score,,,,http://www.linkedin.com/company/jk-painting-services,,,,,
CertaPro Painters of Orange County,http://www.cppainters-orangecounty.com,,,Orange,California,,,,,,apollo,"painting company, painting services - California",https://app.apollo.io/#/organizations/6547289ecb6ad7000174d389?overrideScoreId=score,,,,http://www.linkedin.com/company/certapro-painters-of-orange-county,,,,,
Generation Homes and Commercial,http://www.generation-homes.com,,,Clovis,California,,,,,,apollo,"painting company, painting services - California",https://app.apollo.io/#/organizations/641d535cd3f1890001efecd7?overrideScoreId=score,22.7M,,,http://www.linkedin.com/company/generation-commercial,https://facebook.com/pages/Generation-Homes/210356869008904,,,,
Basurto Painting,http://www.basurtopainting.com,,,San Jose,California,,,,,,apollo,"painting company, painting services - California",https://app.apollo.io/#/organizations/64167ecbc35c1f0001f915ab?overrideScoreId=score,,,paint protection+36,http://www.linkedin.com/company/basurto-painting,,,,,
RSL Construction Group Inc.,http://www.rslconstructiongroup.com,,,Costa Mesa,California,,,,,,apollo,"painting company, painting services - California",https://app.apollo.io/#/organizations/6162150f98d72b00012ef0f7?overrideScoreId=score,,,polish concrete+2,http://www.linkedin.com/company/rsl-construction-group,,,,,
CCP PAINTING INC.,http://www.ccp-painting.com,,,Concord,California,,,,,,apollo,"painting company, painting services - California",https://app.apollo.io/#/organizations/6089d28214e34800e28a134d?overrideScoreId=score,,,fence restoration+58,http://www.linkedin.com/company/ccp-painting-inc,,,,,
"HiTech Painting, Inc.",http://www.hitechpaint.com,,,HiTech Painting,Inc.,,,,,,apollo,"painting company, painting services - Inc.",https://app.apollo.io/#/organizations/5e56e9f93233cb00017c5416?overrideScoreId=score,,,vapor blasting+63,http://www.linkedin.com/company/hitechpaintinginc,https://www.facebook.com/hitechpaintsandiego,,,,
Pinnacle Painting and Decorating,http://www.paintwithpinnacle.com,,,,,,,,,,apollo,"painting company, painting services",https://app.apollo.io/#/organizations/5da6bb4146748d0001956f42?overrideScoreId=score,,,epoxy flooring+54,http://www.linkedin.com/company/paintwithpinnacle,https://www.facebook.com/paintwithpinnacle,,,,
Trico Painting,http://www.tricopainting.com,,,Roseville,California,,,,,,apollo,"painting company, painting services - California",https://app.apollo.io/#/organizations/55e83dd9f3e5bb092b000462?overrideScoreId=score,,,,http://www.linkedin.com/company/tricopainting,https://facebook.com/tricopainting,https://twitter.com/tricopainting,,,
"Unlimited Property Services, Inc",http://www.upsionline.com,,,Unlimited Property Services,Inc,,,,,,apollo,"painting company, painting services - Inc",https://app.apollo.io/#/organizations/54a129b569702d931370d401?overrideScoreId=score,,,,http://www.linkedin.com/company/unlimited-property-services-inc,,,,,
"A.A. Paint & Custom Finishes, Inc.",http://www.aapaint.com,,,A.A. Paint & Custom Finishes,Inc.,,,,,,apollo,"painting company, painting services - Inc.",https://app.apollo.io/#/organizations/54a11f8369702da42501da01?overrideScoreId=score,27.4M,,repaints+74,http://www.linkedin.com/company/a-a-paint-&-custom-finishes-inc-,,,,,
Sierra West Painting Company,http://www.sierrawestpainting.com,,,Costa Mesa,California,,,,,,apollo,"painting company, painting services - California",https://app.apollo.io/#/organizations/673daf2988b2320001466d26?overrideScoreId=score,4.2M,,,http://www.linkedin.com/company/sierra-west-painting-company,https://facebook.com/pages/Sierra-West-Painting-Co/335900239915153,https://twitter.com/_SWPainting,,,
Next Level Painting Bay Area,http://www.nextlevelpaint.com,,,Oakland,California,,,,,,apollo,"painting company, painting services - California",https://app.apollo.io/#/organizations/645681868bc45f02a62fc0bb?overrideScoreId=score,,,home improvement+51,http://www.linkedin.com/company/next-level-painting-bay-area,https://facebook.com/NextLevelPaintingCA,,,,
Loyalty Technical Services LLC,http://www.loyaltyuae.com,,,Dublin,California,,,,,,apollo,"painting company, painting services - California",https://app.apollo.io/#/organizations/5ed681eba49269000158b2ab?overrideScoreId=score,,,,http://www.linkedin.com/company/loyalty-technical-services,http://www.facebook.com/loyaltytechnicalservices,,,,
TCI Striping,http://www.tcistriping.com,,,Riverside,California,,,,,,apollo,"painting company, painting services - California",https://app.apollo.io/#/organizations/55f469b4f3e5bb1de1008a24?overrideScoreId=score,,,wareshouse striping+27,http://www.linkedin.com/company/tci-striping,,,,,
Award Painting Company,http://www.awardpaintingco.com,,,Fairfield,California,,,,,,apollo,"painting company, painting services - California",https://app.apollo.io/#/organizations/55e8c19ff3e5bb144800006f?overrideScoreId=score,,,,http://www.linkedin.com/company/award-painting-co,,,,,
Brescia Stone Painting,http://www.bsptg.com,,,Novato,California,,,,,,apollo,"painting company, painting services - California",https://app.apollo.io/#/organizations/55923c5d73696418d784e700?overrideScoreId=score,,,industrial painting+78,http://www.linkedin.com/company/brescia-stone-painting,https://www.facebook.com/bresciastonepainting,,,,
HouseSavers,http://www.housesavers.com,,,San Rafael,California,,,,,,apollo,"painting company, painting services - California",https://app.apollo.io/#/organizations/54fca5f57369647dd42f3800?overrideScoreId=score,,,eco-conscious+64,http://www.linkedin.com/company/housesavers,https://www.facebook.com/profile.php,,,,
"Terry Hunt Painting & Decorating, Inc.",http://www.thpd.com,,,Terry Hunt Painting & Decorating,Inc.,,,,,,apollo,"painting company, painting services - Inc.",https://app.apollo.io/#/organizations/54a1bcd074686945fa84890c?overrideScoreId=score,3M,,,http://www.linkedin.com/company/terry-hunt-painting-&-decorating-inc-,http://www.facebook.com/pages/Terry-Hunt-Painting-Decorating-Inc/230868526972288,https://twitter.com/HuntPainting,,,
Kolorama Coatings,http://www.koloramacoatings.com,,,Oxnard,California,,,,,,apollo,"painting company, painting services - California",https://app.apollo.io/#/organizations/63db851206446500daac7640?overrideScoreId=score,,,painting services+9,http://www.linkedin.com/company/kolorama-coatings,https://www.facebook.com/p/Kolorama-Coatings-100086328588054/,,,,
Stark Remodeling Los Angeles,http://www.starkremodelingservices.com,,,Los Angeles,California,,,,,,apollo,"painting company, painting services - California",https://app.apollo.io/#/organizations/6311dddd9a5618008b2f9053?overrideScoreId=score,,,bathroom remodeling+50,http://www.linkedin.com/company/stark-remodeling-los-angeles,,,,,
Moorhouse,http://www.moorhousecoating.com,,,Palm Desert,California,,,,,,apollo,"painting company, painting services - California",https://app.apollo.io/#/organizations/60d70bae21ec6f008ca9977d?overrideScoreId=score,,,,http://www.linkedin.com/company/moorhouse-coating,,,,,
"ADL PAINTING AND WALL COVERING, INC",http://www.adlpainting.com,,,Corona,California,,,,,,apollo,"painting company, painting services - California",https://app.apollo.io/#/organizations/5ed1a167fc64a30001a31fc7?overrideScoreId=score,,,acoustic panels+51,http://www.linkedin.com/company/adl-painting-and-wall-covering-inc,,,,,
"Brad Stoner Painting, Inc.",http://www.bradstonerpainting.com,,,Brad Stoner Painting,Inc.,,,,,,apollo,"painting company, painting services - Inc.",https://app.apollo.io/#/organizations/54a1a2bf7468695860febc03?overrideScoreId=score,25.5M,,interior painting+47,http://www.linkedin.com/company/brad-stoner-painting,https://facebook.com/BradStonerPainting,,,,
New Life Bath & Kitchen,http://www.newlifehi.com,,,Santa Maria,California,,,,,,apollo,"painting company, painting services - California",https://app.apollo.io/#/organizations/54a135b369702d2f9fb62d01?overrideScoreId=score,,,customer satisfaction+54,,https://www.facebook.com/newlifehi,,,,
Partnership Painting,http://www.partnershippainting.com,,,Pasadena,California,,,,,,apollo,"painting company, painting services - California",https://app.apollo.io/#/organizations/54a12ad969702d9313675f02?overrideScoreId=score,21.7M,,interior paint+76,http://www.linkedin.com/company/partnership-painting,https://facebook.com/pages/Partnership-Painting-Inc/342152141803,https://twitter.com/partnerspaint,,,
Best Value Home Improvements,http://www.bestvaluehomeimprovements.com,,,Oakland,California,,,,,,apollo,"painting company, painting services - California",https://app.apollo.io/#/organizations/54a1271969702d9313607000?overrideScoreId=score,34.6M,,termite repair+43,http://www.linkedin.com/company/best-value-home-improvements,,,,,
Creative Design & Build,http://www.creativedesignandbuildinc.com,,,San Diego,California,,,,,,apollo,"painting company, painting services - California",https://app.apollo.io/#/organizations/6569b1b325cf190001db957f?overrideScoreId=score,,,hardscape installation+95,http://www.linkedin.com/company/creative-design-build1,,,,,
"Canin Coatings, Inc.",http://www.canincoatings.com,,,Canin Coatings,Inc.,,,,,,apollo,"painting company, painting services - Inc.",https://app.apollo.io/#/organizations/61ad3296d1633a0001d9c58e?overrideScoreId=score,,,elastomericcoating+53,http://www.linkedin.com/company/canin-coatings-inc.,https://facebook.com/canincoatings,,,,
San Diego Paint Pros,http://www.sandiegopaintpros.com,,,San Diego,California,,,,,,apollo,"painting company, painting services - California",https://app.apollo.io/#/organizations/614ef70f6c4e6b0001853625?overrideScoreId=score,,,painting+34,http://www.linkedin.com/company/san-diego-paint-pros,,,,,
"QCP, Inc.",http://www.qcpconstruction.com,,,Ventura,California,,,,,,apollo,"painting company, painting services - California",https://app.apollo.io/#/organizations/56e11e64f3e5bb3f5d00016b?overrideScoreId=score,,,construction+54,http://www.linkedin.com/company/qcp-inc-,https://www.facebook.com/QCPConstruction/,,,,
"Select Painting & Construction, Inc.",http://www.select-painting.com,,,Select Painting & Construction,Inc.,,,,,,apollo,"painting company, painting services - Inc.",https://app.apollo.io/#/organizations/56d388b6f3e5bb15f7002cdb?overrideScoreId=score,19.3M,,paintinghoa+73,http://www.linkedin.com/company/select-painting-&-construction,https://www.facebook.com/1751039315002139,,,,
"D AND B PAINTING COMPANY, INC.",http://www.dbpaint.com,,,Oakland,California,,,,,,apollo,"painting company, painting services - California",https://app.apollo.io/#/organizations/55ef63dff3e5bb49b10005c7?overrideScoreId=score,,,,http://www.linkedin.com/company/d-and-b-painting-company-inc-,,,,,
Joaquin Painting,http://www.joaquinpainting.com,,,Modesto,California,,,,,,apollo,"painting company, painting services - California",https://app.apollo.io/#/organizations/5592355e73696419d880cd00?overrideScoreId=score,,,commercial painting+50,http://www.linkedin.com/company/joaquin-painting,https://www.facebook.com/JoaquinPainting,,,,
Foxtrot Construction,http://www.foxtco.com,,,Ontario,California,,,,,,apollo,"painting company, painting services - California",https://app.apollo.io/#/organizations/67c88e0acb8fcb000d2731ee?overrideScoreId=score,,,project management+53,http://www.linkedin.com/company/foxtco,,,,,
JLM Painting Inc,http://www.jlmpaintinginc.com,,,Petaluma,California,,,,,,apollo,"painting company, painting services - California",https://app.apollo.io/#/organizations/63b3df5342ae1c00fcbc5443?overrideScoreId=score,,,dry rot repair+55,http://www.linkedin.com/company/jlm-painting-inc,,,,,
"Majestic Life General Contracting, Inc. / Majestic Life Painting",http://www.majesticlifecontracting.com,,,Rancho Cordova,California,,,,,,apollo,"painting company, painting services - California",https://app.apollo.io/#/organizations/5ed5827645fca50001eae84c?overrideScoreId=score,,,exterior prep+37,http://www.linkedin.com/company/majestic-life-contracting-inc,,,,,
Fenn Construction Services,http://www.fenncsi.com,,,Anaheim,California,,,,,,apollo,"painting company, painting services - California",https://app.apollo.io/#/organizations/5a9cf300a6da98d98529692c?overrideScoreId=score,,,,http://www.linkedin.com/company/fenn-construction-services-inc,https://www.facebook.com/FennConstructionServicesInc,,,,
Kelley Painting Services,,,,Murrieta,California,,,,,,apollo,"painting company, painting services - California",https://app.apollo.io/#/organizations/57c4cfbaa6da986a7fc94aa0?overrideScoreId=score,,,,http://www.linkedin.com/company/kelley-painting-services-inc,,,,,
MIGALE PAINTING COMPANY,http://www.migalepainting.com,,,Novato,California,,,,,,apollo,"painting company, painting services - California",https://app.apollo.io/#/organizations/66f1070d3a3bc5000178f9bf?overrideScoreId=score,,,,http://www.linkedin.com/company/migale-painting-company,,,,,
RA PAINTING & SERVICES INC,http://www.rapaint.com,,,El Cajon,California,,,,,,apollo,"painting company, painting services - California",https://app.apollo.io/#/organizations/66d4870696c434000160abf5?overrideScoreId=score,,,,http://www.linkedin.com/company/ra-painting-&-services-inc,,,,,
Basile Interiors Ltd,http://www.basileinteriors.com,,,Windsor,California,,,,,,apollo,"painting company, painting services - California",https://app.apollo.io/#/organizations/6368e2c410bbcf000132e8dc?overrideScoreId=score,,,painting+29,http://www.linkedin.com/company/basile-interiors-ltd,,,,,
MPG Painting,http://www.mpgpainting.net,,,Sacramento,California,,,,,,apollo,"painting company, painting services - California",https://app.apollo.io/#/organizations/60b1e99bd26791000182aa36?overrideScoreId=score,,,,http://www.linkedin.com/company/mpg-painting,,,,,
City Wide Restoration and Construction,http://www.citywiderestorationandconstruction.com,,,Sacramento,California,,,,,,apollo,"painting company, painting services - California",https://app.apollo.io/#/organizations/5fc88aa851b0ec0001da20f2?overrideScoreId=score,,,,http://www.linkedin.com/company/city-wide-restoration-and-construction,,,,,
ProCom Painting Inc.,http://www.procompainting.com,,,Ontario,California,,,,,,apollo,"painting company, painting services - California",https://app.apollo.io/#/organizations/5e55c811c1df75000167ce90?overrideScoreId=score,,,floor coatings+45,http://www.linkedin.com/company/procom-painting-inc.,https://www.facebook.com/ProComPaintingInc/,,,,
Construction Concern Inc,http://www.constructionconcern.com,,,Santa Clarita,California,,,,,,apollo,"painting company, painting services - California",https://app.apollo.io/#/organizations/55ea5c62f3e5bb5940005f5a?overrideScoreId=score,,,,http://www.linkedin.com/company/construction-concern-inc,https://www.facebook.com/constructionconcern,,,,
Kunst Painting,http://www.kunstpainting.com,,,San Rafael,California,,,,,,apollo,"painting company, painting services - California",https://app.apollo.io/#/organizations/5569f15c73696425db1ab900?overrideScoreId=score,11.3M,,painting+65,http://www.linkedin.com/company/kunst-painting-inc,https://facebook.com/BobKunstPainting,https://twitter.com/KunstPainting,,,
A.J.T. Construction Company,http://www.ajtconstruction.com,,,Mission Hills,California,,,,,,apollo,"painting company, painting services - California",https://app.apollo.io/#/organizations/54a1357969702d333da6d500?overrideScoreId=score,27.5M,,mold remediation+58,http://www.linkedin.com/company/a.j.t.-construction-company,,,,,
R&K TRADESMEN PLUMBING ELECTRICAL H.V.A.C. GENERAL CONRACTORS,http://www.rktradesmen.com,,,Los Angeles,California,,,,,,apollo,"painting company, painting services - California",https://app.apollo.io/#/organizations/54fca4d27369640180612f00?overrideScoreId=score,,,,http://www.linkedin.com/company/r&k-tradesmen-plumbing-electrical-h-v-a-c-general-conractors,,,,,
Rayco Painting,http://www.raycopainting.com,,,Oakland,California,,,,,,apollo,"painting company, painting services - California",https://app.apollo.io/#/organizations/54a1287d69702dc84157e600?overrideScoreId=score,,,hoa industry+46,http://www.linkedin.com/company/rayco-painting,,,,,
Troy's Painting,http://www.troyspainting.com,,,Santa Ana,California,,,,,,apollo,"painting company, painting services - California",https://app.apollo.io/#/organizations/54a1f9247468693fda340d02?overrideScoreId=score,26.7M,,painting+50,http://www.linkedin.com/company/troy's-painting,,,,,
C2SI,http://www.c2si.com,,,Carlsbad,California,,,,,,apollo,"painting company, painting services - California",https://app.apollo.io/#/organizations/54a11ec369702da10f9e9a01?overrideScoreId=score,,,,http://www.linkedin.com/company/consolidated-construction-services-inc.,,,,,
Urban Painting,http://www.urbanco.com,,,San Rafael,California,,,,,,apollo,"painting company, painting services - California",https://app.apollo.io/#/organizations/5f4a2969768ca90001ea10f2?overrideScoreId=score,,,high rise buildings+47,http://www.linkedin.com/company/urban-waterproofing-inc.,,,,,
"National Renovation, Inc.",http://www.nationalrenovation.com,,,National Renovation,Inc.,,,,,,apollo,"painting company, painting services - Inc.",https://app.apollo.io/#/organizations/5f49ee92d5572a0001a4e410?overrideScoreId=score,,,glass intallation+76,http://www.linkedin.com/company/national-renovation-inc,,,,,
Shafran Construction,http://www.shafranconstruction.com,,,Agoura Hills,California,,,,,,apollo,"painting company, painting services - California",https://app.apollo.io/#/organizations/54fca62873696401a7a53200?overrideScoreId=score,,,painting services+51,http://www.linkedin.com/company/shafran-construction,https://facebook.com/teamshafran,https://twitter.com/shafrancon,,,
Elite Home Services SB,http://www.elite-homeservices.com,,,Santa Barbara,California,,,,,,apollo,"painting company, painting services - California",https://app.apollo.io/#/organizations/6412212086b27d00a3951ffd?overrideScoreId=score,,,kitchen remodeling+57,http://www.linkedin.com/company/elite-home-services-sb,,,,,
R&L Quality Painting,http://www.rlqualitypainting.com,,,Brea,California,,,,,,apollo,"painting company, painting services - California",https://app.apollo.io/#/organizations/5ed211f9abf8dd0001a39465?overrideScoreId=score,,,painting contractor+54,http://www.linkedin.com/company/r-l-quality-painting,https://www.facebook.com/rlqualitypainting/,,,,
"Perryman Painting & Remodeling, Inc.",http://www.perrymanpainting.com,,,Perryman Painting & Remodeling,Inc.,,,,,,apollo,"painting company, painting services - Inc.",https://app.apollo.io/#/organizations/5da52c87313a320001957a27?overrideScoreId=score,8.5M,,,http://www.linkedin.com/company/perryman-painting-remodeling-inc,https://www.facebook.com/PerrymanPainting,https://twitter.com/perrymanpaintin,,,
River City Reconstruction & Painting,http://www.rcityrestoration.com,,,Sacramento,California,,,,,,apollo,"painting company, painting services - California",https://app.apollo.io/#/organizations/5569f8c973696434798a0100?overrideScoreId=score,,,painting+51,http://www.linkedin.com/company/river-city-reconstruction,https://www.facebook.com/rcityrestoration/,,,,
Armstrong Installation Service,http://www.armstrong1234.com,,,Emeryville,California,,,,,,apollo,"painting company, painting services - California",https://app.apollo.io/#/organizations/5da4609fd7e66f00017c2784?overrideScoreId=score,20.1M,,foam roofing+58,http://www.linkedin.com/company/armstrong-installation-service,,,,,
"ALC Construction, LLC",http://www.alcconstructioninc.com,,,Los Angeles,California,,,,,,apollo,"painting company, painting services - California",https://app.apollo.io/#/organizations/556db209736964126c4f7401?overrideScoreId=score,,,general contractor+50,http://www.linkedin.com/company/alc-construction-llc-,,,,,
Larson Bros. Painting,http://www.larsonbrospainting.com,,,Napa,California,,,,,,apollo,"painting company, painting services - California",https://app.apollo.io/#/organizations/54fca5e573696401aac03100?overrideScoreId=score,,,carpentry repair+92,http://www.linkedin.com/company/larson-bros-painting,https://www.facebook.com/larsonbrospainting/,https://twitter.com/larsonbrospaint,,,
CalPro Construction & Painting,http://www.thinkcalpro.com,,,Roseville,California,,,,,,apollo,"painting company, painting services - California",https://app.apollo.io/#/organizations/54a1bb2174686942d34e040c?overrideScoreId=score,10.8M,,,http://www.linkedin.com/company/calpro-painting,https://facebook.com/CalProPainting,,,,
"Roussos Construction, Inc.",http://www.roussosconstruction.com,,,Roussos Construction,Inc.,,,,,,apollo,"painting company, painting services - Inc.",https://app.apollo.io/#/organizations/54a13a2d69702db45dc7a800?overrideScoreId=score,,,multifamily+83,http://www.linkedin.com/company/roussos-construction-services,https://facebook.com/roussosconstruction,,,,
"Landmark Painting, Inc.",http://www.landmarkpaintinginc.com,,,Landmark Painting,Inc.,,,,,,apollo,"painting company, painting services - Inc.",https://app.apollo.io/#/organizations/5da3684b0f892d00019d6579?overrideScoreId=score,,,,http://www.linkedin.com/company/landmark-painting-inc.,,,,,
Around The House Handyman,http://www.hernandezhandymanservices.net,,,Fresno,California,,,,,,apollo,"painting company, painting services - California",https://app.apollo.io/#/organizations/57c505cfa6da986a673dacc5?overrideScoreId=score,,,consumer services+50,http://www.linkedin.com/company/around-the-house-handyman,,,,,
McCarthy Painting Inc.,http://www.mccarthypainting.com,,,San Rafael,California,,,,,,apollo,"painting company, painting services - California",https://app.apollo.io/#/organizations/54a1c25974686949e7c0960e?overrideScoreId=score,,,interior painting+50,http://www.linkedin.com/company/mccarthypainting,https://www.facebook.com/McCarthyPaintingCompany,,,,
Paintrite Pros,http://www.paintritepros.com,,,Elk Grove,California,,,,,,apollo,"painting company, painting services - California",https://app.apollo.io/#/organizations/5fde3c5d70fc52008c774811?overrideScoreId=score,,,house painting+43,http://www.linkedin.com/company/paintrite-pros,,https://twitter.com/Paintritepros,,,
Pro Painting Co.LLC,http://www.propaintingcollc.com,,,Los Angeles,California,,,,,,apollo,"painting company, painting services - California",https://app.apollo.io/#/organizations/5ed13e090c370f000191bad5?overrideScoreId=score,,,painter+35,http://www.linkedin.com/company/propaintingco,,,,,
"Abayla Contracting Services, Inc.",http://www.abayla.com,,,Abayla Contracting Services,Inc.,,,,,,apollo,"painting company, painting services - Inc.",https://app.apollo.io/#/organizations/5e55fa1f8ee16e00019c9555?overrideScoreId=score,17.4M,,,http://www.linkedin.com/company/abayla-contracting-services-inc,,,,,
A-T.E.A.M. Contractors Inc.,http://www.ateam777.com,,,Oceanside,California,,,,,,apollo,"painting company, painting services - California",https://app.apollo.io/#/organizations/5d095652a3ae61145bc40398?overrideScoreId=score,,,painting+67,http://www.linkedin.com/company/a-team-contractors-inc.,,,,,
QUIROZ CONSTRUCTION,http://www.quirozconstructioninc.com,,,Corcoran,California,,,,,,apollo,"painting company, painting services - California",https://app.apollo.io/#/organizations/55f95c30f3e5bb6c41005272?overrideScoreId=score,,,general contractor+42,http://www.linkedin.com/company/quiroz-construction,,,,,
Whit's Painting Inc.,http://www.whitspaintinginc.com,,,Clayton,California,,,,,,apollo,"painting company, painting services - California",https://app.apollo.io/#/organizations/54a19e247468695c82683b02?overrideScoreId=score,,,painting interior+67,http://www.linkedin.com/company/whit's-painting-inc-,https://www.facebook.com/WhitsPaintingInc,,,,
"Roy Miller Painting, Inc.",http://www.roymillerpainting.com,,,Roy Miller Painting,Inc.,,,,,,apollo,"painting company, painting services - Inc.",https://app.apollo.io/#/organizations/54a1225269702d84c5effb02?overrideScoreId=score,22.4M,,new construction+58,http://www.linkedin.com/company/roy-miller-painting-inc-,https://facebook.com/Roymillerpainting,,,,
All Bay Paint Inc.,http://www.allbaypaint.com,,,Santa Clara,California,,,,,,apollo,"painting company, painting services - California",https://app.apollo.io/#/organizations/5f3fee0c1f48df0001a31abe?overrideScoreId=score,,,commercial painting+56,http://www.linkedin.com/company/all-bay,,,,,
Lawrence B. Bonas Company,http://www.bonasco.com,,,Costa Mesa,California,,,,,,apollo,"painting company, painting services - California",https://app.apollo.io/#/organizations/5e500b291a794800f29d1e52?overrideScoreId=score,,,licensed contractor+46,http://www.linkedin.com/company/bonasco,,,,,
Winv Painting & Coatings,http://www.winv.com,,,Corona,California,,,,,,apollo,"painting company, painting services - California",https://app.apollo.io/#/organizations/5b872300324d4412a18c1475?overrideScoreId=score,,,water proofing+42,http://www.linkedin.com/company/winv-painting-coatings,https://www.facebook.com/winvpainting/,,,,
Patal and Partners Construction,http://www.patalconstruction.com,,,Pasadena,California,,,,,,apollo,"painting company, painting services - California",https://app.apollo.io/#/organizations/61620d9753a9c40001fca40e?overrideScoreId=score,,,construction+78,http://www.linkedin.com/company/patal-and-partners-construction,https://www.facebook.com/patalconstructionllc/,,,,
Nugent Painting Inc.,http://www.nugentpainting.com,,,Huntington Beach,California,,,,,,apollo,"painting company, painting services - California",https://app.apollo.io/#/organizations/61616b68d15be40001229e92?overrideScoreId=score,3.7M,,industrialpainting+65,http://www.linkedin.com/company/nugent-paintinginc,https://facebook.com/nugentpainting,https://twitter.com/nugentpainting,,,
Rossi Painting & Construction,http://www.rossipainting.com,,,San Carlos,California,,,,,,apollo,"painting company, painting services - California",https://app.apollo.io/#/organizations/604a9bd9a8096d0001c3d87a?overrideScoreId=score,,,painting+54,http://www.linkedin.com/company/rossipainting,,,,,
Tollner Painting Inc,http://www.tollnerpainting.com,,,Campbell,California,,,,,,apollo,"painting company, painting services - California",https://app.apollo.io/#/organizations/55921e94736964186f1e7e00?overrideScoreId=score,19M,,commercial painting+49,http://www.linkedin.com/company/tollner-painting-inc,,,,,
J.W. Peterson Painting Inc.,http://www.jwpetersonpainting.com,,,Livermore,California,,,,,,apollo,"painting company, painting services - California",https://app.apollo.io/#/organizations/556ceec47369641226a04f00?overrideScoreId=score,,,commercial painting+52,http://www.linkedin.com/company/j-w-peterson-painting-inc-,,,,,
PS2 Inc,http://www.ps2-inc.com,,,Gardena,California,,,,,,apollo,"painting company, painting services - California",https://app.apollo.io/#/organizations/55eb491cf3e5bb781e0034a2?overrideScoreId=score,14.5M,,,http://www.linkedin.com/company/ps2-inc,,,,,
Whitestone Industries,http://www.wsindustries.com,,,Pasadena,California,,,,,,apollo,"painting company, painting services - California",https://app.apollo.io/#/organizations/5f28786074e70000bebc0fe3?overrideScoreId=score,,,deep clean+65,http://www.linkedin.com/company/wsindustries,https://www.facebook.com/WSindustries/,,,,
Crown Painting Inc,http://www.crownpaintinginc.com,,,Modesto,California,,,,,,apollo,"painting company, painting services - California",https://app.apollo.io/#/organizations/5e56abdf6e001c00015bca1e?overrideScoreId=score,27.3M,,epoxy floors+49,http://www.linkedin.com/company/crown-painting,https://facebook.com/CrownPaintingInc,,,,
"George E. Masker, Inc.",http://www.maskerpainting.com,,,George E. Masker,Inc.,,,,,,apollo,"painting company, painting services - Inc.",https://app.apollo.io/#/organizations/54a1df3e7468695475ab5e15?overrideScoreId=score,23.3M,,painting services+38,http://www.linkedin.com/company/george-e-masker-inc,,,,,
Lancaster Painting,http://www.lancasterpainting.com,,,Denair,California,,,,,,apollo,"painting company, painting services - California",https://app.apollo.io/#/organizations/54a1c84874686949e7fbae10?overrideScoreId=score,18.8M,,inteiror+32,http://www.linkedin.com/company/lancaster-painting,https://facebook.com/LancasterPainting,https://twitter.com/lancasterpaint,,,
Pro-Tech Painting,http://www.pro-techpainting.com,,,San Diego,California,,,,,,apollo,"painting company, painting services - California",https://app.apollo.io/#/organizations/54a11c5369702d8ccce59700?overrideScoreId=score,15.7M,,interior+63,http://www.linkedin.com/company/pro-tech-painting,https://www.facebook.com/protechpaintcompany/,https://twitter.com/protechpaintco,,,
MC Contracting,http://www.mc-contracting.com,,,Oceanside,California,,,,,,apollo,"painting company, painting services - California",https://app.apollo.io/#/organizations/5b84c54d324d44716a2001c4?overrideScoreId=score,,,,http://www.linkedin.com/company/mc-contracting,,,,,
Acoustical Drywall Services,http://www.spray1.com,,,Pleasanton,California,,,,,,apollo,"painting company, painting services - California",https://app.apollo.io/#/organizations/54a1356b69702d4494de9800?overrideScoreId=score,6.9M,,,http://www.linkedin.com/company/acoustical-drywall-services,https://facebook.com/acousticaldrywall,,,,
Legacy Painting Contractors,http://www.legacypaintingcontractorsca.com,,,Pleasanton,California,,,,,,apollo,"painting company, painting services - California",https://app.apollo.io/#/organizations/5500b2d97369642daa6a2a00?overrideScoreId=score,8.9M,,painting contractors+5,http://www.linkedin.com/company/legacy-painting-contractors,https://facebook.com/LegacyPaintingContractors,https://twitter.com/legacypainting,,,
Pacific Western Painting and Construction,http://www.pacwestpainting.com,,,San Marcos,California,,,,,,apollo,"painting company, painting services - California",https://app.apollo.io/#/organizations/54a1295d69702dcef98e9301?overrideScoreId=score,5.9M,,painting+65,http://www.linkedin.com/company/pacific-western-commercial-and-residential-painting,https://www.facebook.com/pacwestpaintingandconstruction/,https://twitter.com/pacwestpaint,,,
"Magic Maintenance, Inc.",http://www.magicmaintenanceinc.com,,,Magic Maintenance,Inc.,,,,,,apollo,"painting company, painting services - Inc.",https://app.apollo.io/#/organizations/67a252109b81e902d0f766a2?overrideScoreId=score,,,restoration services+53,http://www.linkedin.com/company/magicmaintenanceinc,,,,,
Urban Painting,http://www.urbanpainting.com,,,San Rafael,California,,,,,,apollo,"painting company, painting services - California",https://app.apollo.io/#/organizations/5ed25c0aeeff5c00012dc210?overrideScoreId=score,44.5M,,metal coatings+56,http://www.linkedin.com/company/urbanpainting,,,,,
Mcr Construction,http://www.mcrdreambuilders.com,,,Moorpark,California,,,,,,apollo,"painting company, painting services - California",https://app.apollo.io/#/organizations/57c505daa6da986a1b288fdf?overrideScoreId=score,,,residential remodeling+37,http://www.linkedin.com/company/mcr-construction,,,,,
Varsity Painting,http://www.varsitypainting.com,,,Walnut Creek,California,,,,,,apollo,"painting company, painting services - California",https://app.apollo.io/#/organizations/54a137f869702d9b89351100?overrideScoreId=score,3.4M,,,http://www.linkedin.com/company/varsity-painting,https://facebook.com/pages/Varsity-Painting/194959223877669,https://twitter.com/rolandthoms,,,
Steves Painting,http://www.stevespaintinginc.com,,,Ontario,California,,,,,,apollo,"painting company, painting services - California",https://app.apollo.io/#/organizations/55ec9b1bf3e5bb12cd0049e6?overrideScoreId=score,,,wood restoration+53,http://www.linkedin.com/company/steves-painting,,,,,
PSR West Coast Builders,http://www.psrgc.com,,,Lafayette,California,,,,,,apollo,"painting company, painting services - California",https://app.apollo.io/#/organizations/6346eba7e4661900e4513f35?overrideScoreId=score,,,,http://www.linkedin.com/company/psr-west-coast-builders,,,,,
ALP CONSTRUCTION & PAINTING INC,http://www.alpconstructionca.com,,,Pleasant Hill,California,,,,,,apollo,"painting company, painting services - California",https://app.apollo.io/#/organizations/5e5694241a459300015c93bc?overrideScoreId=score,,,fencing & sound walls+65,http://www.linkedin.com/company/alp-construction-&-painting-inc,https://www.facebook.com/Alpconstructionandpainting/,https://twitter.com/ALP_Constructs,,,
Pacific Drywall,http://www.pacificdrywall.com,,,San Jose,California,,,,,,apollo,"painting company, painting services - California",https://app.apollo.io/#/organizations/5d0a82dba3ae613a6ca6c575?overrideScoreId=score,19M,,wallpaper removal+37,http://www.linkedin.com/company/pacific-drywall,,,,,
Affinity Painting Company Inc.,http://www.affinity-painting.com,,,Covina,California,,,,,,apollo,"painting company, painting services - California",https://app.apollo.io/#/organizations/5da7015581f1650001b1c11f?overrideScoreId=score,2.2M,,commercial+78,http://www.linkedin.com/company/affinity-painting-company-inc.,https://facebook.com/affinitypainting,https://twitter.com/AffinityPaints,,,
"Painting Unlimited, Inc.",http://www.paintingunlimited-inc.com,,,Painting Unlimited,Inc.,,,,,,apollo,"painting company, painting services - Inc.",https://app.apollo.io/#/organizations/5e57addca4128d0001c84836?overrideScoreId=score,,,power washing+67,http://www.linkedin.com/company/painting-unlimited-inc.,,,,,
Rogall + Co.,http://www.rogall.com,,,Morro Bay,California,,,,,,apollo,"painting company, painting services - California",https://app.apollo.io/#/organizations/56d5ffd0f3e5bb35e50009d7?overrideScoreId=score,,,residential+64,http://www.linkedin.com/company/rogall-painting-inc-,https://www.facebook.com/RogallCo,https://twitter.com/RogallCo,,,
LIME Painting,http://www.limepainting.com,,,Greenwood Village,Colorado,,,,,,apollo,"painting company, painting services - Colorado",https://app.apollo.io/#/organizations/5ed1e7983b3bf900017b9fe2?overrideScoreId=score,,,,http://www.linkedin.com/company/limepainting,https://facebook.com/getlimed,https://twitter.com/lime_painting,,,
Kind Home Solutions,http://www.kindhomesolutions.com,,,Englewood,Colorado,,,,,,apollo,"painting company, painting services - Colorado",https://app.apollo.io/#/organizations/5b863654f874f71549f118d4?overrideScoreId=score,,,exterior painting+52,http://www.linkedin.com/company/kindhomesolutions,https://www.facebook.com/KindHomeSolutions/,,,,
Lewis Custom Painting,http://www.lewiscustompainting.com,,,Castle Rock,Colorado,,,,,,apollo,"painting company, painting services - Colorado",https://app.apollo.io/#/organizations/61ec350d8cd8fc0001ddfb42?overrideScoreId=score,,,project management+26,http://www.linkedin.com/company/lewis-custom-painting,https://www.facebook.com/lewiscustompainting,,,,
"AMC Painting, LLC",http://www.amcpainting.com,,,Colorado Springs,Colorado,,,,,,apollo,"painting company, painting services - Colorado",https://app.apollo.io/#/organizations/54a25de07468693825bf831d?overrideScoreId=score,22.7M,,dental offices+49,http://www.linkedin.com/company/amc-painting,https://www.facebook.com/search/top,,,,
Stellar Painting and Remodeling,http://www.stellarpaintingandremodeling.com,,,Englewood,Colorado,,,,,,apollo,"painting company, painting services - Colorado",https://app.apollo.io/#/organizations/664a407ed2de5e0001695058?overrideScoreId=score,12.9M,,carpentrystucco+55,http://www.linkedin.com/company/stellar-painting-and-remodeling,https://www.facebook.com/stellarpaintandremodel/,https://twitter.com/stellarpainters,,,
TECC Commercial Painting,http://www.teccpainting.com,,,Colorado Springs,Colorado,,,,,,apollo,"painting company, painting services - Colorado",https://app.apollo.io/#/organizations/5ed33ad7492a01000138a85b?overrideScoreId=score,1.5M,,residential painting+47,http://www.linkedin.com/company/tecc-painting-company,,,,,
Shamrock Painting/ Bell SPI,http://www.shamrockpaintinginc.com,,,Denver,Colorado,,,,,,apollo,"painting company, painting services - Colorado",https://app.apollo.io/#/organizations/55fa621bf3e5bb019a000e60?overrideScoreId=score,9.7M,,,http://www.linkedin.com/company/shamrock-painting-inc-,https://www.facebook.com/shamrockpaintinginc/,,,,
Walls by Design Inc.,http://www.wallsbydesign.com,,,Denver,Colorado,,,,,,apollo,"painting company, painting services - Colorado",https://app.apollo.io/#/organizations/55920a347369641865233300?overrideScoreId=score,18.3M,,drywall textures+50,http://www.linkedin.com/company/walls-by-design-inc-,,,,,
"Preferred Painting, Inc",http://www.preferredpainting.com,,,Preferred Painting,Inc,,,,,,apollo,"painting company, painting services - Inc",https://app.apollo.io/#/organizations/5d0949a2f6512589e239bfe3?overrideScoreId=score,18.5M,,custom logos+78,http://www.linkedin.com/company/preferredpainting-denverco,,,,,
Pride Roofing & Construction,http://www.prideroofingandsolar.com,,,Loveland,Colorado,,,,,,apollo,"painting company, painting services - Colorado",https://app.apollo.io/#/organizations/5f46388994798d00016d66a8?overrideScoreId=score,,,exterior painting+60,http://www.linkedin.com/company/prideroofingandsolar,,,,,
Shaker Painting Inc,http://www.shakerpainting.com,,,Denver,Colorado,,,,,,apollo,"painting company, painting services - Colorado",https://app.apollo.io/#/organizations/556d4ab773696411c788d500?overrideScoreId=score,,,new construction+41,http://www.linkedin.com/company/shaker-painting,https://www.facebook.com/shakerpainting,https://twitter.com/shakerpainting,,,
Foothills Painting LLC,http://www.foothillspainting.co,,,Fort Collins,Colorado,,,,,,apollo,"painting company, painting services - Colorado",https://app.apollo.io/#/organizations/5d0a85b5f65125346a4e42ef?overrideScoreId=score,,,interior painting+53,http://www.linkedin.com/company/foothills-painting-llc,https://facebook.com/tr,https://twitter.com/fcpainters,,,
CLASSIC PAINTING AND DECORATING,http://www.classicpaintingusa.com,,,Golden,Colorado,,,,,,apollo,"painting company, painting services - Colorado",https://app.apollo.io/#/organizations/670c3d8c4c558600016c5851?overrideScoreId=score,,,siding replacement+28,http://www.linkedin.com/company/classic-painting-and-decorating,,,,,
Majestic Painting Company Inc.,http://www.majesticpainting.net,,,Aurora,Colorado,,,,,,apollo,"painting company, painting services - Colorado",https://app.apollo.io/#/organizations/5da27da4a2de8e0001a7038c?overrideScoreId=score,,,custom color schemes+45,http://www.linkedin.com/company/majestic-painting-company-inc,https://www.facebook.com/majesticpaintingcompany,,,,
Accent Painting,http://www.denversbestpainters.com,,,Centennial,Colorado,,,,,,apollo,"painting company, painting services - Colorado",https://app.apollo.io/#/organizations/640525a51d4352000146f009?overrideScoreId=score,,,,http://www.linkedin.com/company/accentpainting,,,,,
Elk Horn Painting,http://www.elkhornpainting.com,,,Castle Rock,Colorado,,,,,,apollo,"painting company, painting services - Colorado",https://app.apollo.io/#/organizations/5e5696bb34bf3400011688b2?overrideScoreId=score,,,painting+58,http://www.linkedin.com/company/elk-horn-painting,https://www.facebook.com/Elk-Horn-Painting-LLC-523380701184142/,,,,
"Seven Point Construction, Inc",http://www.sevenpointinc.com,,,Seven Point Construction,Inc,,,,,,apollo,"painting company, painting services - Inc",https://app.apollo.io/#/organizations/5a9ec4a9a6da98d96d84705c?overrideScoreId=score,,,construction+57,http://www.linkedin.com/company/seven-point-construction-inc,,,,,
Colorado Homes & Design,http://www.cohomedesign.com,,,Denver,Colorado,,,,,,apollo,"painting company, painting services - Colorado",https://app.apollo.io/#/organizations/556d9ccd7369641284444a01?overrideScoreId=score,,,renovationflooring+55,http://www.linkedin.com/company/colorado-homes-&-design,,,,,
"Proline West, Inc.",http://www.prolinewest.com,,,Proline West,Inc.,,,,,,apollo,"painting company, painting services - Inc.",https://app.apollo.io/#/organizations/5fcb4261650b7b0001158468?overrideScoreId=score,,,airfield safety+56,http://www.linkedin.com/company/proline-west-inc,,,,,
M&E Painting,http://www.mandepainting.com,,,Loveland,Colorado,,,,,,apollo,"painting company, painting services - Colorado",https://app.apollo.io/#/organizations/5fcb04612836cf00010443a7?overrideScoreId=score,1.1M,,paintingstaining+49,http://www.linkedin.com/company/m-e-painting,https://www.facebook.com/mandepaintingandroofing,https://twitter.com/mandepainting,,,
LIME Painting Franchise,http://www.limepaintingfranchise.com,,,Greenwood Village,Colorado,,,,,,apollo,"painting company, painting services - Colorado",https://app.apollo.io/#/organizations/5f437ee70f7c5b000151cf25?overrideScoreId=score,,,franchise opportunity+45,http://www.linkedin.com/company/lime-painting-franchise,,,,,
Western Maintenance & Construction,http://www.westernmc.com,,,Englewood,Colorado,,,,,,apollo,"painting company, painting services - Colorado",https://app.apollo.io/#/organizations/5d0a764aa3ae6147afc95bbf?overrideScoreId=score,10M,,property maintenance+54,http://www.linkedin.com/company/western-maintenance-&-construction,https://facebook.com/pages/Western-Maintenance-and-Construction/120070051425046,,,,
Helix Painting,http://www.helixpainting.com,,,Littleton,Colorado,,,,,,apollo,"painting company, painting services - Colorado",https://app.apollo.io/#/organizations/5b12f185a6da98dcf76043c1?overrideScoreId=score,,,,http://www.linkedin.com/company/helix-home-services-llc,,,,,
Pappas Painting & Repair,http://www.pappaspainting.com,,,Lakewood,Colorado,,,,,,apollo,"painting company, painting services - Colorado",https://app.apollo.io/#/organizations/556ce45773696411cc6d4700?overrideScoreId=score,,,professional painters+50,http://www.linkedin.com/company/pappas-painting,https://facebook.com/pappaspaintingcolorado,,,,
"Innovative Painting Systems, Inc",http://www.innovativepaintingco.com,,,Innovative Painting Systems,Inc,,,,,,apollo,"painting company, painting services - Inc",https://app.apollo.io/#/organizations/54a19fbb74686942d3e4c802?overrideScoreId=score,33.1M,,quality+55,http://www.linkedin.com/company/innovative-painting-systems-inc,https://facebook.com/pages/Innovative-Painting-Systems-Inc/327277933982630,,,,
"Prep-Rite Coatings & Contracting, LLC®️",http://www.prepritecoatings.com,,,Golden,Colorado,,,,,,apollo,"painting company, painting services - Colorado",https://app.apollo.io/#/organizations/5ed4876be82ab60001a48143?overrideScoreId=score,,,powerwashing+66,http://www.linkedin.com/company/prep-rite-coatings-contracting-llc,,,,,
Empire Roofing and Restoration,,,,Colorado Springs,Colorado,,,,,,apollo,"painting company, painting services - Colorado",https://app.apollo.io/#/organizations/5e56a7b984f34a00017668a6?overrideScoreId=score,,,residential roofing+93,http://www.linkedin.com/company/empire-roofing-and-restoration,https://www.facebook.com/empireroofingandrestorationCO/,https://twitter.com/EmpireRoofingCS,,,
O'Shea's Construction,http://www.osheasconstruction.com,,,Colorado Springs,Colorado,,,,,,apollo,"painting company, painting services - Colorado",https://app.apollo.io/#/organizations/5d3714a8f651257f6345dc97?overrideScoreId=score,30.3M,,outdoor living+56,http://www.linkedin.com/company/o'shea's-construction,https://facebook.com/AffordableColoradoSpringsHomes,,,,
All Starr Roofing,http://www.allstarrgc.com,,,Aurora,Colorado,,,,,,apollo,"painting company, painting services - Colorado",https://app.apollo.io/#/organizations/5a9d8456a6da98d98c6b501b?overrideScoreId=score,,,residential roofing+50,http://www.linkedin.com/company/all-starr-roofing,https://www.facebook.com/allstarrgc/,,,,
LIME Painting® of Northern Colorado,http://www.limepaintingofnortherncolorado.com,,,Boulder,Colorado,,,,,,apollo,"painting company, painting services - Colorado",https://app.apollo.io/#/organizations/5e5833db2895460001e00815?overrideScoreId=score,,,,http://www.linkedin.com/company/limenortherncolorado,,,,,
A Quality Paint Job,http://www.aqualitypaintjob.com,,,Colorado Springs,Colorado,,,,,,apollo,"painting company, painting services - Colorado",https://app.apollo.io/#/organizations/54a23b327468693cddf82818?overrideScoreId=score,,,stain fine millwork+51,http://www.linkedin.com/company/a-quality-paint-job,,,,,
Mountain West Painting LLC,http://www.mountainwestpainting.com,,,Littleton,Colorado,,,,,,apollo,"painting company, painting services - Colorado",https://app.apollo.io/#/organizations/61ec3519a531560001b433e8?overrideScoreId=score,,,,http://www.linkedin.com/company/mountain-west-painting-llc,,,,,
Advanced Concepts,http://www.advancedconceptsco.com,,,Littleton,Colorado,,,,,,apollo,"painting company, painting services - Colorado",https://app.apollo.io/#/organizations/614ec5da19077e0001316f13?overrideScoreId=score,,,interior painting+61,http://www.linkedin.com/company/advancedconcepts1,,,,,
Painting NoCo,http://www.paintingnoco.com,,,Loveland,Colorado,,,,,,apollo,"painting company, painting services - Colorado",https://app.apollo.io/#/organizations/5e55f0efc786930001b7dcae?overrideScoreId=score,,,wallpaper removal+53,http://www.linkedin.com/company/painting-noco,,,,,
"Highland Painting Company, LLC",http://www.highlandpaintingpros.com,,,Denver,Colorado,,,,,,apollo,"painting company, painting services - Colorado",https://app.apollo.io/#/organizations/672659c06919ee000128f3bc?overrideScoreId=score,,,,http://www.linkedin.com/company/highland-painting-company-llc,,,,,
C&C Roofing and Construction,http://www.ccroofingcompany.com,,,Northglenn,Colorado,,,,,,apollo,"painting company, painting services - Colorado",https://app.apollo.io/#/organizations/665cbd487251990001683561?overrideScoreId=score,,,roofing contractors+67,http://www.linkedin.com/company/c-c-roofing-and-construction,https://facebook.com/profile.php,,,,
"Color2Color Painting, Co.",http://www.color2color.com,,,Color2Color Painting,Co.,,,,,,apollo,"painting company, painting services - Co.",https://app.apollo.io/#/organizations/64ba44cf61189a00baecf837?overrideScoreId=score,,,exterior painting+49,http://www.linkedin.com/company/color2color-painting-co,https://www.facebook.com/color2color,,,,
"RW Professional Painting, LLC",http://www.rwpropainting.com,,,Littleton,Colorado,,,,,,apollo,"painting company, painting services - Colorado",https://app.apollo.io/#/organizations/5ed5f1072419f6000110140d?overrideScoreId=score,,,deck & fence staining+49,http://www.linkedin.com/company/rw-professional-painting-llc,https://www.facebook.com/RWProfessionalPainting/,,,,
Ace Hardware Painting Services,http://www.acehardwarepainting.com,,,Lakewood,Colorado,,,,,,apollo,"painting company, painting services - Colorado",https://app.apollo.io/#/organizations/5a9e21daa6da98d97e7a880b?overrideScoreId=score,,,decksfences+3,http://www.linkedin.com/company/ace-hardware-painting-services,,,,,
Arte and Design LLC.,http://www.arteanddesign.com,,,Denver,Colorado,,,,,,apollo,"painting company, painting services - Colorado",https://app.apollo.io/#/organizations/57c50627a6da986a8f42db8a?overrideScoreId=score,,,landscaping design+36,http://www.linkedin.com/company/arte-and-desing,,,,,
Swedish Painting Company,http://www.swedishpaintingco.com,,,Aspen,Colorado,,,,,,apollo,"painting company, painting services - Colorado",https://app.apollo.io/#/organizations/556d5023736964121f01e300?overrideScoreId=score,8M,,,http://www.linkedin.com/company/swedish-painting-company,https://facebook.com/SwedishPaintingCompany/,,,,
Stan Painting Services,http://www.stanpainting.com.au,,,Thornton,Colorado,,,,,,apollo,"painting company, painting services - Colorado",https://app.apollo.io/#/organizations/66e406f17cadb70001618435?overrideScoreId=score,,,,http://www.linkedin.com/company/stan-painting-services,,,,,
Tecc Painting Company,,,,Colorado Springs,Colorado,,,,,,apollo,"painting company, painting services - Colorado",https://app.apollo.io/#/organizations/664b056cf8dd710001b6df82?overrideScoreId=score,,,commercial painting+15,http://www.linkedin.com/company/tecc-painting,,,,,
Imperial Painters LLC,http://www.imperialpaintersco.com,,,Arvada,Colorado,,,,,,apollo,"painting company, painting services - Colorado",https://app.apollo.io/#/organizations/5fc9ad157f0def0001a1aa67?overrideScoreId=score,,,residential+46,http://www.linkedin.com/company/imperial-painters-llc,https://facebook.com/imperialpaintersco,https://twitter.com/copainters,,,
LIME Painting of Castle Rock,,,,Castle Rock,Colorado,,,,,,apollo,"painting company, painting services - Colorado",https://app.apollo.io/#/organizations/5e56ad704169b30001c5fad4?overrideScoreId=score,,,construction company+13,http://www.linkedin.com/company/limepaintingofcastlerock,,,,,
Exemplary Painting,http://www.exemplarypainting.com,,,Littleton,Colorado,,,,,,apollo,"painting company, painting services - Colorado",https://app.apollo.io/#/organizations/5b83324e324d446b0607b4bd?overrideScoreId=score,,,house painting+45,http://www.linkedin.com/company/exemplary-painting,https://www.facebook.com/ExemplaryPainting/,,,,
Singletrack Painting,http://www.singletrackpainting.com,,,Denver,Colorado,,,,,,apollo,"painting company, painting services - Colorado",https://app.apollo.io/#/organizations/5500cefc73696460fcb87e00?overrideScoreId=score,22.9M,,,http://www.linkedin.com/company/singletrack-painting,https://facebook.com/pages/Singletrack-Painting-LLC/1485392178345640,,,,
Empire Roofing and Restoration of Colorado Springs,http://www.empireroofingandrestoration.com,,,Colorado Springs,Colorado,,,,,,apollo,"painting company, painting services - Colorado",https://app.apollo.io/#/organizations/54a1ab9374686949e7247106?overrideScoreId=score,,,roof replacements+87,http://www.linkedin.com/company/empire-roofing-of-colorado-springs,,,,,
"Tall Pines Painting, Inc",http://www.tallpinespainting.com,,,Tall Pines Painting,Inc,,,,,,apollo,"painting company, painting services - Inc",https://app.apollo.io/#/organizations/54a1363069702d46f0aa0201?overrideScoreId=score,14.4M,,window washing+79,http://www.linkedin.com/company/tall-pines-painting-inc,https://facebook.com/pages/Tall-Pines-Painting-Inc/126561187377480,https://twitter.com/tallpinespaint,,,
"B Sharp Painting, LLC",http://www.bsharppainting.com,,,Peyton,Colorado,,,,,,apollo,"painting company, painting services - Colorado",https://app.apollo.io/#/organizations/67d901a82d35f20001caff32?overrideScoreId=score,,,building construction+48,http://www.linkedin.com/company/b-sharp-painting-llc,,,,,
Pure Choice Construction,http://www.purechoiceconstruction.com,,,Aurora,Colorado,,,,,,apollo,"painting company, painting services - Colorado",https://app.apollo.io/#/organizations/663308f095d9990007f87dc3?overrideScoreId=score,7.3M,,interior & exterior paint+58,http://www.linkedin.com/company/pure-choice-construction,https://facebook.com/pages/Pure-Choice-Construction/1374907412784575,,,,
Crone Roofing,http://www.croneroofing.com,,,Englewood,Colorado,,,,,,apollo,"painting company, painting services - Colorado",https://app.apollo.io/#/organizations/6620afb8e28e550007e0389f?overrideScoreId=score,,,roofing contractors+45,http://www.linkedin.com/company/crone-roofing,,,,,
Colorado Straight Edge Painting,http://www.csepainting.com,,,Aurora,Colorado,,,,,,apollo,"painting company, painting services - Colorado",https://app.apollo.io/#/organizations/64ebb6937cd70200a3b6c80c?overrideScoreId=score,,,interior painting+35,http://www.linkedin.com/company/colorado-straight-edge-painting,,,,,
Gardiner Painting,http://www.gardinerpaint.com,,,Colorado Springs,Colorado,,,,,,apollo,"painting company, painting services - Colorado",https://app.apollo.io/#/organizations/649a9a9e99b5e400efca4443?overrideScoreId=score,,,residential painting+49,http://www.linkedin.com/company/gardiner-painting,,,,,
Paint Baum,http://www.paintbaum.com,,,Boulder,Colorado,,,,,,apollo,"painting company, painting services - Colorado",https://app.apollo.io/#/organizations/6448993224ed930001d1a664?overrideScoreId=score,,,epoxy floors+87,http://www.linkedin.com/company/paint-baum,,,,,
Constructors LLC,http://www.constructors-llc.com,,,Greeley,Colorado,,,,,,apollo,"painting company, painting services - Colorado",https://app.apollo.io/#/organizations/61eb959cc8aecf00010ab43c?overrideScoreId=score,,,home renovations+67,http://www.linkedin.com/company/constructors-llc,,,,,
"Front Range Property Solutions, Inc",http://www.frontrangepropertysolutions.com,,,Front Range Property Solutions,Inc,,,,,,apollo,"painting company, painting services - Inc",https://app.apollo.io/#/organizations/60f2e882c744ce0001d1e486?overrideScoreId=score,,,roofing services+50,http://www.linkedin.com/company/front-range-property-solutions-inc,,,,,
"Vivid Color Painting Company, LLC",http://www.vividcolorpaintingco.com,,,Durango,Colorado,,,,,,apollo,"painting company, painting services - Colorado",https://app.apollo.io/#/organizations/5da6ecda46748d00012abc55?overrideScoreId=score,,,,http://www.linkedin.com/company/vivid-color-painting-company-llc,,,,,
Prime Time Roofing LLC,http://www.primetimeroofing.com,,,Parker,Colorado,,,,,,apollo,"painting company, painting services - Colorado",https://app.apollo.io/#/organizations/5b853c86f874f7642fa7fa70?overrideScoreId=score,,,residential roofing+60,http://www.linkedin.com/company/prime-time-roofing-llc,https://facebook.com/primetimeroofingCO/,https://twitter.com/PrimeTimeRoof,,,
"""Vigil's Handyman Services""",http://www.vigilhandymanservices.com,,,Denver,Colorado,,,,,,apollo,"painting company, painting services - Colorado",https://app.apollo.io/#/organizations/54a13c7369702d0486abeb01?overrideScoreId=score,,,electrical repair+12,http://www.linkedin.com/company/vigil's-handyman-services,,,,,
Matt's Remodel and Painting Services LLC,http://www.mattsremodel.com,,,Thornton,Colorado,,,,,,apollo,"painting company, painting services - Colorado",https://app.apollo.io/#/organizations/674fe1f2ae8a090001f08a10?overrideScoreId=score,,,,http://www.linkedin.com/company/matt's-remodel-and-painting-services-llc,,,,,
Ripcord Painting,http://www.ripcordpainting.com,,,Brighton,Colorado,,,,,,apollo,"painting company, painting services - Colorado",https://app.apollo.io/#/organizations/6420d121361ead0001b498a2?overrideScoreId=score,,,,http://www.linkedin.com/company/ripcord-painting,,,,,
4-Nine Painting LLC,http://www.thecoloradopaintingcompany.com,,,Denver,Colorado,,,,,,apollo,"painting company, painting services - Colorado",https://app.apollo.io/#/organizations/640980c0f34ee90001516071?overrideScoreId=score,,,interior painting+46,http://www.linkedin.com/company/4-nine-painting-llc,,,,,
Improovy Painters Denver,,,,Denver,Colorado,,,,,,apollo,"painting company, painting services - Colorado",https://app.apollo.io/#/organizations/63f637d1b3f24b00da4ffebd?overrideScoreId=score,,,cabinet painting+12,http://www.linkedin.com/company/improovy-painters-denver,,,,,
"Owner at Colorado Creations, LLC",http://www.theccllc.com,,,Littleton,Colorado,,,,,,apollo,"painting company, painting services - Colorado",https://app.apollo.io/#/organizations/54a1b81a7468694f8f2aff0a?overrideScoreId=score,,,,http://www.linkedin.com/company/owner-at-colorado-creations-llc,,,,,
SCHOLAR PAINTING LLC,http://www.ctpaintingcontractors.com,,,Seymour,Connecticut,,,,,,apollo,"painting company, painting services - Connecticut",https://app.apollo.io/#/organizations/5f441fc149e00000013ad6e5?overrideScoreId=score,,,epoxy flooring+62,http://www.linkedin.com/company/scholar-painting-llc,,,,,
"Roberge Painting Company, Inc.",http://www.robergepainting.com,,,Roberge Painting Company,Inc.,,,,,,apollo,"painting company, painting services - Inc.",https://app.apollo.io/#/organizations/5e56af21e8dafc0001895986?overrideScoreId=score,40.0M,,,http://www.linkedin.com/company/roberge-painting-company-inc.,https://facebook.com/robergepainting,,,,
MacKenzie Painting Company,http://www.mackenziepaintingco.com,,,Stratford,Connecticut,,,,,,apollo,"painting company, painting services - Connecticut",https://app.apollo.io/#/organizations/5fca04f7be1c6100014ef215?overrideScoreId=score,,,painting+19,http://www.linkedin.com/company/mackenziepaintingco,,,,,
Franklin Painting LLC,http://www.franklinpainting.com,,,Farmington,Connecticut,,,,,,apollo,"painting company, painting services - Connecticut",https://app.apollo.io/#/organizations/56d7fa7bf3e5bb58a6002206?overrideScoreId=score,5.8M,,,http://www.linkedin.com/company/franklin-painting-llc,https://facebook.com/FranklinPainting,https://twitter.com/CTPainters,,,
Renaissance - A Painting Company,http://www.ren-painting.com,,,Glastonbury,Connecticut,,,,,,apollo,"painting company, painting services - Connecticut",https://app.apollo.io/#/organizations/54a1358369702d48e2bc9c00?overrideScoreId=score,,,,http://www.linkedin.com/company/renaissance---a-painting-company,,,,,
SMS Painting,http://www.smspaintingllc.com,,,Bridgeport,Connecticut,,,,,,apollo,"painting company, painting services - Connecticut",https://app.apollo.io/#/organizations/559222cb7369641908728b00?overrideScoreId=score,,,,http://www.linkedin.com/company/sms-painting,,,,,
K. Morgan Commercial Painting,http://www.kmorganassociates.com,,,North Haven,Connecticut,,,,,,apollo,"painting company, painting services - Connecticut",https://app.apollo.io/#/organizations/5e56652e4e4bc20001011b91?overrideScoreId=score,8.4M,,,http://www.linkedin.com/company/k-morgan,,,,,
Contract Painting Services Llc,http://www.snowspainting.com,,,Hartford,Connecticut,,,,,,apollo,"painting company, painting services - Connecticut",https://app.apollo.io/#/organizations/54fca1107369647e76830000?overrideScoreId=score,13M,,home servicespainters,http://www.linkedin.com/company/contract-painting-services-llc,https://facebook.com/pages/Snows-Painting-Service-LLC/135781013151908,,,,
MARTINEZ PAINTING COMPANY LLC,http://www.martinezpainting.com,,,Essex,Connecticut,,,,,,apollo,"painting company, painting services - Connecticut",https://app.apollo.io/#/organizations/6739831fc2e9160001ae5ec8?overrideScoreId=score,,,,http://www.linkedin.com/company/martinez-painting-company-llc,,,,,
JC PRO PAINTING SERVICES,,,,Bridgeport,Connecticut,,,,,,apollo,"painting company, painting services - Connecticut",https://app.apollo.io/#/organizations/64523e0b59851d000129820c?overrideScoreId=score,,,,http://www.linkedin.com/company/jc-pro-painting-services,,,,,
"Zeiss Construction Group, LLC",http://www.zeissconstruction.com,,,Stratford,Connecticut,,,,,,apollo,"painting company, painting services - Connecticut",https://app.apollo.io/#/organizations/6783fc81a8beae0001e3a637?overrideScoreId=score,,,,http://www.linkedin.com/company/zeiss-construction-group-llc,,,,,
ROBERGE PAINTING COMPANY INC,http://www.epoxyflooringservices.com,,,Bristol,Connecticut,,,,,,apollo,"painting company, painting services - Connecticut",https://app.apollo.io/#/organizations/673c45a17e4999000131e067?overrideScoreId=score,,,,http://www.linkedin.com/company/roberge-painting-company-inc,,,,,
Pro House Painters LLC,http://www.prohousepainters.net,,,Putnam,Connecticut,,,,,,apollo,"painting company, painting services - Connecticut",https://app.apollo.io/#/organizations/674d85c2997361000143ee63?overrideScoreId=score,,,painting services+44,http://www.linkedin.com/company/prohousepainters,,,,,
"Painters In CT - Interior, Exterior, Commercial, & Residential Painting",http://www.newhavenpaintersllc.com,,,Southington,Connecticut,,,,,,apollo,"painting company, painting services - Connecticut",https://app.apollo.io/#/organizations/5da540b5cef49f000192bfb2?overrideScoreId=score,,,painting+73,http://www.linkedin.com/company/paintersinct,,,,,
"Turner Painting Service, Inc.",http://www.turnerpaintingservice.com,,,Turner Painting Service,Inc.,,,,,,apollo,"painting company, painting services - Inc.",https://app.apollo.io/#/organizations/5d449e26576fbc09d5056d5c?overrideScoreId=score,,,homescommercial+89,http://www.linkedin.com/company/turnerpaintingservice,,,,,
Glendening Painting Services,http://www.glendeningpainting.com.au,,,Newington,Connecticut,,,,,,apollo,"painting company, painting services - Connecticut",https://app.apollo.io/#/organizations/56d3de0df3e5bb3a7a00172b?overrideScoreId=score,70.4M,,,http://www.linkedin.com/company/glendening-painting-services,,,,,
"DiNardo Painting, LLC.",http://www.dinardopainting.com,,,New London,Connecticut,,,,,,apollo,"painting company, painting services - Connecticut",https://app.apollo.io/#/organizations/5da30c3be3362e00014e1caa?overrideScoreId=score,,,surface sealing+45,http://www.linkedin.com/company/dinardo-painting-llc,,,,,
Provision Painting and Design LLC,http://www.provisionpaintinganddesign.com,,,Fairfield,Connecticut,,,,,,apollo,"painting company, painting services - Connecticut",https://app.apollo.io/#/organizations/56d95f54f3e5bb731d001fac?overrideScoreId=score,,,,http://www.linkedin.com/company/provision-painting-and-design-llc,,,,,
E D Painting,http://www.edpaintingonline.com,,,West Hartford,Connecticut,,,,,,apollo,"painting company, painting services - Connecticut",https://app.apollo.io/#/organizations/54a1284769702dc12826ca00?overrideScoreId=score,,,deck staining+12,http://www.linkedin.com/company/e-d-painting,https://www.facebook.com/edpainting/,,,,
Fairfield Painting Company,http://www.fairfieldpainting.com,,,Fairfield,Connecticut,,,,,,apollo,"painting company, painting services - Connecticut",https://app.apollo.io/#/organizations/672742feed6bc2000186939f?overrideScoreId=score,18.2M,,,http://www.linkedin.com/company/fairfield-painting-company,,,,,
Joe Tamborra Painting Company,http://www.norwichpaintingcontractor.com,,,Norwich,Connecticut,,,,,,apollo,"painting company, painting services - Connecticut",https://app.apollo.io/#/organizations/6701758390d84b000118e425?overrideScoreId=score,,,,http://www.linkedin.com/company/joe-tamborra-painting-company,,,,,
Camilo Painting Services LLC,http://www.camilopaintingservices.com,,,Stamford,Connecticut,,,,,,apollo,"painting company, painting services - Connecticut",https://app.apollo.io/#/organizations/66ea8df5d928ee000109ebab?overrideScoreId=score,,,construction+2,http://www.linkedin.com/company/camilo-painting-services-llc,,,,,
KD Home Improvement,http://www.kdhomeimprovement.com,,,West Hartford,Connecticut,,,,,,apollo,"painting company, painting services - Connecticut",https://app.apollo.io/#/organizations/5500b9567369641718071300?overrideScoreId=score,10.9M,,,http://www.linkedin.com/company/kd-home-improvement,https://facebook.com/KDHomeImprovement,,,,
Pat Derby Painting Company,http://www.patderbypainting.com,,,East Windsor,Connecticut,,,,,,apollo,"painting company, painting services - Connecticut",https://app.apollo.io/#/organizations/674284fe490a1000014e6771?overrideScoreId=score,,,,http://www.linkedin.com/company/pat-derby-painting-company,,,,,
Connecticut Best Painting Company LLC,http://www.connecticutbestpainting.com,,,New Haven,Connecticut,,,,,,apollo,"painting company, painting services - Connecticut",https://app.apollo.io/#/organizations/67271e4f6893d600010c71d4?overrideScoreId=score,,,,http://www.linkedin.com/company/connecticut-best-painting-company-llc,,,,,
A G Vars Painting Services,http://www.agvarspaintingservices.com,,,Norwich,Connecticut,,,,,,apollo,"painting company, painting services - Connecticut",https://app.apollo.io/#/organizations/6714d2783c01600001176104?overrideScoreId=score,7.3M,,,http://www.linkedin.com/company/a-g-vars-painting-services,https://facebook.com/agvarspaintingservices,,,,
M&K Renovations,http://www.mk-renovations.com,,,Wilmington,Delaware,,,,,,apollo,"painting company, painting services - Delaware",https://app.apollo.io/#/organizations/5ee0c3b2f01fc90001f1005c?overrideScoreId=score,,,custom cabinetry+49,http://www.linkedin.com/company/m-k-renovations-llc,,,,,
Burke painting Company LLC,http://www.burkepaintingandcoatings.com,,,Wilmington,Delaware,,,,,,apollo,"painting company, painting services - Delaware",https://app.apollo.io/#/organizations/56dd2052f3e5bb1ae900184a?overrideScoreId=score,,,,http://www.linkedin.com/company/burke-painting-company-llc,,,,,
KD Drywall N Paint LLC,http://www.kddrywallnpaint.com,,,Millsboro,Delaware,,,,,,apollo,"painting company, painting services - Delaware",https://app.apollo.io/#/organizations/64739df7e2145c0001650b80?overrideScoreId=score,,,home improvement+22,http://www.linkedin.com/company/kddrywallnpaintllc,,,,,
HHI Painting Services,http://www.hhipaint.com,,,Claymont,Delaware,,,,,,apollo,"painting company, painting services - Delaware",https://app.apollo.io/#/organizations/6438b991d2ab3000a340be16?overrideScoreId=score,,,stucco painting+7,http://www.linkedin.com/company/hhi-painting-services,,,,,
I.A.C. PAINTING COMPANY INC.,http://www.iacpainting.com,,,Tampa,Florida,,,,,,apollo,"painting company, painting services - Florida",https://app.apollo.io/#/organizations/6730c2080af9f60001e2e517?overrideScoreId=score,,,,http://www.linkedin.com/company/i.a.c.-painting-company-inc.,,,,,
R&B Home Service,,,,Orlando,Florida,,,,,,apollo,"painting company, painting services - Florida",https://app.apollo.io/#/organizations/661e2f3edba7290007c181d7?overrideScoreId=score,,,curb appeal+49,http://www.linkedin.com/company/r-b-home-service,,,,,
Hones-T Painting LLC,http://www.hones-tpainting.com,,,Sarasota,Florida,,,,,,apollo,"painting company, painting services - Florida",https://app.apollo.io/#/organizations/65be7061a94694000112f2f6?overrideScoreId=score,,,paint longevity+48,http://www.linkedin.com/company/hones-t-painting-llc,,,,,
Coastal Painting of South Florida,,,,Fort Lauderdale,Florida,,,,,,apollo,"painting company, painting services - Florida",https://app.apollo.io/#/organizations/64b3349ca27b120001d95078?overrideScoreId=score,,,,http://www.linkedin.com/company/coastal-painting-of-south-florida,https://www.facebook.com/profile.php,,,,
Fresh Coating,http://www.freshcoatingllc.com,,,Fort Walton Beach,Florida,,,,,,apollo,"painting company, painting services - Florida",https://app.apollo.io/#/organizations/64a6667023b5ff0001281872?overrideScoreId=score,,,exterior painting+55,http://www.linkedin.com/company/fresh-coating-llc,https://www.facebook.com/freshcoatingllc,,,,
The Cabinet Painting Company,http://www.cabinetpaintingco.com,,,Lithia,Florida,,,,,,apollo,"painting company, painting services - Florida",https://app.apollo.io/#/organizations/63c2ea9b5c1fde0001e1b472?overrideScoreId=score,,,,http://www.linkedin.com/company/cabinetpaintingco,https://www.facebook.com/cabinetpaintingco/,,,,
Blu Baboon Painting,http://www.blubaboon.com,,,Cocoa,Florida,,,,,,apollo,"painting company, painting services - Florida",https://app.apollo.io/#/organizations/6384b6b5a0238900a31b5c73?overrideScoreId=score,,,interior painting+38,http://www.linkedin.com/company/blu-baboon,,,,,
SENCU Construction Inc.,http://www.sencuconstruction.com,,,Orlando,Florida,,,,,,apollo,"painting company, painting services - Florida",https://app.apollo.io/#/organizations/61ec0e79600a26000183760e?overrideScoreId=score,,,construction+58,http://www.linkedin.com/company/sencu-construction,https://www.facebook.com/sencuconstruction,,,,
Sante Custom Painting & Designs,http://www.santecustompainting.com,,,Orlando,Florida,,,,,,apollo,"painting company, painting services - Florida",https://app.apollo.io/#/organizations/614ead27ccf149000195a26a?overrideScoreId=score,,,home improvement+30,http://www.linkedin.com/company/sante-custom-painting-&-designs,https://www.facebook.com/santecustompainting,,,,
SUPERMIXERS LLC,http://www.supermixers.us,,,Orlando,Florida,,,,,,apollo,"painting company, painting services - Florida",https://app.apollo.io/#/organizations/5e58166761258d00012a2e99?overrideScoreId=score,,,truck dealer+45,http://www.linkedin.com/company/supermixers,https://www.facebook.com/1895154717197969,,,,
Tampa Bay Painting Company,http://www.tbpaintingco.com,,,Saint Petersburg,Florida,,,,,,apollo,"painting company, painting services - Florida",https://app.apollo.io/#/organizations/55ef78c5f3e5bb3550000dea?overrideScoreId=score,,,,http://www.linkedin.com/company/tampa-bay-painting-company,https://www.facebook.com/TampaBayPaintingCompany,,,,
"GPS Painting Group, LLC (561-247-2468)",http://www.gpspaintingfl.com,,,Royal Palm Beach,Florida,,,,,,apollo,"painting company, painting services - Florida",https://app.apollo.io/#/organizations/5500b76a736964606b480600?overrideScoreId=score,,,pressure wash+60,http://www.linkedin.com/company/g-p-s-painting-group-llc,,https://twitter.com/GPSPainting,,,
Hall Painting Services,http://www.hallpaintingservices.com,,,Clearwater,Florida,,,,,,apollo,"painting company, painting services - Florida",https://app.apollo.io/#/organizations/54a1342669702d3170353400?overrideScoreId=score,,,,http://www.linkedin.com/company/hall-painting-services,,,,,
"DT Painter, LLC.",http://www.dtpainter.com,,,Coral Springs,Florida,,,,,,apollo,"painting company, painting services - Florida",https://app.apollo.io/#/organizations/54a128e069702d90a2337401?overrideScoreId=score,,,pressure cleaning+55,http://www.linkedin.com/company/dt-painter-llc-,,,,,
Triple S Painting and Cleaning Services,http://www.triplespaintingandcleaningservices.com,,,Spring Hill,Florida,,,,,,apollo,"painting company, painting services - Florida",https://app.apollo.io/#/organizations/674cc9ccb453520001e69923?overrideScoreId=score,,,consultation+36,http://www.linkedin.com/company/triple-s-painting-and-cleaning-services,,,,,
Munyan Painting Services,http://www.munyanpaintingservices.com,,,Bradenton,Florida,,,,,,apollo,"painting company, painting services - Florida",https://app.apollo.io/#/organizations/6727e14d0b702b000158d621?overrideScoreId=score,20.2M,,,http://www.linkedin.com/company/munyan-painting-services,https://facebook.com/MunyanPaintingServices,,,,
American Standard Painting & Drywall,http://www.americanstandardpaint.com,,,Seminole,Florida,,,,,,apollo,"painting company, painting services - Florida",https://app.apollo.io/#/organizations/67269d523ca5f70001974ef4?overrideScoreId=score,,,painting services+43,http://www.linkedin.com/company/american-standard-painting-drywall,,,,,
"XTREME PAINTING SERVICES, INC.",http://www.xtremepaintingservices.com,,,Tampa,Florida,,,,,,apollo,"painting company, painting services - Florida",https://app.apollo.io/#/organizations/6714314733a88400017eab81?overrideScoreId=score,,,,http://www.linkedin.com/company/xtreme-painting-services-inc.,,,,,
SOCORRO PAINTING COMPANY,http://www.socorropainting.com,,,Miami,Florida,,,,,,apollo,"painting company, painting services - Florida",https://app.apollo.io/#/organizations/66e504d0829610000151de82?overrideScoreId=score,,,,http://www.linkedin.com/company/socorro-painting-company,,,,,
Top of The Ladder Painting,http://www.topoftheladderpainting.com,,,Loxahatchee,Florida,,,,,,apollo,"painting company, painting services - Florida",https://app.apollo.io/#/organizations/66e14a8327c2cb00016e5298?overrideScoreId=score,,,painter+55,http://www.linkedin.com/company/top-of-the-ladder-painting,,,,,
ILG Painting Corporation,http://www.ilgpaintingcorporation.com,,,Fort Lauderdale,Florida,,,,,,apollo,"painting company, painting services - Florida",https://app.apollo.io/#/organizations/66d13eeadfae4e02d0adf980?overrideScoreId=score,,,residential painting+46,http://www.linkedin.com/company/ilg-painting-corporation,,,,,
GLOBAL PAINTING SERVICES,http://www.paintingood.com,,,Sanford,Florida,,,,,,apollo,"painting company, painting services - Florida",https://app.apollo.io/#/organizations/6638154e3498f40001a553e6?overrideScoreId=score,,,interior painters & exterior painters,http://www.linkedin.com/company/global-painting-services,,,,,
"RC Painting & Decorative Coatings, Inc.",http://www.rcpaintingbrevard.com,,,RC Painting & Decorative Coatings,Inc.,,,,,,apollo,"painting company, painting services - Inc.",https://app.apollo.io/#/organizations/65b20b1063a5530001666cf3?overrideScoreId=score,,,,http://www.linkedin.com/company/rc-painting-&-decorative-coatings-inc.,https://facebook.com/pages/RC-Painting-Decorative-Coatings-Inc/231042596952034,,,,
Coordinated Concepts LLC,http://www.coordinatedconceptsllc.com,,,Riverview,Florida,,,,,,apollo,"painting company, painting services - Florida",https://app.apollo.io/#/organizations/6579f88513943b01ae4aba39?overrideScoreId=score,,,,http://www.linkedin.com/company/coordinated-concepts-llc,,,,,
M N PAINTING SERVICES LLC,http://www.mnpaintservices.com,,,Wesley Chapel,Florida,,,,,,apollo,"painting company, painting services - Florida",https://app.apollo.io/#/organizations/65572fe1155ef700a37d8755?overrideScoreId=score,,,paintingpainters+8,http://www.linkedin.com/company/m-n-painting-services-llc,,,,,
Ideal Paint Solutions,http://www.idealpaintsolutions.com,,,Jacksonville,Florida,,,,,,apollo,"painting company, painting services - Florida",https://app.apollo.io/#/organizations/64c4c3cce0b44a0001a6960a?overrideScoreId=score,,,commercial painting+50,http://www.linkedin.com/company/ideal-paint-solutions,https://www.facebook.com/profile.php,,,,
Tj Handyman Home Repair & Remodeling Services LLC,http://www.tjhandymanservicesllc.com,,,Orlando,Florida,,,,,,apollo,"painting company, painting services - Florida",https://app.apollo.io/#/organizations/64919b1ccd546100d93df8f3?overrideScoreId=score,,,plumbing installation+82,http://www.linkedin.com/company/tjhandymanservicesllc,https://www.facebook.com/TJHandymanServices2012/,https://twitter.com/tjhandyman2012,,,
"T&T Pools And Handyman Services, Inc.",http://www.tandtatyourservice.com,,,T&T Pools And Handyman Services,Inc.,,,,,,apollo,"painting company, painting services - Inc.",https://app.apollo.io/#/organizations/646b497b74f37300015bdc43?overrideScoreId=score,,,gutter cleaning+48,http://www.linkedin.com/company/tandtpoolsandhandymanservices,,,,,
PPC CONTRACTING,http://www.ppccontracting.com,,,Miami,Florida,,,,,,apollo,"painting company, painting services - Florida",https://app.apollo.io/#/organizations/6417757f76e79400017b0503?overrideScoreId=score,,,expertise+39,http://www.linkedin.com/company/ppc-contracting,,,,,
Starforce Construction Group,http://www.starforcellc.com,,,Orlando,Florida,,,,,,apollo,"painting company, painting services - Florida",https://app.apollo.io/#/organizations/61ec829df04bc40001f4cc73?overrideScoreId=score,,,cleaning services+37,http://www.linkedin.com/company/starforce-construction-group,,,,,
Paint Blue Commercial Painting for Greater Tampa Bay,http://www.paintblue.com,,,Seminole,Florida,,,,,,apollo,"painting company, painting services - Florida",https://app.apollo.io/#/organizations/61ec65497a332b0001c6e643?overrideScoreId=score,,,commercial painting+67,http://www.linkedin.com/company/paint-blue,https://www.facebook.com/PaintBlueCompany,,,,
"Team Sepi Inc., A Painting Company®",,,,Miami,Florida,,,,,,apollo,"painting company, painting services - Florida",https://app.apollo.io/#/organizations/60064b1a11702900e4bdfc14?overrideScoreId=score,,,,http://www.linkedin.com/company/team-sepi,,,,,
Samantha’s Walls LLC,http://www.samanthaswalls.com,,,Orlando,Florida,,,,,,apollo,"painting company, painting services - Florida",https://app.apollo.io/#/organizations/5f3f5edf37fc0d0001212715?overrideScoreId=score,,,artistic paint+51,http://www.linkedin.com/company/samantha%e2%80%99s-walls-llc,,,,,
Spencer Colgan Wallpaper Hanger,http://www.spencercolgan.com,,,Tampa,Florida,,,,,,apollo,"painting company, painting services - Florida",https://app.apollo.io/#/organizations/5ed28daaec800f00016ec3b3?overrideScoreId=score,,,mural installation+53,http://www.linkedin.com/company/spencer-colgan-wallpaper-hanger,https://www.facebook.com/SpencerColganIsWallpaper/,https://twitter.com/SpencerColgan,,,
Paggio Painting Company Inc.,http://www.paggiopainting.com,,,Tampa,Florida,,,,,,apollo,"painting company, painting services - Florida",https://app.apollo.io/#/organizations/56e5dff2f3e5bb17f4005de8?overrideScoreId=score,,,,http://www.linkedin.com/company/paggio-painting-company-inc-,,,,,
Chance Painting Company LLC,http://www.chancepainting.com,,,Fort Walton Beach,Florida,,,,,,apollo,"painting company, painting services - Florida",https://app.apollo.io/#/organizations/56dd56b8f3e5bb1ac500331b?overrideScoreId=score,,,,http://www.linkedin.com/company/chance-painting-company-llc,,https://twitter.com/ChancePainting,,,
Unique Stone Resurfacing™,http://www.uniquestoneresurfacing.com,,,Sarasota,Florida,,,,,,apollo,"painting company, painting services - Florida",https://app.apollo.io/#/organizations/5500b4c87369647a36870900?overrideScoreId=score,,,bathroom remodeling+92,http://www.linkedin.com/company/unique-stone-resurfacing%e2%84%a2,http://www.facebook.com/uniquestoneresurfacing,http://twitter.com/Unique_Stone_NM,,,
"Bayshore Painting Contractors, Inc.",http://www.bayshorepainting.net,,,Bayshore Painting Contractors,Inc.,,,,,,apollo,"painting company, painting services - Inc.",https://app.apollo.io/#/organizations/54a1363169702d4b2e75d800?overrideScoreId=score,,,,http://www.linkedin.com/company/bayshore-painting-contractors-inc.,,,,,
A Competitive Edge,http://www.ace-paints.com,,,Cape Coral,Florida,,,,,,apollo,"painting company, painting services - Florida",https://app.apollo.io/#/organizations/68d04ebaa06cae0001c68df4?overrideScoreId=score,,,residential painting+39,http://www.linkedin.com/company/a-competitive-edge,https://www.facebook.com/acompetitiveedge,,,,
Conmar Remodeling Solutions,http://www.conmarremodeling.com,,,Naples,Florida,,,,,,apollo,"painting company, painting services - Florida",https://app.apollo.io/#/organizations/6837fcdbafb26b0001c09db9?overrideScoreId=score,,,construction+51,http://www.linkedin.com/company/conmar-remodeling-solutions,https://www.facebook.com/Conmar-110587811777934/,,,,
"Egan Painting, LLC",http://www.egan-painting.com,,,Saint Petersburg,Florida,,,,,,apollo,"painting company, painting services - Florida",https://app.apollo.io/#/organizations/67e236ce4956df001976e85d?overrideScoreId=score,,,,http://www.linkedin.com/company/egan-painting-llc,,,,,
Sykes Painting Services,http://www.sykespaintingservices.net,,,West Palm Beach,Florida,,,,,,apollo,"painting company, painting services - Florida",https://app.apollo.io/#/organizations/674ff8f34b817f00017faf2b?overrideScoreId=score,,,,http://www.linkedin.com/company/sykes-painting-services,,,,,
Sons of Monaco Painting,http://www.sonsofmonacopainting.com,,,Fort Myers,Florida,,,,,,apollo,"painting company, painting services - Florida",https://app.apollo.io/#/organizations/674575a33a363b00019b3ba2?overrideScoreId=score,,,customer satisfaction+45,http://www.linkedin.com/company/sons-of-monaco-painting,,,,,
"GIZER'S PAINTING SERVICES, LLC",http://www.gizerspaintingservices.com,,,Altamonte Springs,Florida,,,,,,apollo,"painting company, painting services - Florida",https://app.apollo.io/#/organizations/674034dff95d1100010f0928?overrideScoreId=score,,,,http://www.linkedin.com/company/gizer's-painting-services-llc,,,,,
DJ Corporate Solutions LLC,http://www.djcorporatesolutions.com,,,Palm Bay,Florida,,,,,,apollo,"painting company, painting services - Florida",https://app.apollo.io/#/organizations/6718bfe3473a1c000125524a?overrideScoreId=score,,,epoxy floors+4,http://www.linkedin.com/company/epoxyfloors-spacecoast,,,,,
BERTRAMS PAINTING SERVICES INC,http://www.bertramspaintingservices.com,,,Miramar,Florida,,,,,,apollo,"painting company, painting services - Florida",https://app.apollo.io/#/organizations/670bd2283bf7480001423092?overrideScoreId=score,,,,http://www.linkedin.com/company/bertrams-painting-services-inc,,,,,
SITA SOLUTIONS LLC,http://www.sitasolution.com,,,Davie,Florida,,,,,,apollo,"painting company, painting services - Florida",https://app.apollo.io/#/organizations/6704f3dd27e5fd0001a98db4?overrideScoreId=score,,,,http://www.linkedin.com/company/sita-solutions-llc,https://www.facebook.com/wix,,,,
"PAGE PAINTING COMPANY, L.L.C.",http://www.pagepaintingco.com,,,Orlando,Florida,,,,,,apollo,"painting company, painting services - Florida",https://app.apollo.io/#/organizations/66f23bd74fb92d00012b75ee?overrideScoreId=score,,,,http://www.linkedin.com/company/page-painting-company-l.l.c.,,,,,
Florida Painting Services,http://www.florida-painting.com,,,Pompano Beach,Florida,,,,,,apollo,"painting company, painting services - Florida",https://app.apollo.io/#/organizations/66f0aa53b92f6e00013225cf?overrideScoreId=score,,,,http://www.linkedin.com/company/florida-painting-services,,,,,
Compass Painting of SWFL,http://www.compasspaintingswfl.com,,,Sarasota,Florida,,,,,,apollo,"painting company, painting services - Florida",https://app.apollo.io/#/organizations/66dbc568b617610001938e20?overrideScoreId=score,,,exteriorresidential+74,http://www.linkedin.com/company/compasspaintingofswfl,,,,,
Forward Construction Group,http://www.fwdconstructiongroup.com,,,Jacksonville,Florida,,,,,,apollo,"painting company, painting services - Florida",https://app.apollo.io/#/organizations/66470d669fa27d0001af19f2?overrideScoreId=score,,,drywall services+33,http://www.linkedin.com/company/forwardconstructiongroup,,,,,
Boscan Corp,http://www.boscancorp.com,,,Fort Walton Beach,Florida,,,,,,apollo,"painting company, painting services - Florida",https://app.apollo.io/#/organizations/65b9e4f1393c6a0001494a2b?overrideScoreId=score,,,remodeling services+28,http://www.linkedin.com/company/boscancorp,,,,,
7 Contractor | Renovation,http://www.7contractor.com,,,Tampa,Florida,,,,,,apollo,"painting company, painting services - Florida",https://app.apollo.io/#/organizations/5e56d31f13757d00015f5971?overrideScoreId=score,,,remodeling for fix & flip+57,http://www.linkedin.com/company/7contractor,,,,,
O.R. Painting Inc.,http://www.orpaintingfl.com,,,Big Pine Key,Florida,,,,,,apollo,"painting company, painting services - Florida",https://app.apollo.io/#/organizations/55f84af8f3e5bb7643004ab6?overrideScoreId=score,,,metal finishes+60,http://www.linkedin.com/company/orpaintingfl,https://www.facebook.com/orpaintingfl/,,,,
Upscale Painting Services Inc,http://www.upscalepainting.ca,,,Saint Petersburg,Florida,,,,,,apollo,"painting company, painting services - Florida",https://app.apollo.io/#/organizations/55f3de11f3e5bb1e6f0032be?overrideScoreId=score,,,,http://www.linkedin.com/company/upscale-painting-services-inc,,,,,
Orange Painting Services,http://www.orangepaintingservices.com,,,Tampa,Florida,,,,,,apollo,"painting company, painting services - Florida",https://app.apollo.io/#/organizations/67add8cb6ee6b40021e69c18?overrideScoreId=score,,,,http://www.linkedin.com/company/orange-painting-services,https://www.facebook.com/393315300530569,,,,
Revive Painting Services,http://www.revivepaintingusa.com,,,Boca Raton,Florida,,,,,,apollo,"painting company, painting services - Florida",https://app.apollo.io/#/organizations/67add7406faffc0021f04099?overrideScoreId=score,,,,http://www.linkedin.com/company/revive-painting-services,,,,,
Winter Park Painting Company,http://www.winterparkpaintingcompany.com,,,Winter Park,Florida,,,,,,apollo,"painting company, painting services - Florida",https://app.apollo.io/#/organizations/6743554751264500012b250f?overrideScoreId=score,,,,http://www.linkedin.com/company/winter-park-painting-company,,,,,
MARK RALSTON PAINTING COMPANY,http://www.markralstonpainting.com,,,Jupiter,Florida,,,,,,apollo,"painting company, painting services - Florida",https://app.apollo.io/#/organizations/67431009975d6e000169deed?overrideScoreId=score,,,,http://www.linkedin.com/company/mark-ralston-painting-company,,,,,
L2M Painting Solution,http://www.l2mpainting.com,,,Deerfield Beach,Florida,,,,,,apollo,"painting company, painting services - Florida",https://app.apollo.io/#/organizations/6739958f22b3930001cbac1c?overrideScoreId=score,,,project painting+36,http://www.linkedin.com/company/l2m-painting-solution,,,,,
"JPV PAINTING SERVICES, INC.",http://www.jpvpaintingservices.com,,,Coral Springs,Florida,,,,,,apollo,"painting company, painting services - Florida",https://app.apollo.io/#/organizations/673882b72f9c5a000110d166?overrideScoreId=score,38.6M,,,http://www.linkedin.com/company/jpv-painting-services-inc.,https://facebook.com/pages/JPV-Painting-Services/127933770607321,,,,
Allied Painting Services,http://www.allied-painting-services.com,,,Panama City Beach,Florida,,,,,,apollo,"painting company, painting services - Florida",https://app.apollo.io/#/organizations/67273bd92db1f90001e65a8a?overrideScoreId=score,,,,http://www.linkedin.com/company/allied-painting-services,,,,,
Best Way Painting Naples,http://www.bestwaypaintingfl.com,,,Naples,Florida,,,,,,apollo,"painting company, painting services - Florida",https://app.apollo.io/#/organizations/67149ff23c0cf800018f0a14?overrideScoreId=score,,,painting & painter+47,http://www.linkedin.com/company/best-way-painting-naples,https://www.facebook.com/bestwaypaintingnaples/,,,,
Kendall Painting Services,http://www.kendallpaintingservices.com,,,Miami,Florida,,,,,,apollo,"painting company, painting services - Florida",https://app.apollo.io/#/organizations/66fd152405604e0001f9fe07?overrideScoreId=score,,,,http://www.linkedin.com/company/kendall-painting-services,,,,,
JMB Painting Services,http://www.jmbpaintingservices.com,,,Key West,Florida,,,,,,apollo,"painting company, painting services - Florida",https://app.apollo.io/#/organizations/66fa41e4008a530001c7e80d?overrideScoreId=score,,,,http://www.linkedin.com/company/jmb-painting-services,,,,,
Anicette Stucco LLC,http://www.anicettestuccorepair.com,,,Minneola,Florida,,,,,,apollo,"painting company, painting services - Florida",https://app.apollo.io/#/organizations/66ef87ffcd940a0001ae52a6?overrideScoreId=score,,,stucco plaster+5,http://www.linkedin.com/company/anicettestuccorepair,https://www.facebook.com/anicettestuccorepair,https://twitter.com/anicettestucco,,,
Dan Hoffman Painting Services,http://www.danhoffmanpaintingservices.com,,,Margate,Florida,,,,,,apollo,"painting company, painting services - Florida",https://app.apollo.io/#/organizations/66e776eabb2772000135768c?overrideScoreId=score,,,,http://www.linkedin.com/company/dan-hoffman-painting-services,,,,,
"Stucco Repair St. Petersburg, FL",http://www.stpetersburgstuccorepair.com,,,Saint Petersburg,Florida,,,,,,apollo,"painting company, painting services - Florida",https://app.apollo.io/#/organizations/66771e5e9a27dc0001e87ee2?overrideScoreId=score,,,,http://www.linkedin.com/company/stucco-repair-st-petersburg-fl,,,,,
JACLEL Llc,http://www.jaclel.com,,,Davie,Florida,,,,,,apollo,"painting company, painting services - Florida",https://app.apollo.io/#/organizations/6417fd9e656a0100013cd19e?overrideScoreId=score,,,commercial painting+2,http://www.linkedin.com/company/jaclel,,,,,
S-max • Painting Estimating & Takeoff Services,http://www.paintingestimatingservices.com,,,Pompano Beach,Florida,,,,,,apollo,"painting company, painting services - Florida",https://app.apollo.io/#/organizations/63522df0c58a9000cc106232?overrideScoreId=score,,,,http://www.linkedin.com/company/s-max-painting-estimating-takeoff-services,,,,,
CTI General Contractors Inc.,http://www.ctigc.net,,,Miami,Florida,,,,,,apollo,"painting company, painting services - Florida",https://app.apollo.io/#/organizations/67d902fa25e9e60001876a6d?overrideScoreId=score,,,,http://www.linkedin.com/company/cti-general-contractors-inc,,,,,
Markone Contractors,http://www.markonecontractors.com,,,West Palm Beach,Florida,,,,,,apollo,"painting company, painting services - Florida",https://app.apollo.io/#/organizations/6605f33cc6177a0300275db9?overrideScoreId=score,,,roof repair+61,http://www.linkedin.com/company/markone-contractors-fl,,,,,
Ganster and Company Inc.,http://www.gansterpaint.com,,,Tampa,Florida,,,,,,apollo,"painting company, painting services - Florida",https://app.apollo.io/#/organizations/60b26c6b622d450001dd829a?overrideScoreId=score,,,commercial projects+40,http://www.linkedin.com/company/ganster-and-company,,,,,
APD Construction LLC,http://www.apdconstruction.com,,,Orlando,Florida,,,,,,apollo,"painting company, painting services - Florida",https://app.apollo.io/#/organizations/5f4e9060d8c3cc00c993587b?overrideScoreId=score,,,commercial building+61,http://www.linkedin.com/company/apd-construction-llc,https://www.facebook.com/apdconstruction,,,,
"Extreme Painting & Contracting, Inc.",http://www.extremepaintingfl.com,,,Extreme Painting & Contracting,Inc.,,,,,,apollo,"painting company, painting services - Inc.",https://app.apollo.io/#/organizations/5f3ee8d62588bb000163c2d1?overrideScoreId=score,,,commercial painting+50,http://www.linkedin.com/company/extreme-painting-contracting-inc,https://www.facebook.com/ExtremePaintingContracting/,,,,
BHI Services Inc,http://www.bhiservicesinc.com,,,Auburndale,Florida,,,,,,apollo,"painting company, painting services - Florida",https://app.apollo.io/#/organizations/5b835011f874f71d835391e2?overrideScoreId=score,,,property maintenance+86,http://www.linkedin.com/company/bhi-services-inc,,,,,
"Dulakis Painting, Inc.",http://www.dulakispainting.com,,,Dulakis Painting,Inc.,,,,,,apollo,"painting company, painting services - Inc.",https://app.apollo.io/#/organizations/55921f787369643bddc22300?overrideScoreId=score,,,commercial painting+63,http://www.linkedin.com/company/dulakis-painting-inc-,https://www.facebook.com/dulakispaintinginc,,,,
Precision Painting & Waterproofing,http://www.precisionpaintingwaterproofing.com,,,Vero Beach,Florida,,,,,,apollo,"painting company, painting services - Florida",https://app.apollo.io/#/organizations/5569948d73696425db8b5b00?overrideScoreId=score,14.4M,,sealants+71,http://www.linkedin.com/company/precision-painting-&-waterproofing,https://facebook.com/pages/Croom-Construction-Company/252470794795843,,,,
Smart Coat Painting & Construction,http://www.smartcoatpaintingfl.com,,,Deerfield Beach,Florida,,,,,,apollo,"painting company, painting services - Florida",https://app.apollo.io/#/organizations/678c82df320fdb0001fddd2b?overrideScoreId=score,,,painting+64,http://www.linkedin.com/company/smart-coat-painting,,,,,
"CARLOS PROFESSIONAL PAINTING SERVICES, INC.",http://www.cpspainting.com,,,Pompano Beach,Florida,,,,,,apollo,"painting company, painting services - Florida",https://app.apollo.io/#/organizations/674990c30cda9e00019b2578?overrideScoreId=score,,,,http://www.linkedin.com/company/carlos-professional-painting-services-inc.,,,,,
EZ Painting Services,http://www.ezpaintingservices.com,,,Port Charlotte,Florida,,,,,,apollo,"painting company, painting services - Florida",https://app.apollo.io/#/organizations/67312d60cfd91b00011db109?overrideScoreId=score,,,,http://www.linkedin.com/company/ez-painting-services,,,,,
Excell General Service Group,http://www.excellservicegroup.com,,,Bonita Springs,Florida,,,,,,apollo,"painting company, painting services - Florida",https://app.apollo.io/#/organizations/671633060180600001262320?overrideScoreId=score,,,carpetry+82,http://www.linkedin.com/company/excell-general-service-group,,,,,
COLORS PAINTING SERVICES LLC.,http://www.colorspaintingservices.com,,,Saint Cloud,Florida,,,,,,apollo,"painting company, painting services - Florida",https://app.apollo.io/#/organizations/6710a13f0feb7500011e63ca?overrideScoreId=score,,,,http://www.linkedin.com/company/colors-painting-services-llc.,,,,,
World Construction Design,http://www.wcdgn.com,,,Orlando,Florida,,,,,,apollo,"painting company, painting services - Florida",https://app.apollo.io/#/organizations/66f4dcb1d9c32700014a4f47?overrideScoreId=score,,,trusses sistem+111,http://www.linkedin.com/company/worldconstructiondesign,,,,,
Lady Painters at Work,http://www.ladypaintersatwork.com,,,Homestead,Florida,,,,,,apollo,"painting company, painting services - Florida",https://app.apollo.io/#/organizations/61ec93756941fd000117b71f?overrideScoreId=score,,,exterior painting+24,http://www.linkedin.com/company/ladypaintersatworkllc,https://facebook.com/ladypaintersatwork,,,,
"A Step Above Painting, LLC.",http://www.asapsrq.com,,,Sarasota,Florida,,,,,,apollo,"painting company, painting services - Florida",https://app.apollo.io/#/organizations/5ed33ab4a137530001916c83?overrideScoreId=score,,,,http://www.linkedin.com/company/asapsrq,https://www.facebook.com/asapsrq,,,,
Biscayne Painting Corp,http://www.biscaynepaintingcorp.com,,,Hollywood,Florida,,,,,,apollo,"painting company, painting services - Florida",https://app.apollo.io/#/organizations/55f18a9ff3e5bb6152002794?overrideScoreId=score,30.8M,,painting services+46,http://www.linkedin.com/company/biscayne-painting-corp,https://www.facebook.com/WixStudio,,,,
Bright Side Painting of Jax,http://www.brightsidepaintingjax.com,,,Atlantic Beach,Florida,,,,,,apollo,"painting company, painting services - Florida",https://app.apollo.io/#/organizations/674b39fe15f724000185d5e7?overrideScoreId=score,,,cabinet refinishing+54,http://www.linkedin.com/company/bright-side-painting-of-jax,https://www.facebook.com/BSPofJAX,,,,
Bright Side Painting Of Jax Inc.,,,,Jacksonville Beach,Florida,,,,,,apollo,"painting company, painting services - Florida",https://app.apollo.io/#/organizations/666516bdaba2b000018e4255?overrideScoreId=score,,,paintcoating+55,http://www.linkedin.com/company/bright-side-painting-of-jax-inc,https://www.facebook.com/BSPofJAX,,,,
Bamm Renovation Group,http://www.bammgroupllc.com,,,Orlando,Florida,,,,,,apollo,"painting company, painting services - Florida",https://app.apollo.io/#/organizations/65ece5187e48f70007264a9e?overrideScoreId=score,,,flooring installation+52,http://www.linkedin.com/company/bamm-renovation-group,,,,,
Simplified Building Solutions LLC,http://www.simplifiedbs.com,,,Lakeland,Florida,,,,,,apollo,"painting company, painting services - Florida",https://app.apollo.io/#/organizations/655090a7d2c67000017b72b7?overrideScoreId=score,,,full exterior package+52,http://www.linkedin.com/company/simplified-building-solutions,https://www.facebook.com/simplifiedbs,,,,
"Miami Construction Brokers, INC",http://www.miamiconstructionbrokers.com,,,Medley,Florida,,,,,,apollo,"painting company, painting services - Florida",https://app.apollo.io/#/organizations/640dee982f41de0001ccbefb?overrideScoreId=score,,,flooring installation+51,http://www.linkedin.com/company/miami-construction-brokers-inc,,,,,
Professional Painting and More,http://www.professionalpaintingandmore.com,,,Jacksonville,Florida,,,,,,apollo,"painting company, painting services - Florida",https://app.apollo.io/#/organizations/6146deb2d7c3fb0001f3173e?overrideScoreId=score,,,repairs+42,http://www.linkedin.com/company/paintingservices,,,,,
"Seal Pro Painting, Inc.",http://www.sealpropainting.com,,,Seal Pro Painting,Inc.,,,,,,apollo,"painting company, painting services - Inc.",https://app.apollo.io/#/organizations/5ed581446a693c0001c2ea0c?overrideScoreId=score,,,surface cleaning+49,http://www.linkedin.com/company/sealpropainting,https://www.facebook.com/sealpropaintingcfl,,,,
Epic Painting Services,http://www.epicpaintingservices.com,,,Longwood,Florida,,,,,,apollo,"painting company, painting services - Florida",https://app.apollo.io/#/organizations/5e55b8a0e90db10001ebd137?overrideScoreId=score,,,,http://www.linkedin.com/company/epic-home-services-inc-,,,,,
"Nu Look Painting & Services, Corp.",http://www.nulookpainting.com,,,Nu Look Painting & Services,Corp.,,,,,,apollo,"painting company, painting services - Corp.",https://app.apollo.io/#/organizations/5569ba4573696425d7fc8200?overrideScoreId=score,,,,http://www.linkedin.com/company/nu-look-painting-&-services-corp.,,,,,
Jonsson Construction,http://www.jonssonconstruction.com,,,Jacksonville,Florida,,,,,,apollo,"painting company, painting services - Florida",https://app.apollo.io/#/organizations/54a13b6969702d231f37b001?overrideScoreId=score,,,kitchen remodeling+77,http://www.linkedin.com/company/jonsson-construction,,,,,
York Services LLC (Painting Contractor),http://www.naplesfloridapainters.com,,,Fort Myers,Florida,,,,,,apollo,"painting company, painting services - Florida",https://app.apollo.io/#/organizations/54a13adc69702dac84991b01?overrideScoreId=score,,,,http://www.linkedin.com/company/york-services-llc,,,,,
"Peacock Painting Services, Inc.",http://www.peacockpainting.com,,,Peacock Painting Services,Inc.,,,,,,apollo,"painting company, painting services - Inc.",https://app.apollo.io/#/organizations/54a1284a69702d8cfc373701?overrideScoreId=score,10.9M,,,http://www.linkedin.com/company/peacock-painting-services,https://www.facebook.com/peacockpainting,,,,
JC Contractors Group,http://www.jccontractorsgroup.com,,,Miami,Florida,,,,,,apollo,"painting company, painting services - Florida",https://app.apollo.io/#/organizations/64ba4d28e0838c0001c3eae6?overrideScoreId=score,,,,http://www.linkedin.com/company/jccontactrosgroup,https://www.facebook.com/jcpaintingmiami,,,,
Paint Pros USA,http://www.paintprosusa.net,,,Miami,Florida,,,,,,apollo,"painting company, painting services - Florida",https://app.apollo.io/#/organizations/615fefe357a7500001b81eb6?overrideScoreId=score,,,drywall repairs+53,http://www.linkedin.com/company/paint-prosusa,https://www.facebook.com/paintprosusaflorida,,,,
FLS Painting Contractors,http://www.flspainting.com,,,Boca Raton,Florida,,,,,,apollo,"painting company, painting services - Florida",https://app.apollo.io/#/organizations/5ed74742ca3d130001e85e99?overrideScoreId=score,,,house painting+53,http://www.linkedin.com/company/fls-painting-corp.,https://www.facebook.com/FLSPainting/,,,,
"AGE OF EMPIRE, INC.",http://www.ageofempireinc.com,,,Miami,Florida,,,,,,apollo,"painting company, painting services - Florida",https://app.apollo.io/#/organizations/5da1537a4614520001aaf708?overrideScoreId=score,,,,http://www.linkedin.com/company/age-of-empire-inc1,,,,,
Regal Custom Painting Inc,http://www.regalcustompainting.com,,,Palm Bay,Florida,,,,,,apollo,"painting company, painting services - Florida",https://app.apollo.io/#/organizations/556de42773696412269aba01?overrideScoreId=score,,,interior painting+44,http://www.linkedin.com/company/regal-custom-painting-inc,,,,,
Five Seasons Painting,http://www.fiveseasonspainting.com,,,Sanford,Florida,,,,,,apollo,"painting company, painting services - Florida",https://app.apollo.io/#/organizations/668b23648fa28d00012e56ea?overrideScoreId=score,,,house painting+63,http://www.linkedin.com/company/five-seasons-painting,,,,,
"SPR SERVICES, INC.",http://www.sprservices.com,,,Orlando,Florida,,,,,,apollo,"painting company, painting services - Florida",https://app.apollo.io/#/organizations/5e56b4a800577700017c5602?overrideScoreId=score,,,painting contractor+41,http://www.linkedin.com/company/spr-services-inc.,https://www.facebook.com/people/SPR-Services-INC/100063591581509/,,,,
Vic's Painting and Reconstruction,http://www.vicspainting.com,,,Fort Myers,Florida,,,,,,apollo,"painting company, painting services - Florida",https://app.apollo.io/#/organizations/5da68c0634d39000016f2c04?overrideScoreId=score,10.3M,,reconstruction+82,http://www.linkedin.com/company/vic-s-painting-and-reconstruction,https://facebook.com/vics-painting-and-reconstruction-110154350612134,https://twitter.com/painting_vic,,,
Titan Painting and Maintenance,http://www.titanpainting.com,,,Navarre,Florida,,,,,,apollo,"painting company, painting services - Florida",https://app.apollo.io/#/organizations/5da4dfa3551bd600014f899a?overrideScoreId=score,,,,http://www.linkedin.com/company/titan-painting-and-maintenance,https://www.facebook.com/titanpainting34/,,,,
"Tru Colors Contracting, Inc",http://www.trucolorscontracting.com,,,Tru Colors Contracting,Inc,,,,,,apollo,"painting company, painting services - Inc",https://app.apollo.io/#/organizations/5b8357ebf874f71e9455e29b?overrideScoreId=score,,,,http://www.linkedin.com/company/trucolorscontracting,https://facebook.com/trucolorscontractingfl,,,,
RCI PAINTING,http://www.rcipainting.com,,,Boynton Beach,Florida,,,,,,apollo,"painting company, painting services - Florida",https://app.apollo.io/#/organizations/55ef96f9f3e5bb7b190007de?overrideScoreId=score,11.8M,,customer satisfaction+54,http://www.linkedin.com/company/rci-painting,,,,,
"Hutton Enterprises, Inc.",http://www.huttonenterprisesinc.com,,,Hutton Enterprises,Inc.,,,,,,apollo,"painting company, painting services - Inc.",https://app.apollo.io/#/organizations/55ee7085f3e5bb2274001843?overrideScoreId=score,,,interior improvements+76,http://www.linkedin.com/company/hutton-enterprises-inc-,http://www.facebook.com/wix,http://www.twitter.com/wix,,,
Premium Painters,http://www.premiumpainters.com,,,Hobe Sound,Florida,,,,,,apollo,"painting company, painting services - Florida",https://app.apollo.io/#/organizations/55ea54a7f3e5bb59a6002962?overrideScoreId=score,21.9M,,interior+55,http://www.linkedin.com/company/premiumpainters,https://www.facebook.com/PremiumPainters.FL,https://twitter.com/apremiumpainter,,,
Al Brothers,http://www.albrothers.com,,,Cape Coral,Florida,,,,,,apollo,"painting company, painting services - Florida",https://app.apollo.io/#/organizations/54a242da7468693fda8cd41a?overrideScoreId=score,,,metal framing+48,http://www.linkedin.com/company/al-brothers,,,,,
"Southern Painting & Blasting, LLC",http://www.southern-paint.com,,,Casselberry,Florida,,,,,,apollo,"painting company, painting services - Florida",https://app.apollo.io/#/organizations/6375be591651fa000179a818?overrideScoreId=score,39.4M,,project management+41,http://www.linkedin.com/company/southernpaintingandblasting,https://www.facebook.com/SouthernPaintingandBlasting,,,,
Eco Restoration & Construction,http://www.ecofla.com,,,Deerfield Beach,Florida,,,,,,apollo,"painting company, painting services - Florida",https://app.apollo.io/#/organizations/614470c6524d2100018e64e7?overrideScoreId=score,,,mold remediation+48,http://www.linkedin.com/company/eco-restoration-construction,,,,,
Coastal Painting Contractors Inc,http://www.coastalpaintingcontractors.com,,,Naples,Florida,,,,,,apollo,"painting company, painting services - Florida",https://app.apollo.io/#/organizations/612a41b09ce6c5000187ee54?overrideScoreId=score,,,,http://www.linkedin.com/company/coastal-painting-contractors-inc,https://www.facebook.com/coastalpaintingcontractorsinc,,,,
Apex Painting Group,http://www.paintwithapex.com,,,Bonita Springs,Florida,,,,,,apollo,"painting company, painting services - Florida",https://app.apollo.io/#/organizations/5e5608be840a2400014cbfcd?overrideScoreId=score,,,painting+48,http://www.linkedin.com/company/apex-painting-group-paintersfortmyers,,,,,
Trinity Painting and Wall Covering,http://www.trinityenterprisespaint.com,,,Miami,Florida,,,,,,apollo,"painting company, painting services - Florida",https://app.apollo.io/#/organizations/55f5b77ff3e5bb07680013bc?overrideScoreId=score,,,pressure washing+45,http://www.linkedin.com/company/trinity-painting-and-wall-covering,,,,,
Perkins Roofing Corp.,http://www.perkinsroofing.net,,,Miami,Florida,,,,,,apollo,"painting company, painting services - Florida",https://app.apollo.io/#/organizations/55ea542bf3e5bb596c0026f1?overrideScoreId=score,,,roofing+85,http://www.linkedin.com/company/perkins-roofing-corp,,,,,
"Ira Walden & Sons, Inc.",http://www.irawalden.com,,,Ira Walden & Sons,Inc.,,,,,,apollo,"painting company, painting services - Inc.",https://app.apollo.io/#/organizations/5500bbfd7369641775732200?overrideScoreId=score,,,,http://www.linkedin.com/company/ira-walden-&-sons-inc-,,,,,
GM Painting & Construction,http://www.gmpainting.com,,,Deerfield Beach,Florida,,,,,,apollo,"painting company, painting services - Florida",https://app.apollo.io/#/organizations/66d32df2a93f39000119095e?overrideScoreId=score,,,,http://www.linkedin.com/company/gm-painting-construction,,,,,
JPV Construction,http://www.jpvconstruction.com,,,Kissimmee,Florida,,,,,,apollo,"painting company, painting services - Florida",https://app.apollo.io/#/organizations/63b185829b8d3c0001dc1ead?overrideScoreId=score,,,remodeling+71,http://www.linkedin.com/company/jpvconstruction,https://www.facebook.com/jpvconstruction,,,,
DPT Construction Inc,http://www.dptconstructioninc.com,,,Orlando,Florida,,,,,,apollo,"painting company, painting services - Florida",https://app.apollo.io/#/organizations/604a81bd3767360001f62580?overrideScoreId=score,,,fdot coatings+52,http://www.linkedin.com/company/dpt-construction-inc,,,,,
Precision Painting & Waterproofing,http://www.precisionpaw.com,,,Fort Lauderdale,Florida,,,,,,apollo,"painting company, painting services - Florida",https://app.apollo.io/#/organizations/60486e9de4868100014e440b?overrideScoreId=score,,,painting+50,http://www.linkedin.com/company/precision-painting-waterproofing,,,,,
FLORIDA PAINTING COMPANY,http://www.floridapaintingmiami.com,,,Miami,Florida,,,,,,apollo,"painting company, painting services - Florida",https://app.apollo.io/#/organizations/5da3d61c2fc5830001758fa8?overrideScoreId=score,,,painting+55,http://www.linkedin.com/company/florida-painting-company,https://www.facebook.com/FLORIDAPAINTINGCOMPANY/,,,,
JCB INTERNATIONAL INC,http://www.jcb-inc.com,,,Palm Harbor,Florida,,,,,,apollo,"painting company, painting services - Florida",https://app.apollo.io/#/organizations/55f6a264f3e5bb18db014417?overrideScoreId=score,,,bathroom remodeling+51,http://www.linkedin.com/company/jcb-international-inc,,,,,
"JB Painting and Waterproofing, Inc.",,,,JB Painting and Waterproofing,Inc.,,,,,,apollo,"painting company, painting services - Inc.",https://app.apollo.io/#/organizations/663f9c248cce8d0001032499?overrideScoreId=score,36.5M,,metal coatings+39,http://www.linkedin.com/company/jb-painting-and-waterproofing-inc.,https://www.facebook.com/JB-Painting-Waterproofing-Inc-132363020813196/,,,,
The Plummer Painting Company,http://www.plummerinc.com,,,Winter Park,Florida,,,,,,apollo,"painting company, painting services - Florida",https://app.apollo.io/#/organizations/6545f8889e2fb20001d2456e?overrideScoreId=score,11.2M,,repaint+70,http://www.linkedin.com/company/the-plummer-painting-company,,,,,
Walker Painting,http://www.walkerpainting.com,,,Longwood,Florida,,,,,,apollo,"painting company, painting services - Florida",https://app.apollo.io/#/organizations/6662a58d72fef500012c9979?overrideScoreId=score,,,,http://www.linkedin.com/company/walker-painting,https://facebook.com/WalkerExpertPaintingLlc,,,,
"Mid South Painting, Inc.",http://www.midsouthpaintinginc.com,,,Mid South Painting,Inc.,,,,,,apollo,"painting company, painting services - Inc.",https://app.apollo.io/#/organizations/61ec11b554407500016c794f?overrideScoreId=score,,,commercial painting+52,http://www.linkedin.com/company/midsouthpainting,,,,,
Atlas Construction Services,http://www.atlascsgroup.com,,,West Palm Beach,Florida,,,,,,apollo,"painting company, painting services - Florida",https://app.apollo.io/#/organizations/64617e240305dd0001a09751?overrideScoreId=score,,,rollouts+87,http://www.linkedin.com/company/atlas-construction-services-group-llc,,,,,
Gem Industries Incorporated,http://www.gemindustriesincorporated.com,,,Cocoa,Florida,,,,,,apollo,"painting company, painting services - Florida",https://app.apollo.io/#/organizations/5fc9e052e66113000176a64b?overrideScoreId=score,,,metal work+96,http://www.linkedin.com/company/gem-industries-incorporated,https://www.facebook.com/GemIndustriesIncorporated/,https://twitter.com/GemIncorporated,,,
Affordable Quality Painting,http://www.aqpaintingco.com,,,Windermere,Florida,,,,,,apollo,"painting company, painting services - Florida",https://app.apollo.io/#/organizations/559238e3736964186fabdc00?overrideScoreId=score,,,property management+46,http://www.linkedin.com/company/affordable-quality-painting,https://business.facebook.com/aqpaintingco,,,,
"STRAIGHT LINE PAINTING, INC.",http://www.straightlinepaintinginc.com,,,Tampa,Florida,,,,,,apollo,"painting company, painting services - Florida",https://app.apollo.io/#/organizations/64bdbdbdd614f10001250f84?overrideScoreId=score,,,commercial painting+63,http://www.linkedin.com/company/straight-line-painting-inc.,https://www.facebook.com/pg/floridaprofessionalpainting,,,,
Prachel Painting,http://www.prachel.com,,,Boca Raton,Florida,,,,,,apollo,"painting company, painting services - Florida",https://app.apollo.io/#/organizations/5f48122cea46460001458c09?overrideScoreId=score,,,electrostatic+61,http://www.linkedin.com/company/prachel-painting,,,,,
"North Florida Field Services, Inc",http://www.reconstructionteam.com,,,North Florida Field Services,Inc,,,,,,apollo,"painting company, painting services - Inc",https://app.apollo.io/#/organizations/5ed35bbfa05d160001286f3a?overrideScoreId=score,,,real estate services+46,http://www.linkedin.com/company/north-florida-field-services-inc,,,,,
MTD Painting & Construction,http://www.mtdcgc.com,,,Coral Springs,Florida,,,,,,apollo,"painting company, painting services - Florida",https://app.apollo.io/#/organizations/5e570021eb7a290001cb701c?overrideScoreId=score,,,construction+43,http://www.linkedin.com/company/mtd-panting-and-construction,https://www.facebook.com/MTDpaint/,,,,
"Ryan Hammond, Inc.",http://www.ryanhammondinc.com,,,Ryan Hammond,Inc.,,,,,,apollo,"painting company, painting services - Inc.",https://app.apollo.io/#/organizations/55eb88a8f3e5bb137900014b?overrideScoreId=score,,,decorative painting+40,http://www.linkedin.com/company/ryan-hammond-inc-,https://facebook.com/RyanHammondInc,,,,
Talbot Companies,http://www.talbotcompanies.com,,,Jupiter,Florida,,,,,,apollo,"painting company, painting services - Florida",https://app.apollo.io/#/organizations/55ea52a4f3e5bb5987001c57?overrideScoreId=score,,,painting+48,http://www.linkedin.com/company/talbot-companies,https://www.facebook.com/profile.php,,,,
Prime Painting Incorperated,http://www.primepaintinginc.com,,,Loxahatchee,Florida,,,,,,apollo,"painting company, painting services - Florida",https://app.apollo.io/#/organizations/54a12a2a69702d979c360402?overrideScoreId=score,,,exterior+38,http://www.linkedin.com/company/prime-painting,,,,,
Smart Finishes FL Corp,http://www.smartfinishesflcorp.com,,,Winter Garden,Florida,,,,,,apollo,"painting company, painting services - Florida",https://app.apollo.io/#/organizations/65c8706d321cf20001ed171e?overrideScoreId=score,,,,http://www.linkedin.com/company/smart-finishes-fl-corp-orlando,,,,,
JMK Contractor,http://www.jmkcontractor.com,,,Miami Beach,Florida,,,,,,apollo,"painting company, painting services - Florida",https://app.apollo.io/#/organizations/646b3130ce35440001f99074?overrideScoreId=score,,,multi-family housing+60,http://www.linkedin.com/company/jmk-contractor,,,,,
"Weston Coatings Group, Inc.",http://www.westoncoatingsgroup.com,,,Weston Coatings Group,Inc.,,,,,,apollo,"painting company, painting services - Inc.",https://app.apollo.io/#/organizations/63c4d387898fcc00019764bc?overrideScoreId=score,,,building coatings+48,http://www.linkedin.com/company/weston-coatings-group-inc.,,,,,
"Supermarket Solutions, Inc",http://www.supermarketsolutionsinc.com,,,Supermarket Solutions,Inc,,,,,,apollo,"painting company, painting services - Inc",https://app.apollo.io/#/organizations/6263ef943c41d30001c96c81?overrideScoreId=score,,,store lighting upgrades+45,http://www.linkedin.com/company/supermarket-solutions-llc,,,,,
THE CAPTAINS Painters & General Contractors,http://www.thecaptainpainter.com,,,Fort Lauderdale,Florida,,,,,,apollo,"painting company, painting services - Florida",https://app.apollo.io/#/organizations/604a38293d75b2000153f924?overrideScoreId=score,,,painting+38,http://www.linkedin.com/company/the-captain-painter,,,,,
Benchmark Painting & Carpentry,http://www.benchmarkpainting.com,,,Boynton Beach,Florida,,,,,,apollo,"painting company, painting services - Florida",https://app.apollo.io/#/organizations/54a1a08574686945fad20903?overrideScoreId=score,12.8M,,interior painting+62,http://www.linkedin.com/company/benchmark-painting-and-carpentry,https://facebook.com/BenchmarkPaintingKensington,https://twitter.com/benchmarkpaint,,,
"LASA CONSTRUCTION, INC.",http://www.lasa-usa.com,,,Jacksonville,Florida,,,,,,apollo,"painting company, painting services - Florida",https://app.apollo.io/#/organizations/670c2c3c4c558600016b8581?overrideScoreId=score,38.3M,,,http://www.linkedin.com/company/lasa-construction-inc.,https://facebook.com/lasaconstruction,,,,
Keen on Klean Solutions,http://www.keenonklean.com,,,Jacksonville,Florida,,,,,,apollo,"painting company, painting services - Florida",https://app.apollo.io/#/organizations/62acae18d381e800a3065946?overrideScoreId=score,,,commercial cleaning+49,http://www.linkedin.com/company/keen-on-klean-solutions,https://www.facebook.com/keenonklean,,,,
3G Home Exteriors,http://www.3ghomeexteriors.com,,,Fort Myers,Florida,,,,,,apollo,"painting company, painting services - Florida",https://app.apollo.io/#/organizations/5e55a6d66fcac500011796ae?overrideScoreId=score,,,contractor+79,,,,,,
Silva's Painting,http://www.silvas-painting.com,,,Orlando,Florida,,,,,,apollo,"painting company, painting services - Florida",https://app.apollo.io/#/organizations/55f74ab4f3e5bb16ea000ccd?overrideScoreId=score,,,sandblasting+68,http://www.linkedin.com/company/silva's-general-services,,,,,
"Certified Boom Repair Service, Inc.",http://www.certifiedboomrepair.com,,,Certified Boom Repair Service,Inc.,,,,,,apollo,"painting company, painting services - Inc.",https://app.apollo.io/#/organizations/5500b74973696417347c0500?overrideScoreId=score,,,annual inspections+48,http://www.linkedin.com/company/certified-boom-repair-service-inc-,,,,,
Natural Elements Painting and Repair,http://www.naturalelementspainting.com,,,Gainesville,Florida,,,,,,apollo,"painting company, painting services - Florida",https://app.apollo.io/#/organizations/54a1a53a74686945fae86704?overrideScoreId=score,,,wood repair+64,http://www.linkedin.com/company/naturalelementspainting,,https://twitter.com/NEPaint,,,
"Universal Construction, LLC.",http://www.universalgrc.com,,,Deerfield Beach,Florida,,,,,,apollo,"painting company, painting services - Florida",https://app.apollo.io/#/organizations/5e57c145d2bd68000120c04e?overrideScoreId=score,,,waterproof coatings+50,http://www.linkedin.com/company/universal-construction-llc,,,,,
Coast to Coast General Contractors,http://www.coasttocoastgc.com,,,Hollywood,Florida,,,,,,apollo,"painting company, painting services - Florida",https://app.apollo.io/#/organizations/5e55c2248a71b100016edc25?overrideScoreId=score,5.6M,,structural restoration+53,http://www.linkedin.com/company/ctcgc,http://www.facebook.com/coasttocoastgc,http://www.twitter.com/coasttocoastgc,,,
Intex Coatings,http://www.intexcoatings.com,,,Lake Buena Vista,Florida,,,,,,apollo,"painting company, painting services - Florida",https://app.apollo.io/#/organizations/664adae746381e0001571dc4?overrideScoreId=score,,,commercial painting+42,http://www.linkedin.com/company/intex-coatings,,,,,
Commercial Construction Services,http://www.ccsjacksonville.com,,,Jacksonville,Florida,,,,,,apollo,"painting company, painting services - Florida",https://app.apollo.io/#/organizations/5da4b36eda033b00018a114d?overrideScoreId=score,18.4M,,,http://www.linkedin.com/company/commercialconstructionservices,https://www.facebook.com/commercialconstructionservicesinc/,,,,
"Performance Painting Contractors, Inc",http://www.performance-painting.com,,,Performance Painting Contractors,Inc,,,,,,apollo,"painting company, painting services - Inc",https://app.apollo.io/#/organizations/54a1af7374686945faa4d807?overrideScoreId=score,,,commercial painting+64,http://www.linkedin.com/company/performance-painting-contractors-inc,https://facebook.com/paintersjacksonvillefl,https://twitter.com/JaxPainting,,,
Precise Painting,http://www.1precisepainting.com,,,North Port,Florida,,,,,,apollo,"painting company, painting services - Florida",https://app.apollo.io/#/organizations/5b859d97f874f72649fd73be?overrideScoreId=score,,,,http://www.linkedin.com/company/precise-painting-1,https://www.facebook.com/PrecisePainting1/,,,,
"Competitive Edge Partners & Consulting, LLC",http://www.compedgellc.com,,,Altamonte Springs,Florida,,,,,,apollo,"painting company, painting services - Florida",https://app.apollo.io/#/organizations/5da46e512750710001941745?overrideScoreId=score,,,,http://www.linkedin.com/company/competitive-edge-partners-consulting-llc,https://facebook.com/compedgellc,,,,
Reynolds Painting Group FL,http://www.reynoldspaintinggroupflorida.com,,,Tampa,Florida,,,,,,apollo,"painting company, painting services - Florida",https://app.apollo.io/#/organizations/54a1b5767468695c82a7b809?overrideScoreId=score,,,commercial painting+36,http://www.linkedin.com/company/reynolds-painting-group-fl,https://www.facebook.com/RPGFL/,,,,
Croom Construction Company,http://www.croomconstruction.com,,,Vero Beach,Florida,,,,,,apollo,"painting company, painting services - Florida",https://app.apollo.io/#/organizations/54a1afe774686945fa710308?overrideScoreId=score,30.0M,,luxury home builder+55,http://www.linkedin.com/company/croom-construction-company,https://facebook.com/pages/Croom-Construction-Company/252470794795843,,,,
PAINT CORPS - National Commercial Painting,http://www.paintcorps.com,,,Tampa,Florida,,,,,,apollo,"painting company, painting services - Florida",https://app.apollo.io/#/organizations/62d9f51e5a859300a3511a89?overrideScoreId=score,,,,http://www.linkedin.com/company/paint-corps-franchise,,,,,
New Touch of Color,http://www.newtouchofcolorcorp.com,,,Pompano Beach,Florida,,,,,,apollo,"painting company, painting services - Florida",https://app.apollo.io/#/organizations/61ec476faf85a60001b6a01b?overrideScoreId=score,,,pressure cleaning+32,http://www.linkedin.com/company/newtouchofcolor,https://www.facebook.com/newtouchofcolor/,,,,
Proietto Companies,http://www.proietto.com,,,Fort Lauderdale,Florida,,,,,,apollo,"painting company, painting services - Florida",https://app.apollo.io/#/organizations/5d0a1229a3ae612dddd48c15?overrideScoreId=score,25.9M,,restoration+60,http://www.linkedin.com/company/proietto-painting-inc.,,,,,
Phoenix Painting Company,http://www.phoenixpaintingco.com,,,Fort Lauderdale,Florida,,,,,,apollo,"painting company, painting services - Florida",https://app.apollo.io/#/organizations/55920bd1736964185f563800?overrideScoreId=score,31.7M,,wallcovering+5,http://www.linkedin.com/company/phoenix-painting-company,,,,,
"Paramount Painting & Services, Inc.",http://www.pps-i.com,,,Paramount Painting & Services,Inc.,,,,,,apollo,"painting company, painting services - Inc.",https://app.apollo.io/#/organizations/604a7c2175bf160001b3b1d1?overrideScoreId=score,,,coatings+71,http://www.linkedin.com/company/paramount-painting-&-services-inc.,,,,,
AVCS CONTRACTORS SERVICES,http://www.avcontractorsservices.com,,,Longwood,Florida,,,,,,apollo,"painting company, painting services - Florida",https://app.apollo.io/#/organizations/610913a831073f00a41f7271?overrideScoreId=score,,,industrial painting+56,http://www.linkedin.com/company/avcscontractorsservices,https://www.facebook.com/avcscontractorsservices,,,,
Watson Construction Group,http://www.watsonconstructiongroup.com,,,Jacksonville,Florida,,,,,,apollo,"painting company, painting services - Florida",https://app.apollo.io/#/organizations/5fcb4d0da6ae030001844639?overrideScoreId=score,,,hvac+67,http://www.linkedin.com/company/watson-construction-group,https://www.facebook.com/WatsonConstructionGroup/,,,,
C&S PAINT,http://www.cspaint.net,,,Hialeah,Florida,,,,,,apollo,"painting company, painting services - Florida",https://app.apollo.io/#/organizations/5e57a281bd15ea0001529564?overrideScoreId=score,,,deck waterproofing+71,http://www.linkedin.com/company/c&s-paint-&-wallpaper-inc,https://facebook.com/cspaintandwallpaper/,,,,
820 Group,http://www.820group.com,,,Jacksonville,Florida,,,,,,apollo,"painting company, painting services - Florida",https://app.apollo.io/#/organizations/61ec8898be8691000193aa82?overrideScoreId=score,,,construction+50,http://www.linkedin.com/company/820-property-solutions,,,,,
FINITE REIMAGING LLC,http://www.finite-reimaging.com,,,Duluth,Georgia,,,,,,apollo,"painting company, painting services - Georgia",https://app.apollo.io/#/organizations/5b83a378324d440933f1f7d4?overrideScoreId=score,,,hospitality renovations+30,http://www.linkedin.com/company/finite-reimaging-llc,,,,,
Horizon Painting & Renovations,http://www.horizonpaintingcorp.com,,,Atlanta,Georgia,,,,,,apollo,"painting company, painting services - Georgia",https://app.apollo.io/#/organizations/5fcb462da98bf70001590368?overrideScoreId=score,34.1M,,exterior painting+56,http://www.linkedin.com/company/horizon-painting-renovations-llc,https://facebook.com/pages/Horizon-Painting-Renovations/289436254442830,,,,
Av Painting,http://www.avpainting.com,,,Acworth,Georgia,,,,,,apollo,"painting company, painting services - Georgia",https://app.apollo.io/#/organizations/54fca12d7369647dd7230000?overrideScoreId=score,,,waterproofing paint+68,http://www.linkedin.com/company/av-painting,,,,,
SuperiorPRO,http://www.superiorpro.com,,,Kennesaw,Georgia,,,,,,apollo,"painting company, painting services - Georgia",https://app.apollo.io/#/organizations/5500c50c73696416c0444f00?overrideScoreId=score,,,sidingwindows+54,http://www.linkedin.com/company/superiorpro,https://www.facebook.com/Superiorpro/,https://twitter.com/@superiorproatl,,,
Rosing Painting & Wallcovering,http://www.rosingpaint.com,,,Atlanta,Georgia,,,,,,apollo,"painting company, painting services - Georgia",https://app.apollo.io/#/organizations/54a11bcc69702da7538e6e00?overrideScoreId=score,25.5M,,commercial painting+29,http://www.linkedin.com/company/rosing-painting-&-wallcovering,,,,,
"D & D DECORATORS, INC.",http://www.dndcompany.com,,,Brunswick,Georgia,,,,,,apollo,"painting company, painting services - Georgia",https://app.apollo.io/#/organizations/5a9e23efa6da98d9356a3493?overrideScoreId=score,,,exterior painting+53,http://www.linkedin.com/company/dnddecorators,https://www.facebook.com/DNDecoratorsInc/,,,,
Castle Painting LLC,http://www.castlega.com,,,Atlanta,Georgia,,,,,,apollo,"painting company, painting services - Georgia",https://app.apollo.io/#/organizations/55ec9255f3e5bb12b2001119?overrideScoreId=score,4.2M,,interiorexterior paint+43,http://www.linkedin.com/company/castle-painting-llc,https://facebook.com/castlepaintingGA,https://twitter.com/castlepaintinga,,,
"American Painting & Renovations, Inc.",http://www.amerapaint.com,,,American Painting & Renovations,Inc.,,,,,,apollo,"painting company, painting services - Inc.",https://app.apollo.io/#/organizations/5d0a442ff65125ad9e0e35b7?overrideScoreId=score,24.8M,,painting+49,http://www.linkedin.com/company/american-painting-renovations-inc,https://facebook.com/amerapaint,https://twitter.com/amerapaint,,,
"Dixon Painting, Inc",http://www.choosedixon.com,,,Dixon Painting,Inc,,,,,,apollo,"painting company, painting services - Inc",https://app.apollo.io/#/organizations/54a1272769702d979c345800?overrideScoreId=score,8.7M,,interior+80,http://www.linkedin.com/company/dixon-painting,https://www.facebook.com/dixonpaintinginc,https://twitter.com/dixonpainting,,,
"All About Painting Contractors, Inc.",http://www.allaboutpainting.biz,,,All About Painting Contractors,Inc.,,,,,,apollo,"painting company, painting services - Inc.",https://app.apollo.io/#/organizations/54a13a8169702d231f811301?overrideScoreId=score,,,,http://www.linkedin.com/company/all-about-painting-contractors-inc.,,https://twitter.com/allaboutpaint,,,
One Man and A Brush,http://www.onemanandabrush.com,,,Woodstock,Georgia,,,,,,apollo,"painting company, painting services - Georgia",https://app.apollo.io/#/organizations/55ea6adef3e5bb594b00bf5b?overrideScoreId=score,4.9M,,handyman services+64,http://www.linkedin.com/company/one-man-and-a-brush-llc,https://facebook.com/OneManandABrushHousePainting,https://twitter.com/OneManandABrush,,,
M&M Home Exteriors,http://www.sidingatlanta.com,,,Marietta,Georgia,,,,,,apollo,"painting company, painting services - Georgia",https://app.apollo.io/#/organizations/615fc09bd7240a000137561c?overrideScoreId=score,,,siding+71,http://www.linkedin.com/company/sidingatlanta,https://www.facebook.com/sidingatlanta/,,,,
Brush Strokes,http://www.brushstrokesga.com,,,Augusta,Georgia,,,,,,apollo,"painting company, painting services - Georgia",https://app.apollo.io/#/organizations/663687ada1ab460001ff84d0?overrideScoreId=score,,,,http://www.linkedin.com/company/brush-strokes-ga,https://www.facebook.com/BrushStrokesCSRA,,,,
"Reliable Property Solutions, LLC",http://www.callrps.com,,,Stockbridge,Georgia,,,,,,apollo,"painting company, painting services - Georgia",https://app.apollo.io/#/organizations/5ed647acf529de0001f355e2?overrideScoreId=score,,,,http://www.linkedin.com/company/reliable-property-solutions-llc,,,,,
Construction Clean Partners,http://www.constructioncleanpartners.com,,,Atlanta,Georgia,,,,,,apollo,"painting company, painting services - Georgia",https://app.apollo.io/#/organizations/54a11e4269702d9a8b596301?overrideScoreId=score,,,construction bidding+48,http://www.linkedin.com/company/construction-clean-partners,,http://twitter.com/ccpfinalclean,,,
"Brownlow and Sons Co., Inc.",http://www.brownlowandsons.com,,,Marietta,Georgia,,,,,,apollo,"painting company, painting services - Georgia",https://app.apollo.io/#/organizations/54a11d6869702d84c5fb0001?overrideScoreId=score,14.8M,,painting & repair+43,http://www.linkedin.com/company/brownlow-and-sons-co.-inc.,https://facebook.com/brownlowandsons,https://twitter.com/renovateatlanta,,,
Full Coverage Painting and Flooring,http://www.fullcoveragepaintingflooring.com,,,Atlanta,Georgia,,,,,,apollo,"painting company, painting services - Georgia",https://app.apollo.io/#/organizations/6363369fd451460001c6e163?overrideScoreId=score,,,lvp installation+64,http://www.linkedin.com/company/full-coverage-painting-and-flooring,,,,,
F&F General Construction LLLP,http://www.ffgeneralconstruction.com,,,Snellville,Georgia,,,,,,apollo,"painting company, painting services - Georgia",https://app.apollo.io/#/organizations/61ec79684ffbd90001c578c2?overrideScoreId=score,,,,http://www.linkedin.com/company/f-f-general-construction-lllp,,,,,
A&P Painting and Flooring,http://www.appaintingandflooring.com,,,Woodstock,Georgia,,,,,,apollo,"painting company, painting services - Georgia",https://app.apollo.io/#/organizations/61ace15512e8090001452f06?overrideScoreId=score,,,paintingflooring+52,http://www.linkedin.com/company/appaintingandflooring,https://www.facebook.com/ap.paintingandflooring/,,,,
Ram Pro Construction,http://www.therampro.com,,,Atlanta,Georgia,,,,,,apollo,"painting company, painting services - Georgia",https://app.apollo.io/#/organizations/614f0d3b4206510001f38824?overrideScoreId=score,,,drywalldemolition+55,http://www.linkedin.com/company/ram-pro-construction,,,,,
Bobby Taylor Painting,http://www.bobbytaylorpainting.com,,,Acworth,Georgia,,,,,,apollo,"painting company, painting services - Georgia",https://app.apollo.io/#/organizations/604a90ae057d3e000156148b?overrideScoreId=score,,,commercial painting+69,http://www.linkedin.com/company/bobby-taylor-painting,https://www.facebook.com/bobbytaylorpainting,,,,
Pro Painting & Remodeling,http://www.mypropainting.com,,,Roswell,Georgia,,,,,,apollo,"painting company, painting services - Georgia",https://app.apollo.io/#/organizations/5da4da480b5a620001eee359?overrideScoreId=score,,,home addition+51,http://www.linkedin.com/company/pro-painting-&-remodeling,https://www.facebook.com/139447806106511,,,,
Freeland Painting,http://www.freelandpainting.com,,,Suwanee,Georgia,,,,,,apollo,"painting company, painting services - Georgia",https://app.apollo.io/#/organizations/54a12a8769702d8b19f1a302?overrideScoreId=score,,,paintingsiding+97,http://www.linkedin.com/company/freeland-painting-&-construction,https://www.facebook.com/freelandPaintingSuwanee/,https://twitter.com/paintgwinnett,,,
"SUNLIGHT PAINTING COMPANY, INC.",http://www.sunlightpainting.com,,,Atlanta,Georgia,,,,,,apollo,"painting company, painting services - Georgia",https://app.apollo.io/#/organizations/67146736e1abc900012a044b?overrideScoreId=score,,,,http://www.linkedin.com/company/sunlight-painting-company-inc.,,,,,
"House Painting Plus,LLC",http://www.housepaintingplus.com,,,Lawrenceville,Georgia,,,,,,apollo,"painting company, painting services - Georgia",https://app.apollo.io/#/organizations/6416b9e9e4fdbb0001d9c9fa?overrideScoreId=score,,,exterior painting+41,http://www.linkedin.com/company/master-stroke-painting,,,,,
"Mark Allan Contracting, Inc",http://www.markallancontracting.com,,,Mark Allan Contracting,Inc,,,,,,apollo,"painting company, painting services - Inc",https://app.apollo.io/#/organizations/5f9e733ca6a4fb00be3260a6?overrideScoreId=score,,,project management+32,http://www.linkedin.com/company/markallancontractinginc,,,,,
Eco Coatings,http://www.ecocoatings.net,,,McDonough,Georgia,,,,,,apollo,"painting company, painting services - Georgia",https://app.apollo.io/#/organizations/57c4c64aa6da9836aac074ff?overrideScoreId=score,12.5M,,,http://www.linkedin.com/company/eco-coatings,,,,,
Pace Drywall LLC,http://www.pacedrywall.net,,,Canton,Georgia,,,,,,apollo,"painting company, painting services - Georgia",https://app.apollo.io/#/organizations/5591fb1b736964188ab10d00?overrideScoreId=score,,,special texture finishes+51,http://www.linkedin.com/company/pace-drywall-llc,,,,,
High Level Construction LLC,http://www.highlevelllc.com,,,Austell,Georgia,,,,,,apollo,"painting company, painting services - Georgia",https://app.apollo.io/#/organizations/65b37f7bef6b3501c6d72608?overrideScoreId=score,,,interior painting+51,http://www.linkedin.com/company/high-level-construction-llc,,,,,
Peach Paint Co.,http://www.peachpaint.com,,,Woodstock,Georgia,,,,,,apollo,"painting company, painting services - Georgia",https://app.apollo.io/#/organizations/640709ae1d67e50001161355?overrideScoreId=score,,,paintingcoatings+51,http://www.linkedin.com/company/peach-paint-co,https://www.facebook.com/peachpaintco,,,,
RC Painting & Services,http://www.rcpaints.com,,,Lawrenceville,Georgia,,,,,,apollo,"painting company, painting services - Georgia",https://app.apollo.io/#/organizations/63636ee9fd12d200014c5df1?overrideScoreId=score,,,carpentrytrim work+13,http://www.linkedin.com/company/rc-painting-services,,,,,
Mastermind Design Build & Remodel,http://www.masterminddbr.com,,,Roswell,Georgia,,,,,,apollo,"painting company, painting services - Georgia",https://app.apollo.io/#/organizations/5ed85f149ed1430001f6617f?overrideScoreId=score,,,custom solutions+47,http://www.linkedin.com/company/mastermind-design-build-remodels,,,,,
Scs Paint Contracting,http://www.scspaint.com,,,Marietta,Georgia,,,,,,apollo,"painting company, painting services - Georgia",https://app.apollo.io/#/organizations/54a11dd969702d7fe64d4e01?overrideScoreId=score,21.3M,,insured and bonded+40,http://www.linkedin.com/company/scs-paint-contracting,,,,,
Committed Contracting,http://www.werecommittedga.com,,,Lawrenceville,Georgia,,,,,,apollo,"painting company, painting services - Georgia",https://app.apollo.io/#/organizations/66c34fce44661802d0927dbe?overrideScoreId=score,,,remodeling services+14,http://www.linkedin.com/company/committed-contracting-georgia,,,,,
Monarca Renovations,http://www.monarcareno.com,,,Loganville,Georgia,,,,,,apollo,"painting company, painting services - Georgia",https://app.apollo.io/#/organizations/65db3f11df2e0e06c8f025bd?overrideScoreId=score,,,retail construction+40,http://www.linkedin.com/company/monarca-renovations,https://www.facebook.com/637706709431812,,,,
"Oakcliff Painting, Inc.",http://www.oakcliffpainting.com,,,Oakcliff Painting,Inc.,,,,,,apollo,"painting company, painting services - Inc.",https://app.apollo.io/#/organizations/6569b0e965125200018d2b43?overrideScoreId=score,2.8M,,commercial painting+56,http://www.linkedin.com/company/oakcliffpainting,https://facebook.com/pages/Oakcliff-Painting/280928348682182,https://twitter.com/OakcliffPaint,,,
Avid Contractors,http://www.avidcontractors.com,,,Roswell,Georgia,,,,,,apollo,"painting company, painting services - Georgia",https://app.apollo.io/#/organizations/63d5b44345a3b0000112929b?overrideScoreId=score,,,,http://www.linkedin.com/company/avid-contractors,,,,,
LIME Painting of Atlanta,http://www.limepaintingofatlanta.com,,,Buford,Georgia,,,,,,apollo,"painting company, painting services - Georgia",https://app.apollo.io/#/organizations/6364a4948850dc0001fa17e0?overrideScoreId=score,,,,http://www.linkedin.com/company/lime-painting-of-atlanta,,,,,
360 Painting of North Atlanta,http://www.360paintingnorthatlanta.com,,,Brookhaven,Georgia,,,,,,apollo,"painting company, painting services - Georgia",https://app.apollo.io/#/organizations/6677fa5839deab00010e2a47?overrideScoreId=score,,,,http://www.linkedin.com/company/360-painting-of-north-atlanta,,,,,
Georgia Painting Company LLC,http://www.georgiapainting.co,,,Atlanta,Georgia,,,,,,apollo,"painting company, painting services - Georgia",https://app.apollo.io/#/organizations/66517e2d2bfa520001fd4353?overrideScoreId=score,,,exterior painting+3,http://www.linkedin.com/company/georgiapaintingcompany,,,,,
J&Z Painting and Remodeling,http://www.jzpaintingremodeling.com,,,Atlanta,Georgia,,,,,,apollo,"painting company, painting services - Georgia",https://app.apollo.io/#/organizations/6416c44ad1200100a392971a?overrideScoreId=score,,,residential painting+83,http://www.linkedin.com/company/j-z-painting-and-remodeling,,,,,
Paint Boss Ga,http://www.paintbossga.com,,,Warner Robins,Georgia,,,,,,apollo,"painting company, painting services - Georgia",https://app.apollo.io/#/organizations/63cb70680d833b00014c23ff?overrideScoreId=score,,,facility maintenance+44,http://www.linkedin.com/company/paint-boss-ga,https://www.facebook.com/paintbossga,,,,
DayPaint LLC,http://www.daypaintpro.com,,,Atlanta,Georgia,,,,,,apollo,"painting company, painting services - Georgia",https://app.apollo.io/#/organizations/60b0a69b630c7300012a78c9?overrideScoreId=score,,,custom murals+26,http://www.linkedin.com/company/daypaint,,,,,
"Sloan Painting & Designs, Inc",http://www.sloanpaintingdesigns.com,,,Sloan Painting & Designs,Inc,,,,,,apollo,"painting company, painting services - Inc",https://app.apollo.io/#/organizations/5fcadddb78db3d0001886248?overrideScoreId=score,3.2M,,special finish+44,http://www.linkedin.com/company/sloan-painting-designs-inc,https://www.facebook.com/sloanpaintingdesigns/,https://twitter.com/sloanpainting,,,
"Grateful Painting, LLC",http://www.gratefulpainting.net,,,Rydal,Georgia,,,,,,apollo,"painting company, painting services - Georgia",https://app.apollo.io/#/organizations/5e57e049a4128d0001c97035?overrideScoreId=score,,,painting+30,http://www.linkedin.com/company/grateful-painting-inc,,,,,
Go Painting of North Georgia,,,,Atlanta,Georgia,,,,,,apollo,"painting company, painting services - Georgia",https://app.apollo.io/#/organizations/673a5c4b22b3930001cf5f07?overrideScoreId=score,,,,http://www.linkedin.com/company/go-painting-of-north-georgia,,,,,
Duluth Friendly Painting Services,http://www.duluthfriendly.com,,,Duluth,Georgia,,,,,,apollo,"painting company, painting services - Georgia",https://app.apollo.io/#/organizations/67050cbffec45e0001dc9550?overrideScoreId=score,,,,http://www.linkedin.com/company/duluth-friendly-painting-services,,,,,
"Archway Construction, LLC",http://www.archwayconstruction.co,,,Hinesville,Georgia,,,,,,apollo,"painting company, painting services - Georgia",https://app.apollo.io/#/organizations/6603eb2bf6c0d502fea45786?overrideScoreId=score,,,home improvement+67,http://www.linkedin.com/company/archway-construction-llc,,,,,
Roof and Solar Xperts,http://www.rsxperts.com,,,Kennesaw,Georgia,,,,,,apollo,"painting company, painting services - Georgia",https://app.apollo.io/#/organizations/63f59a84be157c0001712018?overrideScoreId=score,,,roofingsolar+63,http://www.linkedin.com/company/rsxperts,,,,,
Davis Turnkey Total Renovation,,,,Atlanta,Georgia,,,,,,apollo,"painting company, painting services - Georgia",https://app.apollo.io/#/organizations/61ec98b795bd570001209fda?overrideScoreId=score,,,home improvement+4,http://www.linkedin.com/company/davis-turnkey-total-renovation,,,,,
RCF Construction,http://www.rcfroof.com,,,Monroe,Georgia,,,,,,apollo,"painting company, painting services - Georgia",https://app.apollo.io/#/organizations/67774f8b3802cb01b02a733c?overrideScoreId=score,,,roofinggutter+55,http://www.linkedin.com/company/rcfconstruction,,,,,
Ericks Painting Company,http://www.erickpaintinginc.com,,,Doraville,Georgia,,,,,,apollo,"painting company, painting services - Georgia",https://app.apollo.io/#/organizations/66dd82e9b4f99b00016e0f25?overrideScoreId=score,,,,http://www.linkedin.com/company/ericks-painting-company,,,,,
"April Painting Company, Inc.",http://www.aprilpainting.com,,,April Painting Company,Inc.,,,,,,apollo,"painting company, painting services - Inc.",https://app.apollo.io/#/organizations/54a1a03d74686949e788e802?overrideScoreId=score,,,,http://www.linkedin.com/company/april-painting-company-inc.,,,,,
Blue Ridge Painting Services,http://www.blueridgepaintingservices.com,,,Hiawassee,Georgia,,,,,,apollo,"painting company, painting services - Georgia",https://app.apollo.io/#/organizations/672599bde9ac4f00010178a8?overrideScoreId=score,,,,http://www.linkedin.com/company/blue-ridge-painting-services,,,,,
PEACHTREE PAINTING COMPANY LLC,http://www.peachtreepaintingco.com,,,Stockbridge,Georgia,,,,,,apollo,"painting company, painting services - Georgia",https://app.apollo.io/#/organizations/66e67593be217e00016b3d49?overrideScoreId=score,,,,http://www.linkedin.com/company/peachtree-painting-company-llc,,,,,
Atlanta Painting Company,http://www.atlanta-painter.com,,,Cumming,Georgia,,,,,,apollo,"painting company, painting services - Georgia",https://app.apollo.io/#/organizations/66dfc8a193c1ac000115d792?overrideScoreId=score,,,,http://www.linkedin.com/company/atlanta-painting-company,,,,,
"Kapili Roofing & Painting dba Kapili Construction, LLC.",http://www.kapiliroof.com,,,Waipahu,Hawaii,,,,,,apollo,"painting company, painting services - Hawaii",https://app.apollo.io/#/organizations/59bb9e98a6da982412f5d9c3?overrideScoreId=score,13.4M,,roof maintenance+61,http://www.linkedin.com/company/kapili-roofing-painting-dba-kapili-construction-llc,https://facebook.com/KapiliConstructionLLC,,,,
KAWIKAS PAINTING & WATERPROOFING INC,http://www.kawikaspainting.com,,,Honolulu,Hawaii,,,,,,apollo,"painting company, painting services - Hawaii",https://app.apollo.io/#/organizations/55f192f9f3e5bb069c003676?overrideScoreId=score,12.9M,,spall repair+51,http://www.linkedin.com/company/kawikas-painting-&-waterproofing-inc,https://facebook.com/kawikas.painting,,,,
Bernardo's Painting,http://www.bernardospainting.com,,,Mililani,Hawaii,,,,,,apollo,"painting company, painting services - Hawaii",https://app.apollo.io/#/organizations/62a5fb4a4757e800a3fe007c?overrideScoreId=score,,,exteriors+56,http://www.linkedin.com/company/bernardo-s-painting,https://www.facebook.com/bernardospainting,,,,
"M. SHIROMA PAINTING COMPANY, INC",,,,Waipahu,Hawaii,,,,,,apollo,"painting company, painting services - Hawaii",https://app.apollo.io/#/organizations/67304cc493cdbb0001db7f40?overrideScoreId=score,,,,http://www.linkedin.com/company/m.-shiroma-painting-company-inc,,,,,
"Adam Roe Painting, Inc.",http://www.arppainting.com,,,Adam Roe Painting,Inc.,,,,,,apollo,"painting company, painting services - Inc.",https://app.apollo.io/#/organizations/5da542a2959a9000016e251e?overrideScoreId=score,4.2M,,government+32,http://www.linkedin.com/company/adam-roe-painting-inc,https://www.facebook.com/adamroepaint,https://twitter.com/adamroepainting,,,
APH Construction,http://www.aphconstruction.com,,,Post Falls,Idaho,,,,,,apollo,"painting company, painting services - Idaho",https://app.apollo.io/#/organizations/6617ff347d66de01c766956c?overrideScoreId=score,,,general contractor+49,http://www.linkedin.com/company/aphconstruction,https://www.facebook.com/aphconstructionco/,,,,
Coeur d'Alene Painting Company,http://www.coeurdalenepainter.com,,,Coeur d'Alene,Idaho,,,,,,apollo,"painting company, painting services - Idaho",https://app.apollo.io/#/organizations/6547d31911b8240001ee5c45?overrideScoreId=score,,,painting company,http://www.linkedin.com/company/coeur-d-alene-painting-company,https://facebook.com/Coeur-dAlene-Painting-Company-101088255659137,,,,
Ander Ford Construction,http://www.anderfordconstruction.com,,,Boise,Idaho,,,,,,apollo,"painting company, painting services - Idaho",https://app.apollo.io/#/organizations/63839416d29caf000188c34b?overrideScoreId=score,,,,http://www.linkedin.com/company/ander-ford-construction,https://www.facebook.com/101284982435122,,,,
LIME Painting of Boise,,,,Boise,Idaho,,,,,,apollo,"painting company, painting services - Idaho",https://app.apollo.io/#/organizations/5ed8ef87f8afbf0001c0e959?overrideScoreId=score,,,,http://www.linkedin.com/company/lime-painting-of-boise,,,,,
Hester Painting & Decorating,http://www.hesterdecorating.com,,,Skokie,Illinois,,,,,,apollo,"painting company, painting services - Illinois",https://app.apollo.io/#/organizations/54a1f6f47468693318e04201?overrideScoreId=score,14.4M,,residential painting+46,http://www.linkedin.com/company/hester-painting-&-decorating,https://facebook.com/hesterpainting,,,,
Pinto Construction Group,http://www.pintoconstruction.com,,,Palos Hills,Illinois,,,,,,apollo,"painting company, painting services - Illinois",https://app.apollo.io/#/organizations/54a1aa167468695c822eca05?overrideScoreId=score,27.2M,,polycarbonate panels+49,http://www.linkedin.com/company/pinto-construction-group,,,,,
"Continental Painting and Decorating, Inc.",http://www.continentalpainting.com,,,Continental Painting and Decorating,Inc.,,,,,,apollo,"painting company, painting services - Inc.",https://app.apollo.io/#/organizations/54a129eb69702d9ebcafb901?overrideScoreId=score,6.7M,,painting+63,http://www.linkedin.com/company/continental-painting-&-decorating-inc-,,,,,
R&J Painting LLC,http://www.randjpainting.com,,,Crystal Lake,Illinois,,,,,,apollo,"painting company, painting services - Illinois",https://app.apollo.io/#/organizations/5da643255607c80001b8c401?overrideScoreId=score,,,carpentry+72,http://www.linkedin.com/company/rjpaintingllc,,,,,
KSN Construction,http://www.ksnconstruction.com,,,Rolling Meadows,Illinois,,,,,,apollo,"painting company, painting services - Illinois",https://app.apollo.io/#/organizations/556da1aa7369641258085401?overrideScoreId=score,3.6M,,general construction+80,http://www.linkedin.com/company/ksn-construction,https://facebook.com/pages/KSN-Construction/266809518784,https://twitter.com/ksnc13,,,
Integrity Painting & Decorating,http://www.integritypainting-decorating.com,,,Downers Grove,Illinois,,,,,,apollo,"painting company, painting services - Illinois",https://app.apollo.io/#/organizations/54a129df69702d9548b5c601?overrideScoreId=score,,,,http://www.linkedin.com/company/integrity-painting-and-decorating,,,,,
"In & Out Painting, Inc.",http://www.inandoutpaintingcorp.com,,,In & Out Painting,Inc.,,,,,,apollo,"painting company, painting services - Inc.",https://app.apollo.io/#/organizations/636fb6f1581070000181d0a4?overrideScoreId=score,,,,http://www.linkedin.com/company/in-out-painting-inc,,,,,
"S&H Remodeling, Inc.",http://www.shremodeling.com,,,S&H Remodeling,Inc.,,,,,,apollo,"painting company, painting services - Inc.",https://app.apollo.io/#/organizations/5e57cea2d2bd680001210b1f?overrideScoreId=score,,,flooringcarpentry+86,http://www.linkedin.com/company/shremodeling,https://www.facebook.com/repairsbyshremodeling,https://twitter.com/SHRemodeling,,,
Painters Inc,http://www.paintersinc.net,,,Lombard,Illinois,,,,,,apollo,"painting company, painting services - Illinois",https://app.apollo.io/#/organizations/5e570688b649b400019ab1d6?overrideScoreId=score,,,interior painting+48,http://www.linkedin.com/company/paintersinc,,,,,
Independence Painting Co.,http://www.independencepaintingco.com,,,Des Plaines,Illinois,,,,,,apollo,"painting company, painting services - Illinois",https://app.apollo.io/#/organizations/5569bf9e736964259ca68800?overrideScoreId=score,,,long-term durability+47,http://www.linkedin.com/company/independence-painting-co,,,,,
"Eagle Tubular Products, Inc.",http://www.eagletubular.com,,,Eagle Tubular Products,Inc.,,,,,,apollo,"painting company, painting services - Inc.",https://app.apollo.io/#/organizations/54a1359869702d4b2e63a500?overrideScoreId=score,11.5M,,,http://www.linkedin.com/company/eagle-tubular-products-inc-,https://facebook.com/eagletubularproducts,,,,
New Leaf Remodeling,http://www.newleafremodeling.com,,,Rockford,Illinois,,,,,,apollo,"painting company, painting services - Illinois",https://app.apollo.io/#/organizations/54a11eab69702d77c2089801?overrideScoreId=score,,,additions+61,http://www.linkedin.com/company/new-leaf-remodeling,https://facebook.com/newleafremodeling,https://twitter.com/NewLeafRemodel,,,
Executive Painting Inc,http://www.executivepaintinginc.com,,,Rockford,Illinois,,,,,,apollo,"painting company, painting services - Illinois",https://app.apollo.io/#/organizations/54a1a6c574686949e728e304?overrideScoreId=score,10.7M,,historical renovations+40,http://www.linkedin.com/company/executive-painting-inc,https://facebook.com/pages/Executive-Painting-Inc/148404805218,,,,
World Painting Company,http://www.worldpaintingcompany.com,,,Bloomington,Illinois,,,,,,apollo,"painting company, painting services - Illinois",https://app.apollo.io/#/organizations/54a1352169702d42556b7300?overrideScoreId=score,3.7M,,multifamily units+13,http://www.linkedin.com/company/world-painting-company,https://facebook.com/WorldPaintingCompany,https://twitter.com/world_painting,,,
"Affordable Painting Services, Inc.",http://www.affordpaint.com,,,Affordable Painting Services,Inc.,,,,,,apollo,"painting company, painting services - Inc.",https://app.apollo.io/#/organizations/54a11db369702d86b6d21501?overrideScoreId=score,13.8M,,interior+8,http://www.linkedin.com/company/affordable-painting-services-inc-,https://facebook.com/AffordablePaintingServicesInc,,,,
JLDC Construction Inc.,http://www.jldcconstruction.com,,,Crestwood,Illinois,,,,,,apollo,"painting company, painting services - Illinois",https://app.apollo.io/#/organizations/64a2801c4fea0e00018c17d1?overrideScoreId=score,,,chicago construction+59,http://www.linkedin.com/company/jldc-construction-inc,,,,,
Hammerbrush Painting & Construction,http://www.hammerbrush.com,,,Aurora,Illinois,,,,,,apollo,"painting company, painting services - Illinois",https://app.apollo.io/#/organizations/5a9d34b7a6da98d94d8ae427?overrideScoreId=score,,,painting+69,http://www.linkedin.com/company/hammerbrush-painting-&-construction,,,,,
The Matan Group,http://www.matangroup.com,,,Buffalo Grove,Illinois,,,,,,apollo,"painting company, painting services - Illinois",https://app.apollo.io/#/organizations/5a9cf848a6da98d99a3a0a5c?overrideScoreId=score,,,painting+53,http://www.linkedin.com/company/matangroup,,,,,
"ASPEN COMMERCIAL PAINTING, INC",http://www.aspencpi.com,,,Burr Ridge,Illinois,,,,,,apollo,"painting company, painting services - Illinois",https://app.apollo.io/#/organizations/64b31310674a12000102f847?overrideScoreId=score,,,,http://www.linkedin.com/company/aspen-commercial-painting-inc,,,,,
McCahill Painting Company,http://www.mccahillpainting.com,,,Romeoville,Illinois,,,,,,apollo,"painting company, painting services - Illinois",https://app.apollo.io/#/organizations/54a1399169702d231fbb8000?overrideScoreId=score,5.5M,,industrial painting+64,http://www.linkedin.com/company/mccahill-painting-company,https://www.facebook.com/McCahillPaintingCompany,,,,
"Stewart Painting, Inc.",http://www.stewartpaintinginc.com,,,Stewart Painting,Inc.,,,,,,apollo,"painting company, painting services - Inc.",https://app.apollo.io/#/organizations/54a11e5669702d88c4a25001?overrideScoreId=score,,,interior wall+56,http://www.linkedin.com/company/stewart-painting-inc-,,,,,
D-Wing Construction,http://www.dwingconstruction.com,,,Batavia,Illinois,,,,,,apollo,"painting company, painting services - Illinois",https://app.apollo.io/#/organizations/60aea39ac6778f0001de0498?overrideScoreId=score,,,roofingsiding+51,http://www.linkedin.com/company/dwing-construction,https://www.facebook.com/dwingconstruction,https://twitter.com/dwingconstruct1,,,
Piech Decorating Inc.,http://www.piechdecorating.com,,,Downers Grove,Illinois,,,,,,apollo,"painting company, painting services - Illinois",https://app.apollo.io/#/organizations/54a1bbca7468694f8fd86b0c?overrideScoreId=score,,,commercial painting+52,http://www.linkedin.com/company/piech-decorating-inc.,,,,,
"D.J.'s Painting & Remodeling, Inc.",http://www.djspaintinginc.com,,,D.J.'s Painting & Remodeling,Inc.,,,,,,apollo,"painting company, painting services - Inc.",https://app.apollo.io/#/organizations/54a1344a69702d38bbe32700?overrideScoreId=score,22.7M,,remodeling+62,http://www.linkedin.com/company/d-j-'s-painting-&-remodeling-inc-,https://www.facebook.com/D.J.sPaintingandRemodelingInc/,,,,
PAC Leaders®️,http://www.pacleaders.construction,,,Chicago,Illinois,,,,,,apollo,"painting company, painting services - Illinois",https://app.apollo.io/#/organizations/61eae783b7083a00de8cdde5?overrideScoreId=score,,,,http://www.linkedin.com/company/pacleaderschicago,https://www.facebook.com/pacleaders/,,,,
Improovy,http://www.improovy.com,,,Chicago,Illinois,,,,,,apollo,"painting company, painting services - Illinois",https://app.apollo.io/#/organizations/5dc95e39b817a90098704681?overrideScoreId=score,3.2M,,augmented reality+69,http://www.linkedin.com/company/improovy,https://www.facebook.com/improovy/,https://twitter.com/improovy,,,
"Quincy Industrial Painting Company, Inc.",http://www.quincyindustrial.com,,,Quincy Industrial Painting Company,Inc.,,,,,,apollo,"painting company, painting services - Inc.",https://app.apollo.io/#/organizations/559218d573696423937e0c00?overrideScoreId=score,,,industrial painting+49,http://www.linkedin.com/company/quincyindustrial,,,,,
Steadfast Painting Solutions Corp,http://www.steadfastpainting.com,,,Elmhurst,Illinois,,,,,,apollo,"painting company, painting services - Illinois",https://app.apollo.io/#/organizations/54fca59c7369640186842f00?overrideScoreId=score,,,voc-free paints+82,http://www.linkedin.com/company/steadfast-painting-solutions-corp,,,,,
Trend Painting & Decorating,http://www.trendpainting.com,,,Schaumburg,Illinois,,,,,,apollo,"painting company, painting services - Illinois",https://app.apollo.io/#/organizations/54a1a2627468695860f0a703?overrideScoreId=score,10.4M,,,http://www.linkedin.com/company/trend-painting-&-decorating,https://facebook.com/pages/Trend-Painting-decorating-Inc/131093903630814,,,,
GreenSpeed Painting,http://www.greenspeedpainting.com,,,Chicago,Illinois,,,,,,apollo,"painting company, painting services - Illinois",https://app.apollo.io/#/organizations/5e5790085e3c260001347d6e?overrideScoreId=score,,,interior painting+29,http://www.linkedin.com/company/greenspeedpainting-llc,https://www.facebook.com/greenspeedpainting/,,,,
Hydra Flooring & Tile,http://www.hydraflooring.com,,,Wauconda,Illinois,,,,,,apollo,"painting company, painting services - Illinois",https://app.apollo.io/#/organizations/66e875ddc4967a03f1fe3ae3?overrideScoreId=score,,,,http://www.linkedin.com/company/hydra-flooring-tile,,,,,
Infinity Painters,http://www.infinitypainters.com,,,Naperville,Illinois,,,,,,apollo,"painting company, painting services - Illinois",https://app.apollo.io/#/organizations/655d8233dafe2b0001015a2b?overrideScoreId=score,,,wallpaper+56,http://www.linkedin.com/company/infinity-painters,,,,,
Metanoia Construction Inc.,http://www.metanoiaconstruction.com,,,Elburn,Illinois,,,,,,apollo,"painting company, painting services - Illinois",https://app.apollo.io/#/organizations/6403d4d1a9039d0001ee6d07?overrideScoreId=score,,,caulkingcarpentry+35,http://www.linkedin.com/company/metanoia-construction-inc,https://www.facebook.com/metanoiaconstructioninc/,,,,
CMS Fencing,http://www.contractormanagementservices.com,,,Schaumburg,Illinois,,,,,,apollo,"painting company, painting services - Illinois",https://app.apollo.io/#/organizations/60b2130396b83f0001ffc9ab?overrideScoreId=score,,,marketingsales+62,http://www.linkedin.com/company/contractor-management-services-il,,,,,
"Heffernan Painting Services, Ltd.",http://www.heffernanpainting.com,,,Heffernan Painting Services,Ltd.,,,,,,apollo,"painting company, painting services - Ltd.",https://app.apollo.io/#/organizations/5fc8b0ea8f6f8300016f027b?overrideScoreId=score,15.4M,,,http://www.linkedin.com/company/heffernan-painting-services-ltd,,,,,
"J & J Decorating and Painting Services, Inc.",http://www.jjdecorating.com,,,J & J Decorating and Painting Services,Inc.,,,,,,apollo,"painting company, painting services - Inc.",https://app.apollo.io/#/organizations/54a134b169702d333dfa6d00?overrideScoreId=score,,,marbelizing+3,http://www.linkedin.com/company/j-&-j-decorating-and-painting-services-inc.,,,,,
"Painting in Partnership, Inc.",http://www.paintpartner.com,,,Painting in Partnership,Inc.,,,,,,apollo,"painting company, painting services - Inc.",https://app.apollo.io/#/organizations/54a1276f69702d8eeb1dd300?overrideScoreId=score,6.4M,,interior painting+43,http://www.linkedin.com/company/painting-in-partnership-inc.,https://facebook.com/PaintPartner,https://twitter.com/PaintPartner,,,
IKG Property Maintenance,http://www.ikgmaintenance.com,,,Oak Lawn,Illinois,,,,,,apollo,"painting company, painting services - Illinois",https://app.apollo.io/#/organizations/5e5697ef440ea500017b9e2f?overrideScoreId=score,,,mold remediation+53,http://www.linkedin.com/company/ikg-property-maintenance,https://www.facebook.com/ikgmaintenance/,,,,
Procaccio Painting Company,http://www.procacciopainting.com,,,Saint Charles,Illinois,,,,,,apollo,"painting company, painting services - Illinois",https://app.apollo.io/#/organizations/55ee320df3e5bb2675000570?overrideScoreId=score,12.4M,,,http://www.linkedin.com/company/procaccio-painting-company,,,,,
"Accurate Painting Service, L.L.C.",,,,Chicago,Illinois,,,,,,apollo,"painting company, painting services - Illinois",https://app.apollo.io/#/organizations/54a129c869702dc841388201?overrideScoreId=score,,,residential & industrial+6,http://www.linkedin.com/company/accurate-painting-service-l-l-c-,,,,,
HX Home Solutions,http://www.hxhome.solutions,,,Libertyville,Illinois,,,,,,apollo,"painting company, painting services - Illinois",https://app.apollo.io/#/organizations/5a9eb7fda6da98d977fcb142?overrideScoreId=score,,,,http://www.linkedin.com/company/hxhomesolutions,https://www.facebook.com/hxhomesolutions/,https://twitter.com/HXHomeSolutions,,,
Emily Rise - Interior Design & Construction Company in Chicago,http://www.emilyrise.com,,,Chicago,Illinois,,,,,,apollo,"painting company, painting services - Illinois",https://app.apollo.io/#/organizations/5a9e362aa6da98d9977a8f05?overrideScoreId=score,,,interior design+66,http://www.linkedin.com/company/emily-rise,https://www.facebook.com/emilyriseinc,,,,
Len Roofing & Remodeling,http://www.lenroofing.com,,,Northbrook,Illinois,,,,,,apollo,"painting company, painting services - Illinois",https://app.apollo.io/#/organizations/57c4e5e1a6da986a37a25915?overrideScoreId=score,,,painting+58,http://www.linkedin.com/company/len-roofing-remodeling,https://www.facebook.com/LenRoofing/,,,,
"Powers Painting & Decorating, LLC",http://www.powerspaintingdecorating.com,,,Plainfield,Illinois,,,,,,apollo,"painting company, painting services - Illinois",https://app.apollo.io/#/organizations/675be3777412f501b0016369?overrideScoreId=score,,,interior painting walls+62,http://www.linkedin.com/company/powers-painting-decorating-llc,https://www.facebook.com/Powers.Painting.Decorating/,,,,
CHJ Painting & Remodeling Inc.,http://www.chjpainting.com,,,Chicago,Illinois,,,,,,apollo,"painting company, painting services - Illinois",https://app.apollo.io/#/organizations/623fc702fcfc620001555680?overrideScoreId=score,,,pressure washing+49,http://www.linkedin.com/company/chj-painting-remodeling-inc,,,,,
LIME Painting of Chicago,,,,Chicago,Illinois,,,,,,apollo,"painting company, painting services - Illinois",https://app.apollo.io/#/organizations/6136dbb3be7d2e000132b4d2?overrideScoreId=score,,,drywall installation+17,http://www.linkedin.com/company/lime-painting-of-chicago,,,,,
"Duggan Painting, Inc.",http://www.dugganpainting.com,,,Duggan Painting,Inc.,,,,,,apollo,"painting company, painting services - Inc.",https://app.apollo.io/#/organizations/5f42933e7c0c85000173cd78?overrideScoreId=score,,,residential painting+9,http://www.linkedin.com/company/dugganpainting,https://www.facebook.com/dugganpaintinginc/,,,,
BuildBoard App,http://www.buildboard.com,,,Lake in the Hills,Illinois,,,,,,apollo,"painting company, painting services - Illinois",https://app.apollo.io/#/organizations/5f1ae0b6638e7900dcc7aad5?overrideScoreId=score,,,windows replacement+45,http://www.linkedin.com/company/buildboardinc,,,,,
Paintrix Painting Company,http://www.paintrixpainting.com,,,Huntley,Illinois,,,,,,apollo,"painting company, painting services - Illinois",https://app.apollo.io/#/organizations/5f0d8be37548c4008ce031b0?overrideScoreId=score,,,,http://www.linkedin.com/company/paintrixpainting,,,,,
Bob Jung Painting,http://www.jungfamilypainting.com,,,Naperville,Illinois,,,,,,apollo,"painting company, painting services - Illinois",https://app.apollo.io/#/organizations/54a221ee74686930c225730f?overrideScoreId=score,11.9M,,,http://www.linkedin.com/company/bob-jung-painting,https://facebook.com/BobJungPaintingAndDecorating,https://twitter.com/bobjungpainting,,,
NorthCraft Painting Contractor,http://www.northcraft-painting-contractor.com,,,Streamwood,Illinois,,,,,,apollo,"painting company, painting services - Illinois",https://app.apollo.io/#/organizations/54a12ab669702dc128ebf801?overrideScoreId=score,,,wallpaper removal+6,http://www.linkedin.com/company/northcraft-painting-contractor,https://www.facebook.com/northcraft.epoxy.floor.coating,,,,
Riverstone Renovations,http://www.riverstonerenovations.com,,,Medinah,Illinois,,,,,,apollo,"painting company, painting services - Illinois",https://app.apollo.io/#/organizations/68708a9e160268000d64bd8c?overrideScoreId=score,,,,http://www.linkedin.com/company/riverstone-renovations,,,,,
USA Painting Services,http://www.usapaintingservicesinc.com,,,Chicago,Illinois,,,,,,apollo,"painting company, painting services - Illinois",https://app.apollo.io/#/organizations/672fc30924c32c0001c54143?overrideScoreId=score,,,,http://www.linkedin.com/company/usa-painting-services,,,,,
Sauer Painting Company,http://www.housepaintingstcharles.com,,,Saint Charles,Illinois,,,,,,apollo,"painting company, painting services - Illinois",https://app.apollo.io/#/organizations/6714cb36e5fc67000115d3bd?overrideScoreId=score,,,,http://www.linkedin.com/company/sauer-painting-company,,,,,
Mancini Painting LLC,http://www.mancinicustompainting.com,,,Belleville,Illinois,,,,,,apollo,"painting company, painting services - Illinois",https://app.apollo.io/#/organizations/6713724ccf89c20001837d63?overrideScoreId=score,,,deckspainting+79,http://www.linkedin.com/company/mancini-painting,,,,,
RED FEATHER PAINTING COMPANY,http://www.redfeathergroupinc.com,,,Glenview,Illinois,,,,,,apollo,"painting company, painting services - Illinois",https://app.apollo.io/#/organizations/6392aae7d6bac70001f49d3c?overrideScoreId=score,,,,http://www.linkedin.com/company/red-feather-painting-company,,,,,
Ultra Lux Restoration,http://www.ultraluxrestoration.com,,,Skokie,Illinois,,,,,,apollo,"painting company, painting services - Illinois",https://app.apollo.io/#/organizations/61ec4f27a70ffc0001c4f81e?overrideScoreId=score,,,remodeling services+13,http://www.linkedin.com/company/ultra-lux-restoration,,,,,
Improovy Painters Chicago,,,,Chicago,Illinois,,,,,,apollo,"painting company, painting services - Illinois",https://app.apollo.io/#/organizations/60b20f322657620001b6d895?overrideScoreId=score,,,painters in chicago+15,http://www.linkedin.com/company/improovy-painters-chicago,,,,,
"Details Painter, inc.",http://www.detailspainter.net,,,Aurora,Illinois,,,,,,apollo,"painting company, painting services - Illinois",https://app.apollo.io/#/organizations/556992a57369642589906100?overrideScoreId=score,170K,,,http://www.linkedin.com/company/details-painter-inc-,https://facebook.com/pages/Details-Painter/561077833915522,https://twitter.com/detailspainter,,,
"Peoria Drywall and Painting, LLC",http://www.peoriadrywallandpainting.com,,,Peoria,Illinois,,,,,,apollo,"painting company, painting services - Illinois",https://app.apollo.io/#/organizations/54a12a3369702d9548a4ee01?overrideScoreId=score,,,commercial drywall+53,http://www.linkedin.com/company/peoria-drywall-and-painting,,,,,
AKR Painting Services,http://www.akrpainting.com.au,,,Woodridge,Illinois,,,,,,apollo,"painting company, painting services - Illinois",https://app.apollo.io/#/organizations/6741f21056a50f0001bec4f0?overrideScoreId=score,,,,http://www.linkedin.com/company/akr-painting-services,,,,,
Inside Outside Painting Company,http://www.insideoutsidepainting.com,,,Evanston,Illinois,,,,,,apollo,"painting company, painting services - Illinois",https://app.apollo.io/#/organizations/670b31e39dc7fa000114c468?overrideScoreId=score,,,,http://www.linkedin.com/company/inside-outside-painting-company,,,,,
"M & M PAINTING SERVICES, INC.",http://www.bestchicagopainters.com,,,Villa Park,Illinois,,,,,,apollo,"painting company, painting services - Illinois",https://app.apollo.io/#/organizations/670b20539dc7fa0001140935?overrideScoreId=score,,,,http://www.linkedin.com/company/m-&-m-painting-services-inc.,https://facebook.com/MmPaintingServicesInc,,,,
Town Square Painting Company,http://www.townsquarepainting.com,,,Naperville,Illinois,,,,,,apollo,"painting company, painting services - Illinois",https://app.apollo.io/#/organizations/66f9e7d327980600012f97d3?overrideScoreId=score,8.3M,,,http://www.linkedin.com/company/town-square-painting-company,,,,,
NWS Restoration - Roofing Contractor and Painting Company of Grayslake,http://www.nwstormrestoration.com,,,Grayslake,Illinois,,,,,,apollo,"painting company, painting services - Illinois",https://app.apollo.io/#/organizations/648a5abf3c21f700a381f0c0?overrideScoreId=score,,,,http://www.linkedin.com/company/nws-restoration-roofing-contractor-and-painting-company-of-grayslake,,https://twitter.com/NWS_Restoration,,,
LIME Painting of Naperville,http://www.limepaintingofnaperville.com,,,Naperville,Illinois,,,,,,apollo,"painting company, painting services - Illinois",https://app.apollo.io/#/organizations/6473445f08ecdd0001a6a5b7?overrideScoreId=score,,,,http://www.linkedin.com/company/lime-painting-of-naperville,,,,,
All-IN Painting,http://www.goallinpainting.com,,,Greenwood,Indiana,,,,,,apollo,"painting company, painting services - Indiana",https://app.apollo.io/#/organizations/5b14495ba6da98dcc677772c?overrideScoreId=score,,,painting+64,http://www.linkedin.com/company/goallinpainting,https://www.facebook.com/goallinpainting/,,,,
JP Painting Services,,,,Fort Wayne,Indiana,,,,,,apollo,"painting company, painting services - Indiana",https://app.apollo.io/#/organizations/5b811e61324d4443c423b316?overrideScoreId=score,,,,http://www.linkedin.com/company/jp-painting-services,,,,,
Painter Pro,http://www.painterpro.com,,,Martinsville,Indiana,,,,,,apollo,"painting company, painting services - Indiana",https://app.apollo.io/#/organizations/5e56d32b070b7c00010374f1?overrideScoreId=score,,,free touch-up+42,http://www.linkedin.com/company/painter-pro-martinsville,,,,,
Red Diamond General Contracting,http://www.rdgci.com,,,Tipton,Indiana,,,,,,apollo,"painting company, painting services - Indiana",https://app.apollo.io/#/organizations/637a8c5ba5c00d000195ea64?overrideScoreId=score,,,general contractor+60,http://www.linkedin.com/company/red-diamond-general-contracting,https://www.facebook.com/profile.php,,,,
Heritage Painting,http://www.heritagepainting.info,,,Tipton,Indiana,,,,,,apollo,"painting company, painting services - Indiana",https://app.apollo.io/#/organizations/5e584413226ed000015bc066?overrideScoreId=score,29.3M,,painting+64,http://www.linkedin.com/company/heritage-custompainting,https://www.facebook.com/HeritageCustomPainting,https://twitter.com/heritagecp,,,
"Cornerstone Painting and Drywall, LLC",http://www.cornerstone-pd.com,,,Fishers,Indiana,,,,,,apollo,"painting company, painting services - Indiana",https://app.apollo.io/#/organizations/54a25edd7468693a7ec1c61d?overrideScoreId=score,,,signature finish+63,http://www.linkedin.com/company/cornerstone-painting-and-drywall-llc,,,,,
Custom Designers Inc,http://www.customdesignersinc.com,,,Portage,Indiana,,,,,,apollo,"painting company, painting services - Indiana",https://app.apollo.io/#/organizations/60498abfee00ee000197f973?overrideScoreId=score,18.7M,,interior painting+11,http://www.linkedin.com/company/custom-designers-inc,,,,,
Any Color You Like,http://www.anycoloryoulike.com,,,Brownsburg,Indiana,,,,,,apollo,"painting company, painting services - Indiana",https://app.apollo.io/#/organizations/54a129a869702db878a88401?overrideScoreId=score,,,home improvement+37,http://www.linkedin.com/company/any-color-you-like,,,,,
RH Contracting,http://www.yourindycontractor.com,,,Indianapolis,Indiana,,,,,,apollo,"painting company, painting services - Indiana",https://app.apollo.io/#/organizations/63d0d915804a6a00013dbf56?overrideScoreId=score,,,drywallframing+62,http://www.linkedin.com/company/rh-contracting-llc,,,,,
"Legacy Painting, LLC",http://www.legacypaintingindy.com,,,Martinsville,Indiana,,,,,,apollo,"painting company, painting services - Indiana",https://app.apollo.io/#/organizations/5e55c3c87eadb10001706317?overrideScoreId=score,,,exterior painting+59,http://www.linkedin.com/company/legacy-painting-llc,,,,,
"Morningside Group, Inc.",http://www.morningside-group.com,,,Morningside Group,Inc.,,,,,,apollo,"painting company, painting services - Inc.",https://app.apollo.io/#/organizations/5b83476c324d446c157c97a9?overrideScoreId=score,,,drywallpainting+53,http://www.linkedin.com/company/morningside-group-inc,,,,,
"N.A. Logan, Inc.",http://www.nalogan.com,,,N.A. Logan,Inc.,,,,,,apollo,"painting company, painting services - Inc.",https://app.apollo.io/#/organizations/5fca47ea4fd95f00012e1bae?overrideScoreId=score,,,,http://www.linkedin.com/company/naloganinc,,,,,
ONiT PAINTING,http://www.onitpainting.com,,,Indianapolis,Indiana,,,,,,apollo,"painting company, painting services - Indiana",https://app.apollo.io/#/organizations/5e559d72ae1521000160750f?overrideScoreId=score,,,paintingroofing+105,http://www.linkedin.com/company/onitpainting,,https://twitter.com/ONiTIndy,,,
Guy Painting,http://www.guypainting.com,,,Indianapolis,Indiana,,,,,,apollo,"painting company, painting services - Indiana",https://app.apollo.io/#/organizations/5a9e9b43a6da98d977fbfdfe?overrideScoreId=score,13.0M,,exterior painting+51,http://www.linkedin.com/company/guypainting,https://facebook.com/GuyPainting,,,,
Paintco Painters,http://www.paintcopainters.com,,,Greenwood,Indiana,,,,,,apollo,"painting company, painting services - Indiana",https://app.apollo.io/#/organizations/5a9e3d59a6da98d98c6c8bc7?overrideScoreId=score,,,commercial painting+71,http://www.linkedin.com/company/paintcopainters,https://facebook.com/1113443792160401,https://twitter.com/paintcopainters,,,
The Heartland Builders,http://www.theheartlandbuilders.com,,,Indianapolis,Indiana,,,,,,apollo,"painting company, painting services - Indiana",https://app.apollo.io/#/organizations/5e56cfdbd64b410001c64ae4?overrideScoreId=score,,,roof installs+103,http://www.linkedin.com/company/theheartlandbuilders,https://www.facebook.com/theheartlandbuilders,,,,
Craftsman Painter,http://www.craftsmanpainter.com,,,Bloomington,Indiana,,,,,,apollo,"painting company, painting services - Indiana",https://app.apollo.io/#/organizations/63cfc1eefbec7b00a3729af2?overrideScoreId=score,,,color design+50,http://www.linkedin.com/company/craftsman-painter,,,,,
BZW Master Painters LLC,http://www.bzwmasterpainters.com,,,Fort Wayne,Indiana,,,,,,apollo,"painting company, painting services - Indiana",https://app.apollo.io/#/organizations/55f5e0d4f3e5bb7d3a0004a5?overrideScoreId=score,,,wall coverings+52,http://www.linkedin.com/company/bzw-master-painters-inc,,,,,
"Matthews'​ Painting Company, LLC",http://www.matthewspainting.com,,,Leesburg,Indiana,,,,,,apollo,"painting company, painting services - Indiana",https://app.apollo.io/#/organizations/54a1279069702d979cf79000?overrideScoreId=score,48.2M,,deck staining+49,http://www.linkedin.com/company/matthews'-painting-company-llc,https://www.facebook.com/matthewspaintingcompany,https://twitter.com/Mathewspainting,,,
"Prism Painting Company, Inc.",http://www.prismpainting.net,,,Prism Painting Company,Inc.,,,,,,apollo,"painting company, painting services - Inc.",https://app.apollo.io/#/organizations/5ed02a1a5a2a6100017e72f8?overrideScoreId=score,,,wallcovering removal+49,http://www.linkedin.com/company/prism-painting-company-inc,,,,,
Garcia Painting Pro,http://www.garciapaintingpro.com,,,Carmel,Indiana,,,,,,apollo,"painting company, painting services - Indiana",https://app.apollo.io/#/organizations/6607b8722e52c60007d36810?overrideScoreId=score,,,specialty coatings+76,http://www.linkedin.com/company/garcia-painting-pro,,,,,
Indiana Home Remodel,http://www.indianahomeremodel.com,,,Indianapolis,Indiana,,,,,,apollo,"painting company, painting services - Indiana",https://app.apollo.io/#/organizations/63ce5612f9b3b8000143b2a5?overrideScoreId=score,,,building materials+30,http://www.linkedin.com/company/indiana-home-remodel,,,,,
"A. Morgan Construction, LLC",http://www.amorganconstructionllc.com,,,Centerville,Indiana,,,,,,apollo,"painting company, painting services - Indiana",https://app.apollo.io/#/organizations/637ef59d597d39000193698f?overrideScoreId=score,,,,http://www.linkedin.com/company/a-morgan-construction-llc,,,,,
Flora Brothers Painting,http://www.florabrotherspainting.com,,,Indianapolis,Indiana,,,,,,apollo,"painting company, painting services - Indiana",https://app.apollo.io/#/organizations/5ed4e336b6725f00019afe7f?overrideScoreId=score,21.3M,,custom home painting+52,http://www.linkedin.com/company/flora-brothers-painting,https://facebook.com/pages/Flora-Brothers-Painting/207886422568444,,,,
"Indiana Construction & Consulting Services, LLC",http://www.indianaccs.com,,,Indianapolis,Indiana,,,,,,apollo,"painting company, painting services - Indiana",https://app.apollo.io/#/organizations/5b850057f874f7755e477b8a?overrideScoreId=score,,,drainage solutions+68,http://www.linkedin.com/company/indiana-construction-consulting-services-llc,https://www.facebook.com/indianaccs/,https://twitter.com/indianaccs,,,
Alpha Pro Painting Company,http://www.alphapropainting.com,,,Indianapolis,Indiana,,,,,,apollo,"painting company, painting services - Indiana",https://app.apollo.io/#/organizations/57c4f8b2a6da986ac74407ec?overrideScoreId=score,,,exterior painting+7,http://www.linkedin.com/company/alpha-pro-painting,https://www.facebook.com/AlphaProPainting,,,,
Vertex Painting and Coatings,http://www.vertexpaintingandcoatings.biz,,,Indianapolis,Indiana,,,,,,apollo,"painting company, painting services - Indiana",https://app.apollo.io/#/organizations/62aa1ec7a6572000b21817e1?overrideScoreId=score,,,paintingquality+35,http://www.linkedin.com/company/vertex-painting-and-coatings,,,,,
Innovative Renovations LLC,http://www.innorenovations.com,,,Newburgh,Indiana,,,,,,apollo,"painting company, painting services - Indiana",https://app.apollo.io/#/organizations/66f6b3e7b24a7301b2af1607?overrideScoreId=score,,,remodeling+63,http://www.linkedin.com/company/innovative-renovations-llc,https://www.facebook.com/profile.php,https://twitter.com/InnoRenovations,,,
The Painting Edge,http://www.thepaintingedge.com,,,Carmel,Indiana,,,,,,apollo,"painting company, painting services - Indiana",https://app.apollo.io/#/organizations/66d0537732e67e06cf98dfa2?overrideScoreId=score,436K,,interior painting+16,http://www.linkedin.com/company/thepaintingedge,https://facebook.com/pages/The-Painting-Edge/319441311412904,https://twitter.com/thepaintingedge,,,
JRL Custom Colors LLC,http://www.jrlcustomcolors.com,,,South Bend,Indiana,,,,,,apollo,"painting company, painting services - Indiana",https://app.apollo.io/#/organizations/666ad0fa62c1ac00016f1999?overrideScoreId=score,,,general contractor+46,http://www.linkedin.com/company/jrl-custom-colors-llc,,,,,
"Beeson Construction, Inc.",http://www.beesonconstruction.com,,,Beeson Construction,Inc.,,,,,,apollo,"painting company, painting services - Inc.",https://app.apollo.io/#/organizations/65775b862a24bf021bd89beb?overrideScoreId=score,,,,http://www.linkedin.com/company/beeson-construction-inc,,,,,
Pro Master Painters,http://www.promasterpaintersin.com,,,Indianapolis,Indiana,,,,,,apollo,"painting company, painting services - Indiana",https://app.apollo.io/#/organizations/6546ae01a168780001fbddad?overrideScoreId=score,,,,http://www.linkedin.com/company/pro-master-painters,http://www.facebook.com/wix,http://www.twitter.com/wix,,,
Colorbilt Painting LLC,http://www.colorbiltpainting.com,,,Plymouth,Indiana,,,,,,apollo,"painting company, painting services - Indiana",https://app.apollo.io/#/organizations/64169c480364d6000140a103?overrideScoreId=score,,,,http://www.linkedin.com/company/colorbiltpaintingllc,,,,,
"Remodel and Renovate, LLC",http://www.remodelandrenovate.com,,,Noblesville,Indiana,,,,,,apollo,"painting company, painting services - Indiana",https://app.apollo.io/#/organizations/614eb9c5ae91640001194789?overrideScoreId=score,,,remodelinggutters+54,http://www.linkedin.com/company/remodelandrenovate,https://www.facebook.com/remodelandrenovate,https://twitter.com/remodelrenovat,,,
Indiana Agricultural Fencing,http://www.indianaagriculturalfencing.com,,,Columbus,Indiana,,,,,,apollo,"painting company, painting services - Indiana",https://app.apollo.io/#/organizations/556d47d273696411bc42cd00?overrideScoreId=score,,,pasture fencing+45,http://www.linkedin.com/company/indiana-agricultural-fencing,,,,,
SLP Enterprises Group,http://www.slp-enterprises.org,,,Osceola,Indiana,,,,,,apollo,"painting company, painting services - Indiana",https://app.apollo.io/#/organizations/5c1d9ada80f93e5d66e2c720?overrideScoreId=score,,,modern data analytics+50,http://www.linkedin.com/company/slpenterprisesllc,,,,,
Hoosier Painting Company,http://www.a1hoosierpainting.com,,,Angola,Indiana,,,,,,apollo,"painting company, painting services - Indiana",https://app.apollo.io/#/organizations/55f6a025f3e5bb18db01401d?overrideScoreId=score,5.1M,,,http://www.linkedin.com/company/hoosier-painting-company,https://facebook.com/a1hoosierpaintingandmore,https://twitter.com/A1hoosierpaint,,,
Brush Painting Services,http://www.brushpaintingservices.com,,,Zionsville,Indiana,,,,,,apollo,"painting company, painting services - Indiana",https://app.apollo.io/#/organizations/6713507a09e71300015e8a6b?overrideScoreId=score,,,,http://www.linkedin.com/company/brush-painting-services,,,,,
"Ikerd Interior, LLC",http://www.ikerdpainting.com,,,Seymour,Indiana,,,,,,apollo,"painting company, painting services - Indiana",https://app.apollo.io/#/organizations/66c5e25b2b09cd03f1fcd7f8?overrideScoreId=score,,,,http://www.linkedin.com/company/ikerd-interior-painting-llc,,,,,
Tint Custom Painting LLC,http://www.tintcustompainting.com,,,Westfield,Indiana,,,,,,apollo,"painting company, painting services - Indiana",https://app.apollo.io/#/organizations/6545d53f5e92d50001e48dea?overrideScoreId=score,,,corporate painting+59,http://www.linkedin.com/company/tint-custom-painting-llc,https://www.facebook.com/profile.php,,,,
JC Toland Painting,http://www.jctoland.com,,,Des Moines,Iowa,,,,,,apollo,"painting company, painting services - Iowa",https://app.apollo.io/#/organizations/55f6a77df3e5bb198501460d?overrideScoreId=score,,,drywall+63,http://www.linkedin.com/company/jctoland-painting,https://www.facebook.com/jctolandpainting/,https://twitter.com/jc_toland,,,
Drywall Specialties,http://www.ryeconstructioniowa.com,,,Mason City,Iowa,,,,,,apollo,"painting company, painting services - Iowa",https://app.apollo.io/#/organizations/66f11da7d706f50001637781?overrideScoreId=score,,,construction+60,http://www.linkedin.com/company/drywall-specialties,,,,,
CR Painting,http://www.crpaintingdsm.com,,,West Des Moines,Iowa,,,,,,apollo,"painting company, painting services - Iowa",https://app.apollo.io/#/organizations/54a1285569702d9313560401?overrideScoreId=score,1.3M,,custom painting+48,http://www.linkedin.com/company/cr-painting,http://www.facebook.com/crpaintingdsm,http://www.twitter.com/crpaintingdsm,,,
Pristine Painting & Decorating Inc,http://www.pristinepaint.ca,,,Waterloo,Iowa,,,,,,apollo,"painting company, painting services - Iowa",https://app.apollo.io/#/organizations/5569c09573696425b2058a00?overrideScoreId=score,,,,http://www.linkedin.com/company/pristine-painting-&-decorating-inc,,,,,
DPI Quality Custom Finishes,http://www.dpifinishes.com,,,Cedar Rapids,Iowa,,,,,,apollo,"painting company, painting services - Iowa",https://app.apollo.io/#/organizations/5500cebf7369646095fe7b00?overrideScoreId=score,34M,,exterior painting+45,http://www.linkedin.com/company/dpi-quality-custom-finishes,https://www.facebook.com/DPI-Quality-Custom-Finishes-214840369714/,https://twitter.com/DPI_Finishes,,,
Henry's Painting & Contracting,http://www.henryspaintingcontract.com,,,Coralville,Iowa,,,,,,apollo,"painting company, painting services - Iowa",https://app.apollo.io/#/organizations/61ada06ab989900001fe3063?overrideScoreId=score,,,interior+111,http://www.linkedin.com/company/henryspaintingcontracting,https://www.facebook.com/henryspaintingcontract/,,,,
"Genesis Painting Company, LLC",http://www.paintingbygenesis.com,,,Cedar Rapids,Iowa,,,,,,apollo,"painting company, painting services - Iowa",https://app.apollo.io/#/organizations/5500b1557369642dd3921800?overrideScoreId=score,,,interior wall painting+13,http://www.linkedin.com/company/genesis-painting-company-llc,,,,,
McCormick Painting Services,http://www.mccormickpaintingservices.com,,,Cedar Rapids,Iowa,,,,,,apollo,"painting company, painting services - Iowa",https://app.apollo.io/#/organizations/65485652aa3888000193a7b9?overrideScoreId=score,,,deck staining+11,http://www.linkedin.com/company/mccormickstaining,,,,,
G10 Painting Services,http://www.g10paintingservices.com,,,Ottumwa,Iowa,,,,,,apollo,"painting company, painting services - Iowa",https://app.apollo.io/#/organizations/66f3d5b3af2f610001244c2b?overrideScoreId=score,,,,http://www.linkedin.com/company/g10-painting-services,,,,,
RestorePainting,http://www.restore-painting.com,,,Muscatine,Iowa,,,,,,apollo,"painting company, painting services - Iowa",https://app.apollo.io/#/organizations/672f1842471d660001ae7ac6?overrideScoreId=score,,,powerwash+53,http://www.linkedin.com/company/restorepainting,https://www.facebook.com/profile.php,,,,
River City Painting,http://www.paintwichita.com,,,Wichita,Kansas,,,,,,apollo,"painting company, painting services - Kansas",https://app.apollo.io/#/organizations/605e512808646700a454d6ed?overrideScoreId=score,9.6M,,interior painting+54,http://www.linkedin.com/company/river-city-painting,https://www.facebook.com/rivercitypaintinginc/,https://twitter.com/rcpwichita,,,
All-Pro Renovations LLC,http://www.all-proserviceskc.com,,,Olathe,Kansas,,,,,,apollo,"painting company, painting services - Kansas",https://app.apollo.io/#/organizations/5da159513227bd000140f980?overrideScoreId=score,,,general contracting+69,http://www.linkedin.com/company/all-pro-home-services-painting-llc,,,,,
"Gecko Painting,Inc",http://www.geckopainting.com,,,Olathe,Kansas,,,,,,apollo,"painting company, painting services - Kansas",https://app.apollo.io/#/organizations/54a1344f69702d2f9fe76300?overrideScoreId=score,30.5M,,,http://www.linkedin.com/company/gecko-painting-inc,,,,,
First Impression Painting & Drywall,http://www.firstimpressionkc.com,,,Olathe,Kansas,,,,,,apollo,"painting company, painting services - Kansas",https://app.apollo.io/#/organizations/655055505c3b890001976b3f?overrideScoreId=score,,,cabinet painting+23,http://www.linkedin.com/company/first-impression-painting-drywall,,,,,
Atlas Coatings & Construction,http://www.atlascoatingsandconstruction.com,,,Lenexa,Kansas,,,,,,apollo,"painting company, painting services - Kansas",https://app.apollo.io/#/organizations/54a1988f74686958604d4f00?overrideScoreId=score,,,,http://www.linkedin.com/company/atlas-coatings-&-construction,,,,,
DuraCon Construction,http://www.duraconllc.com,,,Wichita,Kansas,,,,,,apollo,"painting company, painting services - Kansas",https://app.apollo.io/#/organizations/60af395502bde700016a27a2?overrideScoreId=score,,,general contractor+59,http://www.linkedin.com/company/duracon-construction,https://www.facebook.com/DuraconConstruction/,,,,
"Neighborhood Painting, Inc",http://www.kcneighborhoodpainting.com,,,Neighborhood Painting,Inc,,,,,,apollo,"painting company, painting services - Inc",https://app.apollo.io/#/organizations/5500c4a373696460d6744a00?overrideScoreId=score,,,wood rot repairs+56,http://www.linkedin.com/company/neighborhood-painting-inc,https://facebook.com/kansascitypainters,,,,
Danny Satterfield Drywall Corporation,http://www.dsdrywall.com,,,Wichita,Kansas,,,,,,apollo,"painting company, painting services - Kansas",https://app.apollo.io/#/organizations/54a11d4769702d8aa16be800?overrideScoreId=score,6.0M,,metal stud framing+42,http://www.linkedin.com/company/danny-satterfield-drywall-corp,https://facebook.com/dsdrywall,,,,
Iconic Home Renovations,http://www.iconichrkc.com,,,Olathe,Kansas,,,,,,apollo,"painting company, painting services - Kansas",https://app.apollo.io/#/organizations/67162c1f3c8cf1000130750d?overrideScoreId=score,,,gutters+73,http://www.linkedin.com/company/iconic-home-renovations,https://www.facebook.com/iconicHomeRenovations,,,,
ACE HOUSE PAINTING INC.,http://www.acehousepainting.com,,,Olathe,Kansas,,,,,,apollo,"painting company, painting services - Kansas",https://app.apollo.io/#/organizations/647053dca68d26000126fdd9?overrideScoreId=score,,,painter+47,http://www.linkedin.com/company/ace-house-painting-inc.,https://www.facebook.com/Ace-House-Painting-134483886584868,https://twitter.com/AceHousePainti1,,,
Average Joe Construction LLC,http://www.averagejoeconstruction.com,,,Overland Park,Kansas,,,,,,apollo,"painting company, painting services - Kansas",https://app.apollo.io/#/organizations/6604554b079a8101c6069270?overrideScoreId=score,,,kitchens+62,http://www.linkedin.com/company/average-joe-construction-llc,https://www.facebook.com/averagejoeconstruction,,,,
Dubai Painting Services,http://www.dubaipaintingservice.ae,,,Coffeyville,Kansas,,,,,,apollo,"painting company, painting services - Kansas",https://app.apollo.io/#/organizations/6729e855b1ac5c0001199184?overrideScoreId=score,,,,http://www.linkedin.com/company/dubai-painting-services,https://web.facebook.com/dubaipaintingservicee,,,,
JDR PAINTING SERVICES INC.,http://www.jdrpainting.com,,,Hays,Kansas,,,,,,apollo,"painting company, painting services - Kansas",https://app.apollo.io/#/organizations/6548b6bb2f83ff00018044f9?overrideScoreId=score,,,exterior siding+44,http://www.linkedin.com/company/jdr-painting-services-inc.,http://www.facebook.com/wix,http://www.twitter.com/wix,,,
Painting Services and Contractors Dubai,http://www.painting-services.ae,,,Coffeyville,Kansas,,,,,,apollo,"painting company, painting services - Kansas",https://app.apollo.io/#/organizations/66fcf886d5bb26000182ee78?overrideScoreId=score,,,,http://www.linkedin.com/company/painting-services-and-contractors-dubai,,,,,
"Repair-My-Home, LLC",,,,Overland Park,Kansas,,,,,,apollo,"painting company, painting services - Kansas",https://app.apollo.io/#/organizations/63b9717f1b86ed000188d0fd?overrideScoreId=score,,,siding+3,http://www.linkedin.com/company/repair-my-home-llc,,,,,
Winner's Circle Painting,http://www.winnerscirclepaint.com,,,Nicholasville,Kentucky,,,,,,apollo,"painting company, painting services - Kentucky",https://app.apollo.io/#/organizations/5e57eb0605b1890001ae5f3d?overrideScoreId=score,,,epoxy flooring+47,http://www.linkedin.com/company/winnerscirclepainting,https://www.facebook.com/WinnersCirclePainting/,,,,
CONCRETE PLUS LLC,http://www.concreteplusllc.com,,,Mount Sterling,Kentucky,,,,,,apollo,"painting company, painting services - Kentucky",https://app.apollo.io/#/organizations/66ebc7effc7cf70001566325?overrideScoreId=score,,,project management+53,http://www.linkedin.com/company/concrete-plus-llc,,,,,
"Spiff Contracting, LLC",http://www.spiffcontracting.com,,,Taylor Mill,Kentucky,,,,,,apollo,"painting company, painting services - Kentucky",https://app.apollo.io/#/organizations/674c17de8439970001d8767b?overrideScoreId=score,,,demolition+53,http://www.linkedin.com/company/spiff-contracting-llc,,,,,
M&J Painting LLC,http://www.mandjpaintingohio.com,,,Florence,Kentucky,,,,,,apollo,"painting company, painting services - Kentucky",https://app.apollo.io/#/organizations/65410ee1da046e00a3430ffd?overrideScoreId=score,,,commercial painting+84,http://www.linkedin.com/company/m-j-painting-llc,,,,,
"McKinney Painting, Inc.",http://www.mckinneypainting.com,,,McKinney Painting,Inc.,,,,,,apollo,"painting company, painting services - Inc.",https://app.apollo.io/#/organizations/54a1392769702d267a553900?overrideScoreId=score,7.7M,,paperhanging+55,http://www.linkedin.com/company/mckinney-painting-inc.,,,,,
Redemption Painting Company,http://www.redemptionpainting.com,,,Louisville,Kentucky,,,,,,apollo,"painting company, painting services - Kentucky",https://app.apollo.io/#/organizations/67264cf94acbcd00012de8cb?overrideScoreId=score,2.5M,,,http://www.linkedin.com/company/redemption-painting-company,https://facebook.com/RedemptionPaintingCompany,https://twitter.com/RedemptionPaint,,,
GLS Painting Services LLC,http://www.glspaintingservicesllc.com,,,Harrodsburg,Kentucky,,,,,,apollo,"painting company, painting services - Kentucky",https://app.apollo.io/#/organizations/672b077c7ed0fe000105b508?overrideScoreId=score,,,,http://www.linkedin.com/company/gls-painting-services-llc,,,,,
Flipside Painting Services,http://www.flipsidepainting.com,,,Nicholasville,Kentucky,,,,,,apollo,"painting company, painting services - Kentucky",https://app.apollo.io/#/organizations/6729af82c78d650001d71f78?overrideScoreId=score,,,,http://www.linkedin.com/company/flipside-painting-services,https://www.facebook.com/FlipSidePaintingServices,,,,
"KREED Painting, LLC",http://www.kreedpainting.com,,,Louisville,Kentucky,,,,,,apollo,"painting company, painting services - Kentucky",https://app.apollo.io/#/organizations/641ec838a3d3520001f1659e?overrideScoreId=score,,,wallcovering+31,http://www.linkedin.com/company/kreed-painting,https://www.facebook.com/profile.php,,,,
Pete & Ruby's Interior Painting LLC,http://www.printeriorpaintinglouisville.com,,,Louisville,Kentucky,,,,,,apollo,"painting company, painting services - Kentucky",https://app.apollo.io/#/organizations/64166b3d3ab3ae0001d6d6ed?overrideScoreId=score,,,,http://www.linkedin.com/company/pete-ruby-s-interior-painting-llc,,,,,
Brown's Painting & Renovation,http://www.brownspainting.com,,,Monroe,Louisiana,,,,,,apollo,"painting company, painting services - Louisiana",https://app.apollo.io/#/organizations/63dcfbd9053d2100d8a266b7?overrideScoreId=score,,,paintingdrywall+71,http://www.linkedin.com/company/brownspaintingandrenovation,,,,,
"Lanehart, LLC",http://www.lanehart.net,,,Baton Rouge,Louisiana,,,,,,apollo,"painting company, painting services - Louisiana",https://app.apollo.io/#/organizations/54a1b95974686945fa88360b?overrideScoreId=score,,,architectural finishes+29,http://www.linkedin.com/company/lanehart-inc-,,,,,
Hart Painting Company,,,,Farmerville,Louisiana,,,,,,apollo,"painting company, painting services - Louisiana",https://app.apollo.io/#/organizations/556d4dd2736964124f8fda00?overrideScoreId=score,,,,http://www.linkedin.com/company/hart-painting-company,,,,,
FRANTZ-GIBSON PAINTING COMPANY,http://www.frantzgibson.com,,,Baton Rouge,Louisiana,,,,,,apollo,"painting company, painting services - Louisiana",https://app.apollo.io/#/organizations/66e5e544050e580001ffa311?overrideScoreId=score,,,,http://www.linkedin.com/company/frantz-gibson-painting-company,,,,,
A&A General Construction Inc,http://www.aagenconstruction.com,,,Baton Rouge,Louisiana,,,,,,apollo,"painting company, painting services - Louisiana",https://app.apollo.io/#/organizations/5e564b90d640ab0001082244?overrideScoreId=score,,,residential+69,http://www.linkedin.com/company/aa-general-construction-inc,https://www.facebook.com/aageneralconstruction/,,,,
Southern Hammer & Nail,http://www.southernhammer.com,,,Covington,Louisiana,,,,,,apollo,"painting company, painting services - Louisiana",https://app.apollo.io/#/organizations/5e581cc1c0fa3000013ee36c?overrideScoreId=score,,,home renovations+49,http://www.linkedin.com/company/southern-hammer-nail,,,,,
Vinyltech,http://www.vinyltechroofing.com,,,Kenner,Louisiana,,,,,,apollo,"painting company, painting services - Louisiana",https://app.apollo.io/#/organizations/66a85ecffd519100016999c7?overrideScoreId=score,,,sidingroofing+6,http://www.linkedin.com/company/vinyltech-roofing,,,,,
Wurth Plus,http://www.wurth-plus.com,,,Kenner,Louisiana,,,,,,apollo,"painting company, painting services - Louisiana",https://app.apollo.io/#/organizations/6689aeadec5459000102ed58?overrideScoreId=score,,,landscaping+65,http://www.linkedin.com/company/wurth-plus,,,,,
TASCH Painting Company,http://www.taschpainting.com,,,Metairie,Louisiana,,,,,,apollo,"painting company, painting services - Louisiana",https://app.apollo.io/#/organizations/56de2fcef3e5bb0130000dd6?overrideScoreId=score,,,commercial painting+2,http://www.linkedin.com/company/tasch-painting-company,,,,,
Rellestate Renovations,http://www.rellestate.com,,,New Orleans,Louisiana,,,,,,apollo,"painting company, painting services - Louisiana",https://app.apollo.io/#/organizations/65a4803728475700015e06ba?overrideScoreId=score,22.2M,,new build+101,http://www.linkedin.com/company/rellestate-renovations,,,,,
Shreveport Painting Company,http://www.shreveportpaintingcompany.com,,,Shreveport,Louisiana,,,,,,apollo,"painting company, painting services - Louisiana",https://app.apollo.io/#/organizations/640c01b8802e120001d5a9ce?overrideScoreId=score,,,exterior house painting+5,http://www.linkedin.com/company/shreveport-painting-company,,,,,
ACE Construction Services,http://www.ace-corp.net,,,Scarborough,Maine,,,,,,apollo,"painting company, painting services - Maine",https://app.apollo.io/#/organizations/5e56222d1dcc380001cd01f9?overrideScoreId=score,,,,http://www.linkedin.com/company/aceconstructionservicesme,,,,,
D B Withrow Painting Company,http://www.dbwpaintit.com,,,Kennebunk,Maine,,,,,,apollo,"painting company, painting services - Maine",https://app.apollo.io/#/organizations/670210966dfbb700011a9efb?overrideScoreId=score,32.9M,,,http://www.linkedin.com/company/d-b-withrow-painting-company,,,,,
Northeast Painting & Coatings,http://www.northeastpaint.net,,,Lewiston,Maine,,,,,,apollo,"painting company, painting services - Maine",https://app.apollo.io/#/organizations/65827f4de0d81600010466c9?overrideScoreId=score,,,wallcovering+49,http://www.linkedin.com/company/northeast-painting-coatings,,,,,
Island Paints BV,http://www.islandpaintsbv.com,,,Union,Maine,,,,,,apollo,"painting company, painting services - Maine",https://app.apollo.io/#/organizations/61ec63e0aa00820001d5a23c?overrideScoreId=score,,,power toolsstains+70,http://www.linkedin.com/company/island-paints-bv,https://www.facebook.com/Islandpaintsbv/,,,,
Apartment Turnovers,http://www.apartmentturnovers.com,,,Rockville,Maryland,,,,,,apollo,"painting company, painting services - Maryland",https://app.apollo.io/#/organizations/5f4a3ac027adbb000117899f?overrideScoreId=score,,,apartment turnover+59,http://www.linkedin.com/company/apartmentturnovers,https://facebook.com/atiturnovers,https://twitter.com/atiturnovers,,,
"Quality air & heating, INC",http://www.qualityairandheating.com,,,Frederick,Maryland,,,,,,apollo,"painting company, painting services - Maryland",https://app.apollo.io/#/organizations/54a13a9269702d2fa6870801?overrideScoreId=score,38.7M,,hvacheating+56,http://www.linkedin.com/company/quality-air-&-heating-inc,https://facebook.com/pages/Quality-Air-Heating-Inc/171802776197839,,,,
Frisco Woodline,http://www.friscowoodline.com,,,Upper Marlboro,Maryland,,,,,,apollo,"painting company, painting services - Maryland",https://app.apollo.io/#/organizations/65750f567c0b9600016324e7?overrideScoreId=score,33.9M,,lumber+86,http://www.linkedin.com/company/friscowoodline,,,,,
Royal Painting Company LLC,,,,Baltimore,Maryland,,,,,,apollo,"painting company, painting services - Maryland",https://app.apollo.io/#/organizations/5592234e73696418dffb8d00?overrideScoreId=score,,,,http://www.linkedin.com/company/royal-painting-company-llc,,,,,
Hann & Hann Construction Services,http://www.hannandhann.com,,,Rockville,Maryland,,,,,,apollo,"painting company, painting services - Maryland",https://app.apollo.io/#/organizations/623fc79c1838ae000181b30b?overrideScoreId=score,,,construction services+55,http://www.linkedin.com/company/hann-hann-inc,,,,,
Tiburzi Builders,http://www.tiburzibuilders.com,,,Churchville,Maryland,,,,,,apollo,"painting company, painting services - Maryland",https://app.apollo.io/#/organizations/63b7f13307c2f00001d99086?overrideScoreId=score,,,construction+73,http://www.linkedin.com/company/tiburzi-builders,https://facebook.com/Tiburzi-Builders-110538814548735,,,,
Werrlein Companies,http://www.werrleincompanies.com,,,Annapolis,Maryland,,,,,,apollo,"painting company, painting services - Maryland",https://app.apollo.io/#/organizations/62eb462a9ac4830001284d2a?overrideScoreId=score,,,new construction+93,http://www.linkedin.com/company/werrleincompanies,,,,,
BERD Construction Services,http://www.berdservices.com,,,Rockville,Maryland,,,,,,apollo,"painting company, painting services - Maryland",https://app.apollo.io/#/organizations/61ec5bfe7a7f51000171dad4?overrideScoreId=score,,,parking garage striping+34,http://www.linkedin.com/company/berdllc,,,,,
Bay Country Painters,http://www.baycountrypainters.com,,,Severna Park,Maryland,,,,,,apollo,"painting company, painting services - Maryland",https://app.apollo.io/#/organizations/54a198737468695475d74200?overrideScoreId=score,1.3M,,,http://www.linkedin.com/company/bay-country-painters-inc,https://facebook.com/pages/Bay-Country-Painters-Inc/271049227252,https://twitter.com/BayCountryPaint,,,
Maximum Handyman,http://www.maximumhandyman.com,,,Catonsville,Maryland,,,,,,apollo,"painting company, painting services - Maryland",https://app.apollo.io/#/organizations/5da4f4962981de00017e864d?overrideScoreId=score,,,,http://www.linkedin.com/company/maximum-handyman,,,,,
Atlantic Decorating,http://www.atlanticdecorating.com,,,Crofton,Maryland,,,,,,apollo,"painting company, painting services - Maryland",https://app.apollo.io/#/organizations/6608f1d0b3b6620006cbc9a7?overrideScoreId=score,,,wallcoveringpaint+44,http://www.linkedin.com/company/atlanticdecorating,,,,,
Chesapeake Painting Services,http://www.chesapeakepainting.net,,,Annapolis,Maryland,,,,,,apollo,"painting company, painting services - Maryland",https://app.apollo.io/#/organizations/66ef642f8f56400001275bf6?overrideScoreId=score,10.2M,,,http://www.linkedin.com/company/chesapeake-painting-services,https://facebook.com/chesapeakepainting,https://twitter.com/chesapeakepaint,,,
Aurora Painting LLC,http://www.aurorapaintingllc.com,,,Dundalk,Maryland,,,,,,apollo,"painting company, painting services - Maryland",https://app.apollo.io/#/organizations/60484e428e57ca00010c275d?overrideScoreId=score,,,exterior painting+49,http://www.linkedin.com/company/aurora-painting-llc,https://www.facebook.com/AuroraPaintingllc,,,,
Roy's Painting Company,http://www.royspainting.com,,,Clinton,Maryland,,,,,,apollo,"painting company, painting services - Maryland",https://app.apollo.io/#/organizations/5fca919e3cfd3a0001c83345?overrideScoreId=score,,,fire restoration projects+7,http://www.linkedin.com/company/royspaintingcompany,https://www.facebook.com/royspaintingco,https://www.twitter.com/RoysPainting,,,
Phillip James Inc.,http://www.phillipjamesinc.com,,,Cockeysville,Maryland,,,,,,apollo,"painting company, painting services - Maryland",https://app.apollo.io/#/organizations/5fc9670c78a2b4000119f7e6?overrideScoreId=score,8.3M,,trimsdoors+54,http://www.linkedin.com/company/phillip-james-inc,https://www.facebook.com/phillipjamesinc,,,,
Blue Star Property | Chesapeake Painting,http://www.bluestarpaint.com,,,Annapolis,Maryland,,,,,,apollo,"painting company, painting services - Maryland",https://app.apollo.io/#/organizations/54a26c477468693fda24f021?overrideScoreId=score,,,painting services+32,http://www.linkedin.com/company/blue-star-paint,https://www.facebook.com/bluestarpaint/,,,,
Livers & Sons Painting,http://www.liversandsons.com,,,Baltimore,Maryland,,,,,,apollo,"painting company, painting services - Maryland",https://app.apollo.io/#/organizations/63fcda875555dc00dbd0189f?overrideScoreId=score,,,residential painting+50,http://www.linkedin.com/company/liversandsons,https://www.facebook.com/liversandsonspainting/,,,,
PM Home Remodel,http://www.pmremodel.com,,,Bel Air,Maryland,,,,,,apollo,"painting company, painting services - Maryland",https://app.apollo.io/#/organizations/63eb3260cf6d6700da8c46ab?overrideScoreId=score,,,kitchenbathroom+55,http://www.linkedin.com/company/pm-home-remodel,https://www.facebook.com/PMhomeremodelcontractorpage,,,,
Owens Painting Company,http://www.owenspaintingcompany.com,,,Baltimore,Maryland,,,,,,apollo,"painting company, painting services - Maryland",https://app.apollo.io/#/organizations/63c3b8a5fbb8360001158a5c?overrideScoreId=score,,,commercial buildings+4,http://www.linkedin.com/company/owenspaintingcompany-com,,,,,
Universal Painting Contractors,http://www.universalpaintingcontractorsllc.com,,,Baltimore,Maryland,,,,,,apollo,"painting company, painting services - Maryland",https://app.apollo.io/#/organizations/55edeeacf3e5bb227b004687?overrideScoreId=score,,,exterior painting+26,http://www.linkedin.com/company/universal-painting-contractors,,,,,
Sea Wallcoverings Inc,http://www.seawallcoverings.com,,,Silver Spring,Maryland,,,,,,apollo,"painting company, painting services - Maryland",https://app.apollo.io/#/organizations/55920612736964193e8b2300?overrideScoreId=score,,,interior finishing+30,http://www.linkedin.com/company/sea-wallcoverings-inc,,,,,
"Blue Sky Painting & Carpentry, LLC",http://www.blueskypaintingpros.com,,,Columbia,Maryland,,,,,,apollo,"painting company, painting services - Maryland",https://app.apollo.io/#/organizations/54a126de69702d9313c05000?overrideScoreId=score,1.5M,,interior painting+86,http://www.linkedin.com/company/blue-sky-painting-&-carpentry-llc,https://www.facebook.com/BlueSkyPaintingCarpentry/,https://twitter.com/BlueSkyPainting,,,
J LEE CONSTRUCTION,http://www.jleeconstruction.com,,,Rockville,Maryland,,,,,,apollo,"painting company, painting services - Maryland",https://app.apollo.io/#/organizations/6730997a24c32c0001cb8896?overrideScoreId=score,,,property cleaning+51,http://www.linkedin.com/company/j-lee-construction,,,,,
J.O. Painting Company,http://www.jopaintingcompany.com,,,Hyattsville,Maryland,,,,,,apollo,"painting company, painting services - Maryland",https://app.apollo.io/#/organizations/672744a662f46c0001c78562?overrideScoreId=score,1.7M,,,http://www.linkedin.com/company/j.o.-painting-company,https://facebook.com/pages/JO-Painting-Company-Inc/164431010311093,https://twitter.com/JOPaintingCo,,,
Chesapeake Bay Painting,http://www.cbpainting.com,,,Severna Park,Maryland,,,,,,apollo,"painting company, painting services - Maryland",https://app.apollo.io/#/organizations/645683288bc45f00a3307e70?overrideScoreId=score,,,enterprise software+58,http://www.linkedin.com/company/chesapeakebaypainting,https://www.facebook.com/chesapeakebaypainting/,,,,
Annapolis Painting Services,http://www.annapolispainting.com,,,Annapolis,Maryland,,,,,,apollo,"painting company, painting services - Maryland",https://app.apollo.io/#/organizations/634f0c03652d6800cd57c813?overrideScoreId=score,16.2M,,painting+41,http://www.linkedin.com/company/annapolispainting,https://facebook.com/pages/Annapolis-Painting-Services-Inc/118020976307,,,,
Renken Remodeling,http://www.renkenremodeling.com,,,Frederick,Maryland,,,,,,apollo,"painting company, painting services - Maryland",https://app.apollo.io/#/organizations/6117413ebab07d0001f61201?overrideScoreId=score,,,,http://www.linkedin.com/company/renken-remodeling,,,,,
"Squarehead Painting Company, Inc.",http://www.squareheadpainting.com,,,Squarehead Painting Company,Inc.,,,,,,apollo,"painting company, painting services - Inc.",https://app.apollo.io/#/organizations/556daee473696411d5706c01?overrideScoreId=score,43.7M,,specialty coatings+3,http://www.linkedin.com/company/squarehead-painting-company-inc-,https://facebook.com/SquareheadPaintingCompany,,,,
Siles Remodeling LLC,http://www.silesremodeling.com,,,Rockville,Maryland,,,,,,apollo,"painting company, painting services - Maryland",https://app.apollo.io/#/organizations/54fca1937369647ff9cf0500?overrideScoreId=score,,,electrical work+56,http://www.linkedin.com/company/siles-remodeling-llc,https://www.facebook.com/silesremodeling,,,,
"Annapolis Coatings, Inc.",http://www.annapoliscoatings.com,,,Annapolis Coatings,Inc.,,,,,,apollo,"painting company, painting services - Inc.",https://app.apollo.io/#/organizations/54a1214169702d86b6d38802?overrideScoreId=score,10K,,wall repairs+41,http://www.linkedin.com/company/annapolis-coatings-inc-,https://facebook.com/pages/Annapolis-Coatings-Inc/484950581554715,https://twitter.com/naptownpaint,,,
bright painting company,http://www.brightpaintingcompany.com,,,Bel Air,Maryland,,,,,,apollo,"painting company, painting services - Maryland",https://app.apollo.io/#/organizations/66e3d99248a9da00018e8cb3?overrideScoreId=score,,,bright painting company,http://www.linkedin.com/company/bright-painting-company,,,,,
APA Building & Construction,http://www.apabuildingconstruction.com,,,,,,,,,,apollo,"painting company, painting services",https://app.apollo.io/#/organizations/62c5d9ef8f353e00c82a397e?overrideScoreId=score,,,kitchensadditions+13,http://www.linkedin.com/company/apabuildingconstruction,https://www.facebook.com/apabuildingconstruction/,,,,
FRED - The First Name in Home Improvement,http://www.schedulefred.com,,,Bethesda,Maryland,,,,,,apollo,"painting company, painting services - Maryland",https://app.apollo.io/#/organizations/54fca31f7369647e8b601400?overrideScoreId=score,,,home maintenance+62,http://www.linkedin.com/company/schedule-fred,,,,,
"Leon Ringeval Painting Company, LLC",http://www.leonringevalpainting.com,,,Shady Side,Maryland,,,,,,apollo,"painting company, painting services - Maryland",https://app.apollo.io/#/organizations/67402c5131c7620001b9a7f8?overrideScoreId=score,,,,http://www.linkedin.com/company/leon-ringeval-painting-company-llc,,,,,
DAVID MAHONEY PAINTING COMPANY,http://www.davidmahoneypainting.com,,,Bryantown,Maryland,,,,,,apollo,"painting company, painting services - Maryland",https://app.apollo.io/#/organizations/66e90a02c017ab0001108333?overrideScoreId=score,,,,http://www.linkedin.com/company/david-mahoney-painting-company,,,,,
DB Home Services,http://www.dbhome.services,,,Kensington,Maryland,,,,,,apollo,"painting company, painting services - Maryland",https://app.apollo.io/#/organizations/647079ae4e3a0b0001034d2a?overrideScoreId=score,,,remodeling+44,http://www.linkedin.com/company/dbhomeservices,https://www.facebook.com/dbhomeservicesllc/,,,,
The Maryland Painting Company,http://www.marylandpaintingcompany.com,,,Upper Marlboro,Maryland,,,,,,apollo,"painting company, painting services - Maryland",https://app.apollo.io/#/organizations/677fa818dff56002ce3d65b4?overrideScoreId=score,,,painting & drywall,http://www.linkedin.com/company/themarylandpaintingcompany,,,,,
Eliseo Painting Services LLC,http://www.paintingcontractorfrederick.com,,,Frederick,Maryland,,,,,,apollo,"painting company, painting services - Maryland",https://app.apollo.io/#/organizations/67303f37cb4dd60001a786dc?overrideScoreId=score,,,,http://www.linkedin.com/company/eliseo-painting-services-llc,,,,,
STB Painting Company,http://www.stbpaintingcompany.com,,,Columbia,Maryland,,,,,,apollo,"painting company, painting services - Maryland",https://app.apollo.io/#/organizations/672f5368cd1c1f0001769bb9?overrideScoreId=score,380K,,,http://www.linkedin.com/company/stb-painting-company,https://facebook.com/STBPaintingCompany,https://twitter.com/stbpainting,,,
HMR Painting Company,http://www.hmr-painting-company.com,,,Silver Spring,Maryland,,,,,,apollo,"painting company, painting services - Maryland",https://app.apollo.io/#/organizations/6728aafa4193e90001e31d3b?overrideScoreId=score,,,,http://www.linkedin.com/company/hmr-painting-company,,,,,
GEORGES PAINTING SERVICES LLC,http://www.georgespaintingservicesllc.com,,,Takoma Park,Maryland,,,,,,apollo,"painting company, painting services - Maryland",https://app.apollo.io/#/organizations/670c5d8a4a3f650001b511fc?overrideScoreId=score,,,,http://www.linkedin.com/company/georges-painting-services-llc,,,,,
"J.N.A PAINTING COMPANY, INC.",http://www.jnapaint.com,,,Baltimore,Maryland,,,,,,apollo,"painting company, painting services - Maryland",https://app.apollo.io/#/organizations/66f255cc604398000175990d?overrideScoreId=score,,,,http://www.linkedin.com/company/j.n.a-painting-company-inc.,,,,,
CE Painting,http://www.cepaint.com,,,Braintree,Massachusetts,,,,,,apollo,"painting company, painting services - Massachusetts",https://app.apollo.io/#/organizations/5e53b14b525771011b5f50ad?overrideScoreId=score,5.7M,,expanding service area+45,http://www.linkedin.com/company/ce-painting,https://www.facebook.com/CEPaintingMA,,,,
Mikes Painting Company,,,,Peabody,Massachusetts,,,,,,apollo,"painting company, painting services - Massachusetts",https://app.apollo.io/#/organizations/664a571139db1c000114a74a?overrideScoreId=score,,,,http://www.linkedin.com/company/mikes-painting-company,,,,,
Mason Painting Company,http://www.masonpaintingco.com,,,Worcester,Massachusetts,,,,,,apollo,"painting company, painting services - Massachusetts",https://app.apollo.io/#/organizations/60499efde8614700012d037e?overrideScoreId=score,,,,http://www.linkedin.com/company/masonpaintingco,,,,,
"Stewart Painting, Inc",http://www.stewartpaint.com,,,Stewart Painting,Inc,,,,,,apollo,"painting company, painting services - Inc",https://app.apollo.io/#/organizations/5d0a6556f6512524c04b119d?overrideScoreId=score,29.2M,,interior painting+57,http://www.linkedin.com/company/stewart-painting-inc,https://www.facebook.com/StewartPaintingCapeCod/,,,,
"Northern Lights Painting Company, Inc.",http://www.northernlightspainting.com,,,Northern Lights Painting Company,Inc.,,,,,,apollo,"painting company, painting services - Inc.",https://app.apollo.io/#/organizations/5da62c31e03360000106f69b?overrideScoreId=score,,,paintinghigh gloss+46,http://www.linkedin.com/company/northern-lights-painting-company,,,,,
Alpha Painting,http://www.alphapainting.com,,,Haverhill,Massachusetts,,,,,,apollo,"painting company, painting services - Massachusetts",https://app.apollo.io/#/organizations/55922b1773696418f62ba900?overrideScoreId=score,32.6M,,interior house painting+58,http://www.linkedin.com/company/alpha-painting,,,,,
Services Plus,http://www.servicesplus.net,,,Holliston,Massachusetts,,,,,,apollo,"painting company, painting services - Massachusetts",https://app.apollo.io/#/organizations/5e578e4b9303fe0001d764a0?overrideScoreId=score,,,,http://www.linkedin.com/company/servicesplusco,,,,,
AP Associated Painters Inc,http://www.associatedpainters.com,,,Sudbury,Massachusetts,,,,,,apollo,"painting company, painting services - Massachusetts",https://app.apollo.io/#/organizations/54a267c474686935beb17320?overrideScoreId=score,13M,,paint materials+42,http://www.linkedin.com/company/ap-associated-painters-inc,,,,,
"Wilder Painting Contractors, Inc.",http://www.wilderpainting.com,,,Wilder Painting Contractors,Inc.,,,,,,apollo,"painting company, painting services - Inc.",https://app.apollo.io/#/organizations/54a25d5e74686935be8e421d?overrideScoreId=score,,,commercial painting+50,http://www.linkedin.com/company/wilder-painting-contractors-inc-,https://www.facebook.com/WilderPaintingContractorsInc,,,,
Target Painting & Contracting,http://www.targetpainting.com,,,Sudbury,Massachusetts,,,,,,apollo,"painting company, painting services - Massachusetts",https://app.apollo.io/#/organizations/5fc8130e5ef87700013b15db?overrideScoreId=score,,,paintingcarpentry+53,http://www.linkedin.com/company/target-painting-contracting,https://www.facebook.com/Targetpaintingandcontracting,,,,
AH Painting & Services,http://www.ahpainting.com,,,North Attleborough,Massachusetts,,,,,,apollo,"painting company, painting services - Massachusetts",https://app.apollo.io/#/organizations/5ed1b04c4c23e40001e9c4fd?overrideScoreId=score,,,painting+73,http://www.linkedin.com/company/ah-painting-new-england,https://www.facebook.com/AHPainting101/,,,,
Complete Property Care,http://www.completepropertycare.net,,,Brookline,Massachusetts,,,,,,apollo,"painting company, painting services - Massachusetts",https://app.apollo.io/#/organizations/654bd0016bbc8400a3bcede6?overrideScoreId=score,,,general contracting+63,http://www.linkedin.com/company/complete-property-care,https://www.facebook.com/completepropertycareboston,,,,
Smart Coats Inc.,http://www.smartcoats.com,,,Newton,Massachusetts,,,,,,apollo,"painting company, painting services - Massachusetts",https://app.apollo.io/#/organizations/5e56220682ec1b0001e7ed63?overrideScoreId=score,,,home improvement+76,http://www.linkedin.com/company/smart-coats-inc,,https://twitter.com/smartcoats,,,
Caliber Painting,http://www.caliber-painting.com,,,Hopedale,Massachusetts,,,,,,apollo,"painting company, painting services - Massachusetts",https://app.apollo.io/#/organizations/654813a79bae6f0001c07da9?overrideScoreId=score,,,coatings+47,http://www.linkedin.com/company/caliber-painting,,,,,
"Metrowest Painting Services, Inc.",http://www.metrowest-painting.com,,,Metrowest Painting Services,Inc.,,,,,,apollo,"painting company, painting services - Inc.",https://app.apollo.io/#/organizations/5e569ebd9758fe00017ab3b3?overrideScoreId=score,,,painting+51,http://www.linkedin.com/company/metrowest-painting-contracting-inc,https://www.facebook.com/Metrowestpainting/,,,,
Arthur Cole Painting Corporation,http://www.colepainting.com,,,Worcester,Massachusetts,,,,,,apollo,"painting company, painting services - Massachusetts",https://app.apollo.io/#/organizations/5e569e6ee08ed00001ba287d?overrideScoreId=score,,,,http://www.linkedin.com/company/arthur-cole-painting-corporation,,,,,
progressive painting services,http://www.progressivepaintingservices.com,,,Norfolk,Massachusetts,,,,,,apollo,"painting company, painting services - Massachusetts",https://app.apollo.io/#/organizations/54a11d7869702d84c5a20701?overrideScoreId=score,,,progressive painting services,http://www.linkedin.com/company/progressive-painting-services,,,,,
Powell Painting And Home Services,http://www.powellpaintingandhomeservices.com,,,Walpole,Massachusetts,,,,,,apollo,"painting company, painting services - Massachusetts",https://app.apollo.io/#/organizations/5e57769ebd15ea0001518d4e?overrideScoreId=score,,,wood repair+45,http://www.linkedin.com/company/powell-painting-and-home-services,,,,,
Island Painting Company,http://www.islandpaintingcompany.com,,,Framingham,Massachusetts,,,,,,apollo,"painting company, painting services - Massachusetts",https://app.apollo.io/#/organizations/5c1f45b0a3ae61f90790b41d?overrideScoreId=score,19.6M,,,http://www.linkedin.com/company/island-painting-company,https://facebook.com/pages/Island-Painting-Company/193180324084924,,,,
"All Pro Painters, Inc",http://www.allpropainters.net,,,All Pro Painters,Inc,,,,,,apollo,"painting company, painting services - Inc",https://app.apollo.io/#/organizations/54fca44b7369647fd2d62600?overrideScoreId=score,14.4M,,exterior painting+67,http://www.linkedin.com/company/all-pro-painters-inc,https://facebook.com/allpropainters.net,,,,
H.D.F. Painting,http://www.hdfpainting.com,,,Concord,Massachusetts,,,,,,apollo,"painting company, painting services - Massachusetts",https://app.apollo.io/#/organizations/63cd07a54c6ba800015514c8?overrideScoreId=score,,,interior painting+42,http://www.linkedin.com/company/hdfpainting,,,,,
"W. M. Painting, Inc.",http://www.wmpaintinginc.com,,,W. M. Painting,Inc.,,,,,,apollo,"painting company, painting services - Inc.",https://app.apollo.io/#/organizations/5da41cca10ef7e00010e4de1?overrideScoreId=score,,,interior painting+42,http://www.linkedin.com/company/wmpaintinginc,,,,,
New Chapter HI Services,http://www.newchapterhi.com,,,Cambridge,Massachusetts,,,,,,apollo,"painting company, painting services - Massachusetts",https://app.apollo.io/#/organizations/5a9d8c3ca6da98d99775e2a7?overrideScoreId=score,,,drywallplaster+103,http://www.linkedin.com/company/newchapterhi,,,,,
New Horizon Finishes Inc,http://www.newhorizonfinishes.com,,,North Andover,Massachusetts,,,,,,apollo,"painting company, painting services - Massachusetts",https://app.apollo.io/#/organizations/6415d809a7b5c60001e617f6?overrideScoreId=score,,,epoxy paint+47,http://www.linkedin.com/company/new-horizon-finishes-inc,https://facebook.com/pages/Woburn-MA/New-Horizon-Finishes-Inc/116799841674263,,,,
MG Painting Contractors LLC,http://www.mgpaintingcontractors.com,,,Blackstone,Massachusetts,,,,,,apollo,"painting company, painting services - Massachusetts",https://app.apollo.io/#/organizations/5b809be2324d447feef60bc6?overrideScoreId=score,,,interior painting+52,http://www.linkedin.com/company/mg-painting-contractors-llc,https://www.facebook.com/MGPaintingContractorsLLC,,,,
Bob Peters Painting,http://www.bobpeterspainting.net,,,Amherst,Massachusetts,,,,,,apollo,"painting company, painting services - Massachusetts",https://app.apollo.io/#/organizations/54a129a069702dc128f07601?overrideScoreId=score,,,interior painting+27,http://www.linkedin.com/company/bob-peters-painting,,,,,
EVM Home Improvement & Painting,http://www.evmhomeimprovement.com,,,Leominster,Massachusetts,,,,,,apollo,"painting company, painting services - Massachusetts",https://app.apollo.io/#/organizations/6403234be6eed60001b430ca?overrideScoreId=score,,,landscaping+82,http://www.linkedin.com/company/evmhomeimprovement,https://www.facebook.com/100124008774634,,,,
CertaPro Painters of Boston,,,,Boston,Massachusetts,,,,,,apollo,"painting company, painting services - Massachusetts",https://app.apollo.io/#/organizations/5e579ef27defa50001b6d846?overrideScoreId=score,,,,http://www.linkedin.com/company/certapro-painters-of-boston,,,,,
Dandis Contracting Inc,http://www.dandiscontracting.com,,,Boston,Massachusetts,,,,,,apollo,"painting company, painting services - Massachusetts",https://app.apollo.io/#/organizations/5569e75a73696425695eb500?overrideScoreId=score,,,,http://www.linkedin.com/company/dandis-contracting-inc,,,,,
"M.A. Falvey Painting Service, Inc.",http://www.mafalveypainting.com,,,M.A. Falvey Painting Service,Inc.,,,,,,apollo,"painting company, painting services - Inc.",https://app.apollo.io/#/organizations/5500c19e736964173dec3c00?overrideScoreId=score,,,spray coating+79,http://www.linkedin.com/company/m-a-falvey,,,,,
Franca Services Inc,http://www.francaservices.com,,,Northborough,Massachusetts,,,,,,apollo,"painting company, painting services - Massachusetts",https://app.apollo.io/#/organizations/54a129c969702d8b19344702?overrideScoreId=score,7.4M,,windows doors+86,http://www.linkedin.com/company/francaservices,https://facebook.com/FrancaServices/,https://twitter.com/francaservices,,,
Cota-Painting Services,http://www.cotapaintingservices.net,,,Marlborough,Massachusetts,,,,,,apollo,"painting company, painting services - Massachusetts",https://app.apollo.io/#/organizations/5fc99f0964b8f90001453273?overrideScoreId=score,,,,http://www.linkedin.com/company/cota-painting-services,https://www.facebook.com/CotaPaintingServices,,,,
Highrise Consolidated Services,http://www.highriseconsolidated.com,,,Marshfield,Massachusetts,,,,,,apollo,"painting company, painting services - Massachusetts",https://app.apollo.io/#/organizations/5e55d468d5e57300016af921?overrideScoreId=score,,,facility operations+63,http://www.linkedin.com/company/highrise-consolidated-services,,,,,
The Masse Group,http://www.massegroup.com,,,Kingston,Massachusetts,,,,,,apollo,"painting company, painting services - Massachusetts",https://app.apollo.io/#/organizations/5592179473696418dfb16200?overrideScoreId=score,915K,,exterior painting+39,http://www.linkedin.com/company/the-masse-group,https://facebook.com/181383215228836,https://twitter.com/massegroup,,,
Pink Elephant LLC,http://www.pinkelephantpros.com,,,Peabody,Massachusetts,,,,,,apollo,"painting company, painting services - Massachusetts",https://app.apollo.io/#/organizations/556d9419736964124b444b01?overrideScoreId=score,,,urethane floors+105,http://www.linkedin.com/company/pink-elephant-pros,,,,,
"Raven Homes, Inc.",http://www.ravenhomesma.com,,,Raven Homes,Inc.,,,,,,apollo,"painting company, painting services - Inc.",https://app.apollo.io/#/organizations/556d52f3736964123dfcdb00?overrideScoreId=score,24.4M,,additions+43,http://www.linkedin.com/company/raven-homes-inc-,https://www.facebook.com/RavenHomes.MA,,,,
The Majestic Group,http://www.themajesticgroup.com,,,Shirley,Massachusetts,,,,,,apollo,"painting company, painting services - Massachusetts",https://app.apollo.io/#/organizations/66d462a5e042a300011c817d?overrideScoreId=score,,,renovations+84,http://www.linkedin.com/company/the-majestic-group-2001,,,,,
Skarlatos Painting Inc,http://www.skarlatospaintinginc.com,,,Middleton,Massachusetts,,,,,,apollo,"painting company, painting services - Massachusetts",https://app.apollo.io/#/organizations/6502902ed0545800019b4f95?overrideScoreId=score,,,,http://www.linkedin.com/company/skarlatos-painting-inc,,,,,
J Buote Painting Company Inc,http://www.jbuotepainting.com,,,Boston,Massachusetts,,,,,,apollo,"painting company, painting services - Massachusetts",https://app.apollo.io/#/organizations/64b34af63488a60001250ec9?overrideScoreId=score,,,commercial painting,http://www.linkedin.com/company/j-buote-painting-company-inc,https://www.facebook.com/J-Buote-Painting-Co-Inc-572248803245486/,,,,
Popular Contracting Inc.,http://www.popularcontractinginc.com,,,Boston,Massachusetts,,,,,,apollo,"painting company, painting services - Massachusetts",https://app.apollo.io/#/organizations/5e5661c72174ca0001e0537d?overrideScoreId=score,,,,http://www.linkedin.com/company/popular-painting,https://www.facebook.com/popularcontractinginc,https://twitter.com/PCIBoston,,,
Idea Painting Company,http://www.ideapaintingcompany.com,,,Medfield,Massachusetts,,,,,,apollo,"painting company, painting services - Massachusetts",https://app.apollo.io/#/organizations/5e55b2c5e31ebf0001c2cae0?overrideScoreId=score,,,exterior painting+12,http://www.linkedin.com/company/idea-painting-company,https://www.facebook.com/ideapaintingco/,,,,
"Boston Painting Services, Inc.",http://www.bpspainting.com,,,Boston Painting Services,Inc.,,,,,,apollo,"painting company, painting services - Inc.",https://app.apollo.io/#/organizations/5da4fb4d00d96e000104e663?overrideScoreId=score,,,cabinet finishing+8,http://www.linkedin.com/company/boston-painting-services-inc,https://www.facebook.com/bpspaintinginc,,,,
Debonair Painting Company,http://www.debonairpainting.com,,,Haverhill,Massachusetts,,,,,,apollo,"painting company, painting services - Massachusetts",https://app.apollo.io/#/organizations/67246f78d2de600001dfceac?overrideScoreId=score,,,,http://www.linkedin.com/company/debonair-painting-company,,,,,
P&H Painting Company,http://www.phpaintcompany.com,,,Danvers,Massachusetts,,,,,,apollo,"painting company, painting services - Massachusetts",https://app.apollo.io/#/organizations/6689a9f230134d00010890e1?overrideScoreId=score,,,,http://www.linkedin.com/company/phpaintcompany,https://www.facebook.com/phpaintcompany,https://twitter.com/pnhpaintingCO,,,
"Cosmos Painting Company, Inc.",http://www.cosmospainting.com,,,Cosmos Painting Company,Inc.,,,,,,apollo,"painting company, painting services - Inc.",https://app.apollo.io/#/organizations/6457d94507685e00011ec178?overrideScoreId=score,2.5M,,contractors+9,http://www.linkedin.com/company/cosmos-painting-company-inc.,https://facebook.com/cosmospaintingcompany,https://twitter.com/cosmospainting,,,
Painters Etcetera,http://www.paintersetcetera.com,,,Sudbury,Massachusetts,,,,,,apollo,"painting company, painting services - Massachusetts",https://app.apollo.io/#/organizations/6451f05edfdbb60001b99ef8?overrideScoreId=score,,,paintingpainters+56,http://www.linkedin.com/company/painters-etcetera,https://www.facebook.com/PaintersEtcetera/,,,,
LIME Painting of Boston,,,,Cambridge,Massachusetts,,,,,,apollo,"painting company, painting services - Massachusetts",https://app.apollo.io/#/organizations/63ccade1ac71eb000107e06c?overrideScoreId=score,,,,http://www.linkedin.com/company/lime-painting-of-boston,,,,,
Lawn Angels Of Wayland LLC,http://www.lawnangels.com,,,Hudson,Massachusetts,,,,,,apollo,"painting company, painting services - Massachusetts",https://app.apollo.io/#/organizations/54a1361f69702d4494ae1701?overrideScoreId=score,,,masonry+13,http://www.linkedin.com/company/lawn-angels-of-wayland-llc,,,,,
Scotland Painting Company,http://www.scotlandpaintingco.com,,,Cambridge,Massachusetts,,,,,,apollo,"painting company, painting services - Massachusetts",https://app.apollo.io/#/organizations/6741be736c16840001cfe5f6?overrideScoreId=score,12.5M,,,http://www.linkedin.com/company/scotland-painting-company,https://facebook.com/pages/Scotland-Painting-Company/345697755479792,,,,
Sherwood Painting Services,http://www.sherwoodpaint.com,,,Salem,Massachusetts,,,,,,apollo,"painting company, painting services - Massachusetts",https://app.apollo.io/#/organizations/67383e4027176400012a06e7?overrideScoreId=score,,,,http://www.linkedin.com/company/sherwood-painting-services,,,,,
Aquarelle Painting & Services,http://www.aquarellepaintingandservices.com,,,Somerville,Massachusetts,,,,,,apollo,"painting company, painting services - Massachusetts",https://app.apollo.io/#/organizations/673188458c7edd0001c89718?overrideScoreId=score,,,,http://www.linkedin.com/company/aquarelle-painting-&-services,,,,,
NABI Multinational,http://www.nabimultinational.com,,,Mansfield,Massachusetts,,,,,,apollo,"painting company, painting services - Massachusetts",https://app.apollo.io/#/organizations/6702103551c0f60001b926ba?overrideScoreId=score,,,project management+37,http://www.linkedin.com/company/nabi-multinational,,,,,
Countryside Painting Company,http://www.countrysidepaintingcompany.com,,,Somerville,Massachusetts,,,,,,apollo,"painting company, painting services - Massachusetts",https://app.apollo.io/#/organizations/66f3ead571229f00016c6fc5?overrideScoreId=score,,,,http://www.linkedin.com/company/countryside-painting-company,,,,,
Northshore Painting LLC,http://www.northshorepaintingllc.com,,,North Reading,Massachusetts,,,,,,apollo,"painting company, painting services - Massachusetts",https://app.apollo.io/#/organizations/66d15249f253ee01b22f0fc0?overrideScoreId=score,,,bathroom remodeling+19,http://www.linkedin.com/company/northshore-paiting-llc,https://www.facebook.com/NorthShorePaintingLLC,https://twitter.com/nspaintingllc,,,
Millerworks Industries,http://www.millerworksindustries.com,,,Somerville,Massachusetts,,,,,,apollo,"painting company, painting services - Massachusetts",https://app.apollo.io/#/organizations/666c3adcf1b2f50374b5bad0?overrideScoreId=score,,,custom solutions+50,http://www.linkedin.com/company/millerworks-industries,,,,,
Tonal Painting and Contracting,http://www.tonalpainting.com,,,Boston,Massachusetts,,,,,,apollo,"painting company, painting services - Massachusetts",https://app.apollo.io/#/organizations/665d1064c1bd7400017c3c25?overrideScoreId=score,,,client-focused service+67,http://www.linkedin.com/company/tonal-painting,,,,,
Pro Painting Services,http://www.propaintingboston.com,,,Everett,Massachusetts,,,,,,apollo,"painting company, painting services - Massachusetts",https://app.apollo.io/#/organizations/6461a247eb0d9b000178e299?overrideScoreId=score,,,exterior+6,http://www.linkedin.com/company/pro-painting-services-boston,,,,,
Color Matters Painting Inc,http://www.colormatterspainting.com,,,Medway,Massachusetts,,,,,,apollo,"painting company, painting services - Massachusetts",https://app.apollo.io/#/organizations/641bf0ea17007000010c4572?overrideScoreId=score,,,,http://www.linkedin.com/company/colormatterspainting,https://facebook.com/pages/Color-Matters-Painting-Inc/759337637460748,,,,
Bozetti's Design + Build,http://www.bozettis.com,,,Melrose,Massachusetts,,,,,,apollo,"painting company, painting services - Massachusetts",https://app.apollo.io/#/organizations/6161e51d386368000102fbc8?overrideScoreId=score,,,snow removal+15,http://www.linkedin.com/company/bozettis,https://www.facebook.com/bozettis,,,,
Echohousepainting,http://www.echohousepainting.com,,,Norwood,Massachusetts,,,,,,apollo,"painting company, painting services - Massachusetts",https://app.apollo.io/#/organizations/60b1cdf8054ad10001817d48?overrideScoreId=score,,,wallpaper removal+39,http://www.linkedin.com/company/echohousepainting,https://facebook.com/pg/echohousepaintinginc/,https://twitter.com/echohousepaint2,,,
Proline Painting Services Inc,http://www.prolinepaintingservice.com,,,Boston,Massachusetts,,,,,,apollo,"painting company, painting services - Massachusetts",https://app.apollo.io/#/organizations/5f49c102367bc400014b564d?overrideScoreId=score,,,exterior house paint+48,http://www.linkedin.com/company/proline-painting-services-inc,,,,,
Fitzgerald painting services,http://www.fitzgeraldpaintingservices.com,,,Woburn,Massachusetts,,,,,,apollo,"painting company, painting services - Massachusetts",https://app.apollo.io/#/organizations/674993029492550001d2c894?overrideScoreId=score,,,,http://www.linkedin.com/company/fitzgerald-painting-services,,,,,
JMC Painting & Services,http://www.jmc-painting.com,,,Lowell,Massachusetts,,,,,,apollo,"painting company, painting services - Massachusetts",https://app.apollo.io/#/organizations/6745b71867a9380001135518?overrideScoreId=score,,,,http://www.linkedin.com/company/jmc-painting-&-services,,,,,
Brockton Painting Company,http://www.brocktonpaintingcompany.com,,,Brockton,Massachusetts,,,,,,apollo,"painting company, painting services - Massachusetts",https://app.apollo.io/#/organizations/673474b861f02b0001e13f06?overrideScoreId=score,,,,http://www.linkedin.com/company/brockton-painting-company,,,,,
Lima’s Painting Company,http://www.limaspainting.com,,,Lowell,Massachusetts,,,,,,apollo,"painting company, painting services - Massachusetts",https://app.apollo.io/#/organizations/672f2dc2cfd91b00010a4fea?overrideScoreId=score,,,,http://www.linkedin.com/company/lima%e2%80%99s-painting-company,,,,,
Aardvark Painting Services,http://www.aardvarkpaintingservices.com,,,East Longmeadow,Massachusetts,,,,,,apollo,"painting company, painting services - Massachusetts",https://app.apollo.io/#/organizations/672788d56893d6000110e973?overrideScoreId=score,,,,http://www.linkedin.com/company/aardvark-painting-services,https://facebook.com/pages/Aardvark-Painting-Inc/147838428592564,,,,
ML Pidduck Handyman & Painting Services,http://www.mlpidduck.co.uk,,,Plymouth,Massachusetts,,,,,,apollo,"painting company, painting services - Massachusetts",https://app.apollo.io/#/organizations/67108fe4b4ab2c00017fc411?overrideScoreId=score,,,,http://www.linkedin.com/company/ml-pidduck-handyman-&-painting-services,,,,,
Ferreira Painting Services,http://www.aferreiraspainting.com,,,Marlborough,Massachusetts,,,,,,apollo,"painting company, painting services - Massachusetts",https://app.apollo.io/#/organizations/66f9d37c9c4c1b0001b9090e?overrideScoreId=score,,,,http://www.linkedin.com/company/ferreira-painting-services,https://www.facebook.com/profile.php,,,,
Jeff Painting Services,http://www.jeffspaintingandremodeling.com,,,Everett,Massachusetts,,,,,,apollo,"painting company, painting services - Massachusetts",https://app.apollo.io/#/organizations/66d4913170ecc90001342321?overrideScoreId=score,,,,http://www.linkedin.com/company/jeff-painting-services,,,,,
Josh & Company Painting,http://www.joshspainting.com,,,New Bedford,Massachusetts,,,,,,apollo,"painting company, painting services - Massachusetts",https://app.apollo.io/#/organizations/5e57d0527e83710001d0f8f2?overrideScoreId=score,,,epoxypatching+48,http://www.linkedin.com/company/josh-company-painting,https://www.facebook.com/joshsqualitypainting,https://twitter.com/joshspainting21,,,
DE LA VEGA PAINTING SERVICES,http://www.servicesdelavega.com,,,Belmont,Massachusetts,,,,,,apollo,"painting company, painting services - Massachusetts",https://app.apollo.io/#/organizations/559234b07369640b18fb6200?overrideScoreId=score,,,,http://www.linkedin.com/company/de-la-vega-painting-services,https://www.facebook.com/corporatefinanceinstitute.CFI/,,,,
"MacFarland Painting, Inc.",http://www.macfarlandpainting.com,,,MacFarland Painting,Inc.,,,,,,apollo,"painting company, painting services - Inc.",https://app.apollo.io/#/organizations/604a9c8632877500013a26d2?overrideScoreId=score,,,residential painting+85,http://www.linkedin.com/company/macfarland-painting,https://www.facebook.com/MacFarland.Painting,,,,
Clement Construction,http://www.clement.us,,,Waterford Township,Michigan,,,,,,apollo,"painting company, painting services - Michigan",https://app.apollo.io/#/organizations/5f3fedf5d8729f0001b1db88?overrideScoreId=score,,,general contractor+55,http://www.linkedin.com/company/clement-construction-company,,,,,
"Vork Brothers Painting, LLC",http://www.vorkbrothers.com,,,Zeeland,Michigan,,,,,,apollo,"painting company, painting services - Michigan",https://app.apollo.io/#/organizations/5ec3c66af996bf01320bed8a?overrideScoreId=score,,,industrial painting+49,http://www.linkedin.com/company/vork-brothers-painting-llc,https://www.facebook.com/vorkbrotherspainting/,,,,
MARIYA CONSTRUCTION,http://www.mariyaconstructions.com,,,West Bloomfield Township,Michigan,,,,,,apollo,"painting company, painting services - Michigan",https://app.apollo.io/#/organizations/55ed6492f3e5bb430100057f?overrideScoreId=score,,,plan and elevation+56,http://www.linkedin.com/company/mariya-construction,,,,,
Delta Painting,http://www.deltapaintingmi.com,,,Portland,Michigan,,,,,,apollo,"painting company, painting services - Michigan",https://app.apollo.io/#/organizations/5500b6207369647a56c71800?overrideScoreId=score,,,power washing+45,http://www.linkedin.com/company/delta-painting,,,,,
Murray Painting Company,http://www.murraypainting.net,,,Freeland,Michigan,,,,,,apollo,"painting company, painting services - Michigan",https://app.apollo.io/#/organizations/5e568249942f6500014685b1?overrideScoreId=score,,,vapor blasting+60,http://www.linkedin.com/company/murray-painting-co,https://www.facebook.com/100075713486785,,,,
John McCarter Construction,http://www.johnmccarterconstruction.com,,,South Lyon,Michigan,,,,,,apollo,"painting company, painting services - Michigan",https://app.apollo.io/#/organizations/54a11b6169702d8aa1442c00?overrideScoreId=score,3.5M,,colorplus technology+74,http://www.linkedin.com/company/john-mccarter-construction,https://www.facebook.com/JohnMcCarterConstruction,https://twitter.com/john_mccarter,,,
A1 Painting LLC,http://www.a1pllc.com,,,Midland,Michigan,,,,,,apollo,"painting company, painting services - Michigan",https://app.apollo.io/#/organizations/5da302783fb09700016ebd8f?overrideScoreId=score,,,skilled trade+50,http://www.linkedin.com/company/a1pllc,,,,,
Just Paint It LLC,http://www.jpi-michigan.com,,,Macomb,Michigan,,,,,,apollo,"painting company, painting services - Michigan",https://app.apollo.io/#/organizations/61ec9b941b82370001e12286?overrideScoreId=score,,,exterior house painting+74,http://www.linkedin.com/company/just-paint-it-llc,https://www.facebook.com/jpimi2020,,,,
Eugenio Painting Company,http://www.eugeniopainting.com,,,Grosse Pointe Woods,Michigan,,,,,,apollo,"painting company, painting services - Michigan",https://app.apollo.io/#/organizations/56dc1513f3e5bb7ec20035d7?overrideScoreId=score,29.3M,,,http://www.linkedin.com/company/eugenio-painting-company,,,,,
Metro-Multi Construction & Remodeling,http://www.metromulticonstruction.com,,,Troy,Michigan,,,,,,apollo,"painting company, painting services - Michigan",https://app.apollo.io/#/organizations/65b93cfe5efc3601c6b06c29?overrideScoreId=score,,,construction+61,http://www.linkedin.com/company/metro-multi-construction-remodeling,,,,,
Alpine Painting,http://www.alpinepaintingcompany.com,,,Ann Arbor,Michigan,,,,,,apollo,"painting company, painting services - Michigan",https://app.apollo.io/#/organizations/655abd1c99780d00019ae17c?overrideScoreId=score,,,house painting+27,http://www.linkedin.com/company/alpine-painting,https://www.facebook.com/alpinepaintingllc,,,,
"Montgomery & Sons, Inc",http://www.montgomeryandsons.com,,,Montgomery & Sons,Inc,,,,,,apollo,"painting company, painting services - Inc",https://app.apollo.io/#/organizations/5da37ac96b39a70001498fd2?overrideScoreId=score,,,fire restoration+93,http://www.linkedin.com/company/montgomery-&-sons-inc.,,,,,
PMV Painting,http://www.pmvpainting.com,,,Portage,Michigan,,,,,,apollo,"painting company, painting services - Michigan",https://app.apollo.io/#/organizations/54a129d069702d8eeb642002?overrideScoreId=score,,,trim painting+49,http://www.linkedin.com/company/pmv-painting-and-decorating-inc.,https://www.facebook.com/pmvpainting,,,,
"Niles Construction Services, Inc.",http://www.nilescs.com,,,Niles Construction Services,Inc.,,,,,,apollo,"painting company, painting services - Inc.",https://app.apollo.io/#/organizations/5ed71f65db768100016d7767?overrideScoreId=score,17.5M,,coatings services+44,http://www.linkedin.com/company/niles-construction-services-inc,,,,,
Midwest Painting Company,http://www.midwestpainting.net,,,Brighton,Michigan,,,,,,apollo,"painting company, painting services - Michigan",https://app.apollo.io/#/organizations/64045e1c46f4a400010763be?overrideScoreId=score,,,detailed estimates+55,http://www.linkedin.com/company/midwestpaintingcompany,,,,,
GetPro Painting,http://www.getpropainting.com,,,Livonia,Michigan,,,,,,apollo,"painting company, painting services - Michigan",https://app.apollo.io/#/organizations/642001ce9ce144008bd3f05a?overrideScoreId=score,,,commercial painting+66,http://www.linkedin.com/company/getpro-painting,,,,,
GEORGE KOUNTOUPES PAINTING COMPANY,http://www.gkpainting.com,,,Lincoln Park,Michigan,,,,,,apollo,"painting company, painting services - Michigan",https://app.apollo.io/#/organizations/67435d1069ee4100017f1b97?overrideScoreId=score,,,,http://www.linkedin.com/company/george-kountoupes-painting-company,,,,,
Natural Painting,http://www.naturalpainting.net,,,Sterling Heights,Michigan,,,,,,apollo,"painting company, painting services - Michigan",https://app.apollo.io/#/organizations/559238ad73696418c961da00?overrideScoreId=score,,,metropolitan detroit+45,http://www.linkedin.com/company/natural-painting,http://www.facebook.com/wix,http://www.twitter.com/@45markog,,,
Galveston Painting,http://www.galvestonpainting.net,,,Georgetown Township,Michigan,,,,,,apollo,"painting company, painting services - Michigan",https://app.apollo.io/#/organizations/66f9db0fedca7e0001e7f2c6?overrideScoreId=score,,,large-scale projects+27,http://www.linkedin.com/company/galveston-llc,,,,,
Dan Brady Painting,http://www.danbradypainting.com,,,Traverse City,Michigan,,,,,,apollo,"painting company, painting services - Michigan",https://app.apollo.io/#/organizations/663efdeecd6b780001976427?overrideScoreId=score,3.5M,,interior painting+52,http://www.linkedin.com/company/dan-brady-painting,https://facebook.com/pages/Dan-Brady-Painting-and-Wood-Restoration/179258842085148,https://twitter.com/paintingtricks,,,
Good Guys Painting & Professional Improvements,http://www.goodguyspainting.com,,,Rochester Hills,Michigan,,,,,,apollo,"painting company, painting services - Michigan",https://app.apollo.io/#/organizations/62eb9f119e0b4300a3ecf178?overrideScoreId=score,,,industrial work+38,http://www.linkedin.com/company/good-guys-painting,,,,,
A2 Painting Company,http://www.a2paintingcompany.com,,,Ann Arbor,Michigan,,,,,,apollo,"painting company, painting services - Michigan",https://app.apollo.io/#/organizations/670b3692132fcc000105012c?overrideScoreId=score,,,,http://www.linkedin.com/company/a2-painting-company,,,,,
Casa Pintura | Precision Painting,http://www.casapintura.com,,,Grand Rapids,Michigan,,,,,,apollo,"painting company, painting services - Michigan",https://app.apollo.io/#/organizations/65df80d4bb73440302d40ec0?overrideScoreId=score,,,residential painting+55,http://www.linkedin.com/company/casa-pintura,https://www.facebook.com/casapinturapainting/,,,,
Trio Painting Company,http://www.triopainting.com,,,Bloomfield Hills,Michigan,,,,,,apollo,"painting company, painting services - Michigan",https://app.apollo.io/#/organizations/640d87c7551e9d0001da06c3?overrideScoreId=score,,,,http://www.linkedin.com/company/trio-painting-company,,,,,
Armor Tough Coatings,http://www.armortoughcoatings.com,,,Burton,Michigan,,,,,,apollo,"painting company, painting services - Michigan",https://app.apollo.io/#/organizations/63bfaef5657e480001121fea?overrideScoreId=score,,,machinery painting+59,http://www.linkedin.com/company/armor-tough-coatings,https://www.facebook.com/armortoughcoatings,https://twitter.com/ArmorTough,,,
"T. L. Hart, Inc.",http://www.tlhart.com,,,T. L. Hart,Inc.,,,,,,apollo,"painting company, painting services - Inc.",https://app.apollo.io/#/organizations/54a1c12f74686945facb110e?overrideScoreId=score,2.9M,,floor coating+51,http://www.linkedin.com/company/t-l-hart-inc-,https://facebook.com/pages/T-L-Hart-Inc/433258995025,https://twitter.com/tlhartinc,,,
"Wolf Painting Company, LLC",http://www.wolfpaintingcontractors.com,,,Madison Heights,Michigan,,,,,,apollo,"painting company, painting services - Michigan",https://app.apollo.io/#/organizations/666d8b7ef364540001d21b37?overrideScoreId=score,,,interior design+6,http://www.linkedin.com/company/wolf-painting-company-llc,,,,,
G & I Painting and Renovations LLC,http://www.gandipainting.com,,,Sterling Heights,Michigan,,,,,,apollo,"painting company, painting services - Michigan",https://app.apollo.io/#/organizations/61ec91be0154d10001111c69?overrideScoreId=score,,,reliable service+60,http://www.linkedin.com/company/g-i-painting-and-renovations-llc,https://facebook.com/GI-Painting-and-Renovations-LLC-110192877430265,,,,
Tony Grant’s Painting Company,http://www.tonygrantspainting.com,,,Meridian charter Township,Michigan,,,,,,apollo,"painting company, painting services - Michigan",https://app.apollo.io/#/organizations/67402b6a3f52c30001e790cc?overrideScoreId=score,14.1M,,,http://www.linkedin.com/company/tony-grant%e2%80%99s-painting-company,https://facebook.com/pages/Tony-Grants-Painting-Company/503902496306000,,,,
AllPro Painting Services,http://www.allpro-painting-services.com,,,Swartz Creek,Michigan,,,,,,apollo,"painting company, painting services - Michigan",https://app.apollo.io/#/organizations/66fa27e0be346a0001ab361c?overrideScoreId=score,,,,http://www.linkedin.com/company/allpro-painting-services,,,,,
Druckenmiller Painting,http://www.druckenmillerpainting.com,,,Rockford,Michigan,,,,,,apollo,"painting company, painting services - Michigan",https://app.apollo.io/#/organizations/6550dca835ff5000019d2225?overrideScoreId=score,,,business of the year+46,http://www.linkedin.com/company/druckenmiller-painting,,,,,
Crown Painting LLC,http://www.crownpaintingco.com,,,Saint Clair Shores,Michigan,,,,,,apollo,"painting company, painting services - Michigan",https://app.apollo.io/#/organizations/6541ef4a498fbe00a3377154?overrideScoreId=score,,,,http://www.linkedin.com/company/crown-paintingllc,,,,,
Vanco Steel Inc,http://www.vancosteel.com,,,North Branch,Michigan,,,,,,apollo,"painting company, painting services - Michigan",https://app.apollo.io/#/organizations/55ec9842f3e5bb13610036b5?overrideScoreId=score,,,stairshandrails+38,http://www.linkedin.com/company/vanco-steel-inc,,,,,
Tim MacDonough Painting Company,http://www.timmacdonoughpainting.com,,,,,,,,,,apollo,"painting company, painting services",https://app.apollo.io/#/organizations/6744452b6e3c8f00016850c3?overrideScoreId=score,,,house painting+5,http://www.linkedin.com/company/tim-macdonough-painting-company,https://www.facebook.com/timmacdonoughpainting/,,,,
Echelon 1 Construction,http://www.echelonconstructioncorp.com,,,Zeeland,Michigan,,,,,,apollo,"painting company, painting services - Michigan",https://app.apollo.io/#/organizations/672c91f49d3b5000012f0b59?overrideScoreId=score,,,remodeling+53,http://www.linkedin.com/company/echelon-1-construction,,,,,
Coldwater Painting LLC,http://www.coldwaterpainting.com,,,Coldwater,Michigan,,,,,,apollo,"painting company, painting services - Michigan",https://app.apollo.io/#/organizations/67023c8bd6d36300017c2909?overrideScoreId=score,,,apartment painters+63,http://www.linkedin.com/company/coldwaterpainting,,,,,
BB Painting services,http://www.bbpaintingservices.com,,,Canton,Michigan,,,,,,apollo,"painting company, painting services - Michigan",https://app.apollo.io/#/organizations/66fe68475ee8f5000126cf1d?overrideScoreId=score,,,,http://www.linkedin.com/company/bb-painting-services,,,,,
Improovy Painters Ann Arbor,,,,Ann Arbor,Michigan,,,,,,apollo,"painting company, painting services - Michigan",https://app.apollo.io/#/organizations/6738d42a3f937e000145f66e?overrideScoreId=score,,,interior painting+7,http://www.linkedin.com/company/improovy-painters-ann-arbor,,,,,
Painting Services of West Michigan,http://www.paintingservicesinc.com,,,Spring Lake,Michigan,,,,,,apollo,"painting company, painting services - Michigan",https://app.apollo.io/#/organizations/6730afef0af9f60001e232e1?overrideScoreId=score,31.0M,,,http://www.linkedin.com/company/painting-services-of-west-michigan,,,,,
Tanis and Wood Painting Company,http://www.twpainting.com,,,Wyoming,Michigan,,,,,,apollo,"painting company, painting services - Michigan",https://app.apollo.io/#/organizations/54a1284869702da2207d0501?overrideScoreId=score,,,,http://www.linkedin.com/company/tanis-and-wood-painting-company,,,,,
Paris Painting,http://www.paris-painting.com,,,Minneapolis,Minnesota,,,,,,apollo,"painting company, painting services - Minnesota",https://app.apollo.io/#/organizations/5500b7867369646165a60700?overrideScoreId=score,12.2M,,interior painting+51,http://www.linkedin.com/company/paris-painting,https://facebook.com/ParisPainting/,,,,
Julius B. Nelson,http://www.jbnelson.com,,,Minneapolis,Minnesota,,,,,,apollo,"painting company, painting services - Minnesota",https://app.apollo.io/#/organizations/54a1a5747468694f8f4c7d04?overrideScoreId=score,23.1M,,safety certified+53,http://www.linkedin.com/company/julius-b.-nelson,https://facebook.com/julius-b-nelson-sons-inc-101773565325990,,,,
MCI PAINT & DRYWALL INC,http://www.mcidrywall.com,,,Burnsville,Minnesota,,,,,,apollo,"painting company, painting services - Minnesota",https://app.apollo.io/#/organizations/5a9cfeb3a6da98d97e730c56?overrideScoreId=score,16.2M,,ceiling textures+50,http://www.linkedin.com/company/mci-paint-&-drywall-inc,,,,,
APV DRYWALL INC,http://www.apvdrywall.com,,,Hopkins,Minnesota,,,,,,apollo,"painting company, painting services - Minnesota",https://app.apollo.io/#/organizations/55ea6100f3e5bb14300048ad?overrideScoreId=score,,,texture styles+30,http://www.linkedin.com/company/apv-drywall-inc,,,,,
Home Drywall and Painting,http://www.homedrywallandconstruction.com,,,Minneapolis,Minnesota,,,,,,apollo,"painting company, painting services - Minnesota",https://app.apollo.io/#/organizations/55ed1da1f3e5bb1703003206?overrideScoreId=score,16.4M,,sheetrockinterior+47,http://www.linkedin.com/company/home-drywall-and-painting,https://facebook.com/HomeDrywallandPainting,,,,
NexGen Exteriors,http://www.nexgentoday.com,,,Anoka,Minnesota,,,,,,apollo,"painting company, painting services - Minnesota",https://app.apollo.io/#/organizations/62cf242b9a789600c9bcf3df?overrideScoreId=score,,,roofingsiding+59,http://www.linkedin.com/company/nexgen-exteriors,https://www.facebook.com/NexGenExteriorsInc,https://twitter.com/ExteriorsNexgen,,,
"Wasche Commercial Finishes, Inc.",http://www.wasche.com,,,Wasche Commercial Finishes,Inc.,,,,,,apollo,"painting company, painting services - Inc.",https://app.apollo.io/#/organizations/54a139ca69702db45dca6a00?overrideScoreId=score,26.6M,,,http://www.linkedin.com/company/wasche-commercial-finishes-inc.,,,,,
Distinctive Drywall & Painting,http://www.distinctivedrywallinc.com,,,Blaine,Minnesota,,,,,,apollo,"painting company, painting services - Minnesota",https://app.apollo.io/#/organizations/54a11def69702d86b6322a01?overrideScoreId=score,,,commercial+72,http://www.linkedin.com/company/distinctive-drywall-inc,https://facebook.com/distinctivedrywall,,,,
"Diversified Wall Systems, LLC",http://www.dwsdrywall.com,,,Blaine,Minnesota,,,,,,apollo,"painting company, painting services - Minnesota",https://app.apollo.io/#/organizations/5ed0b1a1ddda6100016fb32a?overrideScoreId=score,21.9M,,drywall & paint+33,http://www.linkedin.com/company/diversified-wall-systems-llc,https://facebook.com/DiversifiedWallSystems.LLC,,,,
"Colorful Concepts Painting and Custom Finishing, Inc.",http://www.colorfulconceptspainting.com,,,Sartell,Minnesota,,,,,,apollo,"painting company, painting services - Minnesota",https://app.apollo.io/#/organizations/5a9dfe40a6da98d935691fee?overrideScoreId=score,13M,,painting+69,http://www.linkedin.com/company/colorful-concepts-painting-and-custom-finishing-inc-,https://facebook.com/ColorfulConceptsPainting,,,,
"Ultimate Drywall, Inc.",http://www.ultimatedrywallinc.com,,,Ultimate Drywall,Inc.,,,,,,apollo,"painting company, painting services - Inc.",https://app.apollo.io/#/organizations/5e56ccc44e25190001a837f8?overrideScoreId=score,,,drywallpainting+54,http://www.linkedin.com/company/ultimate-drywall-inc,https://www.facebook.com/UltimateDrywall,,,,
Finaltone Painting Company,http://www.finaltonepainting.com,,,Maple Grove,Minnesota,,,,,,apollo,"painting company, painting services - Minnesota",https://app.apollo.io/#/organizations/654896fe1dd39700017702db?overrideScoreId=score,,,commercial+98,http://www.linkedin.com/company/finaltone,https://www.facebook.com/finaltonepainting,,,,
Future City Decorating Group,http://www.futurecitygroup.com,,,Shakopee,Minnesota,,,,,,apollo,"painting company, painting services - Minnesota",https://app.apollo.io/#/organizations/54a1209969702d918c546102?overrideScoreId=score,,,exterior painting+59,http://www.linkedin.com/company/future-city-decorating-group,https://www.facebook.com/Future-City-1246198542178702/,,,,
Roell Painting Company,,,,Minneapolis,Minnesota,,,,,,apollo,"painting company, painting services - Minnesota",https://app.apollo.io/#/organizations/6733022d369a530001350e59?overrideScoreId=score,,,residential painting+6,http://www.linkedin.com/company/roell-painting-company,,,,,
Alliance Masonry Inc. MN,http://www.alliancemasonryinc.com,,,Duluth,Minnesota,,,,,,apollo,"painting company, painting services - Minnesota",https://app.apollo.io/#/organizations/62a2f189cc55d100df51f4cb?overrideScoreId=score,,,home improvement+62,http://www.linkedin.com/company/alliance-inc-mn,,,,,
ProPainters Inc,http://www.propaintersmn.com,,,Minneapolis,Minnesota,,,,,,apollo,"painting company, painting services - Minnesota",https://app.apollo.io/#/organizations/5edf2cc9aa79bb0001c22a12?overrideScoreId=score,,,painting services+47,http://www.linkedin.com/company/propainters-inc,,,,,
RC Painting Inc.,http://www.rcpainting.biz,,,Minneapolis,Minnesota,,,,,,apollo,"painting company, painting services - Minnesota",https://app.apollo.io/#/organizations/54a24090746869331809ad19?overrideScoreId=score,,,commercial & residential painting services,http://www.linkedin.com/company/rc-painting-inc._2,,,,,
Complete Painting Services,http://www.completepaintingservicesinc.com,,,Minneapolis,Minnesota,,,,,,apollo,"painting company, painting services - Minnesota",https://app.apollo.io/#/organizations/66a211ba042c4102d2092c72?overrideScoreId=score,,,building construction+46,http://www.linkedin.com/company/complete-painting-services,,,,,
America's Painting Company,http://www.americaspaintingco.com,,,Saint Louis Park,Minnesota,,,,,,apollo,"painting company, painting services - Minnesota",https://app.apollo.io/#/organizations/5f3efb2f7ea74c0001d1e9ef?overrideScoreId=score,,,,http://www.linkedin.com/company/america-s-painting-company,https://www.facebook.com/Americas-Painting-Company-122398677791228,https://twitter.com/america_company,,,
"Three Pines Construction, Inc.",http://www.tpcmn.com,,,Three Pines Construction,Inc.,,,,,,apollo,"painting company, painting services - Inc.",https://app.apollo.io/#/organizations/54a13c9269702de5b3b1f501?overrideScoreId=score,,,sidingroofing+52,http://www.linkedin.com/company/three-pines-construction-inc-,,,,,
Pebble Creek Renovations,http://www.pebblecreekpainting.com,,,Golden Valley,Minnesota,,,,,,apollo,"painting company, painting services - Minnesota",https://app.apollo.io/#/organizations/6546cb8d32c78800010fe354?overrideScoreId=score,,,,http://www.linkedin.com/company/pebble-creek-reno,,,,,
Scala Design & Construction Services Inc.,http://www.scaladesign-construction.com,,,Minneapolis,Minnesota,,,,,,apollo,"painting company, painting services - Minnesota",https://app.apollo.io/#/organizations/628cbdd33cdc8d00f53d6a66?overrideScoreId=score,,,cabinets+56,http://www.linkedin.com/company/scala-design-construction-services-inc,,,,,
Griffith Painting Services,http://www.griffithpainting.com,,,Burnsville,Minnesota,,,,,,apollo,"painting company, painting services - Minnesota",https://app.apollo.io/#/organizations/54a1bc5374686945fa8b5d0c?overrideScoreId=score,32.5M,,contractors+3,http://www.linkedin.com/company/griffith-painting-services,https://facebook.com/Griffith-Painting-Restoration/169740539709708,,,,
Minnesota Craftsman Painting Company,http://www.minnesotacraftsman.com,,,Saint Paul,Minnesota,,,,,,apollo,"painting company, painting services - Minnesota",https://app.apollo.io/#/organizations/54a1356669702d352f07d600?overrideScoreId=score,,,wood & floor refinishing+3,http://www.linkedin.com/company/minnesota-craftsman-painting-company,,,,,
Svoboda Painting,http://www.svobodapainting.com,,,Coon Rapids,Minnesota,,,,,,apollo,"painting company, painting services - Minnesota",https://app.apollo.io/#/organizations/66dce7f84bbff90001fcf9d3?overrideScoreId=score,,,painting contractor+2,http://www.linkedin.com/company/svoboda-painting,https://www.facebook.com/svobodapainting/,,,,
Exterior Paint Guys LLC,http://www.exteriorpaintguys.com,,,South Saint Paul,Minnesota,,,,,,apollo,"painting company, painting services - Minnesota",https://app.apollo.io/#/organizations/664bf61373445f01d3f6a5e8?overrideScoreId=score,,,commercial painting+56,http://www.linkedin.com/company/exterior-paint-guys-llc,,,,,
The Authority Companies,http://www.authoritycompanies.com,,,Moorhead,Minnesota,,,,,,apollo,"painting company, painting services - Minnesota",https://app.apollo.io/#/organizations/66209426a2a2400007144766?overrideScoreId=score,,,,http://www.linkedin.com/company/the-authority-companies,,,,,
Straightline House Painting | straightlinemn.com,http://www.straightlinemn.com,,,Minneapolis,Minnesota,,,,,,apollo,"painting company, painting services - Minnesota",https://app.apollo.io/#/organizations/5e56047607939b0001dfbf06?overrideScoreId=score,,,remodels+53,http://www.linkedin.com/company/straightlinemn,,,,,
Mill City Painting Company,http://www.mcpcmn.com,,,Apple Valley,Minnesota,,,,,,apollo,"painting company, painting services - Minnesota",https://app.apollo.io/#/organizations/5a9cd5c6a6da98d98c6738a7?overrideScoreId=score,,,speciality finishes+3,http://www.linkedin.com/company/mill-city-painting-company,,,,,
Triumph Painting Inc.,http://www.triumphpainting.com,,,Farmington,Minnesota,,,,,,apollo,"painting company, painting services - Minnesota",https://app.apollo.io/#/organizations/55921283736964192cbd4f00?overrideScoreId=score,248K,,enamel finishing+50,http://www.linkedin.com/company/triumph-painting-inc-,https://www.facebook.com/pages/Triumph-Painting/295016360568018,http://www.twitter.com/triumphpainting,,,
New Town Exteriors & Painters,http://www.newtownexteriors.com,,,Long Lake,Minnesota,,,,,,apollo,"painting company, painting services - Minnesota",https://app.apollo.io/#/organizations/556d89567369641226643101?overrideScoreId=score,,,windowspainting+59,http://www.linkedin.com/company/ntentp,,https://twitter.com/newtownpainters,,,
BODINE PAINTING COMPANY,http://www.bodinepainting.com,,,Minneapolis,Minnesota,,,,,,apollo,"painting company, painting services - Minnesota",https://app.apollo.io/#/organizations/67304012cd1c1f00017fafbc?overrideScoreId=score,,,,http://www.linkedin.com/company/bodine-painting-company,,,,,
Cato Painting Company,http://www.catopaint.co,,,Detroit Lakes,Minnesota,,,,,,apollo,"painting company, painting services - Minnesota",https://app.apollo.io/#/organizations/672fe7f00af9f60001d99d30?overrideScoreId=score,,,,http://www.linkedin.com/company/cato-painting-company,,,,,
"Fox Co., Inc.",http://www.foxcominnesota.com,,,Long Lake,Minnesota,,,,,,apollo,"painting company, painting services - Minnesota",https://app.apollo.io/#/organizations/672f99b2cb4dd60001a2cf0c?overrideScoreId=score,,,reliable service+49,http://www.linkedin.com/company/fox-co-inc,https://www.facebook.com/people/FOX-CO/61556896456893/,,,,
Coastal Metal Works Llc,http://www.coastalmetalworks.net,,,Picayune,Mississippi,,,,,,apollo,"painting company, painting services - Mississippi",https://app.apollo.io/#/organizations/5592416a73696424dea7c400?overrideScoreId=score,,,municipal construction+36,http://www.linkedin.com/company/coastal-metal-works-llc,,,,,
David Busby Painting Company,http://www.davidbusbypaintingco.com,,,Southaven,Mississippi,,,,,,apollo,"painting company, painting services - Mississippi",https://app.apollo.io/#/organizations/674b75e96d97730001777d6c?overrideScoreId=score,,,,http://www.linkedin.com/company/david-busby-painting-company,,,,,
Kennedy Painting LLC,http://www.stlouishousepainting.com,,,St. Louis,Missouri,,,,,,apollo,"painting company, painting services - Missouri",https://app.apollo.io/#/organizations/54a1b4e474686954757caf09?overrideScoreId=score,15.2M,,,http://www.linkedin.com/company/kennedy-painting-llc,https://www.facebook.com/KennedyPaintingLLC,https://twitter.com/kennedypaintstl,,,
John Bender Incorporated,http://www.jbender.com,,,St. Louis,Missouri,,,,,,apollo,"painting company, painting services - Missouri",https://app.apollo.io/#/organizations/54a12a4369702dcef9df0702?overrideScoreId=score,18.8M,,,http://www.linkedin.com/company/john-bender-incorprated,https://facebook.com/pages/John-Bender-Inc/427177540710827,,,,
Dayco Painting Inc,http://www.daycopainting.com,,,Grandview,Missouri,,,,,,apollo,"painting company, painting services - Missouri",https://app.apollo.io/#/organizations/556d5f8a73696411d5f6f500?overrideScoreId=score,13.4M,,project management+38,http://www.linkedin.com/company/dayco-painting-inc,,,,,
HARTMAN-WALSH PAINTING COMPANY,,,,Saint Louis,Missouri,,,,,,apollo,"painting company, painting services - Missouri",https://app.apollo.io/#/organizations/664184bac4411200019ab714?overrideScoreId=score,,,,http://www.linkedin.com/company/hartman-walsh-painting-company,,,,,
MAJOR,http://www.majorpaintingco.com,,,Lee's Summit,Missouri,,,,,,apollo,"painting company, painting services - Missouri",https://app.apollo.io/#/organizations/5d09e80f80f93ec45dfcf848?overrideScoreId=score,18.2M,,painting+54,http://www.linkedin.com/company/majorpainting,https://www.facebook.com/MajorPaintingKC/,,,,
Mister Fix-It LLC,http://www.misterfixitstl.com,,,St. Peters,Missouri,,,,,,apollo,"painting company, painting services - Missouri",https://app.apollo.io/#/organizations/57c4c6fca6da9836b200c25a?overrideScoreId=score,2.7M,,plumbingelectrical+61,http://www.linkedin.com/company/mister-fix-it,https://www.facebook.com/MisterFixItSTL/,https://twitter.com/Misterfixitstl,,,
Leach Painting Company,http://www.jleachpainting.com,,,Fenton,Missouri,,,,,,apollo,"painting company, painting services - Missouri",https://app.apollo.io/#/organizations/55f4e202f3e5bb16680031cb?overrideScoreId=score,17.2M,,wallcovering+47,http://www.linkedin.com/company/leach-painting-company,https://facebook.com/leach-painting-company-109238059149233,,,,
Better Painting,http://www.betterpainting.com,,,St. Peters,Missouri,,,,,,apollo,"painting company, painting services - Missouri",https://app.apollo.io/#/organizations/6162196cb045810001da82eb?overrideScoreId=score,,,exterior painting+63,http://www.linkedin.com/company/better-painting-llc,,,,,
D&L Painting and Drywall LLC,http://www.dlpaintingdrywall.com,,,Saint Louis,Missouri,,,,,,apollo,"painting company, painting services - Missouri",https://app.apollo.io/#/organizations/556dd1a5736964126c2aa101?overrideScoreId=score,,,keystone award winner+42,http://www.linkedin.com/company/d&l-painting-and-drywall-llc-,,,,,
P M Leach Painting Co Inc,http://www.pmleach.com,,,Fenton,Missouri,,,,,,apollo,"painting company, painting services - Missouri",https://app.apollo.io/#/organizations/5591faad736964186abf0c00?overrideScoreId=score,,,lite industrial coating+47,http://www.linkedin.com/company/p-m-leach-painting-co-inc,http://www.facebook.com/pmleachpainting,,,,
"SNL Painting, Inc.",http://www.snlpainting.com,,,SNL Painting,Inc.,,,,,,apollo,"painting company, painting services - Inc.",https://app.apollo.io/#/organizations/54a1ae7b74686949e7a78807?overrideScoreId=score,14.5M,,,http://www.linkedin.com/company/snl-painting,https://facebook.com/pages/SNL-Painting/55486421480,https://twitter.com/snl_painting,,,
Bates Painting Company,http://www.batespainting.com,,,Kansas City,Missouri,,,,,,apollo,"painting company, painting services - Missouri",https://app.apollo.io/#/organizations/64ab15e5b961d30001b37c26?overrideScoreId=score,,,commercial painting+34,http://www.linkedin.com/company/bates-painting-company,https://www.facebook.com/batespaintingcompany/,,,,
Meyer Painting Company,http://www.meyerpaintingco.com,,,Eureka,Missouri,,,,,,apollo,"painting company, painting services - Missouri",https://app.apollo.io/#/organizations/5d09bd3df651259ad0d8fad5?overrideScoreId=score,,,drywall finishing+46,http://www.linkedin.com/company/meyer-painting-company,https://www.facebook.com/MeyerPaintingCompany,,,,
Smith Painting & Services,http://www.smiths-painting.com,,,Sibley,Missouri,,,,,,apollo,"painting company, painting services - Missouri",https://app.apollo.io/#/organizations/57c4da00a6da986a3f74e246?overrideScoreId=score,,,,http://www.linkedin.com/company/smith-painting-&-services,,,,,
ABE Painting,http://www.abepainting.com,,,Joplin,Missouri,,,,,,apollo,"painting company, painting services - Missouri",https://app.apollo.io/#/organizations/57c4adc5a6da9867d6e9ff7a?overrideScoreId=score,,,dental offices+58,http://www.linkedin.com/company/abe-painting-inc,,,,,
Garrett Painting,http://www.garrettpainting.net,,,Columbia,Missouri,,,,,,apollo,"painting company, painting services - Missouri",https://app.apollo.io/#/organizations/559216d873696418dfec5f00?overrideScoreId=score,,,long-lasting finishes+54,http://www.linkedin.com/company/garrett-painting,,,,,
"A.T. Switzer Painting Co., Inc.",http://www.atswitzer.com,,,Kansas City,Missouri,,,,,,apollo,"painting company, painting services - Missouri",https://app.apollo.io/#/organizations/54a129c869702dc128e98b01?overrideScoreId=score,15.1M,,painting contractor+53,http://www.linkedin.com/company/a.t.-switzer-painting-co.-inc.,http://www.facebook.com/wix,,,,
BIRD CONSTRUCTION - HANDYMAN,http://www.birdcohandyman.com,,,Lee's Summit,Missouri,,,,,,apollo,"painting company, painting services - Missouri",https://app.apollo.io/#/organizations/64bc375923bd0c0001429fb3?overrideScoreId=score,,,project management+38,http://www.linkedin.com/company/birdcoh,,,,,
"Switzer Brother's Painting, LLC",http://www.switzerbrothers.com,,,Kansas City,Missouri,,,,,,apollo,"painting company, painting services - Missouri",https://app.apollo.io/#/organizations/55eaae84f3e5bb0bdb001118?overrideScoreId=score,,,commercial+35,http://www.linkedin.com/company/switzer-brother's-painting-llc,https://facebook.com/switzerbrotherspaintingllc,,,,
D. Johnson Painting,http://www.djohnsonpaintingllc.com,,,St. Louis,Missouri,,,,,,apollo,"painting company, painting services - Missouri",https://app.apollo.io/#/organizations/65583fa17ecbcd00019ce48d?overrideScoreId=score,,,home renovation+13,http://www.linkedin.com/company/djohnsonpaintingllc,,,,,
Precision Painting Group,http://www.precisionpaintinggroup.com.au,,,Columbia,Missouri,,,,,,apollo,"painting company, painting services - Missouri",https://app.apollo.io/#/organizations/5d0a7092a3ae6170d328a108?overrideScoreId=score,,,,http://www.linkedin.com/company/precision-painting-group-pty,https://www.facebook.com/Precision-painting-group-107894477677874/,,,,
"Fearing Painting Company, INC.",http://www.fearingpainting.com,,,Springfield,Missouri,,,,,,apollo,"painting company, painting services - Missouri",https://app.apollo.io/#/organizations/64a1ed055b5e0200017dba45?overrideScoreId=score,,,faux finishes+8,http://www.linkedin.com/company/fearing-painting-company,,,,,
McRoy Painting,http://www.mcroypainting.com,,,Lee's Summit,Missouri,,,,,,apollo,"painting company, painting services - Missouri",https://app.apollo.io/#/organizations/60f39595d6693c00012dbabe?overrideScoreId=score,,,premium materials+54,http://www.linkedin.com/company/mcroy-painting,https://www.facebook.com/McRoyPaintingOfficial,,,,
BRS Painting,http://www.brspainting.com,,,Wentzville,Missouri,,,,,,apollo,"painting company, painting services - Missouri",https://app.apollo.io/#/organizations/56d4c63ef3e5bb79230004f4?overrideScoreId=score,12.3M,,deck staining+30,http://www.linkedin.com/company/brs-custom-painting,https://www.facebook.com/BrushRollSprayPainting/,https://twitter.com/brs_custom,,,
Barry's Gutter and Home Repair,http://www.justcallbarry.com,,,St. Louis,Missouri,,,,,,apollo,"painting company, painting services - Missouri",https://app.apollo.io/#/organizations/666709e5120dc503a3e3bc08?overrideScoreId=score,,,exterior tuckpointing+50,http://www.linkedin.com/company/justcallbarry,,,,,
Gateway Custom Painting LLC,http://www.gatewaycustompainting.com,,,Creve Coeur,Missouri,,,,,,apollo,"painting company, painting services - Missouri",https://app.apollo.io/#/organizations/646efe6dbff36300019b771e?overrideScoreId=score,,,professional+19,http://www.linkedin.com/company/gateway-custom-painting-llc,https://www.facebook.com/GatewayCustomPaint,,,,
STL Property Pros,http://www.stlpropertypros.com,,,Maryland Heights,Missouri,,,,,,apollo,"painting company, painting services - Missouri",https://app.apollo.io/#/organizations/67271b2d6893d600010c5281?overrideScoreId=score,,,,http://www.linkedin.com/company/stlpropertypros,,,,,
Landmark Interior LLC,http://www.landmark-interior.com,,,St. Louis,Missouri,,,,,,apollo,"painting company, painting services - Missouri",https://app.apollo.io/#/organizations/65bddd8d43db6100014edd6d?overrideScoreId=score,,,carpentry+53,http://www.linkedin.com/company/landmark-interior,,,,,
Dynakoat Contractors LLC,http://www.dynakoat.com,,,Wentzville,Missouri,,,,,,apollo,"painting company, painting services - Missouri",https://app.apollo.io/#/organizations/6546d48df2f61a0001da3de5?overrideScoreId=score,,,industrial painting+60,http://www.linkedin.com/company/dynakoat-contractors-llc,https://www.facebook.com/102121231841161,,,,
Lime Painting of St. Louis,http://www.limepaintingofstlouis.com,,,St. Louis,Missouri,,,,,,apollo,"painting company, painting services - Missouri",https://app.apollo.io/#/organizations/615e966263d9850001f7d9c6?overrideScoreId=score,,,,http://www.linkedin.com/company/lime-painting-of-st-louis,,,,,
Midwest Superior Painting LLC,http://www.midwestsuperiorpainting.com,,,Kansas City,Missouri,,,,,,apollo,"painting company, painting services - Missouri",https://app.apollo.io/#/organizations/60495678666ef700011a33c1?overrideScoreId=score,,,interior painting+39,http://www.linkedin.com/company/midwest-superior-painting-llc,,,,,
Improovy Painters St Louis,,,,St. Louis,Missouri,,,,,,apollo,"painting company, painting services - Missouri",https://app.apollo.io/#/organizations/6656a1e70016730001c9f4cd?overrideScoreId=score,,,drywall+20,http://www.linkedin.com/company/improovy-painters-st-louis,,,,,
Peak Painting and Drywall,http://www.peakpaintingmt.com,,,Bozeman,Montana,,,,,,apollo,"painting company, painting services - Montana",https://app.apollo.io/#/organizations/54a138e169702dac84190800?overrideScoreId=score,,,drywall finishes & more+67,http://www.linkedin.com/company/peak-painting-and-drywall,,,,,
Great Falls Painting Company,http://www.greatfallspaintingcompany.com,,,Great Falls,Montana,,,,,,apollo,"painting company, painting services - Montana",https://app.apollo.io/#/organizations/667be2af56655c00010b8b09?overrideScoreId=score,,,painting company,http://www.linkedin.com/company/great-falls-painting-company,https://www.facebook.com/Great-Falls-Painting-Company-105218548586819,,,,
Bozeman Painting Company,http://www.bozemanhousepainter.com,,,Bozeman,Montana,,,,,,apollo,"painting company, painting services - Montana",https://app.apollo.io/#/organizations/667950b3ee458f0001dbeb7e?overrideScoreId=score,,,residential & commercial painting company,http://www.linkedin.com/company/bozeman-painting-company,https://www.facebook.com/Bozeman-Painting-Company-108652878217496,,,,
Westslope Painting,http://www.westslopepainting.com,,,Bozeman,Montana,,,,,,apollo,"painting company, painting services - Montana",https://app.apollo.io/#/organizations/64fe0d4373374c0001cff937?overrideScoreId=score,,,,http://www.linkedin.com/company/westslopepaintingmt,,,,,
"Alex Construction and Painting Services, LLC",http://www.missoulabuilders.com,,,Missoula,Montana,,,,,,apollo,"painting company, painting services - Montana",https://app.apollo.io/#/organizations/6726950c04262500017322e3?overrideScoreId=score,27M,,,http://www.linkedin.com/company/alex-construction-and-painting-services-llc,https://facebook.com/Alex.Tanchev.Construction,,,,
Missoula Painting Company,http://www.missoulahousepainter.com,,,Missoula,Montana,,,,,,apollo,"painting company, painting services - Montana",https://app.apollo.io/#/organizations/666e9c2c468c780001b84fd9?overrideScoreId=score,,,painting company,http://www.linkedin.com/company/missoula-painting-company,https://www.facebook.com/MissoulaPaintingCompanyy/,,,,
"Modern Painting, Inc.",http://www.modernpaintingomaha.com,,,Modern Painting,Inc.,,,,,,apollo,"painting company, painting services - Inc.",https://app.apollo.io/#/organizations/5ed1c91ecc5a6000015bd383?overrideScoreId=score,,,,http://www.linkedin.com/company/modern-paintingomaha-inc,https://www.facebook.com/pg/Modern-Painting-Inc-479610959455057/about/,https://twitter.com/ModernPaintNE,,,
Painting Services Of Omaha,http://www.paintingservicesofomaha.com,,,Omaha,Nebraska,,,,,,apollo,"painting company, painting services - Nebraska",https://app.apollo.io/#/organizations/61601d3831be770001607730?overrideScoreId=score,,,,http://www.linkedin.com/company/painting-services-of-omaha,,,,,
Scott's Painting & Staining Inc.,http://www.scottspainting.com,,,Omaha,Nebraska,,,,,,apollo,"painting company, painting services - Nebraska",https://app.apollo.io/#/organizations/5fc8b8d49830180001d5d02e?overrideScoreId=score,6.6M,,,http://www.linkedin.com/company/scott-s-painting-staining-inc,https://www.facebook.com/ScottsPaintingOmaha,,,,
Senegal Specialty Contracting,http://www.senegalomaha.com,,,Omaha,Nebraska,,,,,,apollo,"painting company, painting services - Nebraska",https://app.apollo.io/#/organizations/57c4cbaaa6da986ad6967731?overrideScoreId=score,,,,http://www.linkedin.com/company/senegal-specialty-contracting,https://www.facebook.com/Senegal-Specialty-Contracting-LLC-1774565609448144/,https://twitter.com/SenegalOmaha,,,
Laramie Construction,http://www.laramieconstruction.com,,,Avoca,Nebraska,,,,,,apollo,"painting company, painting services - Nebraska",https://app.apollo.io/#/organizations/5592107673696418e9584800?overrideScoreId=score,32.6M,,paintingwindows+64,http://www.linkedin.com/company/laramie-construction,http://www.facebook.com/pages/Laramie-Construction/,http://twitter.com/laramie72,,,
Storm Irrigation,http://www.stormirrigation.com,,,Bennington,Nebraska,,,,,,apollo,"painting company, painting services - Nebraska",https://app.apollo.io/#/organizations/56dabab7f3e5bb706c0058ed?overrideScoreId=score,,,,http://www.linkedin.com/company/storm-irrigation,https://facebook.com/pages/Storm-Irrigation/147895945221223,,,,
Todays Painting Services,http://www.todayspainting.net,,,Omaha,Nebraska,,,,,,apollo,"painting company, painting services - Nebraska",https://app.apollo.io/#/organizations/56e65030f3e5bb6b7a012953?overrideScoreId=score,,,,http://www.linkedin.com/company/todays-painting-services,,,,,
Wyman Painting™,http://www.wymanpainting.net,,,Omaha,Nebraska,,,,,,apollo,"painting company, painting services - Nebraska",https://app.apollo.io/#/organizations/54fca4d273696401a7432400?overrideScoreId=score,,,,http://www.linkedin.com/company/wyman-painting%e2%84%a2,,,,,
Midwest Painting & Services,http://www.midwest-painting-services.com,,,Omaha,Nebraska,,,,,,apollo,"painting company, painting services - Nebraska",https://app.apollo.io/#/organizations/6714fe45e5fc670001187763?overrideScoreId=score,,,,http://www.linkedin.com/company/midwest-painting-&-services,,,,,
Craft Construction Company,http://www.craftcc.com,,,North Las Vegas,Nevada,,,,,,apollo,"painting company, painting services - Nevada",https://app.apollo.io/#/organizations/54a11f4269702d7fe6fcdd01?overrideScoreId=score,29M,,,http://www.linkedin.com/company/craft-construction-company,https://facebook.com/pages/Craft-Construction/171463562876010,,,,
AllPro Painters,http://www.allpropainters.com,,,Las Vegas,Nevada,,,,,,apollo,"painting company, painting services - Nevada",https://app.apollo.io/#/organizations/56e7b666f3e5bb72ab0004be?overrideScoreId=score,,,interior painting+43,http://www.linkedin.com/company/allpro-painters,,,,,
Nevada Painting Company,http://www.nevadapaintingcompany.com,,,Las Vegas,Nevada,,,,,,apollo,"painting company, painting services - Nevada",https://app.apollo.io/#/organizations/5a9dc699a6da98d96640d71d?overrideScoreId=score,14.0M,,painting contractor+54,http://www.linkedin.com/company/nevada-painting-company,https://facebook.com/lasvegaspainters,,,,
Eco Pro Construction,http://www.ecoproconstructionlv.com,,,Las Vegas,Nevada,,,,,,apollo,"painting company, painting services - Nevada",https://app.apollo.io/#/organizations/615fe448a9464c00012e84d8?overrideScoreId=score,,,water-saving fixtures+55,http://www.linkedin.com/company/ecoproconstruction,https://www.facebook.com/ecoproconstruction,,,,
"J & J Custom Painting Company, LLC - Las Vegas, NV",http://www.j-jcustompainting.com,,,Las Vegas,Nevada,,,,,,apollo,"painting company, painting services - Nevada",https://app.apollo.io/#/organizations/656bef002a857200a3f4ca3a?overrideScoreId=score,,,interior painting+41,http://www.linkedin.com/company/j-j-custom-painting-company-llc-las-vegas-nv,,,,,
MasterTrade Painters,http://www.mastertradepainters.com,,,Las Vegas,Nevada,,,,,,apollo,"painting company, painting services - Nevada",https://app.apollo.io/#/organizations/654879d45c056c000157bd2a?overrideScoreId=score,,,,http://www.linkedin.com/company/mastertrade-painters,,,,,
Las Vegas Stucco,http://www.stuccorepairlasvegas.com,,,Las Vegas,Nevada,,,,,,apollo,"painting company, painting services - Nevada",https://app.apollo.io/#/organizations/632abb6f92a34500a33b4aab?overrideScoreId=score,,,,http://www.linkedin.com/company/las-vegas-stucco,,,,,
Murex Homes,http://www.murexhomes.com,,,Las Vegas,Nevada,,,,,,apollo,"painting company, painting services - Nevada",https://app.apollo.io/#/organizations/6161369f99a75000015de496?overrideScoreId=score,,,bathroom remodeling+38,http://www.linkedin.com/company/murex-homes,https://www.facebook.com/murexhomes,,,,
FRENCH PAINTING SERVICES,http://www.frenchpainting.net,,,Las Vegas,Nevada,,,,,,apollo,"painting company, painting services - Nevada",https://app.apollo.io/#/organizations/670b144e132fcc0001036de8?overrideScoreId=score,,,,http://www.linkedin.com/company/french-painting-services,,,,,
Tamaras Painting Company,http://www.tpcnevada.com,,,Reno,Nevada,,,,,,apollo,"painting company, painting services - Nevada",https://app.apollo.io/#/organizations/66e161cf13278300011ec73f?overrideScoreId=score,,,,http://www.linkedin.com/company/tamaras-painting-company,,,,,
Painting Services Of Las Vegas,http://www.paintingservicesoflasvegas.com,,,Las Vegas,Nevada,,,,,,apollo,"painting company, painting services - Nevada",https://app.apollo.io/#/organizations/641401393d376c000145ff7f?overrideScoreId=score,,,,http://www.linkedin.com/company/paintingservicesoflasvegas-com,,,,,
Sandco LLC,http://www.sandcollc.com,,,Hanover,New Hampshire,,,,,,apollo,"painting company, painting services - New Hampshire",https://app.apollo.io/#/organizations/556d5b767369641226beeb00?overrideScoreId=score,,,paintingdrywall+41,http://www.linkedin.com/company/sandco,https://www.facebook.com/Sandco.Construction,,,,
Relax & Company,http://www.relaxandcompany.com,,,Sunapee,New Hampshire,,,,,,apollo,"painting company, painting services - New Hampshire",https://app.apollo.io/#/organizations/62878c4a83511900a578bbbc?overrideScoreId=score,,,,http://www.linkedin.com/company/relaxandcompanynh,https://www.facebook.com/relaxandcompanynh,,,,
FIELD OPS Athletic Field Markings,http://www.gofieldops.com,,,Bedford,New Hampshire,,,,,,apollo,"painting company, painting services - New Hampshire",https://app.apollo.io/#/organizations/65b1f690f14c3e0001a2de3f?overrideScoreId=score,,,,http://www.linkedin.com/company/field-ops,https://www.facebook.com/gofieldops,,,,
CertaPro Painters of Southern NH & Newburyport/Haverhill,,,,Salem,New Hampshire,,,,,,apollo,"painting company, painting services - New Hampshire",https://app.apollo.io/#/organizations/56d7eb74f3e5bb58a60019e8?overrideScoreId=score,,,,http://www.linkedin.com/company/certapro-painters-of-southern-nh,,,,,
J & A Dion's Painting,http://www.jadionspainting.com,,,Dover,New Hampshire,,,,,,apollo,"painting company, painting services - New Hampshire",https://app.apollo.io/#/organizations/641fa92287e7f50001bec6db?overrideScoreId=score,25.6M,,licensed and insured+46,http://www.linkedin.com/company/j-a-dion-s-painting,https://facebook.com/JADionsPainting,,,,
"Apple Painting and Restoration, LLC",http://www.applepaintingrestoration.com,,,Portsmouth,New Hampshire,,,,,,apollo,"painting company, painting services - New Hampshire",https://app.apollo.io/#/organizations/54a1bdd67468694f8f512e0d?overrideScoreId=score,21.4M,,,http://www.linkedin.com/company/apple-painting-and-restoration-llc,,https://twitter.com/appleman431,,,
"White Diamond Painting, LLC",http://www.whitediamondpainting.com,,,Barrington,New Hampshire,,,,,,apollo,"painting company, painting services - New Hampshire",https://app.apollo.io/#/organizations/54a1344469702d2f9f725e00?overrideScoreId=score,,,,http://www.linkedin.com/company/white-diamond-painting-llc,,,,,
ONeill Painting Services,http://www.oneillpaintingservices.com,,,Greenland,New Hampshire,,,,,,apollo,"painting company, painting services - New Hampshire",https://app.apollo.io/#/organizations/670a66474f0c5d0001c8bf75?overrideScoreId=score,,,,http://www.linkedin.com/company/oneill-painting-services,,,,,
Rite Finish Painting Company Inc,http://www.ritefinish.com,,,Manchester,New Hampshire,,,,,,apollo,"painting company, painting services - New Hampshire",https://app.apollo.io/#/organizations/66e5bd641435f6000106f551?overrideScoreId=score,,,,http://www.linkedin.com/company/rite-finish-painting-company-inc,,,,,
ALEX Painting,http://www.alexpaintingservices.com,,,Montclair,New Jersey,,,,,,apollo,"painting company, painting services - New Jersey",https://app.apollo.io/#/organizations/64b2fe6003d8da000198447a?overrideScoreId=score,,,house painting+7,http://www.linkedin.com/company/alex-painting,https://www.facebook.com/Montclair-Painting-Services-111606734003174,,,,
"ALLIED PAINTING, INC.",http://www.alliedpaintinginc.com,,,Cherry Hill,New Jersey,,,,,,apollo,"painting company, painting services - New Jersey",https://app.apollo.io/#/organizations/5fca4311e5e2c5000147f85d?overrideScoreId=score,,,customer satisfaction+39,http://www.linkedin.com/company/allied-painting-inc.,,,,,
LA Design and Construction,http://www.ladesignandconstruction.com,,,Pequannock Township,New Jersey,,,,,,apollo,"painting company, painting services - New Jersey",https://app.apollo.io/#/organizations/5ed20eb316363300017ddecd?overrideScoreId=score,,,home remodeling+51,http://www.linkedin.com/company/la-design-and-construction,https://www.facebook.com/ladesignconstruction,,,,
"Paper Perfect, Inc.",http://www.paperperfect.com,,,Paper Perfect,Inc.,,,,,,apollo,"painting company, painting services - Inc.",https://app.apollo.io/#/organizations/60b1f025050d660001938e22?overrideScoreId=score,,,paintwallcovering+60,http://www.linkedin.com/company/paper-perfect-inc,https://www.facebook.com/2102939759964652,,,,
Fresh Start Painting Company,,,,Long Branch,New Jersey,,,,,,apollo,"painting company, painting services - New Jersey",https://app.apollo.io/#/organizations/65505085c27fa30001ebb34d?overrideScoreId=score,,,paintingrenovations+4,http://www.linkedin.com/company/fresh-start-painting-company,,,,,
Priority Painting Services LLC,http://www.prioritypaintingnj.com,,,Stafford Township,New Jersey,,,,,,apollo,"painting company, painting services - New Jersey",https://app.apollo.io/#/organizations/645752972686bf0001c90da7?overrideScoreId=score,,,,http://www.linkedin.com/company/priority-painting-services-llc,,,,,
"DDS Services, LLC",http://www.ddsrpc.com,,,,,,,,,,apollo,"painting company, painting services",https://app.apollo.io/#/organizations/61ec4dc8611e9800012d3751?overrideScoreId=score,,,residential roofing+61,http://www.linkedin.com/company/dds-services-llc,https://www.facebook.com/people/DDS-Services-LLC/100063458203483/#,,,,
"Imperial Painting & Coatings, LLC",http://www.imperialpainting.com,,,West Orange,New Jersey,,,,,,apollo,"painting company, painting services - New Jersey",https://app.apollo.io/#/organizations/5e582a55b3281d0001ae6463?overrideScoreId=score,10M,,interior painting+53,http://www.linkedin.com/company/imperial-painting-coatings,https://www.facebook.com/Imperial-Painting-Coatings-546695885837557/,,,,
Marshall Painting & Services,http://www.marshallpaintingservices.com,,,Scotch Plains,New Jersey,,,,,,apollo,"painting company, painting services - New Jersey",https://app.apollo.io/#/organizations/67158898fd2cdc0001a24a3b?overrideScoreId=score,,,,http://www.linkedin.com/company/marshall-painting-&-services,,,,,
Vivid Painting & Wallpaper,http://www.vividpainting.co,,,Lakewood Township,New Jersey,,,,,,apollo,"painting company, painting services - New Jersey",https://app.apollo.io/#/organizations/65672645452e580001a0f329?overrideScoreId=score,,,surface cleaning+46,http://www.linkedin.com/company/vivid-painting-wallpaper,,,,,
"Brennan Contracting, LLC",http://www.brennancontractor.com,,,Pitman,New Jersey,,,,,,apollo,"painting company, painting services - New Jersey",https://app.apollo.io/#/organizations/63513e4ed9240300e319fd26?overrideScoreId=score,,,painting+56,http://www.linkedin.com/company/brennan-contracting-llc,,,,,
Ambrosio Construction,http://www.ambrosioconstructionllc.com,,,Bloomingdale,New Jersey,,,,,,apollo,"painting company, painting services - New Jersey",https://app.apollo.io/#/organizations/640c075c63038b00018314c6?overrideScoreId=score,,,general contractor+60,http://www.linkedin.com/company/ambrosioconstructionllc,,,,,
Rainbow G & J Painting,http://www.rainbowgjpainting.com,,,Bridgewater,New Jersey,,,,,,apollo,"painting company, painting services - New Jersey",https://app.apollo.io/#/organizations/5b15ec5aa6da9869338baa71?overrideScoreId=score,,,,http://www.linkedin.com/company/rainbow-g-j-painting,,,,,
Rutgers Painting,http://www.rutgerspainting.com,,,,,,,,,,apollo,"painting company, painting services",https://app.apollo.io/#/organizations/54fca43e7369647df5fa2400?overrideScoreId=score,30.8M,,exterior painting+25,http://www.linkedin.com/company/rutgers-painting,https://facebook.com/Rutgers-Permanent-Painting/114960117681,,,,
NIKHI CONTRACTING CORP.,http://www.nikhicorp.com,,,Woodbridge Township,New Jersey,,,,,,apollo,"painting company, painting services - New Jersey",https://app.apollo.io/#/organizations/63c7ccb34386580001545560?overrideScoreId=score,,,skilled labor+41,http://www.linkedin.com/company/nikhi-contracting-corp,,,,,
TPMG-Total Property Maintenenc Group,http://www.gotpmg.com,,,Lodi,New Jersey,,,,,,apollo,"painting company, painting services - New Jersey",https://app.apollo.io/#/organizations/5fc85b358371fd0001985fa8?overrideScoreId=score,,,flooring+82,http://www.linkedin.com/company/tpmg-total-property-maintenenc-group,,,,,
Elite Painting and Powerwashing Inc.,http://www.gotoelitepainting.com,,,Caldwell,New Jersey,,,,,,apollo,"painting company, painting services - New Jersey",https://app.apollo.io/#/organizations/54a13a8069702d267ae90201?overrideScoreId=score,,,,http://www.linkedin.com/company/elite-painting-and-powerwashing-inc.,https://www.facebook.com/NjElitepainting/,,,,
"Able Painting Company, LLC",,,,Trenton,New Jersey,,,,,,apollo,"painting company, painting services - New Jersey",https://app.apollo.io/#/organizations/54a138eb69702d2a1e741500?overrideScoreId=score,,,,http://www.linkedin.com/company/able-painting-company-llc,,,,,
Primetone LLC,http://www.primetonenj.com,,,Bayonne,New Jersey,,,,,,apollo,"painting company, painting services - New Jersey",https://app.apollo.io/#/organizations/6505493b291a99000174024a?overrideScoreId=score,,,,http://www.linkedin.com/company/primetone-llc,,,,,
ZD Stucco Repair,http://www.zdstuccorepair.com,,,Clifton,New Jersey,,,,,,apollo,"painting company, painting services - New Jersey",https://app.apollo.io/#/organizations/61d2bf14a61acb00dccd8f4d?overrideScoreId=score,,,,http://www.linkedin.com/company/zd-stucco-repair-business,,,,,
Vision General Construction,http://www.visiongc1.com,,,Riverdale,New Jersey,,,,,,apollo,"painting company, painting services - New Jersey",https://app.apollo.io/#/organizations/60b882791ba63300a4970e9c?overrideScoreId=score,12.5M,,general construction+56,http://www.linkedin.com/company/visionconstruction,,,,,
"Royal Painting Services, Inc.",http://www.royalpaintingservices.com,,,Royal Painting Services,Inc.,,,,,,apollo,"painting company, painting services - Inc.",https://app.apollo.io/#/organizations/67426d9461015e000181ddc1?overrideScoreId=score,,,super markets+9,http://www.linkedin.com/company/royal-painting-services-inc,,,,,
EMT CONSTRUCTION,http://www.emtconstruction.com,,,Albuquerque,New Mexico,,,,,,apollo,"painting company, painting services - New Mexico",https://app.apollo.io/#/organizations/55e80d6bf3e5bb377e0002cb?overrideScoreId=score,,,construction quotes+77,http://www.linkedin.com/company/emt-construction,,,,,
Andy's Painting Company,http://www.andyspainting.com,,,Albuquerque,New Mexico,,,,,,apollo,"painting company, painting services - New Mexico",https://app.apollo.io/#/organizations/63a7bea8f7c09800a349acd5?overrideScoreId=score,,,exterior painting+11,http://www.linkedin.com/company/andyspainting,,,,,
Pro Painting Services LLC,http://www.propaintingsrvc.com,,,Rio Rancho,New Mexico,,,,,,apollo,"painting company, painting services - New Mexico",https://app.apollo.io/#/organizations/64508a99251a890001fb4e2f?overrideScoreId=score,,,wallpaper+6,http://www.linkedin.com/company/pro-painting-services-llc,https://www.facebook.com/propaintingabq,,,,
Stucco Repair Albuquerque,http://www.stuccorepairalbuquerquenm.com,,,Albuquerque,New Mexico,,,,,,apollo,"painting company, painting services - New Mexico",https://app.apollo.io/#/organizations/63cc718e404cb0000145ad06?overrideScoreId=score,,,stucco painting services+4,http://www.linkedin.com/company/stucco-repair-albuquerque,,,,,
AG Williams Painting Company,http://www.agwilliamspainting.com,,,,,,,,,,apollo,"painting company, painting services",https://app.apollo.io/#/organizations/54a26f6a74686930c279b422?overrideScoreId=score,30.6M,,interior painting+52,http://www.linkedin.com/company/ag-williams-painting-company,https://facebook.com/agwilliamspainting,,,,
JTC PAINTING & DECORATING CORP,http://www.jtcpainting.com,,,New York,New York,,,,,,apollo,"painting company, painting services - New York",https://app.apollo.io/#/organizations/54a135f369702d4494f8f700?overrideScoreId=score,,,,http://www.linkedin.com/company/jtc-painting-&-decorating-corp,https://facebook.com/jtc.painting,,,,
Add Ventures,http://www.addventuresinc.com,,,Hillburn,New York,,,,,,apollo,"painting company, painting services - New York",https://app.apollo.io/#/organizations/54a1271269702d979ca24b00?overrideScoreId=score,238K,,property maintenance+43,http://www.linkedin.com/company/add-ventures-building-services-inc.,https://facebook.com/AddVenturesINCNY,https://twitter.com/Add_VenturesINC,,,
Metro Contractors,http://www.metrocontractors.nyc,,,New York,New York,,,,,,apollo,"painting company, painting services - New York",https://app.apollo.io/#/organizations/54a1396569702dac84583800?overrideScoreId=score,,,kitchenbathroom+60,http://www.linkedin.com/company/metro-contractors,https://www.facebook.com/MetroRich/,,,,
ABC Painting Services,,,,Tonawanda,New York,,,,,,apollo,"painting company, painting services - New York",https://app.apollo.io/#/organizations/55f03eabf3e5bb08590032fd?overrideScoreId=score,,,,http://www.linkedin.com/company/abc-painting-services,,,,,
"Island Painting, Inc",http://www.islandpaintinc.com,,,Island Painting,Inc,,,,,,apollo,"painting company, painting services - Inc",https://app.apollo.io/#/organizations/55ea61c6f3e5bb5938008315?overrideScoreId=score,,,project management+47,http://www.linkedin.com/company/island-paintinc-inc,,,,,
Ariel Construction,http://www.arielcon.com,,,New York,New York,,,,,,apollo,"painting company, painting services - New York",https://app.apollo.io/#/organizations/5ed2bef2cfced50001957f31?overrideScoreId=score,,,general contractor+52,http://www.linkedin.com/company/arielconstruction,https://www.facebook.com/arielconstruction/,,,,
GOTHAM PAINTING COMPANY INC.,,,,New York,New York,,,,,,apollo,"painting company, painting services - New York",https://app.apollo.io/#/organizations/672c5575ddd5e600014fcbe7?overrideScoreId=score,,,,http://www.linkedin.com/company/gotham-painting-company-inc.,,,,,
"Complete Painting Services, LLC",http://www.completepainting.net,,,Rochester,New York,,,,,,apollo,"painting company, painting services - New York",https://app.apollo.io/#/organizations/5da4fb55c263a300010c9f5d?overrideScoreId=score,,,exterior house painting+4,http://www.linkedin.com/company/complete-painting-services-llc,,,,,
First Step Solutions,http://www.paintthehamptons.com,,,Southampton,New York,,,,,,apollo,"painting company, painting services - New York",https://app.apollo.io/#/organizations/5a9e2ca6a6da98d9a8d93ab0?overrideScoreId=score,,,annual maintenance+36,http://www.linkedin.com/company/first-step-solutions,,,,,
Honey Do Men Home Remodeling & Repair,http://www.honeydomen.com,,,Carmel,New York,,,,,,apollo,"painting company, painting services - New York",https://app.apollo.io/#/organizations/55ec919af3e5bb12ff000bb2?overrideScoreId=score,,,home remodeling+56,http://www.linkedin.com/company/honey-do-men,https://www.facebook.com/HoneyDoMen,https://twitter.com/HoneyDoMen,,,
BRAENDEL PAINTING & SERVICES INC,http://www.braendelbuffalo.com,,,Tonawanda,New York,,,,,,apollo,"painting company, painting services - New York",https://app.apollo.io/#/organizations/66d5897d58770b0001e58a14?overrideScoreId=score,,,,http://www.linkedin.com/company/braendel-painting-&-services-inc,https://www.facebook.com/Braendel-Painting-Services-Inc-Buffalo-NY-508275132568199,,,,
Avante Contracting Corporation,http://www.abra-avante.com,,,Mamaroneck,New York,,,,,,apollo,"painting company, painting services - New York",https://app.apollo.io/#/organizations/5e57ca38e983c8000162901e?overrideScoreId=score,,,general contracting+87,http://www.linkedin.com/company/avante-contracting,,,,,
PAINT POWER,http://www.paintpower.net,,,New York,New York,,,,,,apollo,"painting company, painting services - New York",https://app.apollo.io/#/organizations/55f11456f3e5bb500c000da2?overrideScoreId=score,5.3M,,wallpaper removal+55,http://www.linkedin.com/company/paint-power,https://facebook.com/pages/PAINT-POWER/507008109338518,https://twitter.com/PAINTPOWER_NET,,,
Madison Painting & Decorating Group,http://www.madisonpaint.com,,,New York,New York,,,,,,apollo,"painting company, painting services - New York",https://app.apollo.io/#/organizations/6501437a53d2e700018ab37d?overrideScoreId=score,36K,,painting+12,http://www.linkedin.com/company/madison-paint,,,,,
DJT Development,http://www.djtdevelopment.com,,,Holtsville,New York,,,,,,apollo,"painting company, painting services - New York",https://app.apollo.io/#/organizations/60484b91c7593a0001e26157?overrideScoreId=score,,,remodeling+41,http://www.linkedin.com/company/djt-development,https://www.facebook.com/WixStudio,,,,
Universal Construction Inc.,http://www.uccuniversal.com,,,New York,New York,,,,,,apollo,"painting company, painting services - New York",https://app.apollo.io/#/organizations/67abae0632fca1001d6ba3a0?overrideScoreId=score,,,general contractor+54,http://www.linkedin.com/company/universalcc,,,,,
Gravesend Construction Corp.,http://www.gravesendconstruction.com,,,New York,New York,,,,,,apollo,"painting company, painting services - New York",https://app.apollo.io/#/organizations/6417a226038d56000105de7d?overrideScoreId=score,,,roofing services+47,http://www.linkedin.com/company/gravesend-construction-corp,,,,,
Aurora Paint Corp,http://www.aurorapaintcorp.com,,,Syosset,New York,,,,,,apollo,"painting company, painting services - New York",https://app.apollo.io/#/organizations/5e5813a888fb67000164491e?overrideScoreId=score,,,wall covering services+21,http://www.linkedin.com/company/aurora-paint-corp,,,,,
Pink Rose Home Service,http://www.pink-rose.com,,,Rochester,New York,,,,,,apollo,"painting company, painting services - New York",https://app.apollo.io/#/organizations/5e55ea09f0e6c0000185f932?overrideScoreId=score,13.3M,,skilled handyman+77,http://www.linkedin.com/company/pink-rose-home-services,https://facebook.com/PinkRoseHandyman,,,,
Paint Track Painting Services,http://www.painttrack.com,,,Briarcliff Manor,New York,,,,,,apollo,"painting company, painting services - New York",https://app.apollo.io/#/organizations/54a128ab69702d8cfc7b6b01?overrideScoreId=score,,,decorative finishes+59,http://www.linkedin.com/company/paint-track-llc_2,https://www.facebook.com/PaintTrack/,,,,
PNC Painting Inc.,http://www.pncpainting.com,,,Yonkers,New York,,,,,,apollo,"painting company, painting services - New York",https://app.apollo.io/#/organizations/604848f988f9170001a3090b?overrideScoreId=score,,,anti-graffiti coatings+28,http://www.linkedin.com/company/pnc-painting,,,,,
Kostusiak Coatings LLC,http://www.kostusiakcoatings.com,,,Elma,New York,,,,,,apollo,"painting company, painting services - New York",https://app.apollo.io/#/organizations/5fe57d948dffac00a4204bc8?overrideScoreId=score,,,paint application+70,http://www.linkedin.com/company/kostusiak-coatings-llc,,,,,
Optimus Primers: Painting Division,http://www.optimusprimers.com,,,Wantagh,New York,,,,,,apollo,"painting company, painting services - New York",https://app.apollo.io/#/organizations/5e580f5a4a6b110001ce5e3a?overrideScoreId=score,,,customized solutions+56,http://www.linkedin.com/company/optimus-primers-llc,,,,,
Profeta Painting,http://www.profetapainting.com,,,Webster,New York,,,,,,apollo,"painting company, painting services - New York",https://app.apollo.io/#/organizations/5b143bb3a6da98dcab5148c6?overrideScoreId=score,,,,http://www.linkedin.com/company/profeta-painting,,,,,
Spectrum Painting Corporation,http://www.spectrumpaintingnyc.com,,,Armonk,New York,,,,,,apollo,"painting company, painting services - New York",https://app.apollo.io/#/organizations/68150d61241a19001d8d31b7?overrideScoreId=score,,,low-voc paints+25,http://www.linkedin.com/company/spectrum-painting-corporation,,,,,
Excel Painting Services,http://www.excelpaintingservices.com,,,Deer Park,New York,,,,,,apollo,"painting company, painting services - New York",https://app.apollo.io/#/organizations/66d96afb24b28c0001a63e22?overrideScoreId=score,17.9M,,,http://www.linkedin.com/company/excelpaintingservices,,,,,
Sarwar Builders,http://www.sarwarbuilders.com,,,New York,New York,,,,,,apollo,"painting company, painting services - New York",https://app.apollo.io/#/organizations/65fc0909a86f5b0007fff7ab?overrideScoreId=score,,,,http://www.linkedin.com/company/sarwar-builders,https://www.facebook.com/profile.php,,,,
"NewGen Painting, Inc.",http://www.newgenpainting.com,,,NewGen Painting,Inc.,,,,,,apollo,"painting company, painting services - Inc.",https://app.apollo.io/#/organizations/61ad3047c9479e0001271fe6?overrideScoreId=score,42M,,,http://www.linkedin.com/company/newgenpaintinginc,,,,,
"Brener Construction, Inc.",http://www.brenerconstruction.com,,,Brener Construction,Inc.,,,,,,apollo,"painting company, painting services - Inc.",https://app.apollo.io/#/organizations/5fc9acff715f5b0001518a52?overrideScoreId=score,,,painting services+34,http://www.linkedin.com/company/brener-construction-inc.,,,,,
Paintworks & Decorating,http://www.paintworks.nyc,,,New York,New York,,,,,,apollo,"painting company, painting services - New York",https://app.apollo.io/#/organizations/5f485839415940000183dfb6?overrideScoreId=score,,,fire escape painting+79,http://www.linkedin.com/company/paintworks-decorating,https://www.facebook.com/paintworksnyc,,,,
"Empire Painting Services, LLC",http://www.empirepaintingservices.com,,,Syracuse,New York,,,,,,apollo,"painting company, painting services - New York",https://app.apollo.io/#/organizations/66d58e1aac9fde0001948035?overrideScoreId=score,,,,http://www.linkedin.com/company/empire-painting-services-llc,,,,,
"LinMarks Commercial Flooring, Inc.",http://www.linmarksflooring.com,,,LinMarks Commercial Flooring,Inc.,,,,,,apollo,"painting company, painting services - Inc.",https://app.apollo.io/#/organizations/604a38c01b37ac00012c43c0?overrideScoreId=score,,,woodtile+85,http://www.linkedin.com/company/linmarks-commercial-flooring-inc,,,,,
AW Home Construction,http://www.awhomeconstruction.com,,,Saratoga Springs,New York,,,,,,apollo,"painting company, painting services - New York",https://app.apollo.io/#/organizations/6049a297cc4798000161d488?overrideScoreId=score,,,construction company+46,http://www.linkedin.com/company/aw-home-construction,https://www.facebook.com/AWHomeConstruction,,,,
King Installation,http://www.kinginstallation.com,,,New York,New York,,,,,,apollo,"painting company, painting services - New York",https://app.apollo.io/#/organizations/602fddf3c78a3a00a4837c28?overrideScoreId=score,,,tv mountfixturing+6,http://www.linkedin.com/company/king-installation,,,,,
Bonardi Construction Inc,http://www.bonardiconst.com,,,New York,New York,,,,,,apollo,"painting company, painting services - New York",https://app.apollo.io/#/organizations/5e57ff727e83710001d21a25?overrideScoreId=score,,,concretemasonry+95,http://www.linkedin.com/company/bonardi-construction-inc.,,,,,
Schwarz Decorating,http://www.schwarzdecorating.com,,,Fairport,New York,,,,,,apollo,"painting company, painting services - New York",https://app.apollo.io/#/organizations/5e56b4c177b1e400013afef7?overrideScoreId=score,2.3M,,interior painting+54,http://www.linkedin.com/company/schwarz-decorating,https://www.facebook.com/schwarzdecoratingroc/,https://twitter.com/schwarzdec,,,
All Bright Services NYC,http://www.allbrightservices.com,,,New York,New York,,,,,,apollo,"painting company, painting services - New York",https://app.apollo.io/#/organizations/5e55d0b2d9cf07000160bd8e?overrideScoreId=score,,,eco-friendly products+41,http://www.linkedin.com/company/all-bright-services-nyc,,,,,
PRESTIGE SEALCOATING LLC,http://www.prestigesealcoating.com,,,Rensselaer,New York,,,,,,apollo,"painting company, painting services - New York",https://app.apollo.io/#/organizations/55f06062f3e5bb2451005a0a?overrideScoreId=score,,,driveway+51,http://www.linkedin.com/company/prestige-sealcoating,,,,,
Caruso Painting & Decorating,http://www.carusopainting.com,,,New York,New York,,,,,,apollo,"painting company, painting services - New York",https://app.apollo.io/#/organizations/55921cdc736964191e427700?overrideScoreId=score,43.7M,,,http://www.linkedin.com/company/caruso-painting-&-decorating,,,,,
WCM Painting Company,http://www.wcmpainting.com,,,Horseheads,New York,,,,,,apollo,"painting company, painting services - New York",https://app.apollo.io/#/organizations/5500c49e7369646139644b00?overrideScoreId=score,,,commerical+3,http://www.linkedin.com/company/wcm-painting-co,https://www.facebook.com/WCMPaint.1989/,,,,
"Five Star Painting Services, Inc",http://www.5starpaintingservices.com,,,Five Star Painting Services,Inc,,,,,,apollo,"painting company, painting services - Inc",https://app.apollo.io/#/organizations/54a25dc27468693fda9c581d?overrideScoreId=score,,,kitchen cabinet painting+2,http://www.linkedin.com/company/five-star-painting-services-inc,https://www.facebook.com/5StarPaintingServices/,,,,
City Zen Painting,http://www.cityzenpainting.com,,,New York,New York,,,,,,apollo,"painting company, painting services - New York",https://app.apollo.io/#/organizations/5fc94559c3ba3100015beae4?overrideScoreId=score,,,wallpaper installation+29,http://www.linkedin.com/company/cityzenpainting,https://www.facebook.com/cityzenpainting,,,,
Shari Decor,http://www.sharidecorllc.com,,,New York,New York,,,,,,apollo,"painting company, painting services - New York",https://app.apollo.io/#/organizations/5fc9295712667600016756d0?overrideScoreId=score,,,hvacconcrete+55,http://www.linkedin.com/company/shari-decor,https://www.facebook.com/103314531267014,,,,
SYNC CONSTRUCTION,http://www.syncconstruction.com,,,New York,New York,,,,,,apollo,"painting company, painting services - New York",https://app.apollo.io/#/organizations/5e58422f98419400013a92df?overrideScoreId=score,,,,http://www.linkedin.com/company/sync-construction,,,,,
REAL Renovations and Home Design,http://www.realrenos.com,,,New York,New York,,,,,,apollo,"painting company, painting services - New York",https://app.apollo.io/#/organizations/5da4ea2e836dd10001be0e31?overrideScoreId=score,,,new york home design+78,http://www.linkedin.com/company/real-renovations-and-home-design-services,,,,,
Manhattan Painters,http://www.manhattanpainters.com,,,New York,New York,,,,,,apollo,"painting company, painting services - New York",https://app.apollo.io/#/organizations/55f34be5f3e5bb164000052c?overrideScoreId=score,,,,http://www.linkedin.com/company/manhattan-painters,https://facebook.com/ManhattanPainters,,,,
The Finishes Group,http://www.finishesgroup.com,,,New York,New York,,,,,,apollo,"painting company, painting services - New York",https://app.apollo.io/#/organizations/55ec9706f3e5bb1340002f09?overrideScoreId=score,,,,http://www.linkedin.com/company/the-finishes-group,,,,,
Alpine Home Improvement Company,http://www.alpinehomeimprovementcompany.com,,,Croton-on-Hudson,New York,,,,,,apollo,"painting company, painting services - New York",https://app.apollo.io/#/organizations/54a138ac69702d2851410600?overrideScoreId=score,,,detailed estimates+73,http://www.linkedin.com/company/alpine-home-improvement-company,,,,,
Rivera Construction Services Inc.,http://www.riveraconstructioninc.net,,,Hudson,New York,,,,,,apollo,"painting company, painting services - New York",https://app.apollo.io/#/organizations/66585814e41a8f0001cbae53?overrideScoreId=score,,,roofingdecks+60,http://www.linkedin.com/company/rivera-construction-services-inc,,,,,
PLC Services and Labor,http://www.plcsl.com,,,New York,New York,,,,,,apollo,"painting company, painting services - New York",https://app.apollo.io/#/organizations/65a10aa265fce700013fe2e2?overrideScoreId=score,,,construction+39,http://www.linkedin.com/company/plc-services-and-labor,https://www.facebook.com/141542859034704,,,,
Fasano Painting,http://www.johnfasano.com,,,Southampton,New York,,,,,,apollo,"painting company, painting services - New York",https://app.apollo.io/#/organizations/64670cdf95ddda000105bd24?overrideScoreId=score,,,abstractart+72,http://www.linkedin.com/company/fasanopainting,,,,,
"ProFinish Painting of WNY, Inc",http://www.profinishpaintings.com,,,Jamestown,New York,,,,,,apollo,"painting company, painting services - New York",https://app.apollo.io/#/organizations/64115e47616271000183054f?overrideScoreId=score,,,,http://www.linkedin.com/company/profinish-painting-jtny,,,,,
Pound Ridge Painting Company,http://www.poundridgepainting.com,,,Pound Ridge,New York,,,,,,apollo,"painting company, painting services - New York",https://app.apollo.io/#/organizations/5fcaf532e342470001a49f5c?overrideScoreId=score,,,painting company,http://www.linkedin.com/company/pound-ridge-painting-company,https://www.facebook.com/poundridgepaintingco,https://twitter.com/poundridgeptco,,,
S.B.G. Finishing & Paint,http://www.sbgfinishing.com,,,Poughkeepsie,New York,,,,,,apollo,"painting company, painting services - New York",https://app.apollo.io/#/organizations/6714e317e73ec000013f4845?overrideScoreId=score,,,transparent pricing+46,http://www.linkedin.com/company/s.b.g.-finishing-&-paint,,,,,
NYC Painting Services,http://www.primopainters.com,,,New York,New York,,,,,,apollo,"painting company, painting services - New York",https://app.apollo.io/#/organizations/67036e6f33aa65000166fbec?overrideScoreId=score,,,,http://www.linkedin.com/company/nyc-painting-services,,,,,
Madia’s Painting Company,http://www.madiaspainting.com,,,Uniondale,New York,,,,,,apollo,"painting company, painting services - New York",https://app.apollo.io/#/organizations/66f0ab17692f03000188b1a1?overrideScoreId=score,,,,http://www.linkedin.com/company/madia%e2%80%99s-painting-company,,,,,
PARK SLOPE PAINTING SERVICES LLC,http://www.parkslopepainting.com,,,New York,New York,,,,,,apollo,"painting company, painting services - New York",https://app.apollo.io/#/organizations/66ef7721f5259400012b2cc0?overrideScoreId=score,,,,http://www.linkedin.com/company/park-slope-painting-services-llc,,,,,
Painter Patch,http://www.painterpatch.com,,,New Hyde Park,New York,,,,,,apollo,"painting company, painting services - New York",https://app.apollo.io/#/organizations/66dfe733b53f2a00015524b7?overrideScoreId=score,,,,http://www.linkedin.com/company/painter-patch,,,,,
DanGelvi Painting Services,http://www.dangelvipainting.com,,,New York,New York,,,,,,apollo,"painting company, painting services - New York",https://app.apollo.io/#/organizations/66d41ac3554c3d0001e02fc3?overrideScoreId=score,,,,http://www.linkedin.com/company/dangelvi-painting-services,,,,,
Richard's Painting,http://www.richardspainting.net,,,Salisbury,North Carolina,,,,,,apollo,"painting company, painting services - North Carolina",https://app.apollo.io/#/organizations/604aa0cfb129630001d742ad?overrideScoreId=score,,,painting & franchising+42,http://www.linkedin.com/company/richard-s-painting-co-llc,https://www.facebook.com/RichardsPaintingSalisbury/,https://twitter.com/Richpaintingco,,,
"Spartan Construction, LLC",http://www.spartanbuildinggroup.com,,,Charlotte,North Carolina,,,,,,apollo,"painting company, painting services - North Carolina",https://app.apollo.io/#/organizations/64b759bd46f0bb0001d5ff57?overrideScoreId=score,,,cabinetry installation+28,http://www.linkedin.com/company/spartan-building-group,,,,,
"P&R Property Consulting Group, LLC",http://www.pandrproperty.com,,,Apex,North Carolina,,,,,,apollo,"painting company, painting services - North Carolina",https://app.apollo.io/#/organizations/5500c9127369646067076300?overrideScoreId=score,,,building+60,http://www.linkedin.com/company/p&r-property-consulting-group,,,,,
Craftwork,http://www.craftwork.com,,,Charlotte,North Carolina,,,,,,apollo,"painting company, painting services - North Carolina",https://app.apollo.io/#/organizations/63c80a73eb113e00a3ea848c?overrideScoreId=score,1.2M,,home services+52,http://www.linkedin.com/company/craftworkhome,https://facebook.com/craftworkpaint,,,,
"Pine Valley Construction Company, LLC",http://www.pinevalleyconstruction.com,,,Wilmington,North Carolina,,,,,,apollo,"painting company, painting services - North Carolina",https://app.apollo.io/#/organizations/55920ff473696418bcfc4600?overrideScoreId=score,20M,,construction+60,http://www.linkedin.com/company/pine-valley-construction,https://facebook.com/pages/Pine-Valley-Construction/230805242000,,,,
"A Dependable Home Repair & Construction Service, Inc.",http://www.adependable.com,,,Waxhaw,North Carolina,,,,,,apollo,"painting company, painting services - North Carolina",https://app.apollo.io/#/organizations/54a134a369702d36c9d66200?overrideScoreId=score,18.1M,,handyman services+48,http://www.linkedin.com/company/a-dependable-home-repair-&-construction-service-inc.,,,,,
FMA Construction Inc.,http://www.fma-construction.com,,,Matthews,North Carolina,,,,,,apollo,"painting company, painting services - North Carolina",https://app.apollo.io/#/organizations/60b7a1c339c9f900d9fc5a61?overrideScoreId=score,,,carpentry+53,http://www.linkedin.com/company/fmaconstructioninc,,,,,
Sterling Property Services,http://www.sterlingpropertyservice.com,,,Hendersonville,North Carolina,,,,,,apollo,"painting company, painting services - North Carolina",https://app.apollo.io/#/organizations/54a135b369702d333d8af800?overrideScoreId=score,,,,http://www.linkedin.com/company/sterling-property-services,,,,,
R and D Painting,http://www.randdpaintingnc.com,,,Garner,North Carolina,,,,,,apollo,"painting company, painting services - North Carolina",https://app.apollo.io/#/organizations/559205117369641981f11f00?overrideScoreId=score,,,interior painting+57,http://www.linkedin.com/company/r-and-d-painting,,,,,
"Emerald Painting, Inc.",http://www.emeraldpaintinginc.com,,,Emerald Painting,Inc.,,,,,,apollo,"painting company, painting services - Inc.",https://app.apollo.io/#/organizations/63c34b91ae9ec700013e5fb4?overrideScoreId=score,,,commercial painting+44,http://www.linkedin.com/company/emeraldpaintinginc,,,,,
"Intrepid Build, LLC",http://www.intrepid-build.com,,,Pittsboro,North Carolina,,,,,,apollo,"painting company, painting services - North Carolina",https://app.apollo.io/#/organizations/6481da4a4855090001731955?overrideScoreId=score,,,,http://www.linkedin.com/company/intrepidbuild,,,,,
"Mecklenburg Paint Company, Inc.",http://www.meckpaint.com,,,Mecklenburg Paint Company,Inc.,,,,,,apollo,"painting company, painting services - Inc.",https://app.apollo.io/#/organizations/54a134e669702d333d078a00?overrideScoreId=score,14M,,,http://www.linkedin.com/company/mecklenburg-paint-co-inc-,https://www.facebook.com/meckpaint,,,,
DWH Painting Company Inc.,,,,Durham,North Carolina,,,,,,apollo,"painting company, painting services - North Carolina",https://app.apollo.io/#/organizations/6696e5b121aa42000180b1ea?overrideScoreId=score,,,,http://www.linkedin.com/company/dwh-painting-company-inc-,,,,,
Rice Painting Company,http://www.ricepaintingcompany.com,,,Charlotte,North Carolina,,,,,,apollo,"painting company, painting services - North Carolina",https://app.apollo.io/#/organizations/615e9513d42fd60001065174?overrideScoreId=score,,,,http://www.linkedin.com/company/ricepaintingcompany,,,,,
Eastern Stucco Restorations,http://www.easternstuccorestorations.com,,,Charlotte,North Carolina,,,,,,apollo,"painting company, painting services - North Carolina",https://app.apollo.io/#/organizations/60b281dd74d87b000109983d?overrideScoreId=score,,,waterproofing+47,http://www.linkedin.com/company/eastern-stucco,,,,,
Triangle Painting & Siding,http://www.paintthetriangle.com,,,Apex,North Carolina,,,,,,apollo,"painting company, painting services - North Carolina",https://app.apollo.io/#/organizations/5da34db2c7968e0001628d18?overrideScoreId=score,,,exterior painting+61,http://www.linkedin.com/company/triangle-painting-solutions,,,,,
AG Drywall & Painting Inc,http://www.agdpainting.com,,,Charlotte,North Carolina,,,,,,apollo,"painting company, painting services - North Carolina",https://app.apollo.io/#/organizations/54a1363169702d352f6b4201?overrideScoreId=score,1.4M,,exterior painting+56,http://www.linkedin.com/company/ag-drywall-&-painting-inc,https://facebook.com/agpd.Inc,https://twitter.com/agddrywallandpa,,,
"LACKEY PAINTING, INC.",http://www.lackeypainting.com,,,Whitsett,North Carolina,,,,,,apollo,"painting company, painting services - North Carolina",https://app.apollo.io/#/organizations/614e9f8034ce4100014e985a?overrideScoreId=score,,,drywallpaint+49,http://www.linkedin.com/company/lackeypaintinginc,https://www.facebook.com/LackeyPaintingInc/,,,,
"Worth Painting, LLC",http://www.worthpaintingllc.com,,,King,North Carolina,,,,,,apollo,"painting company, painting services - North Carolina",https://app.apollo.io/#/organizations/672448868b4541000185fd08?overrideScoreId=score,,,,http://www.linkedin.com/company/worthpaintingllc,,,,,
Triangle Pro Painting,http://www.trianglepropainting.com,,,Raleigh,North Carolina,,,,,,apollo,"painting company, painting services - North Carolina",https://app.apollo.io/#/organizations/60b513ed11e23700c1c7983f?overrideScoreId=score,,,residential painting+71,http://www.linkedin.com/company/triangle-pro-painting,https://www.facebook.com/trianglepropainting,,,,
Mays Painting Company,http://www.mayspaintingcompany.com,,,High Point,North Carolina,,,,,,apollo,"painting company, painting services - North Carolina",https://app.apollo.io/#/organizations/5fcadb51a1424200010e694c?overrideScoreId=score,,,,http://www.linkedin.com/company/mays-painting-company,,,,,
MEP Painting & Wallcoverings Inc.,http://www.mep-painting.com,,,Oak Ridge,North Carolina,,,,,,apollo,"painting company, painting services - North Carolina",https://app.apollo.io/#/organizations/5e56498ed640ab0001081563?overrideScoreId=score,,,,http://www.linkedin.com/company/mep-painting-wallcoverings-inc,https://www.facebook.com/MEPpainting,https://twitter.com/mep_painting,,,
Century Painting NC,http://www.centurypaintingnc.com,,,Charlotte,North Carolina,,,,,,apollo,"painting company, painting services - North Carolina",https://app.apollo.io/#/organizations/5e561599440ea50001780a91?overrideScoreId=score,,,interior painting+89,http://www.linkedin.com/company/century-painting-nc,https://www.facebook.com/Centurypaintingnc,,,,
"Impressions Painting Company, Inc.",http://www.impressionspaintingcompany.com,,,Impressions Painting Company,Inc.,,,,,,apollo,"painting company, painting services - Inc.",https://app.apollo.io/#/organizations/54a1391269702de5b37e0b00?overrideScoreId=score,,,interior painting+5,http://www.linkedin.com/company/impressions-painting-company-inc.,,,,,
"SouthEnd Painting Contractors, Inc.",http://www.southendpainting.com,,,SouthEnd Painting Contractors,Inc.,,,,,,apollo,"painting company, painting services - Inc.",https://app.apollo.io/#/organizations/54a11d8969702d88c4cd0101?overrideScoreId=score,1.2M,,consumer services+55,http://www.linkedin.com/company/southend-painting-contractors-inc-,https://www.facebook.com/Charlottesbestpaintingcompany/,https://twitter.com/SouthEndPaint1,,,
Brothers Paint Co Inc,http://www.kellybrotherspainting.com,,,Charlotte,North Carolina,,,,,,apollo,"painting company, painting services - North Carolina",https://app.apollo.io/#/organizations/55f8af4ef3e5bb1952001ee2?overrideScoreId=score,30.8M,,local contractor+40,http://www.linkedin.com/company/brothers-paint-co-inc,https://facebook.com/pages/Kelly-Brothers-Painting-Inc/110691184290,,,,
Ladder Co Painting,http://www.laddercopainting.com,,,Raleigh,North Carolina,,,,,,apollo,"painting company, painting services - North Carolina",https://app.apollo.io/#/organizations/678898eaecd2bc0001f27921?overrideScoreId=score,,,interior painting+42,http://www.linkedin.com/company/ladder-co-painting,,,,,
Adams Painting Company,http://www.adamspaintnc.com,,,Wake Forest,North Carolina,,,,,,apollo,"painting company, painting services - North Carolina",https://app.apollo.io/#/organizations/67158268d5282c00018341af?overrideScoreId=score,,,,http://www.linkedin.com/company/adams-painting-company-llc,,,,,
Ukie Painting,http://www.ukiepainting.com,,,Mint Hill,North Carolina,,,,,,apollo,"painting company, painting services - North Carolina",https://app.apollo.io/#/organizations/616d7bdcf3b2a400dade1cf7?overrideScoreId=score,,,,http://www.linkedin.com/company/ukie-painting,,,,,
Alpha Omega Painters,http://www.alphaomegapainters.com,,,Burnsville,North Carolina,,,,,,apollo,"painting company, painting services - North Carolina",https://app.apollo.io/#/organizations/5ed25da607b0f800014a9557?overrideScoreId=score,,,,http://www.linkedin.com/company/alpha-omega-painters,,,,,
DeHaan Painting,http://www.dehaanpaints.com,,,Charlotte,North Carolina,,,,,,apollo,"painting company, painting services - North Carolina",https://app.apollo.io/#/organizations/56d75cb0f3e5bb19bc005071?overrideScoreId=score,,,interior house painting+36,http://www.linkedin.com/company/dehaan-painting,,,,,
Beach Painting Contractors & Beach Construction Group,http://www.beachpainting.com,,,Kill Devil Hills,North Carolina,,,,,,apollo,"painting company, painting services - North Carolina",https://app.apollo.io/#/organizations/54a1a7fd7468694f8fd74005?overrideScoreId=score,42.3M,,deck construction+92,http://www.linkedin.com/company/beach-painting-contractors-inc-,http://www.facebook.com/BeachPainting,http://twitter.com/beachpainting,,,
Johnson Painting Company & More,http://www.johnsonpaintingcoandmore.com,,,Kernersville,North Carolina,,,,,,apollo,"painting company, painting services - North Carolina",https://app.apollo.io/#/organizations/67384074f9a0930001a4b14a?overrideScoreId=score,,,,http://www.linkedin.com/company/johnson-painting-company-&-more,,,,,
Freedom Painting,http://www.freedompaintnc.com,,,Wilmington,North Carolina,,,,,,apollo,"painting company, painting services - North Carolina",https://app.apollo.io/#/organizations/66ae8966581a970001aebb5e?overrideScoreId=score,,,painting+29,http://www.linkedin.com/company/freedompaintnc,https://www.facebook.com/profile.php,,,,
"Profinish Coatings, Inc.",http://www.profinish-nc.com,,,Profinish Coatings,Inc.,,,,,,apollo,"painting company, painting services - Inc.",https://app.apollo.io/#/organizations/6451092c7f71d700a301a5fc?overrideScoreId=score,,,floor coatings+43,http://www.linkedin.com/company/profinish-coatings-inc,,,,,
Matias Painting,http://www.matiaspaintingllc.com,,,Raleigh,North Carolina,,,,,,apollo,"painting company, painting services - North Carolina",https://app.apollo.io/#/organizations/642125d26d4050008bc82b6e?overrideScoreId=score,,,strong communication+53,http://www.linkedin.com/company/matias-painting,,,,,
Paint Unlimited LLC,http://www.paintunlimitedllc.com,,,Oxford,North Carolina,,,,,,apollo,"painting company, painting services - North Carolina",https://app.apollo.io/#/organizations/63d5aa1ad9dfab0001f72a00?overrideScoreId=score,,,powerwash+49,http://www.linkedin.com/company/paint-unlimited-llc,,,,,
NC Paint Contractors,http://www.ncpaintcontractors.com,,,Greensboro,North Carolina,,,,,,apollo,"painting company, painting services - North Carolina",https://app.apollo.io/#/organizations/5da535680a74550001af4f16?overrideScoreId=score,,,remodelingtexture+52,http://www.linkedin.com/company/nc-paint-contractors,,,,,
Custom Professional Painting Services,http://www.customprofessionalpaintingservices.net,,,Hickory,North Carolina,,,,,,apollo,"painting company, painting services - North Carolina",https://app.apollo.io/#/organizations/5500c2cb7369646161fb4100?overrideScoreId=score,322K,,pressurewashing+9,http://www.linkedin.com/company/custom-professional-painting-services,https://facebook.com/customprofessionalpainting,https://twitter.com/CPPS_Kelly,,,
"Good Faith Paint Company, LLC",http://www.goodfaithpaint.com,,,Raleigh,North Carolina,,,,,,apollo,"painting company, painting services - North Carolina",https://app.apollo.io/#/organizations/5500be297369641708da2e00?overrideScoreId=score,5.6M,,,http://www.linkedin.com/company/good-faith-paint-company-llc,https://facebook.com/pages/Good-Faith-Paint-Company-LLC/589182071141160,https://twitter.com/GoodFaithPaint,,,
Dynamic Painting Services,http://www.dynamicpainter.com,,,Wilmington,North Carolina,,,,,,apollo,"painting company, painting services - North Carolina",https://app.apollo.io/#/organizations/6725cf162228b900016fb5ba?overrideScoreId=score,,,,http://www.linkedin.com/company/dynamic-painting-services,,,,,
Carolina Southern Painting Company,http://www.carolinasoutherncompany.com,,,Pfafftown,North Carolina,,,,,,apollo,"painting company, painting services - North Carolina",https://app.apollo.io/#/organizations/670f7f62b3b04b0001ce2554?overrideScoreId=score,,,,http://www.linkedin.com/company/carolina-southern-painting-company,http://www.facebook.com/carolinasouthernco,,,,
HomeRun Maintenance,http://www.thehomerunlife.com,,,Wilmington,North Carolina,,,,,,apollo,"painting company, painting services - North Carolina",https://app.apollo.io/#/organizations/6460e816b8339500017cabbf?overrideScoreId=score,,,plumbing+82,http://www.linkedin.com/company/homerun-maintenance,,,,,
Handyman on Purpose,http://www.handymanonpurpose.com,,,Clayton,North Carolina,,,,,,apollo,"painting company, painting services - North Carolina",https://app.apollo.io/#/organizations/640ad09fc5538d00015f29cd?overrideScoreId=score,,,small jobs+40,http://www.linkedin.com/company/handymanonpurpose,https://www.facebook.com/handymanonpurpose/,,,,
Zarazua Painting,http://www.zarazuapainting.com,,,Durham,North Carolina,,,,,,apollo,"painting company, painting services - North Carolina",https://app.apollo.io/#/organizations/5a9ec927a6da98d98c6fe1b6?overrideScoreId=score,,,residential painting+67,http://www.linkedin.com/company/zarazua-painting,,,,,
Fresh & Bright Corp.,http://www.freshandbrightcorp.com,,,Charlotte,North Carolina,,,,,,apollo,"painting company, painting services - North Carolina",https://app.apollo.io/#/organizations/5a9cbc0ca6da98d977efc629?overrideScoreId=score,,,professional painting+37,http://www.linkedin.com/company/fresh-&-bright-corp.,,,,,
"The JEVN Group, Fixer Bee",http://www.fixerbee.us,,,The JEVN Group,Fixer Bee,,,,,,apollo,"painting company, painting services - Fixer Bee",https://app.apollo.io/#/organizations/6718bdac473a1c0001253ddf?overrideScoreId=score,,,electric services+108,http://www.linkedin.com/company/fixerbee,https://www.facebook.com/fixerbee,,,,
Phillips Painting Services,http://www.phillipspaintingservices.com,,,Greensboro,North Carolina,,,,,,apollo,"painting company, painting services - North Carolina",https://app.apollo.io/#/organizations/66ea7c8000e5b70001241666?overrideScoreId=score,,,,http://www.linkedin.com/company/phillips-painting-services,,,,,
"Edgar Gallegos Construction, LLC",http://www.eddbuilds.com,,,Greensboro,North Carolina,,,,,,apollo,"painting company, painting services - North Carolina",https://app.apollo.io/#/organizations/66e801a9d7506b0001887611?overrideScoreId=score,,,home interior+42,http://www.linkedin.com/company/edgar-gallegos-construction-llc,http://facebook.com/eddbuilds,,,,
Color World Painting Charlotte,,,,Concord,North Carolina,,,,,,apollo,"painting company, painting services - North Carolina",https://app.apollo.io/#/organizations/668220bba3c902000147bcac?overrideScoreId=score,,,gutter services+19,http://www.linkedin.com/company/colorworldpaintingnorthcharlotte,,,,,
Trailblaze Paints,http://www.trailblazepaintsnc.com,,,Mooresville,North Carolina,,,,,,apollo,"painting company, painting services - North Carolina",https://app.apollo.io/#/organizations/64f36c56fde7080001e476ca?overrideScoreId=score,,,interior trim painting+55,http://www.linkedin.com/company/trailblaze-paints,,,,,
Prep-Rite Painting,http://www.prepritepainting.com,,,Cary,North Carolina,,,,,,apollo,"painting company, painting services - North Carolina",https://app.apollo.io/#/organizations/6487790821090100a3075d5e?overrideScoreId=score,21.3M,,cabinet painting+87,http://www.linkedin.com/company/prep-rite-painting-corporation,https://facebook.com/487128264822198,https://twitter.com/prepritepaintNC,,,
Clinton Painting Services,http://www.clintonpaintsgreensboro.com,,,Greensboro,North Carolina,,,,,,apollo,"painting company, painting services - North Carolina",https://app.apollo.io/#/organizations/54a129ed69702dc8411b9401?overrideScoreId=score,,,wallpaper removal+58,http://www.linkedin.com/company/clinton-painting-services,https://facebook.com/greensboropainter,,,,
Charlotte Painting Services,http://www.charlottepaintingservices.com,,,Charlotte,North Carolina,,,,,,apollo,"painting company, painting services - North Carolina",https://app.apollo.io/#/organizations/672ee1d20af9f60001ceb184?overrideScoreId=score,,,,http://www.linkedin.com/company/charlotte-painting-services,,,,,
On A Roll Painting Services,http://www.getonaroll.com,,,Charlotte,North Carolina,,,,,,apollo,"painting company, painting services - North Carolina",https://app.apollo.io/#/organizations/6715b185e7d00f000192227b?overrideScoreId=score,10M,,,http://www.linkedin.com/company/on-a-roll-painting-services,,,,,
Eubanks Painting Company,http://www.eubankspaintingcompany.com,,,Garner,North Carolina,,,,,,apollo,"painting company, painting services - North Carolina",https://app.apollo.io/#/organizations/67156566cd85fc0001a1a065?overrideScoreId=score,,,,http://www.linkedin.com/company/eubanks-painting-company,https://facebook.com/pages/Eubanks-Painting-Company/109106005819516,,,,
Cawley Painting Company,http://www.raleigh-cary-apex-painting.com,,,Moncure,North Carolina,,,,,,apollo,"painting company, painting services - North Carolina",https://app.apollo.io/#/organizations/66f2351620771b00018d4264?overrideScoreId=score,,,,http://www.linkedin.com/company/cawley-painting-company,,,,,
"Athena Painting Services, LLC",http://www.athenapainting.com,,,Cary,North Carolina,,,,,,apollo,"painting company, painting services - North Carolina",https://app.apollo.io/#/organizations/64ae6c900a6a390001dd8a63?overrideScoreId=score,,,wallpaper removal+9,http://www.linkedin.com/company/athena-painting-services-llc,https://www.facebook.com/athenapainting,https://twitter.com/PaintingAthena,,,
Fargo Painting Company,http://www.fargopaintingpros.com,,,Fargo,North Dakota,,,,,,apollo,"painting company, painting services - North Dakota",https://app.apollo.io/#/organizations/61ad4ea75370c80001e34fb6?overrideScoreId=score,,,painting company,http://www.linkedin.com/company/fargo-painting-company,https://facebook.com/Fargo-Painting-Company-255230783014616,,,,
Fox Painting,http://www.foxpaintingcompany.com,,,Cleveland,Ohio,,,,,,apollo,"painting company, painting services - Ohio",https://app.apollo.io/#/organizations/5da4522004a1370001b0f739?overrideScoreId=score,3.5M,,painted ceiling finishes+65,http://www.linkedin.com/company/fox-painting,https://www.facebook.com/Fox-Painting-Company-105604672848116/,https://twitter.com/FoxPaintingCo,,,
Martin Painting & Coating Co.,http://www.martinpainting.com,,,Grove City,Ohio,,,,,,apollo,"painting company, painting services - Ohio",https://app.apollo.io/#/organizations/54a1357469702d317044ee00?overrideScoreId=score,39M,,commercial painting+67,http://www.linkedin.com/company/martin-painting-&-coating-co-,http://www.facebook.com/MartinPaintingCoatingCo,,,,
K Kern Painting LLC,http://www.kkernpainting.com,,,Toledo,Ohio,,,,,,apollo,"painting company, painting services - Ohio",https://app.apollo.io/#/organizations/5e57d8bd1e1aa100018e899a?overrideScoreId=score,,,interior painting+61,http://www.linkedin.com/company/k-kern-painting-llc,https://www.facebook.com/kkernpaintingllc/,,,,
Textbook Painting,http://www.textbookpainting.com,,,Lakewood,Ohio,,,,,,apollo,"painting company, painting services - Ohio",https://app.apollo.io/#/organizations/54a12b1c69702dcef9dd7702?overrideScoreId=score,,,exterior painting+59,http://www.linkedin.com/company/textbook-painting,https://facebook.com/TextbookPainting,https://twitter.com/TextbookPaint,,,
The Painting Company,http://www.thepaintingcompany.com,,,Plain City,Ohio,,,,,,apollo,"painting company, painting services - Ohio",https://app.apollo.io/#/organizations/5e57a7c30c206a00016cdc51?overrideScoreId=score,,,commercial painting+63,http://www.linkedin.com/company/thepaintingcompany,https://facebook.com/ThePaintingCompany.Asman/,,,,
Performance Painting,http://www.performancepainting.com.au,,,Columbus,Ohio,,,,,,apollo,"painting company, painting services - Ohio",https://app.apollo.io/#/organizations/6615c83f1796580007a95776?overrideScoreId=score,54.7M,,,http://www.linkedin.com/company/performance-painting,,,,,
Patton Painting Incorporated,http://www.pattonpainting.com,,,Westlake,Ohio,,,,,,apollo,"painting company, painting services - Ohio",https://app.apollo.io/#/organizations/54a13c0d69702de5b3f1cd01?overrideScoreId=score,12.3M,,,http://www.linkedin.com/company/patton-painting-incorporated,https://www.facebook.com/pages/Patton%20Painting%20Inc./1780064702269337/,,,,
Valley Painting Company,http://www.chagrinvalleypainting.com,,,Chagrin Falls,Ohio,,,,,,apollo,"painting company, painting services - Ohio",https://app.apollo.io/#/organizations/54a1295d69702dc8410c4c01?overrideScoreId=score,,,,http://www.linkedin.com/company/valley-painting-company,,https://twitter.com/valleypainting,,,
B3 Construction,http://www.b-3construction.com,,,Mantua,Ohio,,,,,,apollo,"painting company, painting services - Ohio",https://app.apollo.io/#/organizations/5e569f4951043e000165ef45?overrideScoreId=score,,,kitchenbathroom+57,http://www.linkedin.com/company/b3-construction,,,,,
"Gray Painting, LLC",http://www.gray-painting.com,,,Loveland,Ohio,,,,,,apollo,"painting company, painting services - Ohio",https://app.apollo.io/#/organizations/55921a1173696418aea66b00?overrideScoreId=score,,,soft washing+30,http://www.linkedin.com/company/gray-painting,https://www.facebook.com/Gray-Painting-168992966468417,https://twitter.com/GrayPainting,,,
The Dependable Painting Company,http://www.dependableptg.com,,,Cleveland,Ohio,,,,,,apollo,"painting company, painting services - Ohio",https://app.apollo.io/#/organizations/54a1353f69702d333d15b900?overrideScoreId=score,23.1M,,restoration services+47,http://www.linkedin.com/company/the-dependable-painting-co.,http://www.facebook.com/envato,http://twitter.com/envato,,,
"Ohio Structures, Inc.",http://www.ohiostructures.com,,,Ohio Structures,Inc.,,,,,,apollo,"painting company, painting services - Inc.",https://app.apollo.io/#/organizations/5b135dbda6da98dd1384fc17?overrideScoreId=score,8.5M,,steel fabrication+55,http://www.linkedin.com/company/ohio-structures-inc,,,,,
No Drip Painting,http://www.nodrippainting.com,,,Grove City,Ohio,,,,,,apollo,"painting company, painting services - Ohio",https://app.apollo.io/#/organizations/559202fa7369641903881800?overrideScoreId=score,,,limewash application+47,http://www.linkedin.com/company/no-drip-painting,,,,,
Paint 4 You,http://www.paint4youcolumbus.com,,,Columbus,Ohio,,,,,,apollo,"painting company, painting services - Ohio",https://app.apollo.io/#/organizations/54a1393e69702d267a394c00?overrideScoreId=score,15.7M,,,http://www.linkedin.com/company/paint-4-you,https://facebook.com/paint4youcbus,,,,
Dynamic Painting LLC,http://www.dynamicpainting.net,,,Lewis Center,Ohio,,,,,,apollo,"painting company, painting services - Ohio",https://app.apollo.io/#/organizations/54a12a6f69702d8cfc384602?overrideScoreId=score,4M,,,http://www.linkedin.com/company/dynamic-painting-llc,https://facebook.com/dynamicpainting,https://twitter.com/dynamicpainting,,,
RLS Construction Inc,http://www.rlsconstructioninc.com,,,Cincinnati,Ohio,,,,,,apollo,"painting company, painting services - Ohio",https://app.apollo.io/#/organizations/63d5cb2d2ece260001d339aa?overrideScoreId=score,,,roofing+59,http://www.linkedin.com/company/rls-construction-inc,https://www.facebook.com/RLSConstructioninc/,,,,
Uni Pro Painting Inc.,http://www.unipropainting.com,,,Bedford,Ohio,,,,,,apollo,"painting company, painting services - Ohio",https://app.apollo.io/#/organizations/54a1a26a7468694f8fd99b03?overrideScoreId=score,,,,http://www.linkedin.com/company/uni-pro-painting-inc-,,,,,
AB Contracting,http://www.abcontr.com,,,Mason,Ohio,,,,,,apollo,"painting company, painting services - Ohio",https://app.apollo.io/#/organizations/63b1454a9b039e00013625e8?overrideScoreId=score,,,pressure washing+70,http://www.linkedin.com/company/ab-contracting-cincinnati,,,,,
"KCS Contracting, LLC",http://www.kcscontracting.net,,,Holland,Ohio,,,,,,apollo,"painting company, painting services - Ohio",https://app.apollo.io/#/organizations/645080d3c6b854008bd8e1bc?overrideScoreId=score,,,painting services+54,http://www.linkedin.com/company/kcs-contracting-llc,,,,,
The Ohio Painting Company,http://www.ohiopainting.com,,,Miamisburg,Ohio,,,,,,apollo,"painting company, painting services - Ohio",https://app.apollo.io/#/organizations/56d522f0f3e5bb43e20013e2?overrideScoreId=score,,,,http://www.linkedin.com/company/ohiopainting,https://facebook.com/ohiopaintingco,,,,
Muha Construction Inc,http://www.muhaconstruction.com,,,Dayton,Ohio,,,,,,apollo,"painting company, painting services - Ohio",https://app.apollo.io/#/organizations/559240d27369641912b8f800?overrideScoreId=score,11M,,functional spaces+55,http://www.linkedin.com/company/muha-construction-inc,,,,,
Vimas Painting Company Inc,,,,Campbell,Ohio,,,,,,apollo,"painting company, painting services - Ohio",https://app.apollo.io/#/organizations/55921cb87369644785735400?overrideScoreId=score,,,,http://www.linkedin.com/company/vimas-painting-company-inc,,,,,
American Quality Painting,http://www.aqpcolumbus.com,,,Columbus,Ohio,,,,,,apollo,"painting company, painting services - Ohio",https://app.apollo.io/#/organizations/623fc8e3880c2f00013c2b32?overrideScoreId=score,,,exterior painting+53,http://www.linkedin.com/company/aqpcolumbus,https://www.facebook.com/Aqpcolumbus/,,,,
"Color Renovation, LLC",http://www.colorrenovation.com,,,Broadview Heights,Ohio,,,,,,apollo,"painting company, painting services - Ohio",https://app.apollo.io/#/organizations/5b8719e0f874f7494c27e7df?overrideScoreId=score,,,vinyl siding refinishing+30,http://www.linkedin.com/company/color-renovation-llc,,,,,
"Kane Painting, LLC",http://www.kanepaintingohio.com,,,Akron,Ohio,,,,,,apollo,"painting company, painting services - Ohio",https://app.apollo.io/#/organizations/55f73bb7f3e5bb16590003e6?overrideScoreId=score,,,exterior painting+85,http://www.linkedin.com/company/kanepaintingohio,,,,,
Qualified Interiors Inc,http://www.qualifiedinteriors.com,,,Cleveland,Ohio,,,,,,apollo,"painting company, painting services - Ohio",https://app.apollo.io/#/organizations/54a1206369702d86b6c32b02?overrideScoreId=score,13.2M,,flooring & painting+51,http://www.linkedin.com/company/qualified-interiors-inc,https://facebook.com/pages/Qualified-Interiors/163294070356704,,,,
Procoat Painting Inc.,http://www.procoatptg.com,,,Batavia,Ohio,,,,,,apollo,"painting company, painting services - Ohio",https://app.apollo.io/#/organizations/66f9f36c27980600013019b0?overrideScoreId=score,31.1M,,industrial coating+64,http://www.linkedin.com/company/procoatptg2,https://www.facebook.com/profile.php,,,,
"Sure Home Improvements, LLC",http://www.surehomeimprovements.com,,,Columbus,Ohio,,,,,,apollo,"painting company, painting services - Ohio",https://app.apollo.io/#/organizations/56e64e99f3e5bb6b7a012479?overrideScoreId=score,,,,http://www.linkedin.com/company/sure-home-improvements-llc,,,,,
Apply Rite,http://www.applyrite.com,,,Cincinnati,Ohio,,,,,,apollo,"painting company, painting services - Ohio",https://app.apollo.io/#/organizations/55f68ff6f3e5bb18f801218c?overrideScoreId=score,65.6M,,roofing+52,http://www.linkedin.com/company/apply-rite-roofing,,,,,
The Picky Painters,http://www.thepickypainters.com,,,Berea,Ohio,,,,,,apollo,"painting company, painting services - Ohio",https://app.apollo.io/#/organizations/5e55dee5c41546000161f28b?overrideScoreId=score,,,interior painting+50,http://www.linkedin.com/company/the-picky-painters,https://www.facebook.com/ThePickyPainters/,https://twitter.com/Picky_Painters,,,
Salvato Painting Company,http://www.salvatopainting.com,,,Powell,Ohio,,,,,,apollo,"painting company, painting services - Ohio",https://app.apollo.io/#/organizations/556d498e736964125809cf00?overrideScoreId=score,,,,http://www.linkedin.com/company/salvato-painting-company,,,,,
Home Solutions Handyman,http://www.homesolutionshandyman.net,,,Milford,Ohio,,,,,,apollo,"painting company, painting services - Ohio",https://app.apollo.io/#/organizations/54a1aff6746869547537fb07?overrideScoreId=score,,,,http://www.linkedin.com/company/home-solutions-handyman,,,,,
Sanner Painting Company,http://www.sannerpainting.com,,,West Carrollton,Ohio,,,,,,apollo,"painting company, painting services - Ohio",https://app.apollo.io/#/organizations/67435ac9975d6e00016b6d8d?overrideScoreId=score,18M,,,http://www.linkedin.com/company/sanner-painting-company,,,,,
"Rock It Drywall, LLC",http://www.rockitdrywall.com,,,Dayton,Ohio,,,,,,apollo,"painting company, painting services - Ohio",https://app.apollo.io/#/organizations/646db68029511d00d0461053?overrideScoreId=score,,,basement finishing+72,http://www.linkedin.com/company/rock-it-drywall-llc,https://www.facebook.com/RockItDrywallLLC,,,,
U.S. Pro Painters LLC,http://www.uspropainters.com,,,Springfield,Ohio,,,,,,apollo,"painting company, painting services - Ohio",https://app.apollo.io/#/organizations/5e57a7019303fe0001d815ce?overrideScoreId=score,,,exterior painting+61,http://www.linkedin.com/company/u-s-pro-painters-llc,https://www.facebook.com/uspropaintersohio/,https://twitter.com/uspropainters,,,
365 Renovations,http://www.365renovations.com,,,West Chester,Ohio,,,,,,apollo,"painting company, painting services - Ohio",https://app.apollo.io/#/organizations/55f7954af3e5bb095d001303?overrideScoreId=score,23.5M,,exterior painting+77,http://www.linkedin.com/company/365-renovations,https://facebook.com/pages/365-Renovations/1414247105491552,,,,
Cleveland Custom Painting,http://www.clevelandcustompainting.com,,,Rocky River,Ohio,,,,,,apollo,"painting company, painting services - Ohio",https://app.apollo.io/#/organizations/55f1b344f3e5bb11be003ba6?overrideScoreId=score,,,power washing services+8,http://www.linkedin.com/company/cleveland-custom-painting-inc,,,,,
Bridges R Us Painting Company,,,,Campbell,Ohio,,,,,,apollo,"painting company, painting services - Ohio",https://app.apollo.io/#/organizations/55922d2a73696448592d5100?overrideScoreId=score,,,,http://www.linkedin.com/company/bridges-r-us-painting-company,,,,,
PRESTIGE PAINTING SERVICES LIMITED,http://www.prestigepaintingservices.net.au,,,Mansfield,Ohio,,,,,,apollo,"painting company, painting services - Ohio",https://app.apollo.io/#/organizations/67421cd156a50f0001bf9049?overrideScoreId=score,,,,http://www.linkedin.com/company/prestige-painting-services-limited,,,,,
Altitude Painting & Services,http://www.altitudepaintingservices.com,,,West Chester,Ohio,,,,,,apollo,"painting company, painting services - Ohio",https://app.apollo.io/#/organizations/6735866833ffa70001a7cc3a?overrideScoreId=score,,,house painting+5,http://www.linkedin.com/company/altitude-painting-services,,,,,
Fryer & Sons Painting Company,,,,Franklin,Ohio,,,,,,apollo,"painting company, painting services - Ohio",https://app.apollo.io/#/organizations/6548cc8212ff990001f2c3e1?overrideScoreId=score,,,residential+7,http://www.linkedin.com/company/fryer-sons-painting-company,,,,,
Fox Interior Painting,http://www.foxinteriorpainting.com,,,Aurora,Ohio,,,,,,apollo,"painting company, painting services - Ohio",https://app.apollo.io/#/organizations/641f3d38f3f79f000178785d?overrideScoreId=score,,,,http://www.linkedin.com/company/fox-interior-painting,https://www.facebook.com/104397372530022,https://www.twitter.com/fox_interior,,,
Imprūv Painting & Contracting,http://www.impruvpainting.com,,,Columbus,Ohio,,,,,,apollo,"painting company, painting services - Ohio",https://app.apollo.io/#/organizations/63d5725c4b6606000119cffe?overrideScoreId=score,,,residential painting+38,http://www.linkedin.com/company/impr%c5%abv-painting-contracting,,,,,
Brush Up Painting LLC,http://www.brushuppainting.com,,,Warren,Ohio,,,,,,apollo,"painting company, painting services - Ohio",https://app.apollo.io/#/organizations/63b508c0b4d49d0001ea2617?overrideScoreId=score,,,dependability+69,http://www.linkedin.com/company/brush-up-painting-llc,,,,,
Queen City Painting and Decorating LLC,http://www.queencitypd.com,,,Cincinnati,Ohio,,,,,,apollo,"painting company, painting services - Ohio",https://app.apollo.io/#/organizations/61351dfab5823e000137a13d?overrideScoreId=score,,,power washing+47,http://www.linkedin.com/company/queencitypainting,https://www.facebook.com/queencitypaintingllc/,,,,
KR Remodeling Services,http://www.krremodelingservices.com,,,Fairfield,Ohio,,,,,,apollo,"painting company, painting services - Ohio",https://app.apollo.io/#/organizations/5e57b0319c01df0001ed0779?overrideScoreId=score,,,interior painting+69,http://www.linkedin.com/company/kr-remodeling-services,,,,,
A Fresh Color & Design Ltd.,http://www.afreshcolor.com,,,North Royalton,Ohio,,,,,,apollo,"painting company, painting services - Ohio",https://app.apollo.io/#/organizations/55eaf15ef3e5bb4548003f29?overrideScoreId=score,2.0M,,cabinet refinishing+33,http://www.linkedin.com/company/afreshcolor,https://facebook.com/afreshcolor,https://twitter.com/AFreshColor,,,
American Star Painting Company,http://www.americanstarcoatings.com,,,Marietta,Ohio,,,,,,apollo,"painting company, painting services - Ohio",https://app.apollo.io/#/organizations/5500bc7373696417912d2700?overrideScoreId=score,,,,http://www.linkedin.com/company/american-star-painting-company,,,,,
Sorokin Construction Group LLC,http://www.sorokinconstruction.com,,,Cleveland,Ohio,,,,,,apollo,"painting company, painting services - Ohio",https://app.apollo.io/#/organizations/661130cc22585300071b8647?overrideScoreId=score,,,commercial painting+48,http://www.linkedin.com/company/sorokin,https://www.facebook.com/people/Sorokin-Construction-Group-LLC/61556275971127/,,,,
Columbus Coated LLC,http://www.columbuscoated.com,,,Westerville,Ohio,,,,,,apollo,"painting company, painting services - Ohio",https://app.apollo.io/#/organizations/62eb5e0463f87f0001ee129d?overrideScoreId=score,,,,http://www.linkedin.com/company/columbus-coated,,,,,
Sirus Construction and Management Inc,http://www.thesirus.com,,,Westerville,Ohio,,,,,,apollo,"painting company, painting services - Ohio",https://app.apollo.io/#/organizations/5a9db6eda6da98d954db8aa9?overrideScoreId=score,,,property management+74,http://www.linkedin.com/company/stoneinvestmentanddevelopmentgroup,,,,,
Stellar Painting Services,http://www.stellarpaintingservices.com,,,Cincinnati,Ohio,,,,,,apollo,"painting company, painting services - Ohio",https://app.apollo.io/#/organizations/55f6173bf3e5bb193f004b6a?overrideScoreId=score,31.7M,,deck staining+6,http://www.linkedin.com/company/stellar-painting-services,https://facebook.com/pages/Stellar-Painting-Services/909675979066725,,,,
Otterson Contracting,http://www.ottersoncontracting.com,,,Maumee,Ohio,,,,,,apollo,"painting company, painting services - Ohio",https://app.apollo.io/#/organizations/6700e644c57cc10001142f47?overrideScoreId=score,,,,http://www.linkedin.com/company/otterson-contracting,https://www.facebook.com/OttersonContracting,,,,
Pritts Painting Company,http://www.prittspainting.com,,,Westerville,Ohio,,,,,,apollo,"painting company, painting services - Ohio",https://app.apollo.io/#/organizations/6654748d98df0301eb3ab68d?overrideScoreId=score,,,industrial painting+8,http://www.linkedin.com/company/pritts-painting-company,,,,,
"Y•Co. Construction, LLC",http://www.ycoconstruction.com,,,Columbiana,Ohio,,,,,,apollo,"painting company, painting services - Ohio",https://app.apollo.io/#/organizations/5fc871aa8f398f0001481173?overrideScoreId=score,,,roofing with integrity+75,http://www.linkedin.com/company/yenges-construction-company-llc,,,,,
Johnson Specialty Painters,http://www.johnsonspecialtypainters.com,,,Dayton,Ohio,,,,,,apollo,"painting company, painting services - Ohio",https://app.apollo.io/#/organizations/5fc80951f8b1850001273495?overrideScoreId=score,,,,http://www.linkedin.com/company/johnson-specialty-painters,,,,,
Tabor Painting Services,http://www.taborpainting.com,,,Loveland,Ohio,,,,,,apollo,"painting company, painting services - Ohio",https://app.apollo.io/#/organizations/57c4c9f7a6da983672b8bedd?overrideScoreId=score,,,,http://www.linkedin.com/company/tabor-painting-services,,,,,
Americoat Painting Company,http://www.americoatpainting.com,,,Campbell,Ohio,,,,,,apollo,"painting company, painting services - Ohio",https://app.apollo.io/#/organizations/57c49cfaa6da983258996e9d?overrideScoreId=score,,,,http://www.linkedin.com/company/americoat-painting-company,,,,,
HAPPY HANDY GIRL LLC,http://www.happyhandygirl.com,,,Cincinnati,Ohio,,,,,,apollo,"painting company, painting services - Ohio",https://app.apollo.io/#/organizations/67d90025b22e400001605f6e?overrideScoreId=score,,,interior house painting+48,http://www.linkedin.com/company/happy-handy-girl-llc,,,,,
Cincy Paint,http://www.cincypaint.com,,,Cincinnati,Ohio,,,,,,apollo,"painting company, painting services - Ohio",https://app.apollo.io/#/organizations/67b2be39b82ad800151b65fc?overrideScoreId=score,,,painting craftsmanship+66,http://www.linkedin.com/company/cincypaint,,,,,
Sroufe’s Jason Painting Services,http://www.sroufespainting.com,,,Troy,Ohio,,,,,,apollo,"painting company, painting services - Ohio",https://app.apollo.io/#/organizations/673842da0c75e7000198384d?overrideScoreId=score,,,,http://www.linkedin.com/company/sroufe%e2%80%99s-jason-painting-services,,,,,
Bristlewood Painting Company,http://www.bristlewoodpaintingco.com,,,Columbus,Ohio,,,,,,apollo,"painting company, painting services - Ohio",https://app.apollo.io/#/organizations/672df4940a14590001ecc028?overrideScoreId=score,,,,http://www.linkedin.com/company/bristlewood-painting-company,,,,,
Painters Now,http://www.painterscompany.com,,,Dayton,Ohio,,,,,,apollo,"painting company, painting services - Ohio",https://app.apollo.io/#/organizations/67280ff52db1f90001ee5484?overrideScoreId=score,,,painting company+5,http://www.linkedin.com/company/painters-now,,,,,
"Alive & Well Environmental Services, LLC (AAWES)",http://www.aawes.com,,,Columbus,Ohio,,,,,,apollo,"painting company, painting services - Ohio",https://app.apollo.io/#/organizations/6718cf45fb37b90001671971?overrideScoreId=score,,,residential contracting+13,http://www.linkedin.com/company/aawesteam,https://www.facebook.com/aawesteam/,,,,
"LOST ART PAINTING COMPANY, LLC",http://www.lostartpainting.com,,,Strongsville,Ohio,,,,,,apollo,"painting company, painting services - Ohio",https://app.apollo.io/#/organizations/6710ee1a911dee0001841725?overrideScoreId=score,,,,http://www.linkedin.com/company/lost-art-painting-company-llc,,,,,
LIME Painting of Cincinnati,http://www.limepaintingofcincinnati.com,,,Cincinnati,Ohio,,,,,,apollo,"painting company, painting services - Ohio",https://app.apollo.io/#/organizations/61ec442213ab850001e89692?overrideScoreId=score,,,house painting+34,http://www.linkedin.com/company/lime-painting-of-cincinnati,,,,,
Wiljo Interiors Inc,http://www.wiljointeriors.com,,,Tulsa,Oklahoma,,,,,,apollo,"painting company, painting services - Oklahoma",https://app.apollo.io/#/organizations/54a1a33c7468695475cfb103?overrideScoreId=score,,,arkansas projects+40,http://www.linkedin.com/company/wiljo-interiors-inc,,,,,
Performance Painting Company,http://www.performancepainting.co,,,Oklahoma City,Oklahoma,,,,,,apollo,"painting company, painting services - Oklahoma",https://app.apollo.io/#/organizations/5d3455d680f93e3a27062ce1?overrideScoreId=score,,,exterior painting+31,http://www.linkedin.com/company/performance-painting-company,,,,,
McCann's Roofing and Construction,http://www.roofingbymccanns.com,,,Edmond,Oklahoma,,,,,,apollo,"painting company, painting services - Oklahoma",https://app.apollo.io/#/organizations/632079073a00d000ccaa4be9?overrideScoreId=score,,,roofingskylights+56,http://www.linkedin.com/company/mccann-s-roofing-and-construction,,,,,
Million Painting,http://www.millionpainting.com,,,Norman,Oklahoma,,,,,,apollo,"painting company, painting services - Oklahoma",https://app.apollo.io/#/organizations/5ed784975c860c0001936833?overrideScoreId=score,,,reliable service+46,http://www.linkedin.com/company/million-painting,https://facebook.com/millionpainting,,,,
Lemus Remodeling and Painting,http://www.lemus-painting.com,,,Tulsa,Oklahoma,,,,,,apollo,"painting company, painting services - Oklahoma",https://app.apollo.io/#/organizations/62c86558cf138300f589add1?overrideScoreId=score,,,home care+48,http://www.linkedin.com/company/lemusremodelpainting,,,,,
Fogleman Home Solutions,http://www.foglemanhomesolutions.com,,,Talala,Oklahoma,,,,,,apollo,"painting company, painting services - Oklahoma",https://app.apollo.io/#/organizations/672fb4cfcd1c1f00017a05b0?overrideScoreId=score,,,outdoor services+41,http://www.linkedin.com/company/foglemanhomesolutions,https://facebook.com/people/Fogleman-Home-Solutions-LLC/61553790056533/,https://twitter.com/FHSllc2023,,,
Dukes Painting and Repair,http://www.tulsapaintcontractor.com,,,Tulsa,Oklahoma,,,,,,apollo,"painting company, painting services - Oklahoma",https://app.apollo.io/#/organizations/54a19d9a74686958608b1802?overrideScoreId=score,,,home repair+37,http://www.linkedin.com/company/dukes-painting-and-repair,,,,,
Webfoot Home Improvements,http://www.webfoothome.com,,,Bend,Oregon,,,,,,apollo,"painting company, painting services - Oregon",https://app.apollo.io/#/organizations/54a11bbe69702d918c705600?overrideScoreId=score,9.4M,,carpentry+62,http://www.linkedin.com/company/webfoot-bend,https://www.facebook.com/webfoothomeimprovements,https://twitter.com/WebfootPainting,,,
Siegner and Company,http://www.siegnerandcompany.com,,,Portland,Oregon,,,,,,apollo,"painting company, painting services - Oregon",https://app.apollo.io/#/organizations/60b3339c4826dc0001d492ac?overrideScoreId=score,,,commercial painting+62,http://www.linkedin.com/company/siegnerandcompany,https://facebook.com/Siegner,,,,
JK Paint & Contracting,http://www.jkpaint.com,,,Newberg,Oregon,,,,,,apollo,"painting company, painting services - Oregon",https://app.apollo.io/#/organizations/6049f133c58133000169f646?overrideScoreId=score,,,cabinet painting+51,http://www.linkedin.com/company/jk-paint-contracting,https://www.facebook.com/jkpaintncontracting/,,,,
"Mid-Valley Commercial Construction, Inc.",http://www.mid-valleyinc.com,,,Mid-Valley Commercial Construction,Inc.,,,,,,apollo,"painting company, painting services - Inc.",https://app.apollo.io/#/organizations/5b1535c6a6da987120e41365?overrideScoreId=score,,,,http://www.linkedin.com/company/mid-valley-commercial-construction,https://www.facebook.com/MVCCI/,,,,
Kaminski Construction LLC,http://www.kaminskiconstruction.com,,,Eugene,Oregon,,,,,,apollo,"painting company, painting services - Oregon",https://app.apollo.io/#/organizations/56e3f5dff3e5bb15f900389e?overrideScoreId=score,,,,http://www.linkedin.com/company/kaminski-construction-llc,,,,,
Gaviotas Painting,http://www.gaviotaspainting.com,,,Eugene,Oregon,,,,,,apollo,"painting company, painting services - Oregon",https://app.apollo.io/#/organizations/54a11d1369702d88c449d800?overrideScoreId=score,15.1M,,dry rot inspection+47,http://www.linkedin.com/company/gaviotas-painting,https://facebook.com/pages/Gaviotas-Painting-LLC/557963950900334,,,,
G&R Painting Company,http://www.gnrpainting.co,,,Hillsboro,Oregon,,,,,,apollo,"painting company, painting services - Oregon",https://app.apollo.io/#/organizations/5ed35283f2ab0d000110b7d9?overrideScoreId=score,,,paintingremodels+5,http://www.linkedin.com/company/g-r-painting-company,,,,,
3Rs Construction & Remodeling,http://www.3rsconstruction.com,,,Salem,Oregon,,,,,,apollo,"painting company, painting services - Oregon",https://app.apollo.io/#/organizations/5d36056aa3ae61b6b9e41f1a?overrideScoreId=score,5.8M,,,http://www.linkedin.com/company/3rs-construction,https://facebook.com/pages/3Rs-Construction/173238381139,https://twitter.com/3RsConstruct,,,
Marathon Painting & Residential Services,http://www.marathon-painting.com,,,McMinnville,Oregon,,,,,,apollo,"painting company, painting services - Oregon",https://app.apollo.io/#/organizations/6558867217beb500016a9363?overrideScoreId=score,,,,http://www.linkedin.com/company/marathon-painting-residential-services,,,,,
My Oregon Painting Inc,http://www.myoregonpainting.com,,,Hillsboro,Oregon,,,,,,apollo,"painting company, painting services - Oregon",https://app.apollo.io/#/organizations/63cb860442f12a0001e7a91b?overrideScoreId=score,,,project management+37,http://www.linkedin.com/company/my-oregon-painting,,,,,
"ESP Painting, Inc",http://www.esppainting.com,,,ESP Painting,Inc,,,,,,apollo,"painting company, painting services - Inc",https://app.apollo.io/#/organizations/54a134a869702d3a9cd04e00?overrideScoreId=score,1.5M,,interior painting+52,http://www.linkedin.com/company/esp-painting-inc,https://facebook.com/esppainting,https://twitter.com/ESPPainting,,,
Portland Painting & Restoration,http://www.paintpdx.com,,,Portland,Oregon,,,,,,apollo,"painting company, painting services - Oregon",https://app.apollo.io/#/organizations/54a12b1769702d93130f8302?overrideScoreId=score,,,,http://www.linkedin.com/company/portland-painting-&-restoration,,,,,
GreenPointe Construction,http://www.greenpointedc.com,,,Beavercreek,Oregon,,,,,,apollo,"painting company, painting services - Oregon",https://app.apollo.io/#/organizations/60f15352d2e4ab0001aee878?overrideScoreId=score,,,waterproofing systems+60,http://www.linkedin.com/company/greenpointe-construction,,https://twitter.com/edisonhspdx,,,
"Sisu Painting, Inc.",http://www.sisupainting.com,,,Sisu Painting,Inc.,,,,,,apollo,"painting company, painting services - Inc.",https://app.apollo.io/#/organizations/54a12a7069702d8cfc244702?overrideScoreId=score,34M,,custom painting+78,http://www.linkedin.com/company/sisu-painting-inc.,https://www.facebook.com/Codevz,https://twitter.com/codevz2,,,
Fackler Construction Company,http://www.facklerconstruction.com,,,McMinnville,Oregon,,,,,,apollo,"painting company, painting services - Oregon",https://app.apollo.io/#/organizations/5e56d75b2519b10001c8f59b?overrideScoreId=score,,,renovationbuilding+26,http://www.linkedin.com/company/fackler-construction-company,https://www.facebook.com/facklerconstructioncompany/,,,,
Custom NW Remodeling & Floors,http://www.customnwremodeling.com,,,Beaverton,Oregon,,,,,,apollo,"painting company, painting services - Oregon",https://app.apollo.io/#/organizations/54a12ad069702d9b8be84a02?overrideScoreId=score,,,,http://www.linkedin.com/company/customnwremodeling,,,,,
Accountable Exteriors,http://www.accsiding.com,,,Gervais,Oregon,,,,,,apollo,"painting company, painting services - Oregon",https://app.apollo.io/#/organizations/5e58e4c45033780001024afb?overrideScoreId=score,,,roofersgutters+15,http://www.linkedin.com/company/accexteriors,https://facebook.com/accexteriors,,,,
ITech Painters,http://www.itechpaintingpros.com,,,Hillsboro,Oregon,,,,,,apollo,"painting company, painting services - Oregon",https://app.apollo.io/#/organizations/55ea5120f3e5bb59af001194?overrideScoreId=score,,,lead renovations+62,http://www.linkedin.com/company/itech-painting-professionals,https://www.facebook.com/itechpaintingpros,,,,
Smith & Company Painting Inc,http://www.smithandcompanypainting.com,,,McMinnville,Oregon,,,,,,apollo,"painting company, painting services - Oregon",https://app.apollo.io/#/organizations/56dc2768f3e5bb38e6002323?overrideScoreId=score,8.2M,,,http://www.linkedin.com/company/smith-&-company-painting-inc,https://www.facebook.com/SmithandCompanyPainting/,https://twitter.com/SmithCompPaint,,,
Mac Contractors LLC,http://www.maccontractorsllc.com,,,McMinnville,Oregon,,,,,,apollo,"painting company, painting services - Oregon",https://app.apollo.io/#/organizations/66503c25e0ba06000166e673?overrideScoreId=score,,,,http://www.linkedin.com/company/mac-contractors-llc-or,,,,,
"Evergreen Painting Co., Inc.",http://www.evergreenpaintingco.com,,,Eugene,Oregon,,,,,,apollo,"painting company, painting services - Oregon",https://app.apollo.io/#/organizations/664d838f0d7dc80001f8c4d9?overrideScoreId=score,,,commercial painting+69,http://www.linkedin.com/company/evergreen-painting-co-inc,,,,,
APD Contracting LLC,http://www.apdcontracting.net,,,Woodburn,Oregon,,,,,,apollo,"painting company, painting services - Oregon",https://app.apollo.io/#/organizations/6440ada4de76710001262601?overrideScoreId=score,,,drywallpainting+49,http://www.linkedin.com/company/apd-contracting-llc,,,,,
"Saxon Enterprises, LLC",http://www.saxonent.com,,,Grants Pass,Oregon,,,,,,apollo,"painting company, painting services - Oregon",https://app.apollo.io/#/organizations/5a9e3930a6da98d9356ad3d5?overrideScoreId=score,,,paintingbluehost+11,http://www.linkedin.com/company/saxonent,,,,,
"Posten Painting, Inc.",http://www.postenpainting.com,,,Posten Painting,Inc.,,,,,,apollo,"painting company, painting services - Inc.",https://app.apollo.io/#/organizations/54a12b9869702dc128ee0e02?overrideScoreId=score,,,interior painting+57,http://www.linkedin.com/company/posten-painting-inc-,,,,,
"Cobalt Painting, LLC",http://www.builtbycobalt.com,,,Portland,Oregon,,,,,,apollo,"painting company, painting services - Oregon",https://app.apollo.io/#/organizations/62b544ef08a16f0001d084ff?overrideScoreId=score,,,residental paint+37,http://www.linkedin.com/company/cobaltpainting,https://www.facebook.com/101191512465024,,,,
Arrowhead Painting - Commercial Painting for Greater Portland Oregon,http://www.arrowheadpainting.co,,,Portland,Oregon,,,,,,apollo,"painting company, painting services - Oregon",https://app.apollo.io/#/organizations/60f4211561d11e000120cc74?overrideScoreId=score,,,exterior painting+65,http://www.linkedin.com/company/arrowheadpaintingportland,,,,,
The Oregon Painting Company LLC,http://www.theoregonpaintingcompany.com,,,Grants Pass,Oregon,,,,,,apollo,"painting company, painting services - Oregon",https://app.apollo.io/#/organizations/5f4aae29a6e73b000175816a?overrideScoreId=score,,,,http://www.linkedin.com/company/the-oregon-painting-company-llc,,,,,
Oregon Residential Construction,http://www.oregonresidentialconstruction.com,,,Portland,Oregon,,,,,,apollo,"painting company, painting services - Oregon",https://app.apollo.io/#/organizations/5e57d3a57e83710001d10d40?overrideScoreId=score,,,,http://www.linkedin.com/company/oregon-residential-construction,,,,,
"Fellowship Fencing, LLC",http://www.fellowshipfencing.com,,,Klamath Falls,Oregon,,,,,,apollo,"painting company, painting services - Oregon",https://app.apollo.io/#/organizations/6708b0be02160e0001d5f0c2?overrideScoreId=score,,,vinyl fencing+72,http://www.linkedin.com/company/fellowship-fencing-llc,https://www.facebook.com/fellowshipfencing/,,,,
KRC Solutions LLC,http://www.krcsolutionsllc.com,,,Beaverton,Oregon,,,,,,apollo,"painting company, painting services - Oregon",https://app.apollo.io/#/organizations/6547eb22aa3888000116318a?overrideScoreId=score,,,drywallcarpentry+53,http://www.linkedin.com/company/krc-solutions-llc,,,,,
Ehsan's Interior Remodeling LLC,http://www.ehsansinteriorremodeling.com,,,Clackamas,Oregon,,,,,,apollo,"painting company, painting services - Oregon",https://app.apollo.io/#/organizations/5b850a6bf874f70f92bb0d77?overrideScoreId=score,,,kitchen renovation+46,http://www.linkedin.com/company/ehsan-s-interior-remodeling-llc,,,,,
Veenhuizen Painting Inc,,,,Portland,Oregon,,,,,,apollo,"painting company, painting services - Oregon",https://app.apollo.io/#/organizations/5592220773696419d8358800?overrideScoreId=score,17.4M,,,http://www.linkedin.com/company/veenhuizen-painting-inc,https://www.facebook.com/VeenhuizenPaintingSpecialties,,,,
Go Painting of Portland,,,,Portland,Oregon,,,,,,apollo,"painting company, painting services - Oregon",https://app.apollo.io/#/organizations/68949175e074ed00195c15fc?overrideScoreId=score,,,commercial painting+84,http://www.linkedin.com/company/gopaintingofportland,,,,,
Refined Painting Services,http://www.refinedpaintingservices.com,,,Fairview,Oregon,,,,,,apollo,"painting company, painting services - Oregon",https://app.apollo.io/#/organizations/674b7e9e1d761f00013e0ab8?overrideScoreId=score,,,,http://www.linkedin.com/company/refined-painting-services,https://www.facebook.com/refinedpaintingservices,,,,
"Oregon, Deschutes Painting LLC.",http://www.oregondeschutespainting.com,,,Oregon,Deschutes Painting LLC.,,,,,,apollo,"painting company, painting services - Deschutes Painting LLC.",https://app.apollo.io/#/organizations/64aab147ec20f80001de563b?overrideScoreId=score,,,,http://www.linkedin.com/company/oregondepainting,,,,,
A Critical Eye Painting LLC,,,,Portland,Oregon,,,,,,apollo,"painting company, painting services - Oregon",https://app.apollo.io/#/organizations/5569f1f67369640d51160000?overrideScoreId=score,,,house painting+5,http://www.linkedin.com/company/a-critical-eye-painting-llc,,,,,
"Northwest Siding Contractors of Eugene, Inc.",http://www.northwestsiding.com,,,Northwest Siding Contractors of Eugene,Inc.,,,,,,apollo,"painting company, painting services - Inc.",https://app.apollo.io/#/organizations/54a129a169702dab37bdcd01?overrideScoreId=score,12.1M,,window replacement+59,http://www.linkedin.com/company/northwest-siding-contractors-of-eugene-inc-,https://facebook.com/pages/Eugene-OR/Northwest-Siding-Contractors-of-Eugene-Inc/101975779858119,https://twitter.com/NWSiding,,,
Medford Painting Company,http://www.medfordpaintingpros.com,,,Medford,Oregon,,,,,,apollo,"painting company, painting services - Oregon",https://app.apollo.io/#/organizations/674aceea37cb7e00018739c3?overrideScoreId=score,,,painting company,http://www.linkedin.com/company/medford-painting-company,,,,,
"FERGUSON PAINTING SERVICES, INC.",http://www.fpspainting.com,,,Portland,Oregon,,,,,,apollo,"painting company, painting services - Oregon",https://app.apollo.io/#/organizations/66f8945353b21700019c7275?overrideScoreId=score,,,,http://www.linkedin.com/company/ferguson-painting-services-inc.,,,,,
Portland Painter,http://www.portlandpainter.net,,,Portland,Oregon,,,,,,apollo,"painting company, painting services - Oregon",https://app.apollo.io/#/organizations/54fca2757369647f94ca1300?overrideScoreId=score,,,interior painting+48,http://www.linkedin.com/company/portland-painter,,,,,
Two Dudes Painting Company,http://www.twodudes.com,,,Lancaster,Pennsylvania,,,,,,apollo,"painting company, painting services - Pennsylvania",https://app.apollo.io/#/organizations/54a1392669702de5b3a11500?overrideScoreId=score,42.3M,,stained finishes+55,http://www.linkedin.com/company/two-dudes-painting-company,https://www.facebook.com/twodudespaintingcompany,https://twitter.com/twodudespaint,,,
Heiler Painting,http://www.heilerpainting.com,,,Media,Pennsylvania,,,,,,apollo,"painting company, painting services - Pennsylvania",https://app.apollo.io/#/organizations/5ef45bdd33527e0184a69242?overrideScoreId=score,,,,http://www.linkedin.com/company/heiler-painting,,,,,
Key Painting & Decorating LLC,http://www.keypainting.net,,,Hummelstown,Pennsylvania,,,,,,apollo,"painting company, painting services - Pennsylvania",https://app.apollo.io/#/organizations/5ed0a811a83f5b0001f60af2?overrideScoreId=score,,,paint protection+49,http://www.linkedin.com/company/key-painting-decorating-llc,https://www.facebook.com/pages/category/House-Painting/Key-Painting-Decorating-852131901798142/,,,,
Joel's Painting and contracting,http://www.joelspainting.com,,,Lancaster,Pennsylvania,,,,,,apollo,"painting company, painting services - Pennsylvania",https://app.apollo.io/#/organizations/5500b6f973696417341b0300?overrideScoreId=score,,,,http://www.linkedin.com/company/joel's-painting-and-contracting,http://www.facebook.com/JoelsPainting,https://twitter.com/JoelsPainting,,,
Home Trimwork,http://www.hometrimwork.com,,,Southampton,Pennsylvania,,,,,,apollo,"painting company, painting services - Pennsylvania",https://app.apollo.io/#/organizations/54a129af69702dcef9c5c101?overrideScoreId=score,35.1M,,remodeling+34,http://www.linkedin.com/company/home-trimwork,https://www.facebook.com/hometrimwork/,https://twitter.com/hometrimwork__,,,
John Neill Painting and Decorating,http://www.johnneillpainting.com,,,Ardmore,Pennsylvania,,,,,,apollo,"painting company, painting services - Pennsylvania",https://app.apollo.io/#/organizations/55696da673696425e29a2800?overrideScoreId=score,4.2M,,doors+57,http://www.linkedin.com/company/john-neill-painting-and-decorating,https://facebook.com/John.Neill.Painting,https://twitter.com/JohnNeillPaint,,,
RYAN AMATO PAINTING LLC,http://www.ryanamatopainting.com,,,Easton,Pennsylvania,,,,,,apollo,"painting company, painting services - Pennsylvania",https://app.apollo.io/#/organizations/5f4152d9b3305e00013404db?overrideScoreId=score,14.1M,,carpentry+62,http://www.linkedin.com/company/ryan-amato-painting-llc,https://www.facebook.com/amatopainting/,https://twitter.com/ryanpamato,,,
Artisan Painting llc,http://www.artisanpaintingllc.com,,,Media,Pennsylvania,,,,,,apollo,"painting company, painting services - Pennsylvania",https://app.apollo.io/#/organizations/6458d68d18675c00dc79713d?overrideScoreId=score,,,,http://www.linkedin.com/company/artisanpaintingllc,,,,,
"Hursh Painting Co., Inc.",http://www.hurshpainting.com,,,Hanover,Pennsylvania,,,,,,apollo,"painting company, painting services - Pennsylvania",https://app.apollo.io/#/organizations/6391f533e83992000107bd37?overrideScoreId=score,20.2M,,residential painting+65,http://www.linkedin.com/company/hursh-painting-co-inc,https://www.facebook.com/people/Hursh-Painting-Co-Inc/100057573815023/,,,,
JDS Painting LLC,http://www.jdspaint.com,,,Harleysville,Pennsylvania,,,,,,apollo,"painting company, painting services - Pennsylvania",https://app.apollo.io/#/organizations/6217081b2f31190001a9c4bd?overrideScoreId=score,,,surface prep+47,http://www.linkedin.com/company/jds-painting-llc,,,,,
Randy's Painting Services,http://www.randyspaintingservices.net,,,Easton,Pennsylvania,,,,,,apollo,"painting company, painting services - Pennsylvania",https://app.apollo.io/#/organizations/655986fb624ca7000139f4cd?overrideScoreId=score,,,,http://www.linkedin.com/company/randy'spaintingservicesinc,,,,,
Higgins Painting,http://www.higginsprofessional.com,,,Pittsburgh,Pennsylvania,,,,,,apollo,"painting company, painting services - Pennsylvania",https://app.apollo.io/#/organizations/5b84d90d324d4471896e449b?overrideScoreId=score,,,,http://www.linkedin.com/company/higgins-professional-painting,https://www.facebook.com/HigginsPainting,,,,
Davis Painting,http://www.davispainting.com,,,Spring City,Pennsylvania,,,,,,apollo,"painting company, painting services - Pennsylvania",https://app.apollo.io/#/organizations/659265b37913ed0001370980?overrideScoreId=score,,,,http://www.linkedin.com/company/davis-painting1,,,,,
Ep Painting,http://www.eppainting.co.uk,,,Monaca,Pennsylvania,,,,,,apollo,"painting company, painting services - Pennsylvania",https://app.apollo.io/#/organizations/55f82736f3e5bb35f5003d7d?overrideScoreId=score,,,quality standards+58,http://www.linkedin.com/company/ep-painting,,,,,
"ImageWorks Painting, Inc.",http://www.imageworkspainting.com,,,ImageWorks Painting,Inc.,,,,,,apollo,"painting company, painting services - Inc.",https://app.apollo.io/#/organizations/55f18a8df3e5bb73b9002501?overrideScoreId=score,,,,http://www.linkedin.com/company/imageworks-painting,https://www.facebook.com/ImageWorksPainting/,https://twitter.com/ImageWorksPaint,,,
Ville Painters,http://www.villepainters.com,,,Lancaster,Pennsylvania,,,,,,apollo,"painting company, painting services - Pennsylvania",https://app.apollo.io/#/organizations/54a1d0f17468695c82021513?overrideScoreId=score,11.1M,,residential painting+62,http://www.linkedin.com/company/villepainters,https://facebook.com/pages/Ville-Painters-Inc/266972513365322,,,,
S&R Painting Plus Co.,http://www.srpaintplus.com,,,York,Pennsylvania,,,,,,apollo,"painting company, painting services - Pennsylvania",https://app.apollo.io/#/organizations/54a128bf69702d90a2806101?overrideScoreId=score,,,,http://www.linkedin.com/company/s&r-painting-plus-co-,https://www.facebook.com/SRPAINTPLUS,https://twitter.com/SRPaintingPlus,,,
Benner & Sons Inc,http://www.bennerandsons.com,,,Edgmont,Pennsylvania,,,,,,apollo,"painting company, painting services - Pennsylvania",https://app.apollo.io/#/organizations/54a1356a69702d3e8347a900?overrideScoreId=score,22.3M,,faux finishes+49,http://www.linkedin.com/company/benner-&-sons-inc,https://www.facebook.com/Bennerandsons/,,,,
"King Painting & Wallpapering, Inc.",http://www.kingptg.com,,,King Painting & Wallpapering,Inc.,,,,,,apollo,"painting company, painting services - Inc.",https://app.apollo.io/#/organizations/5e56820fdbd34700018eac67?overrideScoreId=score,,,stain application+59,http://www.linkedin.com/company/king-painting-wallpapering-inc,,,,,
"Painting & Decorating By Shane, LLC",http://www.paintingbyshane.com,,,Allentown,Pennsylvania,,,,,,apollo,"painting company, painting services - Pennsylvania",https://app.apollo.io/#/organizations/5da70093a3c69700010d4118?overrideScoreId=score,,,wall covering+33,http://www.linkedin.com/company/painting-&-decorating-by-shane-llc,https://facebook.com/PaintingbyShane,,,,
Price Industries Commercial Finishing Company,http://www.priceindustries.us,,,Pittsburgh,Pennsylvania,,,,,,apollo,"painting company, painting services - Pennsylvania",https://app.apollo.io/#/organizations/54a266cd7468693cdd6d1920?overrideScoreId=score,21.0M,,floor sealers+47,http://www.linkedin.com/company/price-industries-commercial-finishing-company,https://facebook.com/PriceIndustries,https://twitter.com/priceind,,,
Burge Painting Company,http://www.burgepainting.com,,,Lansdale,Pennsylvania,,,,,,apollo,"painting company, painting services - Pennsylvania",https://app.apollo.io/#/organizations/5b84c3ddf874f74a1abe68ea?overrideScoreId=score,,,commercial painting+30,http://www.linkedin.com/company/burge-painting-company,https://facebook.com/burgepainting,,,,
HERCULES PAINTING COMPANY INC,http://www.herculespainting.com,,,New Castle,Pennsylvania,,,,,,apollo,"painting company, painting services - Pennsylvania",https://app.apollo.io/#/organizations/670a9a10132fcc0001fe59c8?overrideScoreId=score,,,,http://www.linkedin.com/company/hercules-painting-company-inc,,,,,
Prompt Quality Painting Inc.,http://www.promptqualitypainting.com,,,Waynesburg,Pennsylvania,,,,,,apollo,"painting company, painting services - Pennsylvania",https://app.apollo.io/#/organizations/5fc96ed471610c00019f1359?overrideScoreId=score,,,,http://www.linkedin.com/company/prompt-quality-painting-inc,https://www.facebook.com/people/Prompt-Quality-Painting-Inc/100082957343625/,,,,
iFixit General Contractor,http://www.ifixith.com,,,Langhorne,Pennsylvania,,,,,,apollo,"painting company, painting services - Pennsylvania",https://app.apollo.io/#/organizations/5da6eb5884afb000019f805d?overrideScoreId=score,,,iFixit General Contractor,http://www.linkedin.com/company/ifixith,,,,,
"Ruby's Painting & Contracting Services, LLC",http://www.rubyspaintingcontracting.com,,,East McKeesport,Pennsylvania,,,,,,apollo,"painting company, painting services - Pennsylvania",https://app.apollo.io/#/organizations/5da2930c9ab26b0001499fd6?overrideScoreId=score,,,,http://www.linkedin.com/company/ruby-s-painting-contracting-services,,,,,
H R WEAVER BUILDING SYSTEMS INC,http://www.hrweaver.com,,,Annville,Pennsylvania,,,,,,apollo,"painting company, painting services - Pennsylvania",https://app.apollo.io/#/organizations/5d323ce2a3ae61a02d95bd57?overrideScoreId=score,13.4M,,new construction+70,http://www.linkedin.com/company/h-r-weaver-building-systems-inc,https://facebook.com/pages/HR-Weaver-Building-Systems/159930457361403,,,,
Action Painting Services,http://www.actionpaintingservices.com,,,Pittsburgh,Pennsylvania,,,,,,apollo,"painting company, painting services - Pennsylvania",https://app.apollo.io/#/organizations/5569c43773696425a9999100?overrideScoreId=score,,,,http://www.linkedin.com/company/action-painting-services,https://facebook.com/pages/Action-Painting-Carpet-Care/196551323708139,,,,
Ausherman Painting Inc,http://www.aushermanpainting.com,,,York,Pennsylvania,,,,,,apollo,"painting company, painting services - Pennsylvania",https://app.apollo.io/#/organizations/54a1a7aa7468695c82910505?overrideScoreId=score,2M,,,http://www.linkedin.com/company/mike-ausherman-painting-inc,https://www.facebook.com/AushermanPainting/,https://twitter.com/ausherman_paint,,,
Quality Wall Solutions LLC,http://www.qualitywallsolutions.com,,,Manheim,Pennsylvania,,,,,,apollo,"painting company, painting services - Pennsylvania",https://app.apollo.io/#/organizations/674ead1930c0d30001b90668?overrideScoreId=score,,,plaster+44,http://www.linkedin.com/company/quality-wall-solutions-llc,http://www.facebook.com/Quality-Wall-Solutions-507546692643338/,,,,
AWG Painting Company,http://www.awgpainting.com,,,Bala Cynwyd,Pennsylvania,,,,,,apollo,"painting company, painting services - Pennsylvania",https://app.apollo.io/#/organizations/674bf03a1114fc000151f76f?overrideScoreId=score,,,,http://www.linkedin.com/company/awg-painting-company,,,,,
Four Pillars Paint LLC,http://www.fourpillarspaint.com,,,Pittsburgh,Pennsylvania,,,,,,apollo,"painting company, painting services - Pennsylvania",https://app.apollo.io/#/organizations/61ed62b07cba130001131301?overrideScoreId=score,,,,http://www.linkedin.com/company/four-pillars-paint-llc,,,,,
Dutch Hill Painting Company,http://www.dutchhillpainting.com,,,Bloomsburg,Pennsylvania,,,,,,apollo,"painting company, painting services - Pennsylvania",https://app.apollo.io/#/organizations/61ec2fe5ad92600001819899?overrideScoreId=score,,,residential painting+55,http://www.linkedin.com/company/dutch-hill-painting-company,,,,,
JP construction Management,http://www.jpconstructionmgmt.com,,,East Stroudsburg,Pennsylvania,,,,,,apollo,"painting company, painting services - Pennsylvania",https://app.apollo.io/#/organizations/6048497a713437000146fa60?overrideScoreId=score,,,painting+82,http://www.linkedin.com/company/the-helping-hands-penn-inc,,,,,
Mojo Painting Company,http://www.mojopaintingco.com,,,Phoenixville,Pennsylvania,,,,,,apollo,"painting company, painting services - Pennsylvania",https://app.apollo.io/#/organizations/67a9a570b6a23b0021b02d5a?overrideScoreId=score,,,,http://www.linkedin.com/company/mojo-painting-company,,,,,
Dan Brewer Painting Services,http://www.danbrewerpainting.com,,,Erie,Pennsylvania,,,,,,apollo,"painting company, painting services - Pennsylvania",https://app.apollo.io/#/organizations/674cb86da3c1bb00010d5767?overrideScoreId=score,,,,http://www.linkedin.com/company/dan-brewer-painting-services,,,,,
POSTUPAK PAINTING COMPANY INC,http://www.postupakpainting.com,,,Wilkes-Barre,Pennsylvania,,,,,,apollo,"painting company, painting services - Pennsylvania",https://app.apollo.io/#/organizations/6703adbd87d46200017dbd5e?overrideScoreId=score,,,,http://www.linkedin.com/company/postupak-painting-company-inc,,,,,
Dino Painting,http://www.dinopainting.com,,,Pittsburgh,Pennsylvania,,,,,,apollo,"painting company, painting services - Pennsylvania",https://app.apollo.io/#/organizations/668aa0e37ebc9f00013795e6?overrideScoreId=score,,,consumer services+51,http://www.linkedin.com/company/dino-painting,,,,,
"CNN Painting, LLC",http://www.cnnpainting.com,,,Emmaus,Pennsylvania,,,,,,apollo,"painting company, painting services - Pennsylvania",https://app.apollo.io/#/organizations/63c524593ea3020001f15515?overrideScoreId=score,,,light carpentry+33,http://www.linkedin.com/company/cnn-painting-llc,https://www.facebook.com/cnnpaintingllc,,,,
Kenneth Clark Painting LLC,http://www.kennethclarkpainting.com,,,Broomall,Pennsylvania,,,,,,apollo,"painting company, painting services - Pennsylvania",https://app.apollo.io/#/organizations/5da3a36d04829100014f82c3?overrideScoreId=score,,,exterior cleaning+52,http://www.linkedin.com/company/kennethclarkpainting,https://www.facebook.com/KennethClarkPainting/,,,,
Sarandis Painting Company Inc,http://www.sarandispainting.com,,,Monroeville,Pennsylvania,,,,,,apollo,"painting company, painting services - Pennsylvania",https://app.apollo.io/#/organizations/55f7699df3e5bb16d8001f3a?overrideScoreId=score,,,,http://www.linkedin.com/company/sarandis-painting-company-inc,,,,,
Final Touch Painting Company,,,,Wexford,Pennsylvania,,,,,,apollo,"painting company, painting services - Pennsylvania",https://app.apollo.io/#/organizations/55f5b75df3e5bb07680013a1?overrideScoreId=score,,,,http://www.linkedin.com/company/final-touch-painting-company,,,,,
Hanks Painting Services,http://www.hankspaints.com,,,Pittsburgh,Pennsylvania,,,,,,apollo,"painting company, painting services - Pennsylvania",https://app.apollo.io/#/organizations/68523b82038b1f0001af90b5?overrideScoreId=score,,,,http://www.linkedin.com/company/hanks-painting-services,,,,,
"DMU Painting Services, LLC",http://www.dmupaintingservices.com,,,Reading,Pennsylvania,,,,,,apollo,"painting company, painting services - Pennsylvania",https://app.apollo.io/#/organizations/672782a993de3b0001b7edcd?overrideScoreId=score,,,,http://www.linkedin.com/company/dmu-painting-services-llc,,,,,
Awesome Painting Services,http://www.erieawesomepainting.com,,,Erie,Pennsylvania,,,,,,apollo,"painting company, painting services - Pennsylvania",https://app.apollo.io/#/organizations/67155567d5282c0001814bd0?overrideScoreId=score,,,,http://www.linkedin.com/company/awesome-painting-services,,,,,
Nationwide Exteriors,http://www.nationwide-exteriors.com,,,Ambridge,Pennsylvania,,,,,,apollo,"painting company, painting services - Pennsylvania",https://app.apollo.io/#/organizations/666101c1af472709be335910?overrideScoreId=score,,,stuccobrick+50,http://www.linkedin.com/company/nationwideexteriors,,,,,
Impression Painting Co.,http://www.impressionpaintingco.com,,,Washington Boro,Pennsylvania,,,,,,apollo,"painting company, painting services - Pennsylvania",https://app.apollo.io/#/organizations/66364430aafa4b0001e3443e?overrideScoreId=score,,,painting services+26,http://www.linkedin.com/company/impression-painting-co,,,,,
Liberty & Freedom Painting,http://www.libertyfreedompainting.com,,,Telford,Pennsylvania,,,,,,apollo,"painting company, painting services - Pennsylvania",https://app.apollo.io/#/organizations/65e00ebca4a90200010b2adc?overrideScoreId=score,,,sales+51,http://www.linkedin.com/company/liberty-freedom-painting,,,,,
Van Horn Painting,http://www.vanhornpainting.net,,,West Chester,Pennsylvania,,,,,,apollo,"painting company, painting services - Pennsylvania",https://app.apollo.io/#/organizations/65d8a91705b83a043c02c3da?overrideScoreId=score,,,,http://www.linkedin.com/company/van-horn-painting,,,,,
Handyman5000 LLC,http://www.handyman5000.com,,,Wilkes-Barre,Pennsylvania,,,,,,apollo,"painting company, painting services - Pennsylvania",https://app.apollo.io/#/organizations/64acd16fc5f4000001acbd0c?overrideScoreId=score,,,electrical+70,http://www.linkedin.com/company/handyman5000-llc,https://www.facebook.com/handyman5000,,,,
Netwerk Inc.,http://www.netwerkinc.com,,,Downingtown,Pennsylvania,,,,,,apollo,"painting company, painting services - Pennsylvania",https://app.apollo.io/#/organizations/611741b52c1c7d0001359d84?overrideScoreId=score,,,free estimates+25,http://www.linkedin.com/company/netwerk-inc,https://facebook.com/netwerkincusa,https://twitter.com/netwerkinc,,,
Cost Less Painting Inc.,http://www.costlesspainting.com,,,Villanova,Pennsylvania,,,,,,apollo,"painting company, painting services - Pennsylvania",https://app.apollo.io/#/organizations/5569f06c736964256900be00?overrideScoreId=score,,,drywall repair+44,http://www.linkedin.com/company/cost-less-painting-llc-,https://www.facebook.com/costlesspainting,,,,
Wildblood-Crawford Painting Company,http://www.wildbloodcrawfordpainting.com,,,Pittsburgh,Pennsylvania,,,,,,apollo,"painting company, painting services - Pennsylvania",https://app.apollo.io/#/organizations/674234b92ddc50000116ab59?overrideScoreId=score,,,,http://www.linkedin.com/company/wildblood-crawford-painting-company,,,,,
Angotti Painting Services,http://www.angottipainting.com,,,Irwin,Pennsylvania,,,,,,apollo,"painting company, painting services - Pennsylvania",https://app.apollo.io/#/organizations/6738bfff3f937e0001458dc8?overrideScoreId=score,,,,http://www.linkedin.com/company/angotti-painting-services,,,,,
X painting services,http://www.xpainting.com.au,,,Berwick,Pennsylvania,,,,,,apollo,"painting company, painting services - Pennsylvania",https://app.apollo.io/#/organizations/670784315f0af30001b2a4ee?overrideScoreId=score,,,,http://www.linkedin.com/company/x-painting-services,,,,,
"S.P.C.I. (SUPERIOR PAINTING COMPANY, INC.)",http://www.superiorpaintingcompany.com,,,Pittsburgh,Pennsylvania,,,,,,apollo,"painting company, painting services - Pennsylvania",https://app.apollo.io/#/organizations/66f91dab1d108600014424dd?overrideScoreId=score,,,,http://www.linkedin.com/company/s.p.c.i.-superior-painting-company-inc.-,https://www.facebook.com/superiorpaintingcompanyct,,,,
Craftsmanship Painting Company,http://www.philadelphiapaintingservice.com,,,Philadelphia,Pennsylvania,,,,,,apollo,"painting company, painting services - Pennsylvania",https://app.apollo.io/#/organizations/66f91787155a830001eff16b?overrideScoreId=score,,,,http://www.linkedin.com/company/craftsmanship-painting-company,,,,,
Arena Painting & Contracting,http://www.arenapaintingpgh.com,,,Coraopolis,Pennsylvania,,,,,,apollo,"painting company, painting services - Pennsylvania",https://app.apollo.io/#/organizations/66e16e7bd0208a00018684ea?overrideScoreId=score,,,fence painting+45,http://www.linkedin.com/company/arena-painting-&-contracting,,,,,
Yinzer Painting Company,http://www.yinzerpainting.com,,,Homestead,Pennsylvania,,,,,,apollo,"painting company, painting services - Pennsylvania",https://app.apollo.io/#/organizations/641c1dfe728e9500017941e2?overrideScoreId=score,,,heavy carpentry+14,http://www.linkedin.com/company/yinzer-painting-co,,,,,
Tracie Works,,,,Mechanicsburg,Pennsylvania,,,,,,apollo,"painting company, painting services - Pennsylvania",https://app.apollo.io/#/organizations/5fcb07c9439c2e00016ab794?overrideScoreId=score,,,drywall repair+6,http://www.linkedin.com/company/tracie-works,,,,,
Dennis Moffitt Painting,http://www.experiencedmp.com,,,South Kingstown,Rhode Island,,,,,,apollo,"painting company, painting services - Rhode Island",https://app.apollo.io/#/organizations/61ad0161d5f8430001efb832?overrideScoreId=score,12.8M,,residential painting+69,http://www.linkedin.com/company/dennis-moffitt-painting,https://www.facebook.com/ExperienceDMP/,,,,
Certified Facility Solutions,http://www.certifiedfacilitysolutions.com,,,Providence,Rhode Island,,,,,,apollo,"painting company, painting services - Rhode Island",https://app.apollo.io/#/organizations/60afb45824c28e0001365ef9?overrideScoreId=score,,,emergency restoration+64,http://www.linkedin.com/company/certified-facility-solutions,,,,,
ZK Painting,http://www.zkpainting.com,,,South Kingstown,Rhode Island,,,,,,apollo,"painting company, painting services - Rhode Island",https://app.apollo.io/#/organizations/5b15c3b0a6da987104b92d2f?overrideScoreId=score,,,painting+59,http://www.linkedin.com/company/zk-painting,https://www.facebook.com/ZKPainting,https://twitter.com/zkpainting,,,
"Inter-City Contracting, Inc",http://www.intercitycontracting.com,,,Inter-City Contracting,Inc,,,,,,apollo,"painting company, painting services - Inc",https://app.apollo.io/#/organizations/54a12a0669702d979ca0f401?overrideScoreId=score,,,,http://www.linkedin.com/company/intercity-contracting,,,,,
"PAINTERS PLUS, INC",http://www.paintersplus.com,,,Spartanburg,South Carolina,,,,,,apollo,"painting company, painting services - South Carolina",https://app.apollo.io/#/organizations/54a1278c69702d90a272ca00?overrideScoreId=score,25.8M,,texturingcabinets+63,http://www.linkedin.com/company/painters-plus-inc,,,,,
"L&J Painting, Inc.",http://www.landjpainting.com,,,L&J Painting,Inc.,,,,,,apollo,"painting company, painting services - Inc.",https://app.apollo.io/#/organizations/64568bdfc715fa00a3376f58?overrideScoreId=score,,,,http://www.linkedin.com/company/l-j-painting-inc,,,,,
"Carolina Painting Company, Inc.",http://www.carolinapainting.com,,,Carolina Painting Company,Inc.,,,,,,apollo,"painting company, painting services - Inc.",https://app.apollo.io/#/organizations/5f48b6a18dedc90001db0449?overrideScoreId=score,7.2M,,commercial coatings+61,http://www.linkedin.com/company/carolinapaintingco,https://facebook.com/CarolinaPaintingCoInc,https://twitter.com/CarolinaPaintng,,,
Skyline Services LLC,http://www.skylineservicessc.com,,,Bluffton,South Carolina,,,,,,apollo,"painting company, painting services - South Carolina",https://app.apollo.io/#/organizations/55ee4f75f3e5bb226c000ac9?overrideScoreId=score,,,commercial painting+52,http://www.linkedin.com/company/skyline-services-llc,https://www.facebook.com/skylinepaintingservices/,,,,
"Peters Paint & Wallcovering, Inc.",http://www.peterspaint.net,,,Peters Paint & Wallcovering,Inc.,,,,,,apollo,"painting company, painting services - Inc.",https://app.apollo.io/#/organizations/5fc9b7bcc8b8f700015b7928?overrideScoreId=score,,,,http://www.linkedin.com/company/peters-paint-wallcovering-inc,,,,,
"Caliber Construction, Inc.",http://www.caliberconstruction.us,,,Caliber Construction,Inc.,,,,,,apollo,"painting company, painting services - Inc.",https://app.apollo.io/#/organizations/5e582d40c3f55c00010fea49?overrideScoreId=score,,,,http://www.linkedin.com/company/caliber-construction-charleston,,,,,
Haus Pros,http://www.hausprofessionals.com,,,Greenville,South Carolina,,,,,,apollo,"painting company, painting services - South Carolina",https://app.apollo.io/#/organizations/65421bf2112e5f00a3e75f8c?overrideScoreId=score,,,home remodel+45,http://www.linkedin.com/company/haus-pros,http://facebook.com/thehauspros,,,,
D&L Painting Services LLC,http://www.dlpaintingservicesllc.org,,,Hilton Head Island,South Carolina,,,,,,apollo,"painting company, painting services - South Carolina",https://app.apollo.io/#/organizations/673ebeb78310d700016d8694?overrideScoreId=score,,,,http://www.linkedin.com/company/d&l-painting-services-llc,,,,,
Blue Nile Home Services,http://www.bluenilehomeservices.com,,,Charleston,South Carolina,,,,,,apollo,"painting company, painting services - South Carolina",https://app.apollo.io/#/organizations/636251dca4948a00a3092833?overrideScoreId=score,,,,http://www.linkedin.com/company/bluenilehomeservices,https://facebook.com/bluenilehomeservices,,,,
LIME Painting of Charleston,,,,Charleston,South Carolina,,,,,,apollo,"painting company, painting services - South Carolina",https://app.apollo.io/#/organizations/630d161fdf21e300b34daa5a?overrideScoreId=score,,,,http://www.linkedin.com/company/lime-painting-of-charleston,,,,,
605 Painting,http://www.605painting.com,,,Sioux Falls,South Dakota,,,,,,apollo,"painting company, painting services - South Dakota",https://app.apollo.io/#/organizations/677140ff3e01af000164210c?overrideScoreId=score,,,,http://www.linkedin.com/company/605-painting,,,,,
Blankenship Paint and Glass,http://www.bpandglass.com,,,North Sioux City,South Dakota,,,,,,apollo,"painting company, painting services - South Dakota",https://app.apollo.io/#/organizations/659fbe55b00bfb0001ef00fc?overrideScoreId=score,,,metal panel systems+34,http://www.linkedin.com/company/blankenship-paint-and-glass2,,,,,
Rapid City Painting Company,http://www.rapidcitypaintingpros.com,,,Rapid City,South Dakota,,,,,,apollo,"painting company, painting services - South Dakota",https://app.apollo.io/#/organizations/6550f7c05e86d700010cc48f?overrideScoreId=score,,,painting company,http://www.linkedin.com/company/rapid-city-painting-company,,,,,
Canberra Painting Company PTY LTD,http://www.canberrapaintingcompany.com.au,,,Mitchell,South Dakota,,,,,,apollo,"painting company, painting services - South Dakota",https://app.apollo.io/#/organizations/670a4f370d75880001d0e09c?overrideScoreId=score,,,,http://www.linkedin.com/company/canberra-painting-company-pty-ltd,,,,,
"C&R Services, Inc.",http://www.candrservicesinc.com,,,C&R Services,Inc.,,,,,,apollo,"painting company, painting services - Inc.",https://app.apollo.io/#/organizations/55f68cd4f3e5bb193f0117e0?overrideScoreId=score,,,commercial painting+30,http://www.linkedin.com/company/c&r-services-inc-,https://m.facebook.com/candrservicesinc,,,,
Velocity Construction,http://www.velocity-construction.com,,,Franklin,Tennessee,,,,,,apollo,"painting company, painting services - Tennessee",https://app.apollo.io/#/organizations/63d5b9d395712a0001ccb9d4?overrideScoreId=score,,,,http://www.linkedin.com/company/velocity-construction,https://www.facebook.com/Velocity-Construction-112713381413556,,,,
"Global Drywall South, Inc.",http://www.globaldrywall.com,,,Global Drywall South,Inc.,,,,,,apollo,"painting company, painting services - Inc.",https://app.apollo.io/#/organizations/64f2ccab26b73a000145596f?overrideScoreId=score,,,home services+52,http://www.linkedin.com/company/global-drywall-south-inc-tn-fl,,,,,
Nashville Painting Company,http://www.nashvillepaintingcompany.com,,,Crossville,Tennessee,,,,,,apollo,"painting company, painting services - Tennessee",https://app.apollo.io/#/organizations/5fc8d824d510e800017c9d29?overrideScoreId=score,,,residential painting+41,http://www.linkedin.com/company/nashville-painting-company,https://www.facebook.com/Nashvillepaintingcompany/,,,,
Tim Payne Painting,http://www.timpaynepainters.com,,,Chattanooga,Tennessee,,,,,,apollo,"painting company, painting services - Tennessee",https://app.apollo.io/#/organizations/5d32d88c80f93ee34a772937?overrideScoreId=score,,,interior painting+47,http://www.linkedin.com/company/tim-payne-painting,,,,,
RGP Construction,http://www.rgp-construction.com,,,Nashville,Tennessee,,,,,,apollo,"painting company, painting services - Tennessee",https://app.apollo.io/#/organizations/6161f08b8bd3cf000117fdf6?overrideScoreId=score,,,flooring+53,http://www.linkedin.com/company/rgpconstruction,,,,,
Caldwell Painting,http://www.caldwellpainting.com,,,,,,,,,,apollo,"painting company, painting services",https://app.apollo.io/#/organizations/646a9522da413000012b0fb1?overrideScoreId=score,,,decorative finishes+47,http://www.linkedin.com/company/caldwell-painting-llc,https://www.facebook.com/CaldwellPaintingMemphis/,,,,
Ascension General Contractors,http://www.agctn.com,,,Nashville,Tennessee,,,,,,apollo,"painting company, painting services - Tennessee",https://app.apollo.io/#/organizations/5da49fe4407bc70001cd4080?overrideScoreId=score,,,restoration+54,http://www.linkedin.com/company/ascension-general-contractors,,,,,
"UrCovered Construction, LLC",http://www.urcoveredconstruction.com,,,Nashville,Tennessee,,,,,,apollo,"painting company, painting services - Tennessee",https://app.apollo.io/#/organizations/67b40d94f93ef20001ff49d1?overrideScoreId=score,,,custom home builds+57,http://www.linkedin.com/company/urcoveredconstruction,,,,,
"PAINT CORPS of Hendersonville, TN",http://www.torrespaintingco.com,,,Hendersonville,Tennessee,,,,,,apollo,"painting company, painting services - Tennessee",https://app.apollo.io/#/organizations/62f2c6b573b30c00b69b267e?overrideScoreId=score,,,paint job quality+64,,,,,,
"Price & Co. Roofing, Renovations and Landscaping",http://www.price-roofing.com,,,Price & Co. Roofing,Renovations and Landscaping,,,,,,apollo,"painting company, painting services - Renovations and Landscaping",https://app.apollo.io/#/organizations/61ec72fd1df6cb00010ecbf9?overrideScoreId=score,,,commercial roofing+43,http://www.linkedin.com/company/priceroofing901,https://www.facebook.com/priceroofing901,,,,
Croxall Painting and Property Improvement,http://www.croxallpainting.com,,,Chattanooga,Tennessee,,,,,,apollo,"painting company, painting services - Tennessee",https://app.apollo.io/#/organizations/62c86bc420372700b32f110d?overrideScoreId=score,50K,,,http://www.linkedin.com/company/croxallpainting,https://facebook.com/CroxallPainting,,,,
Cumberland Painting LLC,http://www.cumberlandpainting.com,,,Nashville,Tennessee,,,,,,apollo,"painting company, painting services - Tennessee",https://app.apollo.io/#/organizations/65cc02a173facb0302e1d564?overrideScoreId=score,,,,http://www.linkedin.com/company/cumberland-painting,https://www.facebook.com/CumberlandPainting,,,,
Home Dr Pros LLC,http://www.homedrpros.com,,,Knoxville,Tennessee,,,,,,apollo,"painting company, painting services - Tennessee",https://app.apollo.io/#/organizations/64f986215a95570001657338?overrideScoreId=score,,,home remodeling+58,http://www.linkedin.com/company/home-dr-pros-llc,,,,,
Modern Handymen,http://www.modernhandymen.com,,,Brentwood,Tennessee,,,,,,apollo,"painting company, painting services - Tennessee",https://app.apollo.io/#/organizations/60b2dab2506446000100eb88?overrideScoreId=score,15.2M,,bathroom remodel+74,http://www.linkedin.com/company/modernhandymen,https://www.facebook.com/themodernhandymen,,,,
Lime Painting of South Nashville,,,,Nashville,Tennessee,,,,,,apollo,"painting company, painting services - Tennessee",https://app.apollo.io/#/organizations/65b308b2432e3606fec374d8?overrideScoreId=score,,,,http://www.linkedin.com/company/lime-painting-of-south-nashville,,,,,
"Nashville Painting Professionals, LLC",http://www.nashvillepaintingprofessionals.com,,,Nashville,Tennessee,,,,,,apollo,"painting company, painting services - Tennessee",https://app.apollo.io/#/organizations/63d4acc19afe0100019436a7?overrideScoreId=score,,,interior painting+55,http://www.linkedin.com/company/tennessee-painting-professionals-llc,https://www.facebook.com/nashvillepaintingpros,,,,
Go Painting Nashville,,,,Nashville,Tennessee,,,,,,apollo,"painting company, painting services - Tennessee",https://app.apollo.io/#/organizations/67878be137d6d30001cab27e?overrideScoreId=score,,,commercial spaces+80,http://www.linkedin.com/company/go-painting-nashville,,,,,
Tony V. Taylor Painting Company LLC,http://www.tvtpainting.com,,,Oakfield,Tennessee,,,,,,apollo,"painting company, painting services - Tennessee",https://app.apollo.io/#/organizations/673826320c75e70001979023?overrideScoreId=score,,,,http://www.linkedin.com/company/tony-v.-taylor-painting-company-llc,,,,,
Newcastle Painting Services,http://www.newcastlepainting.com.au,,,Maryville,Tennessee,,,,,,apollo,"painting company, painting services - Tennessee",https://app.apollo.io/#/organizations/6702ddd04667e60001b39dd1?overrideScoreId=score,,,,http://www.linkedin.com/company/newcastle-painting-services,,,,,
The Exquisite Decor Painting Company,http://www.exquisitedecorpainting.com,,,Nashville,Tennessee,,,,,,apollo,"painting company, painting services - Tennessee",https://app.apollo.io/#/organizations/66dddd16950eb400012d1dab?overrideScoreId=score,,,,http://www.linkedin.com/company/the-exquisite-decor-painting-company,,,,,
ConstructionDepotSolutions,http://www.constructiondepotsolutions.com,,,Murfreesboro,Tennessee,,,,,,apollo,"painting company, painting services - Tennessee",https://app.apollo.io/#/organizations/64647a70163c530001292178?overrideScoreId=score,,,construction planning+50,http://www.linkedin.com/company/constructiondepotsolutions,,,,,
Nash Painting Company of Fairview,http://www.fairviewpaintingcompany.com,,,Fairview,Tennessee,,,,,,apollo,"painting company, painting services - Tennessee",https://app.apollo.io/#/organizations/68020472923dd6000d5a0b12?overrideScoreId=score,,,,http://www.linkedin.com/company/nash-painting-company-of-fairview,,,,,
The Best Painters - La Vergne Painting Company,http://www.lavergnepaintingcompany.com,,,La Vergne,Tennessee,,,,,,apollo,"painting company, painting services - Tennessee",https://app.apollo.io/#/organizations/67b40fa77541e400016ba55e?overrideScoreId=score,,,,http://www.linkedin.com/company/the-best-painters-la-vergne-painting-company,,,,,
On The Rock Homes LLC,http://www.otrhomes.community,,,Cleveland,Tennessee,,,,,,apollo,"painting company, painting services - Tennessee",https://app.apollo.io/#/organizations/67154a0eb726280001004f02?overrideScoreId=score,,,carpentry+20,http://www.linkedin.com/company/on-the-rock-homes-llc,,,,,
Nolensville Painting Company,http://www.nolensvillepaintingcompany.com,,,Nolensville,Tennessee,,,,,,apollo,"painting company, painting services - Tennessee",https://app.apollo.io/#/organizations/670f772cf5a38802cf6c8a92?overrideScoreId=score,,,,http://www.linkedin.com/company/nolensville-painting-company,,,,,
Legacy Contracting & Construction,http://www.legacycontractingllc.com,,,Fort Worth,Texas,,,,,,apollo,"painting company, painting services - Texas",https://app.apollo.io/#/organizations/67f693040887b10019c3f618?overrideScoreId=score,,,,http://www.linkedin.com/company/legacy-contracting,,,,,
My Handy Craftsman-Home Remodeling Houston,http://www.myhandycraftsmantx.com,,,Friendswood,Texas,,,,,,apollo,"painting company, painting services - Texas",https://app.apollo.io/#/organizations/67c0a1835265d10015c531f4?overrideScoreId=score,,,home remodling+68,http://www.linkedin.com/company/my-handy-craftsman-home-remodeling-houston,,,,,
Pedro Hernandez Painting Company,http://www.dallaspainteranddrywallrepair.com,,,Dallas,Texas,,,,,,apollo,"painting company, painting services - Texas",https://app.apollo.io/#/organizations/66f66c48592db1000103c7e7?overrideScoreId=score,,,,http://www.linkedin.com/company/pedro-hernandez-painting-company,,,,,
Destiny Painting Services,http://www.destinypainting.com,,,Irving,Texas,,,,,,apollo,"painting company, painting services - Texas",https://app.apollo.io/#/organizations/66f062f8db74ef0001cd1b11?overrideScoreId=score,,,,http://www.linkedin.com/company/destiny-painting-services,,,,,
JMA COMMERCIAL PAINTING INC.,http://www.jmapainting.com,,,Houston,Texas,,,,,,apollo,"painting company, painting services - Texas",https://app.apollo.io/#/organizations/65f5a5745f47990006482fee?overrideScoreId=score,,,restaurants+50,http://www.linkedin.com/company/jmapainting,,,,,
"Monge Contracting Group, LLC",http://www.mongecontracting.com,,,Houston,Texas,,,,,,apollo,"painting company, painting services - Texas",https://app.apollo.io/#/organizations/65f09e194bc81d03007b779d?overrideScoreId=score,,,residential remodeling+54,http://www.linkedin.com/company/monge-contracting-group-llc,,,,,
Cornerstone Home Renovations,http://www.cornerstonehomereno.com,,,Austin,Texas,,,,,,apollo,"painting company, painting services - Texas",https://app.apollo.io/#/organizations/64d9e1498726fa00a2a1d188?overrideScoreId=score,,,bathroom remodeling+47,http://www.linkedin.com/company/cornerstonehomereno,,,,,
Tri-Mex Commercial Painting Company,http://www.trimexcommercial.com,,,Corpus Christi,Texas,,,,,,apollo,"painting company, painting services - Texas",https://app.apollo.io/#/organizations/63d4ca7a9633ed00013ac688?overrideScoreId=score,,,remodelingpainting+9,http://www.linkedin.com/company/trimexcommercial,https://www.facebook.com/TrimexCommercial,,,,
State 28 Painting Company,http://www.state28painting.com,,,Grapevine,Texas,,,,,,apollo,"painting company, painting services - Texas",https://app.apollo.io/#/organizations/61600e0cd951c70001a6673a?overrideScoreId=score,,,residential painting+51,http://www.linkedin.com/company/state-28-painting-company,https://facebook.com/State28Painting,,,,
Orya Construction LLC,http://www.oryaconstruction.com,,,Houston,Texas,,,,,,apollo,"painting company, painting services - Texas",https://app.apollo.io/#/organizations/5fc887d5f40bb00001fda675?overrideScoreId=score,,,,http://www.linkedin.com/company/oryaconstruction,,,,,
Complete Construction DFW,http://www.completeconstructiondfw.com,,,Argyle,Texas,,,,,,apollo,"painting company, painting services - Texas",https://app.apollo.io/#/organizations/5ed4f4a0a9a67f0001e350df?overrideScoreId=score,,,custom homes+51,http://www.linkedin.com/company/complete-construction-dfw,https://www.facebook.com/completeconstructiondfw/,https://twitter.com/CConstructDFW,,,
Green Arch Construction,http://www.greenarchconstructions.com,,,Addison,Texas,,,,,,apollo,"painting company, painting services - Texas",https://app.apollo.io/#/organizations/5e57b92e3f9e64000118cf9d?overrideScoreId=score,,,construction+53,http://www.linkedin.com/company/green-arch-construction,https://www.facebook.com/greenarchconstructiondfw/,https://twitter.com/greenarchinc,,,
"F&V Drywall Acoustic, Inc.",http://www.fvdrywall.com,,,F&V Drywall Acoustic,Inc.,,,,,,apollo,"painting company, painting services - Inc.",https://app.apollo.io/#/organizations/5e5712c6b586810001f0738f?overrideScoreId=score,,,metal framing+50,http://www.linkedin.com/company/f&v-drywall-acoustic-inc.,,,,,
1st Form Restorations LLC,http://www.1stformrestore.com,,,Dallas,Texas,,,,,,apollo,"painting company, painting services - Texas",https://app.apollo.io/#/organizations/5d33fd58f65125da894b40f9?overrideScoreId=score,,,remodeler+79,http://www.linkedin.com/company/1stformrestorations,https://www.facebook.com/1stformrestorations,,,,
Candid Services LLC,http://www.candidservicesllc.com,,,Lakeway,Texas,,,,,,apollo,"painting company, painting services - Texas",https://app.apollo.io/#/organizations/5b86473e324d445ec1542068?overrideScoreId=score,,,home+54,http://www.linkedin.com/company/candid-services-llc,,https://twitter.com/CandidLlc,,,
"ALEON Properties, Inc.",http://www.aleonpropertiesinc.com,,,ALEON Properties,Inc.,,,,,,apollo,"painting company, painting services - Inc.",https://app.apollo.io/#/organizations/5b1401e7a6da98dcc6761e54?overrideScoreId=score,,,residential construction+71,http://www.linkedin.com/company/api-construction-services-inc.,,,,,
NORTH TEXAS PAINTING SERVICES,http://www.ntxpainting.com,,,Dallas,Texas,,,,,,apollo,"painting company, painting services - Texas",https://app.apollo.io/#/organizations/57c5039da6da986ad697cfa2?overrideScoreId=score,,,interior+8,http://www.linkedin.com/company/north-texas-painting-services,https://www.facebook.com/ntxpainting/,,,,
Alexandris Painting,http://www.wepaintdfw.com,,,Plano,Texas,,,,,,apollo,"painting company, painting services - Texas",https://app.apollo.io/#/organizations/54a13a1c69702dac84169700?overrideScoreId=score,,,drywallwall repair+56,http://www.linkedin.com/company/alexandris-painting,https://www.facebook.com/WePaintDFW/,,,,
Pro Custom Painting,http://www.procustompainting.com,,,Arlington,Texas,,,,,,apollo,"painting company, painting services - Texas",https://app.apollo.io/#/organizations/683586dad742f900018d5bef?overrideScoreId=score,,,flawless finishes+46,http://www.linkedin.com/company/procustompaintingtx,,,,,
HTX Premium Painting,http://www.htxpremiumpainting.com,,,Houston,Texas,,,,,,apollo,"painting company, painting services - Texas",https://app.apollo.io/#/organizations/673b63c1839bf301b03ea0d2?overrideScoreId=score,,,exterior painting+52,http://www.linkedin.com/company/htx-premium-painting,,,,,
Home Owners Concierge,http://www.homeownersconcierge.net,,,Sugar Land,Texas,,,,,,apollo,"painting company, painting services - Texas",https://app.apollo.io/#/organizations/671660412176e50740f2a367?overrideScoreId=score,,,handyman services+21,http://www.linkedin.com/company/homeownersconcierge,,,,,
Fixi Handyman Services,http://www.fixinow.com,,,Katy,Texas,,,,,,apollo,"painting company, painting services - Texas",https://app.apollo.io/#/organizations/67017e12d459be050a4207d2?overrideScoreId=score,,,handyman+53,http://www.linkedin.com/company/fixi-handyman,,,,,
"Old World Painting Company, Inc.",http://www.owpainting.com,,,Old World Painting Company,Inc.,,,,,,apollo,"painting company, painting services - Inc.",https://app.apollo.io/#/organizations/66eee4d512ef530001f4bfa2?overrideScoreId=score,,,,http://www.linkedin.com/company/old-world-painting-company-inc.,,,,,
360 Painting of Fort Worth,,,,Fort Worth,Texas,,,,,,apollo,"painting company, painting services - Texas",https://app.apollo.io/#/organizations/663f1ceabad90b0001accd56?overrideScoreId=score,,,interior painting+4,http://www.linkedin.com/company/360-painting-of-fort-worth,,,,,
DBL Management Solutions,http://www.dblmgmtsol.com,,,Houston,Texas,,,,,,apollo,"painting company, painting services - Texas",https://app.apollo.io/#/organizations/6437773cb3f1920001d2456a?overrideScoreId=score,,,window treatments+28,http://www.linkedin.com/company/dblsolutions,,,,,
Gulf Coast Premier Painting,http://www.gcpremierpainting.com,,,League City,Texas,,,,,,apollo,"painting company, painting services - Texas",https://app.apollo.io/#/organizations/6420a693a45c0b0001c8260b?overrideScoreId=score,,,commercial services+41,http://www.linkedin.com/company/gulf-coast-premier-painting,,,,,
LIME Painting of Houston & The Woodlands,,,,Spring,Texas,,,,,,apollo,"painting company, painting services - Texas",https://app.apollo.io/#/organizations/61ec20257a9c090001bdab2a?overrideScoreId=score,,,commercial painting+16,http://www.linkedin.com/company/lime-painting-of-woodlands,,,,,
Paint Authority,http://www.paintauthoritytx.com,,,Conroe,Texas,,,,,,apollo,"painting company, painting services - Texas",https://app.apollo.io/#/organizations/615c0c4ad43fd300016ad56f?overrideScoreId=score,,,exterior painting+71,http://www.linkedin.com/company/paint-authority,,,,,
PCW Unlimited LLC,http://www.pcw-unlimited.com,,,Houston,Texas,,,,,,apollo,"painting company, painting services - Texas",https://app.apollo.io/#/organizations/614f04487090f400019e2660?overrideScoreId=score,,,pressure washing+65,http://www.linkedin.com/company/pcwunlimited,,,,,
JTP Painting Services League City,http://www.jtppaintingservices.com,,,League City,Texas,,,,,,apollo,"painting company, painting services - Texas",https://app.apollo.io/#/organizations/5f499031906cb600015690ce?overrideScoreId=score,,,interior painting+5,http://www.linkedin.com/company/jtp-painting-services,https://www.facebook.com/JTPPaint,,,,
Brush & Color Eco Painting,http://www.brushandcolor.com,,,Austin,Texas,,,,,,apollo,"painting company, painting services - Texas",https://app.apollo.io/#/organizations/5e5816ba10cdf70001926930?overrideScoreId=score,,,cabinet refinishing+53,http://www.linkedin.com/company/brush-color-eco-painting,,,,,
Hendrick Painting,http://www.hendrickpainting.com,,,San Antonio,Texas,,,,,,apollo,"painting company, painting services - Texas",https://app.apollo.io/#/organizations/5e5787b29c01df00011f1d74?overrideScoreId=score,,,residentialpainting+71,http://www.linkedin.com/company/hendrick-painting,,,,,
Houston Texas Painters,http://www.houstontexaspainters.com,,,Houston,Texas,,,,,,apollo,"painting company, painting services - Texas",https://app.apollo.io/#/organizations/5e570413913acc00010637c9?overrideScoreId=score,,,residential painting+37,http://www.linkedin.com/company/houston-texas-painters,https://www.facebook.com/houstontexaspainters,https://twitter.com/HTPainters,,,
AMW Construction and Roofing,http://www.amwcr.com,,,Fulshear,Texas,,,,,,apollo,"painting company, painting services - Texas",https://app.apollo.io/#/organizations/5d33a09780f93e52b20b4656?overrideScoreId=score,,,kitchen remodeling+74,http://www.linkedin.com/company/amw-construction-roofing,,,,,
La Fortuna Design and Remodeling,http://www.lafortunadesign.com,,,Horseshoe Bay,Texas,,,,,,apollo,"painting company, painting services - Texas",https://app.apollo.io/#/organizations/54a128ee69702d9b8b8c5f01?overrideScoreId=score,,,designbuild+54,http://www.linkedin.com/company/la-fortuna-design-and-remodeling,https://www.facebook.com/La-Fortuna-Design-and-Remodeling-680399105644368/,,,,
Unity Painting Company,http://www.unitypaintingco.com,,,Richardson,Texas,,,,,,apollo,"painting company, painting services - Texas",https://app.apollo.io/#/organizations/6749a12aea538400012415fc?overrideScoreId=score,,,commercial painting+3,http://www.linkedin.com/company/unitypaintingco,,,,,
A3 Painting Services LLC,http://www.a3painting.com,,,Granbury,Texas,,,,,,apollo,"painting company, painting services - Texas",https://app.apollo.io/#/organizations/674322b339c6730001313721?overrideScoreId=score,,,painting+13,http://www.linkedin.com/company/a3-painting-services-llc,https://www.facebook.com/A3paintingservicesllc/,,,,
Chicas Painting Services,http://www.chicaspaintingservices.com,,,Dallas,Texas,,,,,,apollo,"painting company, painting services - Texas",https://app.apollo.io/#/organizations/673a6989c2f1750001395e99?overrideScoreId=score,,,,http://www.linkedin.com/company/chicas-painting-services,,,,,
Superior Painters Unlimited,,,,Grapevine,Texas,,,,,,apollo,"painting company, painting services - Texas",https://app.apollo.io/#/organizations/67358f99fa92260001d7037c?overrideScoreId=score,,,painting services+6,http://www.linkedin.com/company/superior-painters-unlimited,,,,,
Southern Painting - San Antonio West,http://www.southernpainting.com,,,Fair Oaks Ranch,Texas,,,,,,apollo,"painting company, painting services - Texas",https://app.apollo.io/#/organizations/670ba055132fcc000109934c?overrideScoreId=score,,,interior painting+44,http://www.linkedin.com/company/southernpainting-sanantoniowest,https://facebook.com/southernpaintingfortworth,https://twitter.com/southernpaintfw,,,
Elmwood Flooring & Renovations LLC,http://www.fourlflooringrenovations.com,,,Dallas,Texas,,,,,,apollo,"painting company, painting services - Texas",https://app.apollo.io/#/organizations/66fcdd666a807f000149dde7?overrideScoreId=score,,,,http://www.linkedin.com/company/elmwooddfw,https://www.facebook.com/FOURLFR,,,,
Studio One,http://www.studiooneus.com,,,Frisco,Texas,,,,,,apollo,"painting company, painting services - Texas",https://app.apollo.io/#/organizations/66332ad49a5b9100060ef3cd?overrideScoreId=score,,,floor installation+49,http://www.linkedin.com/company/studio-one-llc,https://www.facebook.com/studiooneconstruction,,,,
K & E Painting Services,http://www.kepaintingservices.com,,,Richardson,Texas,,,,,,apollo,"painting company, painting services - Texas",https://app.apollo.io/#/organizations/6548b92d56c1cc000130c3eb?overrideScoreId=score,,,,http://www.linkedin.com/company/k-&-e-painting-services,,,,,
Brazos Painting Company,,,,Granbury,Texas,,,,,,apollo,"painting company, painting services - Texas",https://app.apollo.io/#/organizations/6450aed2ec04a40001b88649?overrideScoreId=score,,,commercial painting+3,http://www.linkedin.com/company/brazos-painting-company,,,,,
Sozo Custom Painting LLC,http://www.sozocustompainting.com,,,Lantana,Texas,,,,,,apollo,"painting company, painting services - Texas",https://app.apollo.io/#/organizations/641fb942ca2c4b00019144de?overrideScoreId=score,,,,http://www.linkedin.com/company/sozo-custom-painting,https://www.facebook.com/sozocustompainting,,,,
"J&J Contracting Partners, LLC",http://www.jnjcontractingllc.com,,,San Antonio,Texas,,,,,,apollo,"painting company, painting services - Texas",https://app.apollo.io/#/organizations/61ec0f01ee79120001af894c?overrideScoreId=score,,,remodel+64,http://www.linkedin.com/company/jnjcontractingpartnersllc,https://www.facebook.com/wix,,,,
LIME Painting of Austin,,,,Spicewood,Texas,,,,,,apollo,"painting company, painting services - Texas",https://app.apollo.io/#/organizations/61eb8dffe8ffad0001d8eee0?overrideScoreId=score,,,drywall installation+16,http://www.linkedin.com/company/lime-painting-of-austin,,,,,
Verde Roofing & Construction,http://www.verderoofing.com,,,Richardson,Texas,,,,,,apollo,"painting company, painting services - Texas",https://app.apollo.io/#/organizations/60f648f82c6c390001c969c8?overrideScoreId=score,,,roofing+57,http://www.linkedin.com/company/verde-roofing,https://www.facebook.com/VerdeRoofing,,,,
Lime Painting of North Texas,,,,Dallas,Texas,,,,,,apollo,"painting company, painting services - Texas",https://app.apollo.io/#/organizations/60b218dcc268090001a5f2a0?overrideScoreId=score,,,drywall installation+12,http://www.linkedin.com/company/lime-painting-of-north-texas,,,,,
AlphaOne Exteriors - Dallas,http://www.alphaoneexteriors.com,,,Garland,Texas,,,,,,apollo,"painting company, painting services - Texas",https://app.apollo.io/#/organizations/60b0991443d6f00001ad52a5?overrideScoreId=score,,,vinyl siding+60,http://www.linkedin.com/company/alphaone-exteriors-dallas,,,,,
Britannia Painting Services,http://www.britanniapainting.net,,,Houston,Texas,,,,,,apollo,"painting company, painting services - Texas",https://app.apollo.io/#/organizations/559207a67369641981422900?overrideScoreId=score,,,home servicespainters,http://www.linkedin.com/company/britannia-painting-services,,,,,
Gulf Coast Painting Services,http://www.gulfcoastpaintingservices.com,,,Beaumont,Texas,,,,,,apollo,"painting company, painting services - Texas",https://app.apollo.io/#/organizations/67123b4ec9d89900012cce93?overrideScoreId=score,,,,http://www.linkedin.com/company/gulf-coast-painting-services,,,,,
RODRIGUEZ PAINTING SERVICES LLC,http://www.rodriguezpaintingservices.com,,,Frisco,Texas,,,,,,apollo,"painting company, painting services - Texas",https://app.apollo.io/#/organizations/66f8159910a494000109e5ed?overrideScoreId=score,,,,http://www.linkedin.com/company/rodriguez-painting-services-llc,,,,,
San Antonio Painting Services,http://www.san-antonio-painting.com,,,San Antonio,Texas,,,,,,apollo,"painting company, painting services - Texas",https://app.apollo.io/#/organizations/66ed22b38c45b70001b5ad12?overrideScoreId=score,,,,http://www.linkedin.com/company/san-antonio-painting-services,,,,,
Improovy Painters Plano,,,,Plano,Texas,,,,,,apollo,"painting company, painting services - Texas",https://app.apollo.io/#/organizations/655704e0fcb2e60001671ee1?overrideScoreId=score,,,exterior painting+22,http://www.linkedin.com/company/improovy-painters-plano,,,,,
Archer Assembly + Installation,http://www.archerassembly.com,,,Sugar Land,Texas,,,,,,apollo,"painting company, painting services - Texas",https://app.apollo.io/#/organizations/5e57a77c54c3e10001a3f2ea?overrideScoreId=score,,,furniture assembly+19,http://www.linkedin.com/company/archerassembly,,,,,
C&M Painting Services,http://www.cmpaintingservices.com,,,,,,,,,,apollo,"painting company, painting services",https://app.apollo.io/#/organizations/5c1d9faea3ae61db44b6819d?overrideScoreId=score,,,,http://www.linkedin.com/company/c-m-painting-services,,,,,
Dallas Pro Paint & Drywall LLC,http://www.dallaspropaint.com,,,Carrollton,Texas,,,,,,apollo,"painting company, painting services - Texas",https://app.apollo.io/#/organizations/6139d41af041420001fdf6b1?overrideScoreId=score,,,graffiti removal+49,http://www.linkedin.com/company/dallaspropainting,https://www.facebook.com/dallaspropainting,https://twitter.com/dallasdrywall,,,
Southern Painting – North Dallas | Plano/Allen/McKinney,,,,Plano,Texas,,,,,,apollo,"painting company, painting services - Texas",https://app.apollo.io/#/organizations/56da0666f3e5bb706c0010bb?overrideScoreId=score,,,paintstain+63,http://www.linkedin.com/company/southern-painting-%e2%80%93-north-dallas-collin-county,https://facebook.com/southernpaintingfortworth,https://twitter.com/southernpaintfw,,,
Right Choice Painting & Construction,http://www.rightchoicetexas.com,,,Flower Mound,Texas,,,,,,apollo,"painting company, painting services - Texas",https://app.apollo.io/#/organizations/5500b2e07369642dbf062b00?overrideScoreId=score,,,remodeling+30,http://www.linkedin.com/company/right-choice-painting-&-construction,https://facebook.com/rightchoicetexas,https://twitter.com/rightchoicetx,,,
Urban Design Constructors,http://www.urbandc.net,,,Houston,Texas,,,,,,apollo,"painting company, painting services - Texas",https://app.apollo.io/#/organizations/646a754f0389090001fcfced?overrideScoreId=score,,,painting services+59,http://www.linkedin.com/company/urban-design-constructors,,,,,
"RO Specialties, LLC",http://www.ro-houston.com,,,Pasadena,Texas,,,,,,apollo,"painting company, painting services - Texas",https://app.apollo.io/#/organizations/636b71ccbe417a0001d8a434?overrideScoreId=score,,,welding procedures+62,http://www.linkedin.com/company/ro-specialties-llc,,,,,
"JC Remodeling & Restoration, LLC",http://www.jcremodel.com,,,Clute,Texas,,,,,,apollo,"painting company, painting services - Texas",https://app.apollo.io/#/organizations/60486eea7f6caf00017f2fe8?overrideScoreId=score,,,build design+55,http://www.linkedin.com/company/jc-remodeling-restoration-llc,,,,,
Texas Paint & Fabrication,http://www.texaspaintandfab.com,,,Liberty Hill,Texas,,,,,,apollo,"painting company, painting services - Texas",https://app.apollo.io/#/organizations/5e58312c4a6b110001cba3b0?overrideScoreId=score,,,sandblasting+54,http://www.linkedin.com/company/texas-paint-fabrication,https://facebook.com/texaspaintandfab,,,,
NGC Nationwide General Contractors,http://www.ngcontractors.net,,,Houston,Texas,,,,,,apollo,"painting company, painting services - Texas",https://app.apollo.io/#/organizations/5569ae0673696425db097500?overrideScoreId=score,,,residential projects+48,http://www.linkedin.com/company/ngc-general-contractors,,,,,
Renovate Paint and Design,http://www.renovatepaint.com,,,San Antonio,Texas,,,,,,apollo,"painting company, painting services - Texas",https://app.apollo.io/#/organizations/54a1c4bb746869401230870f?overrideScoreId=score,347K,,painting+85,http://www.linkedin.com/company/renovate-paint-and-design,https://www.facebook.com/renovate.paint.design/,https://twitter.com/RenovatePaint,,,
Quisenberry Construction,http://www.quisenberryconstruction.com,,,Burleson,Texas,,,,,,apollo,"painting company, painting services - Texas",https://app.apollo.io/#/organizations/54a11f2169702da10fc1d001?overrideScoreId=score,25.1M,,general construction+49,http://www.linkedin.com/company/quisenberry-construction,https://www.facebook.com/Quisenberry-Construction-180436418676047/,https://twitter.com/quisenberrycnst,,,
Alsobrook Painting Company,http://www.alsobrookpainting.com,,,Dallas,Texas,,,,,,apollo,"painting company, painting services - Texas",https://app.apollo.io/#/organizations/674d7f096eb63a00010606dd?overrideScoreId=score,,,,http://www.linkedin.com/company/alsobrook-painting-company,,,,,
LIME Painting of San Antonio,,,,San Antonio,Texas,,,,,,apollo,"painting company, painting services - Texas",https://app.apollo.io/#/organizations/64a25cbfc07d60000138284b?overrideScoreId=score,,,construction company+14,http://www.linkedin.com/company/lime-painting-of-san-antonio,,,,,
Top Of The Line Striping,http://www.topofthelinestripingtx.com,,,Belton,Texas,,,,,,apollo,"painting company, painting services - Texas",https://app.apollo.io/#/organizations/649bbcd02b97ab00d9cd9cfa?overrideScoreId=score,,,stripingasphalt+75,http://www.linkedin.com/company/top-of-the-line-striping,https://www.facebook.com/topofthelinestripingtx,,,,
JSL Painting Company,http://www.jslpaintingcompany.com,,,Houston,Texas,,,,,,apollo,"painting company, painting services - Texas",https://app.apollo.io/#/organizations/640d94bb4da0ed00017ded8e?overrideScoreId=score,,,,http://www.linkedin.com/company/jsl-painting-company,,,,,
OAC Construction Services Inc,http://www.oacconstructioninc.com,,,Dallas,Texas,,,,,,apollo,"painting company, painting services - Texas",https://app.apollo.io/#/organizations/61ec3158cb480900018ff8a0?overrideScoreId=score,,,acoustical ceiling+64,http://www.linkedin.com/company/oac-construction-services-inc,,,,,
Vista Roofing and Restoration,http://www.vistarar.com,,,Houston,Texas,,,,,,apollo,"painting company, painting services - Texas",https://app.apollo.io/#/organizations/61472ae1c64b2500a485532b?overrideScoreId=score,,,painting services+53,http://www.linkedin.com/company/vistarar,https://www.facebook.com/vistarar2020,,,,
Blue Dog Pro Painters,http://www.bluedogpropainters.com,,,Texas City,Texas,,,,,,apollo,"painting company, painting services - Texas",https://app.apollo.io/#/organizations/60fc5ac0feaee600014e35b0?overrideScoreId=score,,,painting+62,http://www.linkedin.com/company/bluedogpaintingtx,https://www.facebook.com/bluedogpaintingtx/,,,,
Irwin Roofing,http://www.irwinroofing.net,,,Fort Worth,Texas,,,,,,apollo,"painting company, painting services - Texas",https://app.apollo.io/#/organizations/6048c10ce6091700010e62de?overrideScoreId=score,,,long-lasting roofs+56,http://www.linkedin.com/company/irwinroofing,,,,,
Patch Plus Paint LLC,http://www.patchpluspaint.com,,,Plano,Texas,,,,,,apollo,"painting company, painting services - Texas",https://app.apollo.io/#/organizations/5fcb9668e342470001f691cc?overrideScoreId=score,,,drywall installation+46,http://www.linkedin.com/company/patch-plus-paint-llc,https://m.facebook.com/patchpluspaint,https://mobile.twitter.com/patchpluspaint,,,
Aspire Construction & Maintenance,http://www.hireaspiretx.com,,,Austin,Texas,,,,,,apollo,"painting company, painting services - Texas",https://app.apollo.io/#/organizations/5ed0833f64ba760001c7c3d2?overrideScoreId=score,,,,http://www.linkedin.com/company/aspire-construction-group,https://www.facebook.com/AspireConstructionGroup,,,,
Sunshine Painting Services,http://www.sunshinepaintco.com,,,Dallas,Texas,,,,,,apollo,"painting company, painting services - Texas",https://app.apollo.io/#/organizations/5d0a8d8f80f93e2821c5b605?overrideScoreId=score,,,,http://www.linkedin.com/company/sunshine-painting-services,,,,,
Wood Specialist,http://www.woodspecialist.com,,,Crowley,Texas,,,,,,apollo,"painting company, painting services - Texas",https://app.apollo.io/#/organizations/55f3f4cbf3e5bb1e3100413a?overrideScoreId=score,,,,http://www.linkedin.com/company/wood-specialist,,,,,
RBS Improvements,http://www.rbsimprovements.com,,,Austin,Texas,,,,,,apollo,"painting company, painting services - Texas",https://app.apollo.io/#/organizations/617e631497589300a42b29f2?overrideScoreId=score,,,cleaning+38,http://www.linkedin.com/company/rbs-improvements,https://www.facebook.com/RBSImprovements/,,,,
Top Notch Construction,http://www.topnotchhoustontx.com,,,Houston,Texas,,,,,,apollo,"painting company, painting services - Texas",https://app.apollo.io/#/organizations/60b21bc687eac5000178dcba?overrideScoreId=score,,,project management+55,http://www.linkedin.com/company/top-notch-construction-llc,,,,,
Home Platinum Services,http://www.homeplatinumservices.com,,,Plano,Texas,,,,,,apollo,"painting company, painting services - Texas",https://app.apollo.io/#/organizations/5da43dd6988bdd000144dfa5?overrideScoreId=score,3.7M,,home remodeling+62,http://www.linkedin.com/company/homeplatinumservices,https://www.facebook.com/Remodeling.Services/,https://twitter.com/Home_Services,,,
"HAGLER & KERR, LLC",http://www.haglerandkerr.com,,,Manor,Texas,,,,,,apollo,"painting company, painting services - Texas",https://app.apollo.io/#/organizations/674cbd04a24b8900019fffb5?overrideScoreId=score,,,industrial coatings+51,http://www.linkedin.com/company/hagler-&-kerr-llc,,,,,
Manorly Concierge Home Management,http://www.manorly.com,,,Dallas,Texas,,,,,,apollo,"painting company, painting services - Texas",https://app.apollo.io/#/organizations/5ed216137a37240001401188?overrideScoreId=score,,,custom carpentry+81,http://www.linkedin.com/company/manorly-concierge-home-management,https://facebook.com/Manorly,,,,
Lopez Painting Company,http://www.jlopezpaintandfinish.com,,,Temple,Texas,,,,,,apollo,"painting company, painting services - Texas",https://app.apollo.io/#/organizations/5500b0ce7369642db6c41200?overrideScoreId=score,,,,http://www.linkedin.com/company/lopez-painting-company,,,,,
Briones Drywall,http://www.brionesdrywall.com,,,Cleveland,Texas,,,,,,apollo,"painting company, painting services - Texas",https://app.apollo.io/#/organizations/54a1299269702d8b19a22a02?overrideScoreId=score,,,drywall contractor+38,http://www.linkedin.com/company/briones-drywall,,,,,
Bratcher Painting Company,http://www.bratcherpainting.com,,,Georgetown,Texas,,,,,,apollo,"painting company, painting services - Texas",https://app.apollo.io/#/organizations/66e6c7b76f45cf0001f355b5?overrideScoreId=score,,,,http://www.linkedin.com/company/bratcher-painting-company,,,,,
"S & R TRICE PAINTING, INC.",http://www.tricepainting.com,,,Fort Worth,Texas,,,,,,apollo,"painting company, painting services - Texas",https://app.apollo.io/#/organizations/64fdb8c16b138b000166f344?overrideScoreId=score,,,schools+44,http://www.linkedin.com/company/s-&-r-trice-painting-inc.,,,,,
JBR 1 INDUSTRIAL SERVICES LLC,http://www.jbr1.com,,,Baytown,Texas,,,,,,apollo,"painting company, painting services - Texas",https://app.apollo.io/#/organizations/640064a48e50d5000111a471?overrideScoreId=score,,,specialty materials+51,http://www.linkedin.com/company/jbr-1-industrial-services-llc,,,,,
"Price Painting, LLC",http://www.pricepaintingtx.com,,,Richardson,Texas,,,,,,apollo,"painting company, painting services - Texas",https://app.apollo.io/#/organizations/5e566b984636bd0001e19b47?overrideScoreId=score,,,long-lasting coatings+28,http://www.linkedin.com/company/price-painting,,,,,
"Paintegrity, LLC",http://www.paintegrityllc.com,,,Pflugerville,Texas,,,,,,apollo,"painting company, painting services - Texas",https://app.apollo.io/#/organizations/5b1339f0a6da98dcf025de90?overrideScoreId=score,,,interior painting+45,http://www.linkedin.com/company/paintegrity-llc,,,,,
T&Z All Services,http://www.allserviceshouston.com,,,Houston,Texas,,,,,,apollo,"painting company, painting services - Texas",https://app.apollo.io/#/organizations/54a1b4b074686942d3bacd09?overrideScoreId=score,11.1M,,electrical services+15,http://www.linkedin.com/company/t&z-all-services,https://facebook.com/DallasAllServices,,,,
Crown Exteriors,http://www.crownexteriors.com,,,Garland,Texas,,,,,,apollo,"painting company, painting services - Texas",https://app.apollo.io/#/organizations/54a19d9e7468694f8f681002?overrideScoreId=score,156K,,windows & doors+79,http://www.linkedin.com/company/crown-exteriors,https://facebook.com/pages/Crown-Exteriors/129176867164387,https://twitter.com/CrownExteriors,,,
My Guy -  Remodeling and Repairs,http://www.myguyetx.com,,,Tyler,Texas,,,,,,apollo,"painting company, painting services - Texas",https://app.apollo.io/#/organizations/63cbff655c2a5500017b9bd1?overrideScoreId=score,,,framingdrywall+81,http://www.linkedin.com/company/my-guy,,,,,
JPS Painting Services,http://www.jpspaintingservices.com,,,Pflugerville,Texas,,,,,,apollo,"painting company, painting services - Texas",https://app.apollo.io/#/organizations/55ef030cf3e5bb5a80002d28?overrideScoreId=score,,,,http://www.linkedin.com/company/jps-painting-services,,,,,
"Renaissance Contracting, LLC",http://www.renaissance-tx.com,,,Austin,Texas,,,,,,apollo,"painting company, painting services - Texas",https://app.apollo.io/#/organizations/54a135dd69702d407f89dd00?overrideScoreId=score,333K,,renovation+62,http://www.linkedin.com/company/renaissance-contracting-llc,https://facebook.com/RenaissanceContracting,https://twitter.com/RenaissanceLLC,,,
Cordova Construction,http://www.cordova-construction.com,,,San Antonio,Texas,,,,,,apollo,"painting company, painting services - Texas",https://app.apollo.io/#/organizations/55ea5175f3e5bb5960001421?overrideScoreId=score,,,licensed contractor+51,http://www.linkedin.com/company/cordova-construction,,,,,
J Poole Group,http://www.jpoolegroup.com,,,Belton,Texas,,,,,,apollo,"painting company, painting services - Texas",https://app.apollo.io/#/organizations/5d343bfc80f93e1a5fb7812f?overrideScoreId=score,3.1M,,construction+55,http://www.linkedin.com/company/jpoolegroup,https://www.facebook.com/jpoolegroup,https://twitter.com/JPooleGroup,,,
Shahan & Son Painting,http://www.shahanpaint.com,,,Dallas,Texas,,,,,,apollo,"painting company, painting services - Texas",https://app.apollo.io/#/organizations/56d7a3a4f3e5bb60b20012e4?overrideScoreId=score,,,tapebed+48,http://www.linkedin.com/company/shahan-&-son-painting,,,,,
PRO PTG INC,http://www.propaintingonline.com,,,Richardson,Texas,,,,,,apollo,"painting company, painting services - Texas",https://app.apollo.io/#/organizations/54a11fe269702d9d7ee30102?overrideScoreId=score,,,,http://www.linkedin.com/company/pro-painting-co,https://www.facebook.com/avpropaintingco,https://twitter.com/avpropaintingco,,,
Durango TurnKey Services,http://www.durangotks.com,,,Dallas,Texas,,,,,,apollo,"painting company, painting services - Texas",https://app.apollo.io/#/organizations/65ee723bb27cf00300bcc681?overrideScoreId=score,,,cost transparency+57,http://www.linkedin.com/company/durango-turnkey-services,,,,,
PaintPro,http://www.paintpro.co,,,Austin,Texas,,,,,,apollo,"painting company, painting services - Texas",https://app.apollo.io/#/organizations/5ee0b981ec189f0001e7681c?overrideScoreId=score,,,wood door painting+48,http://www.linkedin.com/company/paintpro,,,,,
BMF Industries,http://www.bmfbuilds.com,,,Houston,Texas,,,,,,apollo,"painting company, painting services - Texas",https://app.apollo.io/#/organizations/5e55fd00df47940001fde55c?overrideScoreId=score,,,scaffolding+48,http://www.linkedin.com/company/bmf-industries,,,,,
Hank's Handyman,http://www.callhanks.com,,,Garland,Texas,,,,,,apollo,"painting company, painting services - Texas",https://app.apollo.io/#/organizations/619ff1edc625df00a40c1b15?overrideScoreId=score,,,,http://www.linkedin.com/company/hank-s-handyman,,,,,
TJ's Professional Painting and Construction LLC,http://www.tjspropainting.com,,,Dallas,Texas,,,,,,apollo,"painting company, painting services - Texas",https://app.apollo.io/#/organizations/5fee3867d0dd5900d634bbf0?overrideScoreId=score,,,sand blasting+31,http://www.linkedin.com/company/tj-s-professional-painting-and-construction-llc,https://www.facebook.com/tjspropainting/,,,,
3:16 Roofing & Construction,http://www.316roofingtx.com,,,Keller,Texas,,,,,,apollo,"painting company, painting services - Texas",https://app.apollo.io/#/organizations/5e562ca4f74c260001f17c4c?overrideScoreId=score,,,roofingresidential+102,http://www.linkedin.com/company/316roofing,https://www.facebook.com/316RoofingTx,https://twitter.com/316Roofing,,,
Tex Painting,http://www.texpainting.com,,,Austin,Texas,,,,,,apollo,"painting company, painting services - Texas",https://app.apollo.io/#/organizations/55f34bcdf3e5bb16f50004f6?overrideScoreId=score,,,,http://www.linkedin.com/company/tex-painting,,,,,
"DK Painting Company, Inc.",http://www.dkpainting.com,,,DK Painting Company,Inc.,,,,,,apollo,"painting company, painting services - Inc.",https://app.apollo.io/#/organizations/67d2d0ee06a6ef0021a5232a?overrideScoreId=score,,,b2bservices,http://www.linkedin.com/company/dk-painting-company-inc1,,,,,
XXL,http://www.xxlconstruction.com,,,Houston,Texas,,,,,,apollo,"painting company, painting services - Texas",https://app.apollo.io/#/organizations/61eb86a57d024500013e9072?overrideScoreId=score,,,construction+57,http://www.linkedin.com/company/xxl-construction,,,,,
Wade Services LLC,http://www.wadeservicesllc.com,,,Magnolia,Texas,,,,,,apollo,"painting company, painting services - Texas",https://app.apollo.io/#/organizations/5c20a4d980f93ebaae76558f?overrideScoreId=score,,,pantry organization+55,http://www.linkedin.com/company/wade-services-llc,,,,,
Next Door Painting,http://www.nextdoorpainting.com,,,Houston,Texas,,,,,,apollo,"painting company, painting services - Texas",https://app.apollo.io/#/organizations/56d52468f3e5bb5d7f0019c2?overrideScoreId=score,,,no voc paints+45,http://www.linkedin.com/company/next-door-painting,,,,,
Texas Painting Company,http://www.repaintingtexas.com,,,Austin,Texas,,,,,,apollo,"painting company, painting services - Texas",https://app.apollo.io/#/organizations/54a1354569702d36c962bd00?overrideScoreId=score,,,home servicespainters,http://www.linkedin.com/company/texas-painting-company,https://www.facebook.com/TexasPaintingCompany,,,,
"S.P.D. Resources, L.P.",http://www.spdresourceslp.com,,,Euless,Texas,,,,,,apollo,"painting company, painting services - Texas",https://app.apollo.io/#/organizations/5fca1a32367e9c00017a5d5d?overrideScoreId=score,,,,http://www.linkedin.com/company/s.p.d.-resources-l.p.,,,,,
CHERRY PAINTING COMPANY,,,,Carrollton,Texas,,,,,,apollo,"painting company, painting services - Texas",https://app.apollo.io/#/organizations/67275ea062f46c0001c87d3d?overrideScoreId=score,,,,http://www.linkedin.com/company/cherry-painting-company,,,,,
"Star Finishes Enterprises, Inc.",http://www.starfinishesent.com,,,Star Finishes Enterprises,Inc.,,,,,,apollo,"painting company, painting services - Inc.",https://app.apollo.io/#/organizations/5e56b627b2625200012902cd?overrideScoreId=score,,,painting services+30,http://www.linkedin.com/company/star-finishes-enterprises-inc,,,,,
Hardy's Painting,http://www.hardyspainting.com,,,Trophy Club,Texas,,,,,,apollo,"painting company, painting services - Texas",https://app.apollo.io/#/organizations/55f2cc60f3e5bb0c0c00819d?overrideScoreId=score,,,cabinets refinishing+53,http://www.linkedin.com/company/hardy's-painting,https://www.facebook.com/hardyspainting/,,,,
DFW Painting LLC,http://www.dfwpainting.com,,,Dallas,Texas,,,,,,apollo,"painting company, painting services - Texas",https://app.apollo.io/#/organizations/54a134a869702d38bba35000?overrideScoreId=score,30M,,paintingtexture+60,http://www.linkedin.com/company/dfw-painting-llc,https://facebook.com/DFWPainting,https://twitter.com/dfwpainting,,,
Paper Moon Painting,http://www.papermoonpainting.com,,,San Antonio,Texas,,,,,,apollo,"painting company, painting services - Texas",https://app.apollo.io/#/organizations/5fca250562cea0000187b751?overrideScoreId=score,,,home painting+78,http://www.linkedin.com/company/paper-moon-painting,,,,,
Texas Best Stain,http://www.texasbeststain.com,,,Plano,Texas,,,,,,apollo,"painting company, painting services - Texas",https://app.apollo.io/#/organizations/57c4c714a6da9836ea65d347?overrideScoreId=score,,,stonework+82,http://www.linkedin.com/company/texas-best-stain,https://www.facebook.com/TexasBestStain,,,,
Superior Painting Company,http://www.superiorpainters.com,,,Red Oak,Texas,,,,,,apollo,"painting company, painting services - Texas",https://app.apollo.io/#/organizations/55f9384ff3e5bb22820024bb?overrideScoreId=score,,,residential painters+52,http://www.linkedin.com/company/superior-painting-company,https://www.facebook.com/superiorpaintingcompany,https://twitter.com/gregpelt,,,
JRD Construction,http://www.jrdconstruction.com,,,Sugar Land,Texas,,,,,,apollo,"painting company, painting services - Texas",https://app.apollo.io/#/organizations/54a135b269702d48e2e9bb00?overrideScoreId=score,,,roofingsiding+64,http://www.linkedin.com/company/jrd-construction,,,,,
Top Coat Fabrication,http://www.topcoatfab.com,,,Jones Creek,Texas,,,,,,apollo,"painting company, painting services - Texas",https://app.apollo.io/#/organizations/5d9bc2eebbc8ca00d4e67a30?overrideScoreId=score,49.7M,,fabricationpipe+56,http://www.linkedin.com/company/topcoatfab,,,,,
"JLM, Inc.",http://www.jlmcontractorsllc.com,,,Dallas,Texas,,,,,,apollo,"painting company, painting services - Texas",https://app.apollo.io/#/organizations/63356cf0d0e42100e2e29a65?overrideScoreId=score,,,,http://www.linkedin.com/company/jlminc,,,,,
Streamline Painting & More,http://www.streamlinepaint.com,,,Conroe,Texas,,,,,,apollo,"painting company, painting services - Texas",https://app.apollo.io/#/organizations/60b1ff3c463a860001e3eec2?overrideScoreId=score,,,exterior painting+75,http://www.linkedin.com/company/streamline-painting-more,https://www.facebook.com/streamlinepaint,,,,
"Varmon Drywall, LLC.",http://www.varmondrywall.com,,,Houston,Texas,,,,,,apollo,"painting company, painting services - Texas",https://app.apollo.io/#/organizations/5e55fcb0d640ab00018ea11f?overrideScoreId=score,,,drywallpaint+36,http://www.linkedin.com/company/varmon-drywall-llc.,https://www.facebook.com/varmondrywall/,,,,
BM Construction LLC,http://www.bmconstruction.com,,,Dallas,Texas,,,,,,apollo,"painting company, painting services - Texas",https://app.apollo.io/#/organizations/64c673c2825d0d0001555e61?overrideScoreId=score,,,warranty services+66,http://www.linkedin.com/company/bmconstructionllc,,,,,
CAPITOL PAINTING & CONSTRUCTION INC,http://www.cpc-contracting.net,,,Farmers Branch,Texas,,,,,,apollo,"painting company, painting services - Texas",https://app.apollo.io/#/organizations/5fc979875e043400015636ab?overrideScoreId=score,17.1M,,large-scale restoration+74,http://www.linkedin.com/company/capitol-painting-&-construction-inc,,,,,
Specialty Contractors Inc.,http://www.callspecialty.com,,,Dallas,Texas,,,,,,apollo,"painting company, painting services - Texas",https://app.apollo.io/#/organizations/556982f173696425c0734600?overrideScoreId=score,,,property restoration+52,http://www.linkedin.com/company/specialtycontractorsinc,,,,,
Painting Services By Steve,http://www.paintingservicesbysteve.com,,,Katy,Texas,,,,,,apollo,"painting company, painting services - Texas",https://app.apollo.io/#/organizations/54a13b1569702de5b3a14601?overrideScoreId=score,1.8M,,painting company+13,http://www.linkedin.com/company/painting-services-by-steve,https://facebook.com/PaintingServicesBySteve,https://twitter.com/PaintingbySteve,,,
Petersen Painting,http://www.petersenpainting.net,,,Lehi,Utah,,,,,,apollo,"painting company, painting services - Utah",https://app.apollo.io/#/organizations/674bc3f1a7e4e50001a21112?overrideScoreId=score,11M,,,http://www.linkedin.com/company/petersen-painting,,,,,
K&K Drywall,http://www.knkdrywall.rocks,,,Salt Lake City,Utah,,,,,,apollo,"painting company, painting services - Utah",https://app.apollo.io/#/organizations/6161ece97dcb3400017a102c?overrideScoreId=score,,,,http://www.linkedin.com/company/knkdrywall-rocks,,,,,
Go Painting,http://www.gopainting.com,,,Salt Lake City,Utah,,,,,,apollo,"painting company, painting services - Utah",https://app.apollo.io/#/organizations/66412d559f0f2c0001051678?overrideScoreId=score,,,commercial painting+63,http://www.linkedin.com/company/go-painting,,,,,
Midway Painting Company,http://www.midwaypaintingcompany.com,,,Midway,Utah,,,,,,apollo,"painting company, painting services - Utah",https://app.apollo.io/#/organizations/6437c6510822f100a300cf04?overrideScoreId=score,,,roman clay+49,http://www.linkedin.com/company/midway-painting-company,https://facebook.com/midwaypaintingcompany,,,,
PureEnviro,http://www.pureenviro.com,,,Spanish Fork,Utah,,,,,,apollo,"painting company, painting services - Utah",https://app.apollo.io/#/organizations/54a1277669702db648985700?overrideScoreId=score,,,,http://www.linkedin.com/company/pure-enviro-management,https://www.facebook.com/PureEnviro,,,,
Tritex Construction Group,http://www.tritexconstructiongroup.com,,,Orem,Utah,,,,,,apollo,"painting company, painting services - Utah",https://app.apollo.io/#/organizations/60145823ea521300e6cff4b2?overrideScoreId=score,,,eifssiding systems+60,http://www.linkedin.com/company/tritex-construction-group1,,,,,
Copper Canyon Coatings,http://www.ccanyon.com,,,Herriman,Utah,,,,,,apollo,"painting company, painting services - Utah",https://app.apollo.io/#/organizations/64c20039bd4a1b0001214299?overrideScoreId=score,,,distribution+42,http://www.linkedin.com/company/copper-canyon-coatings,,,,,
Finisher Construction,http://www.finisherco.com,,,Salt Lake City,Utah,,,,,,apollo,"painting company, painting services - Utah",https://app.apollo.io/#/organizations/65485aa3412c0500014110f9?overrideScoreId=score,,,punchlist services+59,http://www.linkedin.com/company/finisher-construction,,,,,
Hillside Painting,http://www.hillsidepainting.co,,,West Jordan,Utah,,,,,,apollo,"painting company, painting services - Utah",https://app.apollo.io/#/organizations/645f67053605790001d807b3?overrideScoreId=score,,,venetian plaster+40,http://www.linkedin.com/company/hillside-painting-llc,,,,,
Service Painter,http://www.servicepainter.com,,,Saint George,Utah,,,,,,apollo,"painting company, painting services - Utah",https://app.apollo.io/#/organizations/55921ac97369641b33ef3100?overrideScoreId=score,,,paintingpainter+38,http://www.linkedin.com/company/servicepainter,https://www.facebook.com/servicepainter,,,,
LIME Painting of Salt Lake,http://www.limepaintingofsaltlake.com,,,Draper,Utah,,,,,,apollo,"painting company, painting services - Utah",https://app.apollo.io/#/organizations/614d6d7a8e3fae00017e6fb7?overrideScoreId=score,,,,http://www.linkedin.com/company/lime-painting-of-salt-lake,,,,,
Fred Marshall Painting,http://www.fredmarshallpainting.com,,,Park City,Utah,,,,,,apollo,"painting company, painting services - Utah",https://app.apollo.io/#/organizations/54a1289f69702db878300a01?overrideScoreId=score,,,wood distressing+91,http://www.linkedin.com/company/fred-marshall-painting,https://www.facebook.com/fmpainting,https://twitter.com/@FMPainting,,,
Provo Painters,http://www.provopainting.com,,,Provo,Utah,,,,,,apollo,"painting company, painting services - Utah",https://app.apollo.io/#/organizations/64f53d2826b73a00014b2abe?overrideScoreId=score,,,residential painting+8,http://www.linkedin.com/company/provo-painters,,,,,
Ogden Painting Company,http://www.ogdenpaintingpros.com,,,Ogden,Utah,,,,,,apollo,"painting company, painting services - Utah",https://app.apollo.io/#/organizations/66f659bcbdb34f0001951a7f?overrideScoreId=score,,,painting company,http://www.linkedin.com/company/ogden-painting-company,,,,,
"Sparkle Painting Co., Inc.",http://www.sparklepainting.com,,,Lorton,Virginia,,,,,,apollo,"painting company, painting services - Virginia",https://app.apollo.io/#/organizations/55922cf273696424dec97a00?overrideScoreId=score,6.3M,,murals installation+46,http://www.linkedin.com/company/sparkle-painting-co.-inc.,,,,,
Sam and Sons Services,http://www.samandsons.net,,,Alexandria,Virginia,,,,,,apollo,"painting company, painting services - Virginia",https://app.apollo.io/#/organizations/62b4403d0def1700016a6540?overrideScoreId=score,,,plumbing+51,http://www.linkedin.com/company/sam-and-sons-services,https://www.facebook.com/SamAndSonsServices/,,,,
Painting Works,http://www.homeworkspainting.com,,,Chantilly,Virginia,,,,,,apollo,"painting company, painting services - Virginia",https://app.apollo.io/#/organizations/57c4cfe2a6da986acce93855?overrideScoreId=score,12.9M,,wallpaper removal+50,http://www.linkedin.com/company/painting-works,https://www.facebook.com/HomeWorksPaintingVA/,https://twitter.com/homeworksva,,,
E. Caligari & Son,http://www.ecaligariandson.com,,,Norfolk,Virginia,,,,,,apollo,"painting company, painting services - Virginia",https://app.apollo.io/#/organizations/5d32b11af65125072c9d5f01?overrideScoreId=score,18M,,,http://www.linkedin.com/company/e-caligari-son-inc,,,,,
"Gerloff Painting, Inc.",http://www.gerloffpainting.com,,,Gerloff Painting,Inc.,,,,,,apollo,"painting company, painting services - Inc.",https://app.apollo.io/#/organizations/54a1bbf17468694f8f2c7c0c?overrideScoreId=score,,,painting+50,http://www.linkedin.com/company/gerloff-painting-inc-,,,,,
Widespread Solutions,http://www.widespreadsolutions.net,,,Mechanicsville,Virginia,,,,,,apollo,"painting company, painting services - Virginia",https://app.apollo.io/#/organizations/5da50c452981de0001890761?overrideScoreId=score,,,,http://www.linkedin.com/company/widespread-solutions-llc,https://www.facebook.com/WidespreadSolutionsLLC,,,,
"W.W. Nash & Sons, Inc.",http://www.wwnash.com,,,W.W. Nash & Sons,Inc.,,,,,,apollo,"painting company, painting services - Inc.",https://app.apollo.io/#/organizations/556d45ab7369641261d9cb00?overrideScoreId=score,10M,,,http://www.linkedin.com/company/w-w-nash-&-sons-inc-,https://facebook.com/pages/WW-Nash-Sons/224754219139,https://twitter.com/WWNashCompanies,,,
"Kolas Contracting, Inc.",http://www.kolasinc.com,,,Kolas Contracting,Inc.,,,,,,apollo,"painting company, painting services - Inc.",https://app.apollo.io/#/organizations/54a1209569702d8ccccb6802?overrideScoreId=score,,,siding cladding+81,http://www.linkedin.com/company/kolas-contracting-inc.,,,,,
Murray Painting,http://www.murraypaint.net,,,Richmond,Virginia,,,,,,apollo,"painting company, painting services - Virginia",https://app.apollo.io/#/organizations/60b2503f7ea2d90001ba6f87?overrideScoreId=score,,,painting+53,http://www.linkedin.com/company/kenneth-murray-ba76684323,https://www.facebook.com/murraypaintingrva,,,,
"The Carpentry and Painting Experts/DBA CPE Contractors, LLC",http://www.fixandpaint.net,,,Henrico,Virginia,,,,,,apollo,"painting company, painting services - Virginia",https://app.apollo.io/#/organizations/5e55fe3e667ed50001c52113?overrideScoreId=score,,,paintingcarpentry+75,http://www.linkedin.com/company/the-carpentry-and-painting-experts-dba-cpe-contractors-llc,https://facebook.com/pages/The-Carpentry-and-Painting-Experts-LLC/156814621005107,,,,
TrueCraft Remodeling LLC,http://www.gteamva.com,,,Remington,Virginia,,,,,,apollo,"painting company, painting services - Virginia",https://app.apollo.io/#/organizations/62282155c6be3200a550ad8d?overrideScoreId=score,,,home improvement+53,http://www.linkedin.com/company/remodelwithtruecraft,https://www.facebook.com/WixStudio,,,,
TSP Contracting,http://www.tspcontracting.net,,,Fairfax,Virginia,,,,,,apollo,"painting company, painting services - Virginia",https://app.apollo.io/#/organizations/61ec54ade0988a0001917bd4?overrideScoreId=score,,,remodeling+70,http://www.linkedin.com/company/tsp-contracting,https://www.facebook.com/tspremodeling,https://twitter.com/tspremodeling,,,
89-Paint,http://www.89paint.com,,,Midlothian,Virginia,,,,,,apollo,"painting company, painting services - Virginia",https://app.apollo.io/#/organizations/54a19e097468695c82873102?overrideScoreId=score,975K,,commercial+57,http://www.linkedin.com/company/89-paint,https://www.facebook.com/paintingcontractor,https://twitter.com/89Paint,,,
Reston Painting & Contracting,http://www.restonpaint.com,,,Herndon,Virginia,,,,,,apollo,"painting company, painting services - Virginia",https://app.apollo.io/#/organizations/54a19ff87468694012e8d902?overrideScoreId=score,1.5M,,commercial+62,http://www.linkedin.com/company/reston-painting-&-contracting,https://m.facebook.com/restonpaintingandcontracting/,https://twitter.com/restonpandc,,,
"THESIS PAINTING, INC.",http://www.thesispainting.com,,,Springfield,Virginia,,,,,,apollo,"painting company, painting services - Virginia",https://app.apollo.io/#/organizations/54a11f0d69702da10f98c501?overrideScoreId=score,9.8M,,,http://www.linkedin.com/company/thesis-painting-inc.,https://facebook.com/ThesisPainting,https://twitter.com/thesispainting,,,
Forte Construction & Design,http://www.forteconstructiondesign.com,,,Fredericksburg,Virginia,,,,,,apollo,"painting company, painting services - Virginia",https://app.apollo.io/#/organizations/56de6d17f3e5bb3fe2001ea5?overrideScoreId=score,,,basement finishing+29,http://www.linkedin.com/company/forte-construction-&-design-llc,https://www.facebook.com/forteconstructiondesign/,,,,
"Dean Technologies, Inc.",http://www.deantechnologies.net,,,Dean Technologies,Inc.,,,,,,apollo,"painting company, painting services - Inc.",https://app.apollo.io/#/organizations/55693db87369642183f61800?overrideScoreId=score,,,general contracting+56,http://www.linkedin.com/company/dean-technologies-inc-,,,,,
Duvall Paint Contractors,http://www.duvallpaint.com,,,Manassas,Virginia,,,,,,apollo,"painting company, painting services - Virginia",https://app.apollo.io/#/organizations/5e55a7fa902f1b0001faf90e?overrideScoreId=score,,,,http://www.linkedin.com/company/duvall-paint-contractors,,,,,
Epic Painting Company,http://www.epicpaintingco.com,,,Fairfax,Virginia,,,,,,apollo,"painting company, painting services - Virginia",https://app.apollo.io/#/organizations/6638b731c948a3000163602b?overrideScoreId=score,,,custom signage+32,http://www.linkedin.com/company/epic-painting-company-llc,,,,,
Handy Manny's Painting,http://www.handymannyspainting.com,,,Arlington,Virginia,,,,,,apollo,"painting company, painting services - Virginia",https://app.apollo.io/#/organizations/63baeb31941ae80001f789b8?overrideScoreId=score,,,paintingdrywall+47,http://www.linkedin.com/company/handymannyspainting,,,,,
Rohan Commercial Painting,http://www.rohanpainting.com,,,Fairfax,Virginia,,,,,,apollo,"painting company, painting services - Virginia",https://app.apollo.io/#/organizations/5f41c2ced7b9000001352e7c?overrideScoreId=score,,,paintingcarpet+58,http://www.linkedin.com/company/rohan-commercial-painting,https://www.facebook.com/106228492312726,,,,
CG Painting Company LLC,,,,Chester,Virginia,,,,,,apollo,"painting company, painting services - Virginia",https://app.apollo.io/#/organizations/645c9bf3b0b88900010dc68b?overrideScoreId=score,,,exterior painting+6,http://www.linkedin.com/company/cgpaintingcorva,,,,,
Beltway Commercial Services,http://www.beltwaycommercialservices.com,,,Fairfax,Virginia,,,,,,apollo,"painting company, painting services - Virginia",https://app.apollo.io/#/organizations/5e55cf040d6a3200016bb037?overrideScoreId=score,,,renovations+79,http://www.linkedin.com/company/beltway-commercial-services,,,,,
Legacy Painting,http://www.legacypainting757.com,,,Yorktown,Virginia,,,,,,apollo,"painting company, painting services - Virginia",https://app.apollo.io/#/organizations/683c70b67223c70001597a73?overrideScoreId=score,,,project warranty+54,http://www.linkedin.com/company/legacy-painting,,,,,
Ploutis Contracting,http://www.ploutiscontracting.com,,,Alexandria,Virginia,,,,,,apollo,"painting company, painting services - Virginia",https://app.apollo.io/#/organizations/64f4afe5735d02000127db04?overrideScoreId=score,26.3M,,property maintenance+80,http://www.linkedin.com/company/ploutis-contracting,https://www.facebook.com/PloutisContracting,,,,
General Contractors National,http://www.gcnat.com,,,Vienna,Virginia,,,,,,apollo,"painting company, painting services - Virginia",https://app.apollo.io/#/organizations/63c67771e27c15008b17e34e?overrideScoreId=score,,,construction solutions+83,http://www.linkedin.com/company/gcnat,,,,,
Rohan Commercial Contracting,http://www.rohancontracting.com,,,Fairfax,Virginia,,,,,,apollo,"painting company, painting services - Virginia",https://app.apollo.io/#/organizations/6115e3bdbcbd1a000108d80d?overrideScoreId=score,,,white boxes+57,http://www.linkedin.com/company/rohan-commercial-contracting,,,,,
CRESCENT PAINTING COMPANY,http://www.crescentpainting.com,,,Fredericksburg,Virginia,,,,,,apollo,"painting company, painting services - Virginia",https://app.apollo.io/#/organizations/5fd1ba714ca858000170db91?overrideScoreId=score,18.9M,,,http://www.linkedin.com/company/crescent-painting-company,,,,,
MaxHousePrice,http://www.maxhouseprice.com,,,Chantilly,Virginia,,,,,,apollo,"painting company, painting services - Virginia",https://app.apollo.io/#/organizations/5da2787ca2e257000199fccf?overrideScoreId=score,,,real estate services+56,http://www.linkedin.com/company/maxhouseprice,,,,,
"Juniper Construction Co., Inc.",http://www.junipercon.com,,,Manassas,Virginia,,,,,,apollo,"painting company, painting services - Virginia",https://app.apollo.io/#/organizations/5d34d5e1a3ae6110fb023091?overrideScoreId=score,,,general contractor+56,http://www.linkedin.com/company/junipercon,,,,,
My Painter & Exteriors,http://www.mypainterco.com,,,Fairfax,Virginia,,,,,,apollo,"painting company, painting services - Virginia",https://app.apollo.io/#/organizations/67973f1c4f948f01b06b7955?overrideScoreId=score,,,commercial painting+89,http://www.linkedin.com/company/my-painter-exteriors,https://www.facebook.com/MyLocalPainter/,,,,
PARAGON PAINTING SERVICES,http://www.paragonpaintingcontractors.com,,,Newport News,Virginia,,,,,,apollo,"painting company, painting services - Virginia",https://app.apollo.io/#/organizations/642103f28eb4120001171fd0?overrideScoreId=score,,,,http://www.linkedin.com/company/paragon-painting-services,,,,,
Mr. Handyman of Northern Virginia - Arlington to Haymarket,http://www.mrhandyman.com,,,Manassas,Virginia,,,,,,apollo,"painting company, painting services - Virginia",https://app.apollo.io/#/organizations/60486687b540fb0001ab3017?overrideScoreId=score,14.1M,,,http://www.linkedin.com/company/mr.-handyman-of-northern-virginia---arlington-to-haymarket,https://facebook.com/MrHandyman,https://twitter.com/mrhandyman,,,
Jen Contracting Group LLC,http://www.jencontracting.com,,,Alexandria,Virginia,,,,,,apollo,"painting company, painting services - Virginia",https://app.apollo.io/#/organizations/56d6a531f3e5bb6236000ee5?overrideScoreId=score,,,cleaning solutions+51,http://www.linkedin.com/company/jencontracting,https://www.facebook.com/jencontractingusa,,,,
Fuentes Painting Services,http://www.fuentespaintingservices.com,,,Alexandria,Virginia,,,,,,apollo,"painting company, painting services - Virginia",https://app.apollo.io/#/organizations/63b7a7570e13ef00015006b9?overrideScoreId=score,,,power washing+7,http://www.linkedin.com/company/fuentes-painting-services,,,,,
Carlton Building Services,http://www.carltonbuildingservices.com,,,Chesapeake,Virginia,,,,,,apollo,"painting company, painting services - Virginia",https://app.apollo.io/#/organizations/5e57c371c0fa30000183c89f?overrideScoreId=score,,,construction+70,http://www.linkedin.com/company/carlton-building-services,https://www.facebook.com/Carltonbuildingservices/,,,,
"Scott Ellis Painting, LLC",http://www.scottellispainting.com,,,Chester,Virginia,,,,,,apollo,"painting company, painting services - Virginia",https://app.apollo.io/#/organizations/5da3d54945051100011d9d1b?overrideScoreId=score,,,deck staining+26,http://www.linkedin.com/company/scott-ellis-painting-llc,https://www.facebook.com/SEPainting,https://twitter.com/ellis_painting,,,
Terry Sampson Painting Services,http://www.terrysampsonpainting.com.au,,,Montpelier,Virginia,,,,,,apollo,"painting company, painting services - Virginia",https://app.apollo.io/#/organizations/6749a1b3b584450001a8e04f?overrideScoreId=score,,,,http://www.linkedin.com/company/terry-sampson-painting-services,,,,,
WillGo National Painting,http://www.willgonationalpainting.com,,,Alexandria,Virginia,,,,,,apollo,"painting company, painting services - Virginia",https://app.apollo.io/#/organizations/67286a3e3ca5f70001abed8b?overrideScoreId=score,,,commercialpainting+54,http://www.linkedin.com/company/willgo-national-painting,,,,,
"Jandres Painting Services, LLC",http://www.jandrespainting.com,,,Alexandria,Virginia,,,,,,apollo,"painting company, painting services - Virginia",https://app.apollo.io/#/organizations/65eadc29ecc96700070f10bc?overrideScoreId=score,,,,http://www.linkedin.com/company/jandres-painting-services-llc,,,,,
Work by Q LLC,http://www.workbyq.com,,,Chantilly,Virginia,,,,,,apollo,"painting company, painting services - Virginia",https://app.apollo.io/#/organizations/644f882be8852f0001dee990?overrideScoreId=score,,,bonded contractor+53,http://www.linkedin.com/company/work-by-q-llc,https://www.facebook.com/102880224663816,,,,
Piedmont Paint & Finish,http://www.piedmontpaint.com,,,Charlottesville,Virginia,,,,,,apollo,"painting company, painting services - Virginia",https://app.apollo.io/#/organizations/54a133e769702d2db48a2900?overrideScoreId=score,6.3M,,house painting+85,http://www.linkedin.com/company/piedmont-paint-&-finish,https://www.facebook.com/PiedmontPaint,https://twitter.com/piedmontpaint,,,
Monolith Painting Company,http://www.bluemontpaintingcontractor.com,,,Bluemont,Virginia,,,,,,apollo,"painting company, painting services - Virginia",https://app.apollo.io/#/organizations/674fd754112bea00013895ef?overrideScoreId=score,,,,http://www.linkedin.com/company/monolith-painting-company,,,,,
WAINWRIGHT PAINTING SERVICES INC.,http://www.wps4you.com,,,Lynchburg,Virginia,,,,,,apollo,"painting company, painting services - Virginia",https://app.apollo.io/#/organizations/674e9438df023a0001862a85?overrideScoreId=score,,,,http://www.linkedin.com/company/wainwright-painting-services-inc.,,,,,
Superior Pressure Washing & Painting Company,http://www.superiorpnp.com,,,Virginia Beach,Virginia,,,,,,apollo,"painting company, painting services - Virginia",https://app.apollo.io/#/organizations/6700c531906fe40001be0baa?overrideScoreId=score,,,,http://www.linkedin.com/company/superior-pressure-washing-&-painting-company,https://www.facebook.com/superiorpnp,http://twitter.com/superiorva,,,
"Simplicity Home and Landscape, LLC",http://www.simplicityhomeandlandscape.com,,,Keysville,Virginia,,,,,,apollo,"painting company, painting services - Virginia",https://app.apollo.io/#/organizations/661e222f7b7ccb0007df383f?overrideScoreId=score,,,home improvements+66,http://www.linkedin.com/company/simplicity-home-and-landscape-llc,,,,,
Traditional Remodeling Group,http://www.traditionalremodeling.com,,,Centreville,Virginia,,,,,,apollo,"painting company, painting services - Virginia",https://app.apollo.io/#/organizations/64107b3751bb4f00a325b704?overrideScoreId=score,,,painting+49,http://www.linkedin.com/company/traditional-remodeling-group,,,,,
"Rochester Painting Company, LLC.",http://www.rochesterpaintingco.com,,,Broadway,Virginia,,,,,,apollo,"painting company, painting services - Virginia",https://app.apollo.io/#/organizations/67ee577356a013000d133d75?overrideScoreId=score,,,interior painting+5,http://www.linkedin.com/company/rochester-painting-co-llc,,,,,
Protect Painters of Richmond,http://www.protectpaintersva.com,,,Richmond,Virginia,,,,,,apollo,"painting company, painting services - Virginia",https://app.apollo.io/#/organizations/67d8fb75e1668e000157a02e?overrideScoreId=score,,,,http://www.linkedin.com/company/protect-painters-of-richmond,,,,,
T.R. YOUNG PAINTING COMPANY,http://www.tryoungservices.com,,,Fairfax,Virginia,,,,,,apollo,"painting company, painting services - Virginia",https://app.apollo.io/#/organizations/6714b19de73ec000013d12c4?overrideScoreId=score,,,,http://www.linkedin.com/company/t.r.-young-painting-company,,,,,
Wade Bros Painting Company,http://www.wadebrospainting.com,,,Virginia Beach,Virginia,,,,,,apollo,"painting company, painting services - Virginia",https://app.apollo.io/#/organizations/66de9b5f154ebe00017a5430?overrideScoreId=score,,,,http://www.linkedin.com/company/wade-bros-painting-company,,,,,
WestCoast Painting - Seattle Area,http://www.westcoastpaint.com,,,Renton,Washington,,,,,,apollo,"painting company, painting services - Washington",https://app.apollo.io/#/organizations/5d0a5b93a3ae61342dae2b83?overrideScoreId=score,16.3M,,pressure washing+47,http://www.linkedin.com/company/westcoast-painting-llc,,,,,
Scott Coatings,http://www.scottcoatings.com,,,Renton,Washington,,,,,,apollo,"painting company, painting services - Washington",https://app.apollo.io/#/organizations/54a1351469702d44948c6700?overrideScoreId=score,9.1M,,pressure washing+32,http://www.linkedin.com/company/scott-coatings-llc,https://facebook.com/scottcoatings,https://twitter.com/scottcoatings,,,
Quality Painting Services,http://www.qualitypaintingservice.net,,,Bothell,Washington,,,,,,apollo,"painting company, painting services - Washington",https://app.apollo.io/#/organizations/5592356e73696419d8b9cd00?overrideScoreId=score,,,,http://www.linkedin.com/company/borntopaint.com,,,,,
Paint The Town,http://www.wepaintthetown.com,,,Bellingham,Washington,,,,,,apollo,"painting company, painting services - Washington",https://app.apollo.io/#/organizations/54a128f269702d93131b6001?overrideScoreId=score,,,,http://www.linkedin.com/company/paint-the-town,https://facebook.com/pages/Paint-the-Town/270443103348,,,,
"Queen Anne Painting Co., Inc.",http://www.queenannepainting.com,,,Seattle,Washington,,,,,,apollo,"painting company, painting services - Washington",https://app.apollo.io/#/organizations/5a9db76ba6da98d9852ade2e?overrideScoreId=score,19.6M,,interior painting+58,http://www.linkedin.com/company/queen-anne-painting-co-inc,https://www.facebook.com/QueenAnnePainting/,,,,
"Grund and Company, Inc.",http://www.grund.com,,,Grund and Company,Inc.,,,,,,apollo,"painting company, painting services - Inc.",https://app.apollo.io/#/organizations/54a1349969702d3cbb354800?overrideScoreId=score,16.7M,,,http://www.linkedin.com/company/grund-and-company-inc.,https://www.facebook.com/Grund-Company-270642329628112/,,,,
"Avalon Contracting, Inc.",http://www.avaloncontracting.com,,,Avalon Contracting,Inc.,,,,,,apollo,"painting company, painting services - Inc.",https://app.apollo.io/#/organizations/5500afa07369642de9670500?overrideScoreId=score,,,hvacr+59,http://www.linkedin.com/company/avalon-contracting-inc,https://www.facebook.com/avaloncontractinginc/,,,,
"Vancouver Paint Group, Inc",http://www.vancouverpaintgroupinc.com,,,Vancouver Paint Group,Inc,,,,,,apollo,"painting company, painting services - Inc",https://app.apollo.io/#/organizations/56d38217f3e5bb22810008fe?overrideScoreId=score,,,home improvement+43,http://www.linkedin.com/company/vancouver-paint-group,,,,,
"Armadillo Painting, LLC",http://www.armadillopainting.com,,,Renton,Washington,,,,,,apollo,"painting company, painting services - Washington",https://app.apollo.io/#/organizations/54a25fa77468693cdd5ff31d?overrideScoreId=score,,,,http://www.linkedin.com/company/armadillo-painting-company,https://www.facebook.com/Armadillo-Painting-306921685239/,,,,
Paintmaster Services Inc.,http://www.paintmasterservices.com,,,West Richland,Washington,,,,,,apollo,"painting company, painting services - Washington",https://app.apollo.io/#/organizations/637ef980dc18e1000142632d?overrideScoreId=score,,,nace certified+51,http://www.linkedin.com/company/paintmaster-services-inc,https://www.facebook.com/paintmasterservices,,,,
United Painting,http://www.paintingunited.com,,,Yakima,Washington,,,,,,apollo,"painting company, painting services - Washington",https://app.apollo.io/#/organizations/5b86801df874f75902083054?overrideScoreId=score,,,light framing+45,http://www.linkedin.com/company/united-painting,,,,,
Todd Robinson Painting Inc,http://www.trpainting.com,,,Lacey,Washington,,,,,,apollo,"painting company, painting services - Washington",https://app.apollo.io/#/organizations/5591fce27369641981031200?overrideScoreId=score,,,,http://www.linkedin.com/company/todd-robinson-painting-inc,,,,,
Claffey's Painting,http://www.claffeys.com,,,North Bend,Washington,,,,,,apollo,"painting company, painting services - Washington",https://app.apollo.io/#/organizations/54a1226e69702d8aa16eff02?overrideScoreId=score,26.6M,,,http://www.linkedin.com/company/claffey's-painting,http://www.facebook.com/ClaffeysPainting,https://twitter.com/ClaffeysPaint,,,
"Sound Painting Solutions, LLC",http://www.soundpaintingsolutions.com,,,Seattle,Washington,,,,,,apollo,"painting company, painting services - Washington",https://app.apollo.io/#/organizations/55fa1148f3e5bb7186001bd2?overrideScoreId=score,3.9M,,exterior painting+57,http://www.linkedin.com/company/sound-painting-solutions-llc,https://facebook.com/SoundPaintingSolutions,https://twitter.com/Sound_Painting,,,
Ridings Custom Painting,http://www.ridingscustompainting.com,,,Mercer Island,Washington,,,,,,apollo,"painting company, painting services - Washington",https://app.apollo.io/#/organizations/54fca2a87369647e8b600f00?overrideScoreId=score,,,,http://www.linkedin.com/company/ridings-custom-painting,,,,,
All Covered Painting and Property Services,http://www.allcoveredpainting.com,,,Seattle,Washington,,,,,,apollo,"painting company, painting services - Washington",https://app.apollo.io/#/organizations/54a134f469702d3e83d96600?overrideScoreId=score,,,commercial painting+51,http://www.linkedin.com/company/allcoveredpainting,,,,,
Element PCC,http://www.elementpcc.com,,,Tukwila,Washington,,,,,,apollo,"painting company, painting services - Washington",https://app.apollo.io/#/organizations/62c5954738678b00ca44913e?overrideScoreId=score,,,warehouse coatings+76,http://www.linkedin.com/company/element-pcc,,,,,
"Steven Ray Construction, Inc.",http://www.srayc.com,,,Steven Ray Construction,Inc.,,,,,,apollo,"painting company, painting services - Inc.",https://app.apollo.io/#/organizations/5b833e78324d446bbf9cdfeb?overrideScoreId=score,,,custom cabinetry+50,http://www.linkedin.com/company/stevenrayconstructioninc,,,,,
PHINNEY RIDGE PAINTING LLC,http://www.phinneyridgepainting.com,,,Seattle,Washington,,,,,,apollo,"painting company, painting services - Washington",https://app.apollo.io/#/organizations/5a9f71a2a6da98d97e838013?overrideScoreId=score,,,epa lead-safe certified+49,http://www.linkedin.com/company/phinney-ridge-painting-llc,https://www.facebook.com/phinneyridgepainting/,,,,
American Classic Painters,http://www.americanclassicpainters.com,,,Kirkland,Washington,,,,,,apollo,"painting company, painting services - Washington",https://app.apollo.io/#/organizations/5ed35795ccb6090001dfa922?overrideScoreId=score,,,interior painting+46,http://www.linkedin.com/company/american-classic-painters-inc,https://www.facebook.com/americanclassicpainters/,,,,
Seley Painting Services,http://www.seleypainting.com,,,Bellevue,Washington,,,,,,apollo,"painting company, painting services - Washington",https://app.apollo.io/#/organizations/6726ab52042625000173f4aa?overrideScoreId=score,,,,http://www.linkedin.com/company/seley-painting-services,,,,,
Smile-A-Mile Painting,http://www.smileamilepainting.com,,,Kennewick,Washington,,,,,,apollo,"painting company, painting services - Washington",https://app.apollo.io/#/organizations/5e57a7be7e83710001e0f38c?overrideScoreId=score,,,paintinginterior+68,http://www.linkedin.com/company/smile-a-mile-painting,https://facebook.com/pages/Smile-A-Mile-Painting/214270765288169,,,,
Martinson Painting,http://www.martinsonpainting.com,,,Edgewood,Washington,,,,,,apollo,"painting company, painting services - Washington",https://app.apollo.io/#/organizations/556d2b5e736964124366b000?overrideScoreId=score,,,commercial painting+61,http://www.linkedin.com/company/martinson-painting,,,,,
Northwest Residential & Commercial Painting Company,http://www.nwpaintingcompany.com,,,Seattle,Washington,,,,,,apollo,"painting company, painting services - Washington",https://app.apollo.io/#/organizations/54a1b6ef7468695c827f2b0a?overrideScoreId=score,,,,http://www.linkedin.com/company/northwest-residential-&-commercial-painting-company,https://www.facebook.com/nwrcpllc/,https://twitter.com/nwrcpllc,,,
PREMIUM VALLEY PAINTING LLC,http://www.premiumvalleypainting.com,,,Kent,Washington,,,,,,apollo,"painting company, painting services - Washington",https://app.apollo.io/#/organizations/6377442f6e60e00001fdbc00?overrideScoreId=score,,,pressurewashing+52,http://www.linkedin.com/company/premium-valley-painting-llc,,,,,
"JT Painting Company, LLC",http://www.jtpaintingcompany.com,,,Tumwater,Washington,,,,,,apollo,"painting company, painting services - Washington",https://app.apollo.io/#/organizations/5e583f5dc2f6da0001412716?overrideScoreId=score,,,rhino linings+18,http://www.linkedin.com/company/jt-painting-company-llc,https://facebook.com/JTPaintingLLC,https://twitter.com/JTPaintingCo,,,
"Krippner, Inc",http://www.krippnerpainting.com,,,Krippner,Inc,,,,,,apollo,"painting company, painting services - Inc",https://app.apollo.io/#/organizations/54a23c6d7468693fda188718?overrideScoreId=score,,,mililtary housing+32,http://www.linkedin.com/company/krippner-inc,,,,,
Capitol Painting Company,http://www.capitolpaintingcompany.com,,,Tumwater,Washington,,,,,,apollo,"painting company, painting services - Washington",https://app.apollo.io/#/organizations/5ed17f1dbeff4a0001cf5b30?overrideScoreId=score,,,commercial cleaning+15,http://www.linkedin.com/company/capitol-painting-company,,,,,
Gregory Dill & Co,http://www.gregorydill.com,,,Woodinville,Washington,,,,,,apollo,"painting company, painting services - Washington",https://app.apollo.io/#/organizations/55ef6752f3e5bb17d100006e?overrideScoreId=score,28M,,interior painting+49,http://www.linkedin.com/company/gregory-dill-&-co,https://facebook.com/Gregory.Dill.Painting.And.Remodeling,,,,
Spokane Painting Pros,http://www.spokanepaintingpros.com,,,Spokane,Washington,,,,,,apollo,"painting company, painting services - Washington",https://app.apollo.io/#/organizations/5500b3fa7369647a89f50000?overrideScoreId=score,13.8M,,interior painting+47,http://www.linkedin.com/company/spokane-painting-pros,https://www.facebook.com/SpokanePaintingPros,https://twitter.com/@spokanepainter,,,
Arclight Painting,http://www.arclightpainting.com,,,Bothell,Washington,,,,,,apollo,"painting company, painting services - Washington",https://app.apollo.io/#/organizations/63b6b8dde0b7a10001280461?overrideScoreId=score,,,residential painting+101,http://www.linkedin.com/company/arclightpainting,https://www.facebook.com/arclightpainting,,,,
Investment Painting Services,http://www.investmentpainting.net,,,Woodinville,Washington,,,,,,apollo,"painting company, painting services - Washington",https://app.apollo.io/#/organizations/55921f63736964192c5d7e00?overrideScoreId=score,,,,http://www.linkedin.com/company/investment-painting-services,,,,,
Olympia Painting Company,http://www.olympiapaintingco.com,,,Olympia,Washington,,,,,,apollo,"painting company, painting services - Washington",https://app.apollo.io/#/organizations/556ce2f173696412580d4300?overrideScoreId=score,446K,,new construction+3,http://www.linkedin.com/company/olympia-painting-company,https://facebook.com/olympiapaintingcompany,https://twitter.com/olympiapainting,,,
VP Peri Painting Company,http://www.vpperi.com,,,Redmond,Washington,,,,,,apollo,"painting company, painting services - Washington",https://app.apollo.io/#/organizations/54a13c8a69702de5b328f101?overrideScoreId=score,,,specialty+39,http://www.linkedin.com/company/vp-peri-painting-company,,,,,
Cesar Painting Squad,http://www.cesarpaintingsquad.net,,,SeaTac,Washington,,,,,,apollo,"painting company, painting services - Washington",https://app.apollo.io/#/organizations/61ec1ea42f9a270001134328?overrideScoreId=score,,,home improvement+45,http://www.linkedin.com/company/cesarpaintingsquad,,,,,
Wheeler Painting and Restoration Services | Serving Commercial & Residential Clients Since 1991,http://www.wheelerpainting.com,,,Kent,Washington,,,,,,apollo,"painting company, painting services - Washington",https://app.apollo.io/#/organizations/60f647c1340c360001b08ee5?overrideScoreId=score,,,general contractor+74,http://www.linkedin.com/company/wheeler-painting-and-restoration-services,https://www.facebook.com/wheelerpainting,,,,
Pavilion Painting & General Contracting,http://www.pavilionpainting.com,,,Spokane,Washington,,,,,,apollo,"painting company, painting services - Washington",https://app.apollo.io/#/organizations/6798753bfd843202b7444125?overrideScoreId=score,,,restoration+50,http://www.linkedin.com/company/pavilion-painting,https://www.facebook.com/pavilionpainting.spokanecda/,,,,
Eagle Home Painting,http://www.eaglehomepainting.com,,,Lynnwood,Washington,,,,,,apollo,"painting company, painting services - Washington",https://app.apollo.io/#/organizations/664a6e1ae9f7ca0001a678cb?overrideScoreId=score,,,door & trimsfence+65,http://www.linkedin.com/company/eaglehomepainting,https://www.facebook.com/profile.php,,,,
Pasco Painting Company,http://www.pascopaintingcompany.com,,,Pasco,Washington,,,,,,apollo,"painting company, painting services - Washington",https://app.apollo.io/#/organizations/64604fcef221c900011b82f8?overrideScoreId=score,,,painting company,http://www.linkedin.com/company/pasco-painting-company,,,,,
N.W. Complete Contracting,http://www.nwcc6.com,,,Seattle,Washington,,,,,,apollo,"painting company, painting services - Washington",https://app.apollo.io/#/organizations/60f270fd9ad17c0001e7ed5e?overrideScoreId=score,,,commcercial painting+51,http://www.linkedin.com/company/northwest-cpmplete-contracting,https://www.facebook.com/profile.php,https://twitter.com/NWCContracting,,,
Equipped Painting,http://www.equippedpainting.com,,,Renton,Washington,,,,,,apollo,"painting company, painting services - Washington",https://app.apollo.io/#/organizations/5fc8f958a36e37000114e4a4?overrideScoreId=score,,,paint estimating+57,http://www.linkedin.com/company/equippedpainting,,,,,
Seattle Painting Specialists,http://www.seattlepainting.com,,,Bothell,Washington,,,,,,apollo,"painting company, painting services - Washington",https://app.apollo.io/#/organizations/54a11d9369702da753b93201?overrideScoreId=score,11.6M,,home improvement+44,http://www.linkedin.com/company/seattle-painting-specialists,,,,,
CUTTING EDGE PAINTING SERVICES LLC,http://www.cuttingedgepaintingservices.com,,,Tumwater,Washington,,,,,,apollo,"painting company, painting services - Washington",https://app.apollo.io/#/organizations/6739c180e3aae80001212fc6?overrideScoreId=score,,,,http://www.linkedin.com/company/cutting-edge-painting-services-llc,,,,,
TOP PAINTING SERVICES LLC,http://www.toppaintingservices.com,,,Seattle,Washington,,,,,,apollo,"painting company, painting services - Washington",https://app.apollo.io/#/organizations/6707afa49d2a120001cec25c?overrideScoreId=score,,,,http://www.linkedin.com/company/top-painting-services-llc,,,,,
Tinney's Painting,http://www.tinneyspainting.com,,,Puyallup,Washington,,,,,,apollo,"painting company, painting services - Washington",https://app.apollo.io/#/organizations/615bfaec6820570001919630?overrideScoreId=score,,,painting contractor+45,http://www.linkedin.com/company/tinneys-painting,https://www.facebook.com/103038171110280,,,,
Berzerk Builds LLC,http://www.berzerkbuildsllc.com,,,Moses Lake,Washington,,,,,,apollo,"painting company, painting services - Washington",https://app.apollo.io/#/organizations/661183987bc8a0000785ce9d?overrideScoreId=score,,,commercial cleanings+57,http://www.linkedin.com/company/berzerk-builds-llc,https://www.facebook.com/profile.php,,,,
Impact Painting Services,http://www.impactpaint.com,,,University Place,Washington,,,,,,apollo,"painting company, painting services - Washington",https://app.apollo.io/#/organizations/65ebfa0859daaa000788ac80?overrideScoreId=score,,,,http://www.linkedin.com/company/impact-painting-services,,,,,
"Pro Paints, LLC | Painting Company",http://www.propaintsnw.com,,,Spokane,Washington,,,,,,apollo,"painting company, painting services - Washington",https://app.apollo.io/#/organizations/6509191eb300a600017c7061?overrideScoreId=score,,,,http://www.linkedin.com/company/pro-paints,,,,,
Black Stag Contracting,http://www.blackstagcontracting.com,,,Liberty Lake,Washington,,,,,,apollo,"painting company, painting services - Washington",https://app.apollo.io/#/organizations/64ec6409268dff00b601827a?overrideScoreId=score,,,construction+63,http://www.linkedin.com/company/black-stag-contracting,https://facebook.com/Blackstagcontracting,,,,
Wyatt & Sons - Painting & Services,http://www.ws-services.com,,,Federal Way,Washington,,,,,,apollo,"painting company, painting services - Washington",https://app.apollo.io/#/organizations/64b64d7b4e77cd000187dfa9?overrideScoreId=score,,,commercial painting+50,http://www.linkedin.com/company/wyattandsons,,,,,
Modern Exterior Solutions,http://www.modernexteriorsolutions.com,,,Bellevue,Washington,,,,,,apollo,"painting company, painting services - Washington",https://app.apollo.io/#/organizations/64148b25221e9800da7ea2c1?overrideScoreId=score,,,handymanservices+107,http://www.linkedin.com/company/modern-exterior-solutions,,,,,
Doxa Painting & Services,,,,Tacoma,Washington,,,,,,apollo,"painting company, painting services - Washington",https://app.apollo.io/#/organizations/5a9e2991a6da98d9356a5f2a?overrideScoreId=score,,,commercial painting+7,http://www.linkedin.com/company/doxa-painting,,,,,
CeCe's Contracting - Spokane Painting Company,http://www.cecescontracting.com,,,Spokane,Washington,,,,,,apollo,"painting company, painting services - Washington",https://app.apollo.io/#/organizations/688af943010e780001a29e96?overrideScoreId=score,,,painting+12,http://www.linkedin.com/company/cece-s-contracting-spokane-painting-company,,,,,
"Choose Your Color Painting, LLC",http://www.cycpainting.com,,,Kennewick,Washington,,,,,,apollo,"painting company, painting services - Washington",https://app.apollo.io/#/organizations/68457a35e96adb00016a146d?overrideScoreId=score,,,,http://www.linkedin.com/company/choose-your-color-painting-llc,https://facebook.com/chooseyourcolorpaintingLLC/,,,,
MS Painting Services,http://www.ms-ps.com,,,Bellevue,Washington,,,,,,apollo,"painting company, painting services - Washington",https://app.apollo.io/#/organizations/678c0fce5451c800014a410a?overrideScoreId=score,,,,http://www.linkedin.com/company/ms-ps,,,,,
Impressive painting services,http://www.impressivepainting.com.au,,,Auburn,Washington,,,,,,apollo,"painting company, painting services - Washington",https://app.apollo.io/#/organizations/67439e1471af1e0001c4e684?overrideScoreId=score,,,,http://www.linkedin.com/company/impressive-painting-services,,,,,
Mathwig Painting Services,http://www.mathwigpaintingservices.com,,,Bremerton,Washington,,,,,,apollo,"painting company, painting services - Washington",https://app.apollo.io/#/organizations/6726274e20a7060001e545f4?overrideScoreId=score,,,,http://www.linkedin.com/company/mathwig-painting-services,,,,,
CLEFT PAINTING COMPANY LLC,http://www.cleftpaintingcompany.com,,,Seattle,Washington,,,,,,apollo,"painting company, painting services - Washington",https://app.apollo.io/#/organizations/6714fedfe73ec000014058db?overrideScoreId=score,,,,http://www.linkedin.com/company/cleft-painting-company-llc,https://facebook.com/pages/Cleft-Painting-Company-LLC/344516382330889,,,,
Yakima Painting Company,http://www.yakimapaintingcompany.com,,,Yakima,Washington,,,,,,apollo,"painting company, painting services - Washington",https://app.apollo.io/#/organizations/66f656027a29d50001959312?overrideScoreId=score,,,house painters,http://www.linkedin.com/company/yakima-painting-company,https://www.facebook.com/Yakima-Painting-Company-109540801493741,,,,
JP's Legacy Painting LLC,http://www.jpslegacypainting.com,,,Wenatchee,Washington,,,,,,apollo,"painting company, painting services - Washington",https://app.apollo.io/#/organizations/667d5acc689f580759b6e7a1?overrideScoreId=score,,,interior painting+63,http://www.linkedin.com/company/jpslegacypainting,https://www.facebook.com/jpslegacypainting,,,,
Marks Handyman Services LLC,http://www.markshandyman.services,,,Federal Way,Washington,,,,,,apollo,"painting company, painting services - Washington",https://app.apollo.io/#/organizations/65f54d8bd8c6be000786200d?overrideScoreId=score,,,small jobs+63,http://www.linkedin.com/company/marks-handyman-services-llc,,,,,
West Seattle Handyman + Design,http://www.westseattlehandymananddesign.com,,,Seattle,Washington,,,,,,apollo,"painting company, painting services - Washington",https://app.apollo.io/#/organizations/65f14ce92684a50007f77f29?overrideScoreId=score,,,interior design+61,http://www.linkedin.com/company/west-seattle-handyman-design,,,,,
Tri Cities Painting Company,http://www.eastgateorthodontics.com,,,Kennewick,Washington,,,,,,apollo,"painting company, painting services - Washington",https://app.apollo.io/#/organizations/6375ed9b997fce000197037e?overrideScoreId=score,328K,,painting company,http://www.linkedin.com/company/tri-cities-painting-company,https://facebook.com/pages/Boracay-SandCastles-The-Apartments/231220783626177,https://twitter.com/sandcastlesapts,,,
Vanhousing Painters LLC,http://www.vanhousingpainters.com,,,Covington,Washington,,,,,,apollo,"painting company, painting services - Washington",https://app.apollo.io/#/organizations/67df7de01db03600206acb3a?overrideScoreId=score,,,commercial painting+50,http://www.linkedin.com/company/vanhousing-painters-llc,http://www.facebook.com/profile.php,,,,
Trusted General Contractor LLC,http://www.trustedgeneralcontractor.com,,,Kent,Washington,,,,,,apollo,"painting company, painting services - Washington",https://app.apollo.io/#/organizations/67a64ee5ba3ecf0014ec03b5?overrideScoreId=score,,,roofing services+17,http://www.linkedin.com/company/trusted-general-contractor-llc,https://www.facebook.com/trustedgeneralcontractorllc,,,,
North Sound Painting Company,http://www.northsoundpainting.com,,,Brier,Washington,,,,,,apollo,"painting company, painting services - Washington",https://app.apollo.io/#/organizations/674b06712d0fc7000186e9ac?overrideScoreId=score,,,,http://www.linkedin.com/company/north-sound-painting-company,,,,,
O’Daniel’s Painting Services,http://www.odanielspaintingservices.com,,,Bellingham,Washington,,,,,,apollo,"painting company, painting services - Washington",https://app.apollo.io/#/organizations/6740538b026e920001241a9c?overrideScoreId=score,,,,http://www.linkedin.com/company/o%e2%80%99daniel%e2%80%99s-painting-services,,,,,
Suburban Painting Services,http://www.suburbanps.com,,,Seattle,Washington,,,,,,apollo,"painting company, painting services - Washington",https://app.apollo.io/#/organizations/6726b2123ca5f700019827ae?overrideScoreId=score,,,,http://www.linkedin.com/company/suburban-painting-services,,,,,
"HATTON PAINTING COMPANY, L.L.C.",http://www.hattonpainting.com,,,Bellingham,Washington,,,,,,apollo,"painting company, painting services - Washington",https://app.apollo.io/#/organizations/670a7074020ff30001315c10?overrideScoreId=score,,,,http://www.linkedin.com/company/hatton-painting-company-l.l.c.,,,,,
Enumclaw Painting Company,http://www.enumclawpainting.com,,,Enumclaw,Washington,,,,,,apollo,"painting company, painting services - Washington",https://app.apollo.io/#/organizations/670203d1c369df000169f923?overrideScoreId=score,26.8M,,,http://www.linkedin.com/company/enumclaw-painting-company,https://facebook.com/EnumclawPainting,,,,
Shin’s Painting Services,http://www.shinpainting.com,,,Bellevue,Washington,,,,,,apollo,"painting company, painting services - Washington",https://app.apollo.io/#/organizations/66f96f28ce26a00001181e11?overrideScoreId=score,,,,http://www.linkedin.com/company/shin%e2%80%99s-painting-services,,,,,
Shine So Bright Cleaning and Painting Services,http://www.shinesobrightcleaningpaintingservices.yolasite.com,,,Tumwater,Washington,,,,,,apollo,"painting company, painting services - Washington",https://app.apollo.io/#/organizations/66eeedca758a070001c8e4c8?overrideScoreId=score,,,,http://www.linkedin.com/company/shine-so-bright-cleaning-and-painting-services,,,,,
Richland Painting Company,http://www.richlandpainting.com,,,Richland,Washington,,,,,,apollo,"painting company, painting services - Washington",https://app.apollo.io/#/organizations/66e91c07752645000180a407?overrideScoreId=score,,,painting company,http://www.linkedin.com/company/richland-painting-company,,,,,
Emily's Painting Company LLC,http://www.emilyspaintcompany.com,,,Mill Creek,Washington,,,,,,apollo,"painting company, painting services - Washington",https://app.apollo.io/#/organizations/6678f5bbd877460001400792?overrideScoreId=score,,,,http://www.linkedin.com/company/emily-s-painting-company-llc,,,,,
"D.W. Hutchinson, Builders        and Kiss of Kolor Painting",http://www.kissofkolorpainting.com,,,Renton,Washington,,,,,,apollo,"painting company, painting services - Washington",https://app.apollo.io/#/organizations/64f70955dff1750001164af9?overrideScoreId=score,,,drywall repair+51,http://www.linkedin.com/company/d-w-hutchinson-builders-and-kiss-of-kolor-painting,,,,,
Tacoma House Painters,http://www.tacomahousepainter.com,,,Tacoma,Washington,,,,,,apollo,"painting company, painting services - Washington",https://app.apollo.io/#/organizations/64172457e4fdbb0001daa276?overrideScoreId=score,,,painting company,http://www.linkedin.com/company/tacoma-house-painters,,,,,
Kennewick Painting Company,http://www.kennewickpainting.com,,,Kennewick,Washington,,,,,,apollo,"painting company, painting services - Washington",https://app.apollo.io/#/organizations/61ad51696629d0000157b61a?overrideScoreId=score,,,painting company,http://www.linkedin.com/company/kennewick-painting-company,,,,,
"Finishing Touch Plus, Inc",http://www.finishingtouchplus.com,,,Finishing Touch Plus,Inc,,,,,,apollo,"painting company, painting services - Inc",https://app.apollo.io/#/organizations/56d7d9a8f3e5bb589a000f74?overrideScoreId=score,11M,,painting+56,http://www.linkedin.com/company/finishing-touch-plus-inc,https://facebook.com/finishingtouchplus,,,,
STATE PAINTING COMPANY,http://www.st8ptg.com,,,West Allis,Wisconsin,,,,,,apollo,"painting company, painting services - Wisconsin",https://app.apollo.io/#/organizations/66e90c9eba65b70001413cb8?overrideScoreId=score,,,,http://www.linkedin.com/company/state-painting-company,,,,,
The Painter Lady,http://www.thepainterlady.com,,,Potosi,Wisconsin,,,,,,apollo,"painting company, painting services - Wisconsin",https://app.apollo.io/#/organizations/604a7b841f3d2f0001cdeff4?overrideScoreId=score,,,color consultation+30,http://www.linkedin.com/company/the-painter-lady,https://www.facebook.com/thepainterladylisa,,,,
Schmelzer Paint Co. Inc,http://www.schmelzerpaint.com,,,Madison,Wisconsin,,,,,,apollo,"painting company, painting services - Wisconsin",https://app.apollo.io/#/organizations/64312e0e6cfec40001010ffe?overrideScoreId=score,27.3M,,,http://www.linkedin.com/company/schmelzer-paint-co.-inc,,,,,
"LaBrant & Associates, LLC",http://www.labrantandassociates.com,,,Milwaukee,Wisconsin,,,,,,apollo,"painting company, painting services - Wisconsin",https://app.apollo.io/#/organizations/5fca3b268bebfb00015169aa?overrideScoreId=score,,,,http://www.linkedin.com/company/labrant-assoc,https://www.facebook.com/109566153871120,,,,
"Hess Sweitzer Painting, LLC",http://www.hesssweitzerpainting.com,,,Hartland,Wisconsin,,,,,,apollo,"painting company, painting services - Wisconsin",https://app.apollo.io/#/organizations/56e7d34cf3e5bb62f1001484?overrideScoreId=score,,,,http://www.linkedin.com/company/hess-sweitzer-painting-llc-,,,,,
Splash Painting,http://www.splashpaintingwi.com,,,Belgium,Wisconsin,,,,,,apollo,"painting company, painting services - Wisconsin",https://app.apollo.io/#/organizations/6550128ec5474e0001a0ddcd?overrideScoreId=score,,,pressure washing+30,http://www.linkedin.com/company/splashpainting,,,,,
Spies Painting Inc,http://www.spiespainting.com,,,Fond du Lac,Wisconsin,,,,,,apollo,"painting company, painting services - Wisconsin",https://app.apollo.io/#/organizations/57c5058aa6da986a8f42d257?overrideScoreId=score,17.7M,,media blasting+57,http://www.linkedin.com/company/spies-painting-inc,,,,,
"First Choice Drywall, Inc",http://www.firstchoice4drywall.com,,,First Choice Drywall,Inc,,,,,,apollo,"painting company, painting services - Inc",https://app.apollo.io/#/organizations/55923f78736964198178f300?overrideScoreId=score,,,drywall+50,http://www.linkedin.com/company/first-choice-drywall-inc,https://www.facebook.com/firstchoicedw,https://twitter.com/FirstChoiceDW,,,
"Lakehead Painting Company, Inc.",http://www.lakeheadpainting.com,,,Lakehead Painting Company,Inc.,,,,,,apollo,"painting company, painting services - Inc.",https://app.apollo.io/#/organizations/54a1293e69702d979ca19501?overrideScoreId=score,,,mallsoil gas+33,http://www.linkedin.com/company/lakehead-painting-company,,,,,
Elite Painting LLC (Wisconsin),http://www.elitepaintingwi.com,,,Johnson Creek,Wisconsin,,,,,,apollo,"painting company, painting services - Wisconsin",https://app.apollo.io/#/organizations/6417ee79de155200012c2407?overrideScoreId=score,,,light carpentry+47,http://www.linkedin.com/company/elite-painting-llc-wisconsin,,https://twitter.com/themes_ancora,,,
Ambrick Painting Company Inc.,http://www.ambrickpaintingcompany.com,,,Greenfield,Wisconsin,,,,,,apollo,"painting company, painting services - Wisconsin",https://app.apollo.io/#/organizations/54a11ec169702d77c2a8a501?overrideScoreId=score,,,,http://www.linkedin.com/company/ambrick-painting-company-inc.,,,,,
Pro Painter USA,http://www.propainterusa.com,,,Milwaukee,Wisconsin,,,,,,apollo,"painting company, painting services - Wisconsin",https://app.apollo.io/#/organizations/650a98293ff3c200bc736772?overrideScoreId=score,,,,http://www.linkedin.com/company/pro-painter-usa,https://www.facebook.com/propaintermke,,,,
Haugen Homes Painting,http://www.hhpainters.com,,,Sheboygan,Wisconsin,,,,,,apollo,"painting company, painting services - Wisconsin",https://app.apollo.io/#/organizations/60b28784f6c9fa0001354e58?overrideScoreId=score,,,exterior painting+46,http://www.linkedin.com/company/hhpainting,https://www.facebook.com/969030526492997,,,,
Superior Werk Painting Company,http://www.superiorwerkpainting.com,,,Deerfield,Wisconsin,,,,,,apollo,"painting company, painting services - Wisconsin",https://app.apollo.io/#/organizations/672484256dfe63000126fe50?overrideScoreId=score,,,,http://www.linkedin.com/company/superior-werk-painting-company,,,,,
New Life Painting WI,http://www.newlifepaintingwi.com,,,Madison,Wisconsin,,,,,,apollo,"painting company, painting services - Wisconsin",https://app.apollo.io/#/organizations/62a62d5028951700f75baa55?overrideScoreId=score,,,staining+54,http://www.linkedin.com/company/new-life-painting-wi,,,,,
Five Seasons Painting Company,http://www.whiskeycreekfamilyrvpark.com,,,Elroy,Wisconsin,,,,,,apollo,"painting company, painting services - Wisconsin",https://app.apollo.io/#/organizations/6048b05035eb5b0001db120a?overrideScoreId=score,,,outdoor recreation+28,http://www.linkedin.com/company/five-seasons-painting-company,https://www.facebook.com/whiskeycreekfamilyrvpark,,,,
Cedar Paint LLC,http://www.cedarpaintllc.com,,,Cedarburg,Wisconsin,,,,,,apollo,"painting company, painting services - Wisconsin",https://app.apollo.io/#/organizations/5b86593af874f722fde6197b?overrideScoreId=score,,,painting+14,http://www.linkedin.com/company/cedar-paint-llc,,,,,
Improovy Painters Madison WI,,,,Madison,Wisconsin,,,,,,apollo,"painting company, painting services - Wisconsin",https://app.apollo.io/#/organizations/666b03f6c6528503749225c3?overrideScoreId=score,,,interior painting+11,http://www.linkedin.com/company/improovy-painters-madison-wi,,,,,
Western View Painting LLC,http://www.westernviewpainting.com,,,Laramie,Wyoming,,,,,,apollo,"painting company, painting services - Wyoming",https://app.apollo.io/#/organizations/62a5d7f2f095a700a325ffe1?overrideScoreId=score,,,exterior wall painting+59,http://www.linkedin.com/company/western-view-painting-llc,https://www.facebook.com/westernviewpainting/,,,,
CHP Paint Co.,http://www.teamchp.com,,,Cheyenne,Wyoming,,,,,,apollo,"painting company, painting services - Wyoming",https://app.apollo.io/#/organizations/685243291f0704000142c4e5?overrideScoreId=score,,,,http://www.linkedin.com/company/chp-paint-co,,,,,
