Name,Website,Phone,Address,City,State,PostalCode,Rating,Reviews,Categories,Email,Source,Query,Apollo,Revenue,Employees,Keywords,LinkedIn,Facebook,Twitter,Hours,Description,SocialProfiles
Unity Painting Company,http://www.unitypaintingco.com,,,Richardson,Texas,,,,,,apollo,"painting company, painting service - Texas",https://app.apollo.io/#/organizations/6749a12aea538400012415fc?overrideScoreId=score,,,commercial painting+3,http://www.linkedin.com/company/unitypaintingco,,,,,
A&K Painting Company,http://www.akpainting.com,,,Charlotte,North Carolina,,,,,,apollo,"painting company, painting service - North Carolina",https://app.apollo.io/#/organizations/54a11eb469702d77c29b9b01?overrideScoreId=score,4.1M,,,http://www.linkedin.com/company/a&k-painting,https://facebook.com/pages/AK-Painting-Company/257140764912,https://twitter.com/AKPaint,,,
Long Painting Company,http://www.longpainting.com,,,Kent,Washington,,,,,,apollo,"painting company, painting service - Washington",https://app.apollo.io/#/organizations/54a1206969702d8aa13d4102?overrideScoreId=score,4.4M,,tank linings+57,http://www.linkedin.com/company/long-painting-company,https://facebook.com/longpaintingcompany,https://twitter.com/LongPaintingCo,,,
Coyles Painting,http://www.coylespainting.com,,,Mesa,Arizona,,,,,,apollo,"painting company, painting service - Arizona",https://app.apollo.io/#/organizations/5592306f736964191ec1bd00?overrideScoreId=score,,,,http://www.linkedin.com/company/coyles-painting,,,,,
Vivax Pros,http://www.vivaxpros.com,,,Denver,Colorado,,,,,,apollo,"painting company, painting service - Colorado",https://app.apollo.io/#/organizations/5da448f510ef7e00014d4a1a?overrideScoreId=score,25M,,painting company+57,http://www.linkedin.com/company/vivax-pro-painting,https://facebook.com/vivaxpros,https://twitter.com/Vivax_Pros,,,
Painter Bros,http://www.painterbros.com,,,American Fork,Utah,,,,,,apollo,"painting company, painting service - Utah",https://app.apollo.io/#/organizations/60f648f7c0fda10001b16b6f?overrideScoreId=score,,,interior painting+59,http://www.linkedin.com/company/painter-bros-franchising,,,,,
Zack Painting Company,http://www.zackpainting.com,,,Woodbridge Township,New Jersey,,,,,,apollo,"painting company, painting service - New Jersey",https://app.apollo.io/#/organizations/5500c3da73696460fc534900?overrideScoreId=score,10M,,painting+66,http://www.linkedin.com/company/zack-painting-company,,,,,
Imprūv Painting & Contracting,http://www.impruvpainting.com,,,Columbus,Ohio,,,,,,apollo,"painting company, painting service - Ohio",https://app.apollo.io/#/organizations/63d5725c4b6606000119cffe?overrideScoreId=score,,,residential painting+38,http://www.linkedin.com/company/impr%c5%abv-painting-contracting,,,,,
AG Williams Painting Company,http://www.agwilliamspainting.com,,,,,,,,,,apollo,"painting company, painting service",https://app.apollo.io/#/organizations/54a26f6a74686930c279b422?overrideScoreId=score,30.6M,,interior painting+52,http://www.linkedin.com/company/ag-williams-painting-company,https://facebook.com/agwilliamspainting,,,,
Penington Painting Company,http://www.teamppc.com,,,Chandler,Arizona,,,,,,apollo,"painting company, painting service - Arizona",https://app.apollo.io/#/organizations/66e5e8f4d82df900011d66ba?overrideScoreId=score,13.1M,,,http://www.linkedin.com/company/penington-painting-company,https://facebook.com/peningtonpainting,,,,
Meyer Painting Company,http://www.meyerpaintingco.com,,,Eureka,Missouri,,,,,,apollo,"painting company, painting service - Missouri",https://app.apollo.io/#/organizations/5d09bd3df651259ad0d8fad5?overrideScoreId=score,,,drywall finishing+46,http://www.linkedin.com/company/meyer-painting-company,https://www.facebook.com/MeyerPaintingCompany,,,,
The Ohio Painting Company,http://www.ohiopainting.com,,,Miamisburg,Ohio,,,,,,apollo,"painting company, painting service - Ohio",https://app.apollo.io/#/organizations/56d522f0f3e5bb43e20013e2?overrideScoreId=score,,,,http://www.linkedin.com/company/ohiopainting,https://facebook.com/ohiopaintingco,,,,
Coeur d'Alene Painting Company,http://www.coeurdalenepainter.com,,,Coeur d'Alene,Idaho,,,,,,apollo,"painting company, painting service - Idaho",https://app.apollo.io/#/organizations/6547d31911b8240001ee5c45?overrideScoreId=score,,,painting company,http://www.linkedin.com/company/coeur-d-alene-painting-company,https://facebook.com/Coeur-dAlene-Painting-Company-101088255659137,,,,
Epic Painting Company,http://www.epicpaintingco.com,,,Fairfax,Virginia,,,,,,apollo,"painting company, painting service - Virginia",https://app.apollo.io/#/organizations/6638b731c948a3000163602b?overrideScoreId=score,,,custom signage+32,http://www.linkedin.com/company/epic-painting-company-llc,,,,,
"A Step Above Painting, LLC.",http://www.asapsrq.com,,,Sarasota,Florida,,,,,,apollo,"painting company, painting service - Florida",https://app.apollo.io/#/organizations/5ed33ab4a137530001916c83?overrideScoreId=score,,,family owned+46,http://www.linkedin.com/company/asapsrq,https://www.facebook.com/asapsrq,,,,
Two Dudes Painting Company,http://www.twodudes.com,,,Lancaster,Pennsylvania,,,,,,apollo,"painting company, painting service - Pennsylvania",https://app.apollo.io/#/organizations/54a1392669702de5b3a11500?overrideScoreId=score,42.3M,,epoxy finishes+56,http://www.linkedin.com/company/two-dudes-painting-company,https://www.facebook.com/twodudespaintingcompany,https://twitter.com/twodudespaint,,,
Kennewick Painting Company,http://www.kennewickpainting.com,,,Kennewick,Washington,,,,,,apollo,"painting company, painting service - Washington",https://app.apollo.io/#/organizations/61ad51696629d0000157b61a?overrideScoreId=score,,,painting company,http://www.linkedin.com/company/kennewick-painting-company,,,,,
Fargo Painting Company,http://www.fargopaintingpros.com,,,Fargo,North Dakota,,,,,,apollo,"painting company, painting service - North Dakota",https://app.apollo.io/#/organizations/61ad4ea75370c80001e34fb6?overrideScoreId=score,,,painting company,http://www.linkedin.com/company/fargo-painting-company,https://facebook.com/Fargo-Painting-Company-255230783014616,,,,
Pasco Painting Company,http://www.pascopaintingcompany.com,,,Pasco,Washington,,,,,,apollo,"painting company, painting service - Washington",https://app.apollo.io/#/organizations/64604fcef221c900011b82f8?overrideScoreId=score,,,painting company,http://www.linkedin.com/company/pasco-painting-company,,,,,
Valley Painting Company,http://www.chagrinvalleypainting.com,,,Chagrin Falls,Ohio,,,,,,apollo,"painting company, painting service - Ohio",https://app.apollo.io/#/organizations/54a1295d69702dc8410c4c01?overrideScoreId=score,,,,http://www.linkedin.com/company/valley-painting-company,,https://twitter.com/valleypainting,,,
McCahill Painting Company,http://www.mccahillpainting.com,,,Romeoville,Illinois,,,,,,apollo,"painting company, painting service - Illinois",https://app.apollo.io/#/organizations/54a1399169702d231fbb8000?overrideScoreId=score,5.5M,,industrial painting+64,http://www.linkedin.com/company/mccahill-painting-company,https://www.facebook.com/McCahillPaintingCompany,,,,
LIME Painting,http://www.limepainting.com,,,Greenwood Village,Colorado,,,,,,apollo,"painting company, painting service - Colorado",https://app.apollo.io/#/organizations/5ed1e7983b3bf900017b9fe2?overrideScoreId=score,,,,http://www.linkedin.com/company/limepainting,https://facebook.com/getlimed,https://twitter.com/lime_painting,,,
Rapid City Painting Company,http://www.rapidcitypaintingpros.com,,,Rapid City,South Dakota,,,,,,apollo,"painting company, painting service - South Dakota",https://app.apollo.io/#/organizations/6550f7c05e86d700010cc48f?overrideScoreId=score,,,painting company,http://www.linkedin.com/company/rapid-city-painting-company,,,,,
Bozeman Painting Company,http://www.bozemanhousepainter.com,,,Bozeman,Montana,,,,,,apollo,"painting company, painting service - Montana",https://app.apollo.io/#/organizations/667950b3ee458f0001dbeb7e?overrideScoreId=score,,,residential & commercial painting company,http://www.linkedin.com/company/bozeman-painting-company,https://www.facebook.com/Bozeman-Painting-Company-108652878217496,,,,
Pound Ridge Painting Company,http://www.poundridgepainting.com,,,Pound Ridge,New York,,,,,,apollo,"painting company, painting service - New York",https://app.apollo.io/#/organizations/5fcaf532e342470001a49f5c?overrideScoreId=score,,,painting company,http://www.linkedin.com/company/pound-ridge-painting-company,https://www.facebook.com/poundridgepaintingco,https://twitter.com/poundridgeptco,,,
Affinity Painting Company Inc.,http://www.affinity-painting.com,,,Covina,California,,,,,,apollo,"painting company, painting service - California",https://app.apollo.io/#/organizations/5da7015581f1650001b1c11f?overrideScoreId=score,2.2M,,commercial+78,http://www.linkedin.com/company/affinity-painting-company-inc.,https://facebook.com/affinitypainting,https://twitter.com/AffinityPaints,,,
Metro-Multi Construction & Remodeling,http://www.metromulticonstruction.com,,,Troy,Michigan,,,,,,apollo,"painting company, painting service - Michigan",https://app.apollo.io/#/organizations/65b93cfe5efc3601c6b06c29?overrideScoreId=score,,,construction+61,http://www.linkedin.com/company/metro-multi-construction-remodeling,,,,,
Missoula Painting Company,http://www.missoulahousepainter.com,,,Missoula,Montana,,,,,,apollo,"painting company, painting service - Montana",https://app.apollo.io/#/organizations/666e9c2c468c780001b84fd9?overrideScoreId=score,,,painting company,http://www.linkedin.com/company/missoula-painting-company,https://www.facebook.com/MissoulaPaintingCompanyy/,,,,
Painting Services By Steve,http://www.paintingservicesbysteve.com,,,Katy,Texas,,,,,,apollo,"painting company, painting service - Texas",https://app.apollo.io/#/organizations/54a13b1569702de5b3a14601?overrideScoreId=score,1.8M,,painting company+13,http://www.linkedin.com/company/painting-services-by-steve,https://facebook.com/PaintingServicesBySteve,https://twitter.com/PaintingbySteve,,,
Ogden Painting Company,http://www.ogdenpaintingpros.com,,,Ogden,Utah,,,,,,apollo,"painting company, painting service - Utah",https://app.apollo.io/#/organizations/66f659bcbdb34f0001951a7f?overrideScoreId=score,,,painting company,http://www.linkedin.com/company/ogden-painting-company,,,,,
Elk Horn Painting,http://www.elkhornpainting.com,,,Castle Rock,Colorado,,,,,,apollo,"painting company, painting service - Colorado",https://app.apollo.io/#/organizations/5e5696bb34bf3400011688b2?overrideScoreId=score,,,painting+58,http://www.linkedin.com/company/elk-horn-painting,https://www.facebook.com/Elk-Horn-Painting-LLC-523380701184142/,,,,
Burge Painting Company,http://www.burgepainting.com,,,Lansdale,Pennsylvania,,,,,,apollo,"painting company, painting service - Pennsylvania",https://app.apollo.io/#/organizations/5b84c3ddf874f74a1abe68ea?overrideScoreId=score,,,commercial painting+30,http://www.linkedin.com/company/burge-painting-company,https://facebook.com/burgepainting,,,,
E. Caligari & Son,http://www.ecaligariandson.com,,,Norfolk,Virginia,,,,,,apollo,"painting company, painting service - Virginia",https://app.apollo.io/#/organizations/5d32b11af65125072c9d5f01?overrideScoreId=score,18M,,,http://www.linkedin.com/company/e-caligari-son-inc,,,,,
The Painting Company,http://www.thepaintingcompany.com,,,Plain City,Ohio,,,,,,apollo,"painting company, painting service - Ohio",https://app.apollo.io/#/organizations/5e57a7c30c206a00016cdc51?overrideScoreId=score,,,commercial painting+63,http://www.linkedin.com/company/thepaintingcompany,https://facebook.com/ThePaintingCompany.Asman/,,,,
The Painting Company,http://www.gopaintingcompany.com,,,Bellevue,Nebraska,,,,,,apollo,"painting company, painting service - Nebraska",https://app.apollo.io/#/organizations/5e56b2f652e7ad0001f55c3b?overrideScoreId=score,,,surface repair+103,http://www.linkedin.com/company/the-painting-company-omaha,https://www.facebook.com/gopaintingcompany,https://twitter.com/gopaintingco,,,
Dutch Hill Painting Company,http://www.dutchhillpainting.com,,,Bloomsburg,Pennsylvania,,,,,,apollo,"painting company, painting service - Pennsylvania",https://app.apollo.io/#/organizations/61ec2fe5ad92600001819899?overrideScoreId=score,,,residential painting+55,http://www.linkedin.com/company/dutch-hill-painting-company,,,,,
"Impressions Painting Company, Inc.",http://www.impressionspaintingcompany.com,,,Impressions Painting Company,Inc.,,,,,,apollo,"painting company, painting service - Inc.",https://app.apollo.io/#/organizations/54a1391269702de5b37e0b00?overrideScoreId=score,,,interior painting+5,http://www.linkedin.com/company/impressions-painting-company-inc.,,,,,
PPD Painting,http://www.ppdpainting.com,,,Bellwood,Illinois,,,,,,apollo,"painting company, painting service - Illinois",https://app.apollo.io/#/organizations/54a1b93d7468694f8fbf6e0b?overrideScoreId=score,2.6M,,,http://www.linkedin.com/company/precision-painting-&-decorating-llc-,https://www.facebook.com/PrecisionPaintingDecorating,https://twitter.com/PPDPainting1,,,
York Services LLC (Painting Contractor),http://www.naplesfloridapainters.com,,,Fort Myers,Florida,,,,,,apollo,"painting company, painting service - Florida",https://app.apollo.io/#/organizations/54a13adc69702dac84991b01?overrideScoreId=score,,,,http://www.linkedin.com/company/york-services-llc,,,,,
Smile-A-Mile Painting,http://www.smileamilepainting.com,,,Kennewick,Washington,,,,,,apollo,"painting company, painting service - Washington",https://app.apollo.io/#/organizations/5e57a7be7e83710001e0f38c?overrideScoreId=score,,,paintinginterior+68,http://www.linkedin.com/company/smile-a-mile-painting,https://facebook.com/pages/Smile-A-Mile-Painting/214270765288169,,,,
Pro Painter USA,http://www.propainterusa.com,,,Milwaukee,Wisconsin,,,,,,apollo,"painting company, painting service - Wisconsin",https://app.apollo.io/#/organizations/650a98293ff3c200bc736772?overrideScoreId=score,,,,http://www.linkedin.com/company/pro-painter-usa,https://www.facebook.com/propaintermke,,,,
Richland Painting Company,http://www.richlandpainting.com,,,Richland,Washington,,,,,,apollo,"painting company, painting service - Washington",https://app.apollo.io/#/organizations/66e91c07752645000180a407?overrideScoreId=score,,,painting company,http://www.linkedin.com/company/richland-painting-company,,,,,
Medford Painting Company,http://www.medfordpaintingpros.com,,,Medford,Oregon,,,,,,apollo,"painting company, painting service - Oregon",https://app.apollo.io/#/organizations/674aceea37cb7e00018739c3?overrideScoreId=score,,,painting company,http://www.linkedin.com/company/medford-painting-company,,,,,
Great Falls Painting Company,http://www.greatfallspaintingcompany.com,,,Great Falls,Montana,,,,,,apollo,"painting company, painting service - Montana",https://app.apollo.io/#/organizations/667be2af56655c00010b8b09?overrideScoreId=score,,,painting company,http://www.linkedin.com/company/great-falls-painting-company,https://www.facebook.com/Great-Falls-Painting-Company-105218548586819,,,,
Majestic Painting Company Inc.,http://www.majesticpainting.net,,,Aurora,Colorado,,,,,,apollo,"painting company, painting service - Colorado",https://app.apollo.io/#/organizations/5da27da4a2de8e0001a7038c?overrideScoreId=score,,,custom color schemes+45,http://www.linkedin.com/company/majestic-painting-company-inc,https://www.facebook.com/majesticpaintingcompany,,,,
G & I Painting and Renovations LLC,http://www.gandipainting.com,,,Sterling Heights,Michigan,,,,,,apollo,"painting company, painting service - Michigan",https://app.apollo.io/#/organizations/61ec91be0154d10001111c69?overrideScoreId=score,,,reliable service+60,http://www.linkedin.com/company/g-i-painting-and-renovations-llc,https://facebook.com/GI-Painting-and-Renovations-LLC-110192877430265,,,,
Alpine Painting,http://www.alpinepaintingcompany.com,,,Ann Arbor,Michigan,,,,,,apollo,"painting company, painting service - Michigan",https://app.apollo.io/#/organizations/655abd1c99780d00019ae17c?overrideScoreId=score,,,house painting+27,http://www.linkedin.com/company/alpine-painting,https://www.facebook.com/alpinepaintingllc,,,,
MacKenzie Painting Company,http://www.mackenziepaintingco.com,,,Stratford,Connecticut,,,,,,apollo,"painting company, painting service - Connecticut",https://app.apollo.io/#/organizations/5fca04f7be1c6100014ef215?overrideScoreId=score,,,painting+19,http://www.linkedin.com/company/mackenziepaintingco,,,,,
Midway Painting Company,http://www.midwaypaintingcompany.com,,,Midway,Utah,,,,,,apollo,"painting company, painting service - Utah",https://app.apollo.io/#/organizations/6437c6510822f100a300cf04?overrideScoreId=score,,,roman clay+49,http://www.linkedin.com/company/midway-painting-company,https://facebook.com/midwaypaintingcompany,,,,
Nashville Painting Company,http://www.nashvillepaintingcompany.com,,,Crossville,Tennessee,,,,,,apollo,"painting company, painting service - Tennessee",https://app.apollo.io/#/organizations/5fc8d824d510e800017c9d29?overrideScoreId=score,,,residential painting+41,http://www.linkedin.com/company/nashville-painting-company,https://www.facebook.com/Nashvillepaintingcompany/,,,,
"J & J Custom Painting Company, LLC - Las Vegas, NV",http://www.j-jcustompainting.com,,,Las Vegas,Nevada,,,,,,apollo,"painting company, painting service - Nevada",https://app.apollo.io/#/organizations/656bef002a857200a3f4ca3a?overrideScoreId=score,,,interior painting+41,http://www.linkedin.com/company/j-j-custom-painting-company-llc-las-vegas-nv,,,,,
Tri Cities Painting Company,http://www.eastgateorthodontics.com,,,Kennewick,Washington,,,,,,apollo,"painting company, painting service - Washington",https://app.apollo.io/#/organizations/6375ed9b997fce000197037e?overrideScoreId=score,328K,,painting company,http://www.linkedin.com/company/tri-cities-painting-company,https://facebook.com/pages/Boracay-SandCastles-The-Apartments/231220783626177,https://twitter.com/sandcastlesapts,,,
"Mid South Painting, Inc.",http://www.midsouthpaintinginc.com,,,Mid South Painting,Inc.,,,,,,apollo,"painting company, painting service - Inc.",https://app.apollo.io/#/organizations/61ec11b554407500016c794f?overrideScoreId=score,,,commercial painting+52,http://www.linkedin.com/company/midsouthpainting,,,,,
Nevada Painting Company,http://www.nevadapaintingcompany.com,,,Las Vegas,Nevada,,,,,,apollo,"painting company, painting service - Nevada",https://app.apollo.io/#/organizations/5a9dc699a6da98d96640d71d?overrideScoreId=score,14.0M,,painting contractor+54,http://www.linkedin.com/company/nevada-painting-company,https://facebook.com/lasvegaspainters,,,,
Leach Painting Company,http://www.jleachpainting.com,,,Fenton,Missouri,,,,,,apollo,"painting company, painting service - Missouri",https://app.apollo.io/#/organizations/55f4e202f3e5bb16680031cb?overrideScoreId=score,17.2M,,wallcovering+47,http://www.linkedin.com/company/leach-painting-company,https://facebook.com/leach-painting-company-109238059149233,,,,
Finaltone Painting Company,http://www.finaltonepainting.com,,,Maple Grove,Minnesota,,,,,,apollo,"painting company, painting service - Minnesota",https://app.apollo.io/#/organizations/654896fe1dd39700017702db?overrideScoreId=score,,,commercial+98,http://www.linkedin.com/company/finaltone,https://www.facebook.com/finaltonepainting,,,,
Adams Painting Company,http://www.adamspaintnc.com,,,Wake Forest,North Carolina,,,,,,apollo,"painting company, painting service - North Carolina",https://app.apollo.io/#/organizations/67158268d5282c00018341af?overrideScoreId=score,,,,http://www.linkedin.com/company/adams-painting-company-llc,,,,,
Foothills Painting LLC,http://www.foothillspainting.co,,,Fort Collins,Colorado,,,,,,apollo,"painting company, painting service - Colorado",https://app.apollo.io/#/organizations/5d0a85b5f65125346a4e42ef?overrideScoreId=score,,,interior painting+53,http://www.linkedin.com/company/foothills-painting-llc,https://facebook.com/tr,https://twitter.com/fcpainters,,,
"Evergreen Painting Co., Inc.",http://www.evergreenpaintingco.com,,,Eugene,Oregon,,,,,,apollo,"painting company, painting service - Oregon",https://app.apollo.io/#/organizations/664d838f0d7dc80001f8c4d9?overrideScoreId=score,,,commercial painting+69,http://www.linkedin.com/company/evergreen-painting-co-inc,,,,,
"Hursh Painting Co., Inc.",http://www.hurshpainting.com,,,Hanover,Pennsylvania,,,,,,apollo,"painting company, painting service - Pennsylvania",https://app.apollo.io/#/organizations/6391f533e83992000107bd37?overrideScoreId=score,20.2M,,residential painting+65,http://www.linkedin.com/company/hursh-painting-co-inc,https://www.facebook.com/people/Hursh-Painting-Co-Inc/100057573815023/,,,,
Bond Construction Inc.,http://www.bondconstructionnyc.com,,,New York,New York,,,,,,apollo,"painting company, painting service - New York",https://app.apollo.io/#/organizations/54fca4237369647f94742400?overrideScoreId=score,6.4M,,home renovations nyc+11,http://www.linkedin.com/company/bond-construction-inc-,https://facebook.com/bondconstruction,https://twitter.com/BondConstNYC,,,
365 Renovations,http://www.365renovations.com,,,West Chester,Ohio,,,,,,apollo,"painting company, painting service - Ohio",https://app.apollo.io/#/organizations/55f7954af3e5bb095d001303?overrideScoreId=score,23.5M,,exterior painting+77,http://www.linkedin.com/company/365-renovations,https://facebook.com/pages/365-Renovations/1414247105491552,,,,
Paintco Painters,http://www.paintcopainters.com,,,Greenwood,Indiana,,,,,,apollo,"painting company, painting service - Indiana",https://app.apollo.io/#/organizations/5a9e3d59a6da98d98c6c8bc7?overrideScoreId=score,,,commercial painting+71,http://www.linkedin.com/company/paintcopainters,https://facebook.com/1113443792160401,https://twitter.com/paintcopainters,,,
Superior Painting Company,http://www.superiorpainters.com,,,Red Oak,Texas,,,,,,apollo,"painting company, painting service - Texas",https://app.apollo.io/#/organizations/55f9384ff3e5bb22820024bb?overrideScoreId=score,,,residential painters+52,http://www.linkedin.com/company/superior-painting-company,https://www.facebook.com/superiorpaintingcompany,https://twitter.com/gregpelt,,,
Mike's Quality Painting,http://www.mikesqualitypainting.com,,,Albuquerque,New Mexico,,,,,,apollo,"painting company, painting service - New Mexico",https://app.apollo.io/#/organizations/5500afb27369642da1440600?overrideScoreId=score,3.2M,,interior painting+51,http://www.linkedin.com/company/mike's-quality-painting,https://www.facebook.com/MikesQualityPainting/,https://twitter.com/MQPABQ,,,
SMS Painting,http://www.smspaintingllc.com,,,Bridgeport,Connecticut,,,,,,apollo,"painting company, painting service - Connecticut",https://app.apollo.io/#/organizations/559222cb7369641908728b00?overrideScoreId=score,,,,http://www.linkedin.com/company/sms-painting,,,,,
Flora Brothers Painting,http://www.florabrotherspainting.com,,,Indianapolis,Indiana,,,,,,apollo,"painting company, painting service - Indiana",https://app.apollo.io/#/organizations/5ed4e336b6725f00019afe7f?overrideScoreId=score,21.3M,,custom home painting+52,http://www.linkedin.com/company/flora-brothers-painting,https://facebook.com/pages/Flora-Brothers-Painting/207886422568444,,,,
Heiler Painting,http://www.heilerpainting.com,,,Media,Pennsylvania,,,,,,apollo,"painting company, painting service - Pennsylvania",https://app.apollo.io/#/organizations/5ef45bdd33527e0184a69242?overrideScoreId=score,,,,http://www.linkedin.com/company/heiler-painting,,,,,
"Matthews'​ Painting Company, LLC",http://www.matthewspainting.com,,,Leesburg,Indiana,,,,,,apollo,"painting company, painting service - Indiana",https://app.apollo.io/#/organizations/54a1279069702d979cf79000?overrideScoreId=score,48.2M,,deck staining+49,http://www.linkedin.com/company/matthews'-painting-company-llc,https://www.facebook.com/matthewspaintingcompany,https://twitter.com/Mathewspainting,,,
"Paintegrity, LLC",http://www.paintegrityllc.com,,,Pflugerville,Texas,,,,,,apollo,"painting company, painting service - Texas",https://app.apollo.io/#/organizations/5b1339f0a6da98dcf025de90?overrideScoreId=score,,,interior painting+45,http://www.linkedin.com/company/paintegrity-llc,,,,,
Phoenix Painting Company,http://www.phoenixpaintingco.com,,,Fort Lauderdale,Florida,,,,,,apollo,"painting company, painting service - Florida",https://app.apollo.io/#/organizations/55920bd1736964185f563800?overrideScoreId=score,31.7M,,wallcovering+5,http://www.linkedin.com/company/phoenix-painting-company,,,,,
Kennedy Painting LLC,http://www.stlouishousepainting.com,,,St. Louis,Missouri,,,,,,apollo,"painting company, painting service - Missouri",https://app.apollo.io/#/organizations/54a1b4e474686954757caf09?overrideScoreId=score,15.2M,,,http://www.linkedin.com/company/kennedy-painting-llc,https://www.facebook.com/KennedyPaintingLLC,https://twitter.com/kennedypaintstl,,,
Northwest Residential & Commercial Painting Company,http://www.nwpaintingcompany.com,,,Seattle,Washington,,,,,,apollo,"painting company, painting service - Washington",https://app.apollo.io/#/organizations/54a1b6ef7468695c827f2b0a?overrideScoreId=score,,,,http://www.linkedin.com/company/northwest-residential-&-commercial-painting-company,https://www.facebook.com/nwrcpllc/,https://twitter.com/nwrcpllc,,,
painting contractor,http://www.wellspaintservice.com,,,Kiowa,Kansas,,,,,,apollo,"painting company, painting service - Kansas",https://app.apollo.io/#/organizations/56d978fff3e5bb731d002ade?overrideScoreId=score,,,painting contractor,http://www.linkedin.com/company/painting-contractor,,,,,
Murray Painting Company,http://www.murraypainting.net,,,Freeland,Michigan,,,,,,apollo,"painting company, painting service - Michigan",https://app.apollo.io/#/organizations/5e568249942f6500014685b1?overrideScoreId=score,,,vapor blasting+60,http://www.linkedin.com/company/murray-painting-co,https://www.facebook.com/100075713486785,,,,
MPG Painting,http://www.mpgpainting.net,,,Sacramento,California,,,,,,apollo,"painting company, painting service - California",https://app.apollo.io/#/organizations/60b1e99bd26791000182aa36?overrideScoreId=score,,,,http://www.linkedin.com/company/mpg-painting,,,,,
Textbook Painting,http://www.textbookpainting.com,,,Lakewood,Ohio,,,,,,apollo,"painting company, painting service - Ohio",https://app.apollo.io/#/organizations/54a12b1c69702dcef9dd7702?overrideScoreId=score,,,exterior painting+59,http://www.linkedin.com/company/textbook-painting,https://facebook.com/TextbookPainting,https://twitter.com/TextbookPaint,,,
The Dependable Painting Company,http://www.dependableptg.com,,,Cleveland,Ohio,,,,,,apollo,"painting company, painting service - Ohio",https://app.apollo.io/#/organizations/54a1353f69702d333d15b900?overrideScoreId=score,23.1M,,restoration services+47,http://www.linkedin.com/company/the-dependable-painting-co.,http://www.facebook.com/envato,http://twitter.com/envato,,,
Five Seasons Painting Company,http://www.whiskeycreekfamilyrvpark.com,,,Elroy,Wisconsin,,,,,,apollo,"painting company, painting service - Wisconsin",https://app.apollo.io/#/organizations/6048b05035eb5b0001db120a?overrideScoreId=score,,,outdoor recreation+28,http://www.linkedin.com/company/five-seasons-painting-company,https://www.facebook.com/whiskeycreekfamilyrvpark,,,,
Pritts Painting Company,http://www.prittspainting.com,,,Westerville,Ohio,,,,,,apollo,"painting company, painting service - Ohio",https://app.apollo.io/#/organizations/6654748d98df0301eb3ab68d?overrideScoreId=score,,,industrial painting+8,http://www.linkedin.com/company/pritts-painting-company,,,,,
"Prism Painting Company, Inc.",http://www.prismpainting.net,,,Prism Painting Company,Inc.,,,,,,apollo,"painting company, painting service - Inc.",https://app.apollo.io/#/organizations/5ed02a1a5a2a6100017e72f8?overrideScoreId=score,,,wallcovering removal+49,http://www.linkedin.com/company/prism-painting-company-inc,,,,,
Bates Painting Company,http://www.batespainting.com,,,Kansas City,Missouri,,,,,,apollo,"painting company, painting service - Missouri",https://app.apollo.io/#/organizations/64ab15e5b961d30001b37c26?overrideScoreId=score,,,commercial painting+34,http://www.linkedin.com/company/bates-painting-company,https://www.facebook.com/batespaintingcompany/,,,,
"DK Painting Company, Inc.",http://www.dkpainting.com,,,DK Painting Company,Inc.,,,,,,apollo,"painting company, painting service - Inc.",https://app.apollo.io/#/organizations/67d2d0ee06a6ef0021a5232a?overrideScoreId=score,,,b2bservices,http://www.linkedin.com/company/dk-painting-company-inc1,,,,,
Rossi Painting & Construction,http://www.rossipainting.com,,,San Carlos,California,,,,,,apollo,"painting company, painting service - California",https://app.apollo.io/#/organizations/604a9bd9a8096d0001c3d87a?overrideScoreId=score,,,painting+54,http://www.linkedin.com/company/rossipainting,,,,,
"Lakehead Painting Company, Inc.",http://www.lakeheadpainting.com,,,Lakehead Painting Company,Inc.,,,,,,apollo,"painting company, painting service - Inc.",https://app.apollo.io/#/organizations/54a1293e69702d979ca19501?overrideScoreId=score,,,mallsoil gas+33,http://www.linkedin.com/company/lakehead-painting-company,,,,,
Paint Kings,http://www.paintkings.com,,,Tucson,Arizona,,,,,,apollo,"painting company, painting service - Arizona",https://app.apollo.io/#/organizations/54a1b6c07468694f8f0c810a?overrideScoreId=score,18.9M,,painting contractor+45,http://www.linkedin.com/company/paint-kings,https://facebook.com/pages/The-Paint-Kings-Inc/233721226781289,https://twitter.com/paintkings,,,
"MacFarland Painting, Inc.",http://www.macfarlandpainting.com,,,MacFarland Painting,Inc.,,,,,,apollo,"painting company, painting service - Inc.",https://app.apollo.io/#/organizations/604a9c8632877500013a26d2?overrideScoreId=score,,,residential painting+85,http://www.linkedin.com/company/macfarland-painting,https://www.facebook.com/MacFarland.Painting,,,,
"Quincy Industrial Painting Company, Inc.",http://www.quincyindustrial.com,,,Quincy Industrial Painting Company,Inc.,,,,,,apollo,"painting company, painting service - Inc.",https://app.apollo.io/#/organizations/559218d573696423937e0c00?overrideScoreId=score,,,industrial painting+49,http://www.linkedin.com/company/quincyindustrial,,,,,
Swedish Painting Company,http://www.swedishpaintingco.com,,,Aspen,Colorado,,,,,,apollo,"painting company, painting service - Colorado",https://app.apollo.io/#/organizations/556d5023736964121f01e300?overrideScoreId=score,8M,,,http://www.linkedin.com/company/swedish-painting-company,https://facebook.com/SwedishPaintingCompany/,,,,
VP Peri Painting Company,http://www.vpperi.com,,,Redmond,Washington,,,,,,apollo,"painting company, painting service - Washington",https://app.apollo.io/#/organizations/54a13c8a69702de5b328f101?overrideScoreId=score,,,specialty+39,http://www.linkedin.com/company/vp-peri-painting-company,,,,,
Rice Painting Company,http://www.ricepaintingcompany.com,,,Charlotte,North Carolina,,,,,,apollo,"painting company, painting service - North Carolina",https://app.apollo.io/#/organizations/615e9513d42fd60001065174?overrideScoreId=score,,,,http://www.linkedin.com/company/ricepaintingcompany,,,,,
"Emerald Painting, Inc.",http://www.emeraldpaintinginc.com,,,Emerald Painting,Inc.,,,,,,apollo,"painting company, painting service - Inc.",https://app.apollo.io/#/organizations/63c34b91ae9ec700013e5fb4?overrideScoreId=score,,,commercial painting+44,http://www.linkedin.com/company/emeraldpaintinginc,,,,,
World Painting Company,http://www.worldpaintingcompany.com,,,Bloomington,Illinois,,,,,,apollo,"painting company, painting service - Illinois",https://app.apollo.io/#/organizations/54a1352169702d42556b7300?overrideScoreId=score,3.7M,,multifamily units+13,http://www.linkedin.com/company/world-painting-company,https://facebook.com/WorldPaintingCompany,https://twitter.com/world_painting,,,
"Genesis Painting Company, LLC",http://www.paintingbygenesis.com,,,Cedar Rapids,Iowa,,,,,,apollo,"painting company, painting service - Iowa",https://app.apollo.io/#/organizations/5500b1557369642dd3921800?overrideScoreId=score,,,interior wall painting+13,http://www.linkedin.com/company/genesis-painting-company-llc,,,,,
Fresh Start Painting Company,,,,Long Branch,New Jersey,,,,,,apollo,"painting company, painting service - New Jersey",https://app.apollo.io/#/organizations/65505085c27fa30001ebb34d?overrideScoreId=score,,,paintingrenovations+4,http://www.linkedin.com/company/fresh-start-painting-company,,,,,
Idea Painting Company,http://www.ideapaintingcompany.com,,,Medfield,Massachusetts,,,,,,apollo,"painting company, painting service - Massachusetts",https://app.apollo.io/#/organizations/5e55b2c5e31ebf0001c2cae0?overrideScoreId=score,,,exterior painting+12,http://www.linkedin.com/company/idea-painting-company,https://www.facebook.com/ideapaintingco/,,,,
"Carolina Painting Company, Inc.",http://www.carolinapainting.com,,,Carolina Painting Company,Inc.,,,,,,apollo,"painting company, painting service - Inc.",https://app.apollo.io/#/organizations/5f48b6a18dedc90001db0449?overrideScoreId=score,7.2M,,commercial coatings+61,http://www.linkedin.com/company/carolinapaintingco,https://facebook.com/CarolinaPaintingCoInc,https://twitter.com/CarolinaPaintng,,,
Haugen Homes Painting,http://www.hhpainters.com,,,Sheboygan,Wisconsin,,,,,,apollo,"painting company, painting service - Wisconsin",https://app.apollo.io/#/organizations/60b28784f6c9fa0001354e58?overrideScoreId=score,,,exterior painting+46,http://www.linkedin.com/company/hhpainting,https://www.facebook.com/969030526492997,,,,
Bernardo's Painting,http://www.bernardospainting.com,,,Mililani,Hawaii,,,,,,apollo,"painting company, painting service - Hawaii",https://app.apollo.io/#/organizations/62a5fb4a4757e800a3fe007c?overrideScoreId=score,,,exteriors+56,http://www.linkedin.com/company/bernardo-s-painting,https://www.facebook.com/bernardospainting,,,,
NorthCraft Painting Contractor,http://www.northcraft-painting-contractor.com,,,Streamwood,Illinois,,,,,,apollo,"painting company, painting service - Illinois",https://app.apollo.io/#/organizations/54a12ab669702dc128ebf801?overrideScoreId=score,,,wallpaper removal+6,http://www.linkedin.com/company/northcraft-painting-contractor,https://www.facebook.com/northcraft.epoxy.floor.coating,,,,
Color World Painting Charlotte,,,,Concord,North Carolina,,,,,,apollo,"painting company, painting service - North Carolina",https://app.apollo.io/#/organizations/668220bba3c902000147bcac?overrideScoreId=score,,,gutter services+19,http://www.linkedin.com/company/colorworldpaintingnorthcharlotte,,,,,
FLORIDA PAINTING COMPANY,http://www.floridapaintingmiami.com,,,Miami,Florida,,,,,,apollo,"painting company, painting service - Florida",https://app.apollo.io/#/organizations/5da3d61c2fc5830001758fa8?overrideScoreId=score,,,painting+55,http://www.linkedin.com/company/florida-painting-company,https://www.facebook.com/FLORIDAPAINTINGCOMPANY/,,,,
Cabinet Painting Service,http://www.cabinetpaintshop.com,,,Plainwell,Michigan,,,,,,apollo,"painting company, painting service - Michigan",https://app.apollo.io/#/organizations/54a25d957468693cdd373a1d?overrideScoreId=score,,,drywall installing+53,http://www.linkedin.com/company/cabinetpainting,,,,,
"Northern Lights Painting Company, Inc.",http://www.northernlightspainting.com,,,Northern Lights Painting Company,Inc.,,,,,,apollo,"painting company, painting service - Inc.",https://app.apollo.io/#/organizations/5da62c31e03360000106f69b?overrideScoreId=score,,,paintinghigh gloss+46,http://www.linkedin.com/company/northern-lights-painting-company,,,,,
Rainbow Painting Company,http://www.rainbowpaintingcompany.com,,,O'Fallon,Missouri,,,,,,apollo,"painting company, painting service - Missouri",https://app.apollo.io/#/organizations/5e5972b114af6900013741a9?overrideScoreId=score,,,paintingstaining+47,http://www.linkedin.com/company/rainbow-painting-company,,,,,
Dennis Moffitt Painting,http://www.experiencedmp.com,,,South Kingstown,Rhode Island,,,,,,apollo,"painting company, painting service - Rhode Island",https://app.apollo.io/#/organizations/61ad0161d5f8430001efb832?overrideScoreId=score,12.8M,,residential painting+69,http://www.linkedin.com/company/dennis-moffitt-painting,https://www.facebook.com/ExperienceDMP/,,,,
The Plummer Painting Company,http://www.plummerinc.com,,,Winter Park,Florida,,,,,,apollo,"painting company, painting service - Florida",https://app.apollo.io/#/organizations/6545f8889e2fb20001d2456e?overrideScoreId=score,11.2M,,repaint+70,http://www.linkedin.com/company/the-plummer-painting-company,,,,,
Legacy Painting Contractors,http://www.legacypaintingcontractorsca.com,,,Pleasanton,California,,,,,,apollo,"painting company, painting service - California",https://app.apollo.io/#/organizations/5500b2d97369642daa6a2a00?overrideScoreId=score,8.9M,,painting contractors+5,http://www.linkedin.com/company/legacy-painting-contractors,https://facebook.com/LegacyPaintingContractors,https://twitter.com/legacypainting,,,
Ready My Property,http://www.readymyproperty.com,,,Dallas,Texas,,,,,,apollo,"painting company, painting service - Texas",https://app.apollo.io/#/organizations/6440adee45b5ae0001301b7a?overrideScoreId=score,,,property preparation+48,http://www.linkedin.com/company/ready-my-property,,,,,
Zarazua Painting,http://www.zarazuapainting.com,,,Durham,North Carolina,,,,,,apollo,"painting company, painting service - North Carolina",https://app.apollo.io/#/organizations/5a9ec927a6da98d98c6fe1b6?overrideScoreId=score,,,residential painting+67,http://www.linkedin.com/company/zarazua-painting,,,,,
State 28 Painting Company,http://www.state28painting.com,,,Grapevine,Texas,,,,,,apollo,"painting company, painting service - Texas",https://app.apollo.io/#/organizations/61600e0cd951c70001a6673a?overrideScoreId=score,,,residential painting+51,http://www.linkedin.com/company/state-28-painting-company,https://facebook.com/State28Painting,,,,
Paint Boss Ga,http://www.paintbossga.com,,,Warner Robins,Georgia,,,,,,apollo,"painting company, painting service - Georgia",https://app.apollo.io/#/organizations/63cb70680d833b00014c23ff?overrideScoreId=score,,,facility maintenance+44,http://www.linkedin.com/company/paint-boss-ga,https://www.facebook.com/paintbossga,,,,
CHERRY PAINTING COMPANY,,,,Carrollton,Texas,,,,,,apollo,"painting company, painting service - Texas",https://app.apollo.io/#/organizations/67275ea062f46c0001c87d3d?overrideScoreId=score,,,,http://www.linkedin.com/company/cherry-painting-company,,,,,
Premium Painters,http://www.premiumpainters.com,,,Hobe Sound,Florida,,,,,,apollo,"painting company, painting service - Florida",https://app.apollo.io/#/organizations/55ea54a7f3e5bb59a6002962?overrideScoreId=score,21.9M,,interior+55,http://www.linkedin.com/company/premiumpainters,https://www.facebook.com/PremiumPainters.FL,https://twitter.com/apremiumpainter,,,
Performance Painting Company,http://www.performancepainting.co,,,Oklahoma City,Oklahoma,,,,,,apollo,"painting company, painting service - Oklahoma",https://app.apollo.io/#/organizations/5d3455d680f93e3a27062ce1?overrideScoreId=score,,,exterior painting+31,http://www.linkedin.com/company/performance-painting-company,,,,,
SKY EDIFICE,http://www.skyedifice.com,,,Cerritos,California,,,,,,apollo,"painting company, painting service - California",https://app.apollo.io/#/organizations/61616eed8bfbd30001b43792?overrideScoreId=score,,,construction company+18,http://www.linkedin.com/company/sky-edifice,,,,,
Artisan Painting llc,http://www.artisanpaintingllc.com,,,Media,Pennsylvania,,,,,,apollo,"painting company, painting service - Pennsylvania",https://app.apollo.io/#/organizations/6458d68d18675c00dc79713d?overrideScoreId=score,,,,http://www.linkedin.com/company/artisanpaintingllc,,,,,
Croxall Painting and Property Improvement,http://www.croxallpainting.com,,,Chattanooga,Tennessee,,,,,,apollo,"painting company, painting service - Tennessee",https://app.apollo.io/#/organizations/62c86bc420372700b32f110d?overrideScoreId=score,50K,,,http://www.linkedin.com/company/croxallpainting,https://facebook.com/CroxallPainting,,,,
PRO PTG INC,http://www.propaintingonline.com,,,Richardson,Texas,,,,,,apollo,"painting company, painting service - Texas",https://app.apollo.io/#/organizations/54a11fe269702d9d7ee30102?overrideScoreId=score,,,,http://www.linkedin.com/company/pro-painting-co,https://www.facebook.com/avpropaintingco,https://twitter.com/avpropaintingco,,,
"M.A. Falvey Painting Service, Inc.",http://www.mafalveypainting.com,,,M.A. Falvey Painting Service,Inc.,,,,,,apollo,"painting company, painting service - Inc.",https://app.apollo.io/#/organizations/5500c19e736964173dec3c00?overrideScoreId=score,,,spray coating+79,http://www.linkedin.com/company/m-a-falvey,,,,,
American Quality Painting,http://www.aqpcolumbus.com,,,Columbus,Ohio,,,,,,apollo,"painting company, painting service - Ohio",https://app.apollo.io/#/organizations/623fc8e3880c2f00013c2b32?overrideScoreId=score,,,exterior painting+53,http://www.linkedin.com/company/aqpcolumbus,https://www.facebook.com/Aqpcolumbus/,,,,
ALL LOS ANGELES PAINTING COMPANY INC.,http://www.alllosangelespaintingcompany.com,,,Los Angeles,California,,,,,,apollo,"painting company, painting service - California",https://app.apollo.io/#/organizations/65c494825b212b0001d9c2b9?overrideScoreId=score,,,paint color selection+52,http://www.linkedin.com/company/all-los-angeles-painting-company-inc.,,,,,
Tecc Painting Company,,,,Colorado Springs,Colorado,,,,,,apollo,"painting company, painting service - Colorado",https://app.apollo.io/#/organizations/664b056cf8dd710001b6df82?overrideScoreId=score,,,commercial painting+15,http://www.linkedin.com/company/tecc-painting,,,,,
FORJAK Industrial,http://www.forjakindustrial.com,,,Columbus,Ohio,,,,,,apollo,"painting company, painting service - Ohio",https://app.apollo.io/#/organizations/55923984736964199b7fdd00?overrideScoreId=score,,,commercial painting+89,http://www.linkedin.com/company/forjak-industrial,,,,,
LIME Painting of Castle Rock,,,,Castle Rock,Colorado,,,,,,apollo,"painting company, painting service - Colorado",https://app.apollo.io/#/organizations/5e56ad704169b30001c5fad4?overrideScoreId=score,,,construction company+13,http://www.linkedin.com/company/limepaintingofcastlerock,,,,,
ACC Painting Service,http://www.accpaintingservice.com,,,Mobile,Alabama,,,,,,apollo,"painting company, painting service - Alabama",https://app.apollo.io/#/organizations/671488688d35110001e89c73?overrideScoreId=score,,,,http://www.linkedin.com/company/acc-painting-service,,,,,
Country Boys Painting,http://www.countryboyspainting.com,,,Phoenix,Arizona,,,,,,apollo,"painting company, painting service - Arizona",https://app.apollo.io/#/organizations/56e6ea80f3e5bb3a24013090?overrideScoreId=score,,,hoa properties+54,http://www.linkedin.com/company/country-boys-painting,,,,,
Adix Painting - Dedicated to Raising the Standard for Residential Interior and Exterior Painting,http://www.adixpainting.com,,,Phoenix,Arizona,,,,,,apollo,"painting company, painting service - Arizona",https://app.apollo.io/#/organizations/5b13331da6da98dcb5c7d637?overrideScoreId=score,,,coaching+14,http://www.linkedin.com/company/adix-painting-phoenix-az,,,,,
Painting Solutions Inc.,http://www.paintingsolutionsaz.com,,,Phoenix,Arizona,,,,,,apollo,"painting company, painting service - Arizona",https://app.apollo.io/#/organizations/614d81da3a98da000123ce57?overrideScoreId=score,,,epoxy coatings+82,http://www.linkedin.com/company/painting-solutions-inc,https://www.facebook.com/PaintingSolutionsAZ/,,,,
WILDCAT PAINTING COMPANY L.L.C.,http://www.wildcatpaintingcompany.com,,,Tucson,Arizona,,,,,,apollo,"painting company, painting service - Arizona",https://app.apollo.io/#/organizations/66f52b695a44f10001b41200?overrideScoreId=score,,,,http://www.linkedin.com/company/wildcat-painting-company-l.l.c.,,,,,
DCR Painting Service,http://www.dcrpainting.com,,,San Tan Valley,Arizona,,,,,,apollo,"painting company, painting service - Arizona",https://app.apollo.io/#/organizations/6730328ecd1c1f00017f2ca8?overrideScoreId=score,25.5M,,,http://www.linkedin.com/company/dcr-painting-service,https://www.facebook.com/dcrpaintingaz,,,,
CAPITAL PAINTING COMPANY LLC,http://www.capitalpaintingcompany.com,,,Gilbert,Arizona,,,,,,apollo,"painting company, painting service - Arizona",https://app.apollo.io/#/organizations/66f8d0bde0d5a00001b4789d?overrideScoreId=score,,,,http://www.linkedin.com/company/capital-painting-company-llc,https://www.facebook.com/CapitalPaintingCompany,,,,
Dougherty Painting Company,http://www.dohertypainting.com,,,Phoenix,Arizona,,,,,,apollo,"painting company, painting service - Arizona",https://app.apollo.io/#/organizations/556d8fb77369641226d03a01?overrideScoreId=score,,,,http://www.linkedin.com/company/dougherty-painting-company,,,,,
"TOP STAR PAINTING SERVICE, INC.",http://www.topstarpainting.com,,,Glendale,Arizona,,,,,,apollo,"painting company, painting service - Arizona",https://app.apollo.io/#/organizations/6739070340844d0001e106b7?overrideScoreId=score,,,,http://www.linkedin.com/company/top-star-painting-service-inc.,,,,,
MCCORMICK PAINTING COMPANY,http://www.mccormickequipmentrentals.com,,,Little Rock,Arkansas,,,,,,apollo,"painting company, painting service - Arkansas",https://app.apollo.io/#/organizations/672dd53ba379130001a6aeb9?overrideScoreId=score,4.0M,,,http://www.linkedin.com/company/mccormick-painting-company,https://facebook.com/pages/Maven/219081551481695,https://twitter.com/mavensf,,,
Quality Painting Company,http://www.adamroepaint.com,,,Camden,Arkansas,,,,,,apollo,"painting company, painting service - Arkansas",https://app.apollo.io/#/organizations/674810bf3e0e4200017de341?overrideScoreId=score,,,,http://www.linkedin.com/company/quality-painting-company,,,,,
Turpin Painting Company Inc,,,,Little Rock,Arkansas,,,,,,apollo,"painting company, painting service - Arkansas",https://app.apollo.io/#/organizations/55921aff73696418f64c6f00?overrideScoreId=score,,,,http://www.linkedin.com/company/turpin-painting-company-inc,,,,,
Dave's Painting Service,http://www.davespaintingservice.com,,,El Cajon,California,,,,,,apollo,"painting company, painting service - California",https://app.apollo.io/#/organizations/54a11db969702d9d7e592f01?overrideScoreId=score,19.4M,,,http://www.linkedin.com/company/dave's-painting-service,,https://twitter.com/davesptgservice,,,
Eco-Clean Painting,http://www.ecocleanpainting.com,,,Atascadero,California,,,,,,apollo,"painting company, painting service - California",https://app.apollo.io/#/organizations/6761644024da9f01b1278e9c?overrideScoreId=score,,,interior painting+10,http://www.linkedin.com/company/eco-clean-painting-commercial-residential-paso-robles-san-luis-obispo,https://www.facebook.com/ECO.CLEAN.PAINTERS,,,,
"ALC Construction, LLC",http://www.alcconstructioninc.com,,,Los Angeles,California,,,,,,apollo,"painting company, painting service - California",https://app.apollo.io/#/organizations/556db209736964126c4f7401?overrideScoreId=score,,,general contractor+50,http://www.linkedin.com/company/alc-construction-llc-,,,,,
Browder Painting Company,http://www.browderpainting.com,,,San Luis Obispo,California,,,,,,apollo,"painting company, painting service - California",https://app.apollo.io/#/organizations/664965a3f22ed9000176daa0?overrideScoreId=score,6.0M,,power washing+11,http://www.linkedin.com/company/browder-painting,https://facebook.com/browderpainting,https://twitter.com/BrowderPainting,,,
Great Walls Painting Inc,http://www.greatwallspainting.com,,,San Jose,California,,,,,,apollo,"painting company, painting service - California",https://app.apollo.io/#/organizations/654dcfb2dd1ecf0001aed7d4?overrideScoreId=score,,,residential+70,http://www.linkedin.com/company/great-walls-painting-inc,https://www.facebook.com/Commercial.Residential.Painting,,,,
Kent Painting Company Inc.,http://www.kentpaintinginc.com,,,Fresno,California,,,,,,apollo,"painting company, painting service - California",https://app.apollo.io/#/organizations/54a12a3969702d8cfc3f3002?overrideScoreId=score,,,epoxy+8,http://www.linkedin.com/company/kent-painting-company-inc.,,,,,
Joes Painting Service,http://www.joespremiumpainting.com,,,Huntington Beach,California,,,,,,apollo,"painting company, painting service - California",https://app.apollo.io/#/organizations/5d093dbcf6512528599f6548?overrideScoreId=score,,,building supplies+13,http://www.linkedin.com/company/joes-painting-service,,,,,
Design Systems Painting Company,http://www.designsystemspainting.com,,,Carmichael,California,,,,,,apollo,"painting company, painting service - California",https://app.apollo.io/#/organizations/6642f96a701ae60001901c62?overrideScoreId=score,,,commercial painting+3,http://www.linkedin.com/company/design-systems-painting-inc,https://www.facebook.com/107847251768627,,,,
Larson Bros. Painting,http://www.larsonbrospainting.com,,,Napa,California,,,,,,apollo,"painting company, painting service - California",https://app.apollo.io/#/organizations/54fca5e573696401aac03100?overrideScoreId=score,,,carpentry repair+92,http://www.linkedin.com/company/larson-bros-painting,https://www.facebook.com/larsonbrospainting/,https://twitter.com/larsonbrospaint,,,
Award Painting Company,http://www.awardpaintingco.com,,,Fairfield,California,,,,,,apollo,"painting company, painting service - California",https://app.apollo.io/#/organizations/55e8c19ff3e5bb144800006f?overrideScoreId=score,,,,http://www.linkedin.com/company/award-painting-co,,,,,
PaintPros of Napa Valley,http://www.paintprosnapa.com,,,Napa,California,,,,,,apollo,"painting company, painting service - California",https://app.apollo.io/#/organizations/5edbac7c4d8c35000196485a?overrideScoreId=score,,,,http://www.linkedin.com/company/paint-pros-napa-valley-inc,,,,,
Mikes Painting Service,http://www.mikespaintingservice.com,,,Newman,California,,,,,,apollo,"painting company, painting service - California",https://app.apollo.io/#/organizations/667a7cb36758aa000103c3d0?overrideScoreId=score,,,,http://www.linkedin.com/company/mikes-painting-service,,,,,
Moya Painting,http://www.moyapaintinganddecorating.com,,,San Francisco,California,,,,,,apollo,"painting company, painting service - California",https://app.apollo.io/#/organizations/65f7e96e1aec6a01c680c2be?overrideScoreId=score,,,paintingdesign+56,http://www.linkedin.com/company/moya-painting-and-decorating,,,,,
J.W. Peterson Painting Inc.,http://www.jwpetersonpainting.com,,,Livermore,California,,,,,,apollo,"painting company, painting service - California",https://app.apollo.io/#/organizations/556ceec47369641226a04f00?overrideScoreId=score,,,commercial painting+52,http://www.linkedin.com/company/j-w-peterson-painting-inc-,,,,,
Partnership Painting,http://www.partnershippainting.com,,,Pasadena,California,,,,,,apollo,"painting company, painting service - California",https://app.apollo.io/#/organizations/54a12ad969702d9313675f02?overrideScoreId=score,21.7M,,interior paint+76,http://www.linkedin.com/company/partnership-painting,https://facebook.com/pages/Partnership-Painting-Inc/342152141803,https://twitter.com/partnerspaint,,,
Jerrys Painting Service,,,,Vacaville,California,,,,,,apollo,"painting company, painting service - California",https://app.apollo.io/#/organizations/5e57eb9f5e3c2600014db3a6?overrideScoreId=score,,,,http://www.linkedin.com/company/jerrys-painting-service,,,,,
Reliable Painting,http://www.reliablepainting.com,,,San Diego,California,,,,,,apollo,"painting company, painting service - California",https://app.apollo.io/#/organizations/54a135b469702d4494c7c300?overrideScoreId=score,,,induastrial coatings+81,http://www.linkedin.com/company/reliable-painting,https://www.facebook.com/RELIABLEPAINTINGSD/,,,,
"STEVE'S PAINTING SERVICE, INC.",http://www.stevespaintingserviceinc.com,,,San Jose,California,,,,,,apollo,"painting company, painting service - California",https://app.apollo.io/#/organizations/66e5768c15b550000182931e?overrideScoreId=score,,,,http://www.linkedin.com/company/steve's-painting-service-inc.,,,,,
Expressions Painting Company,http://www.expressionspaintingco.com,,,Stockton,California,,,,,,apollo,"painting company, painting service - California",https://app.apollo.io/#/organizations/65546a731a843a0001c72c1c?overrideScoreId=score,,,,http://www.linkedin.com/company/expressions-painting-company,https://www.facebook.com/Expressionspaintingcompany/,,,,
U.S National Corp dba Jimenez Painting Company,,,,Los Angeles,California,,,,,,apollo,"painting company, painting service - California",https://app.apollo.io/#/organizations/5e57bbde5c00fd000191cdaf?overrideScoreId=score,,,paintingarts & crafts+1,http://www.linkedin.com/company/u-s-national-corp-dba-jimenez-painting-company,,,,,
"PEACOCK PAINTING COMPANY, INC.",http://www.peacockpaintingco.com,,,Novato,California,,,,,,apollo,"painting company, painting service - California",https://app.apollo.io/#/organizations/66f83cf74a9bbc00012149cd?overrideScoreId=score,,,,http://www.linkedin.com/company/peacock-painting-company-inc.,,,,,
"D AND B PAINTING COMPANY, INC.",http://www.dbpaint.com,,,Oakland,California,,,,,,apollo,"painting company, painting service - California",https://app.apollo.io/#/organizations/55ef63dff3e5bb49b10005c7?overrideScoreId=score,,,,http://www.linkedin.com/company/d-and-b-painting-company-inc-,,,,,
Walls n Beyond Painting Company,http://www.wallsnbeyond.com,,,San Mateo,California,,,,,,apollo,"painting company, painting service - California",https://app.apollo.io/#/organizations/54fca1e27369647d9b740c00?overrideScoreId=score,,,barbequeburgers+4,http://www.linkedin.com/company/walls-n-beyond,,,,,
CH Painting Company,http://www.chinohillspainting.com,,,Chino Hills,California,,,,,,apollo,"painting company, painting service - California",https://app.apollo.io/#/organizations/674b22abc0db0800013ee8f3?overrideScoreId=score,,,,http://www.linkedin.com/company/ch-painting-company,,,,,
MIGALE PAINTING COMPANY,http://www.migalepainting.com,,,Novato,California,,,,,,apollo,"painting company, painting service - California",https://app.apollo.io/#/organizations/66f1070d3a3bc5000178f9bf?overrideScoreId=score,,,,http://www.linkedin.com/company/migale-painting-company,,,,,
The Better Painting Company,http://www.thebetterpaintingco.com,,,San Diego,California,,,,,,apollo,"painting company, painting service - California",https://app.apollo.io/#/organizations/641a8fddfa64490001c646a5?overrideScoreId=score,,,house painting+4,http://www.linkedin.com/company/the-better-painting-company,,,,,
"JFP PAINTING SERVICE, INC.",http://www.jfppaintingservice.com,,,Fountain Valley,California,,,,,,apollo,"painting company, painting service - California",https://app.apollo.io/#/organizations/670b08b67524d000012a08ab?overrideScoreId=score,32.6M,,,http://www.linkedin.com/company/jfp-painting-service-inc.,,,,,
Pro Painting Service,http://www.propaintingservice.com,,,San Jose,California,,,,,,apollo,"painting company, painting service - California",https://app.apollo.io/#/organizations/66ff80ab13e8b3000151a524?overrideScoreId=score,,,,http://www.linkedin.com/company/pro-painting-service,,,,,
Mr. Painter Painting Company,http://www.paintingcontractorturlock.com,,,Keyes,California,,,,,,apollo,"painting company, painting service - California",https://app.apollo.io/#/organizations/6714bdc7e73ec000013dab9c?overrideScoreId=score,35.9M,,,http://www.linkedin.com/company/mr.-painter-painting-company,https://facebook.com/pages/Mr-painter-painting-co/929805607034929,,,,
Sierra West Painting Company,http://www.sierrawestpainting.com,,,Costa Mesa,California,,,,,,apollo,"painting company, painting service - California",https://app.apollo.io/#/organizations/673daf2988b2320001466d26?overrideScoreId=score,4.2M,,,http://www.linkedin.com/company/sierra-west-painting-company,https://facebook.com/pages/Sierra-West-Painting-Co/335900239915153,https://twitter.com/_SWPainting,,,
Marin Painting Company,http://www.marinpainting.com,,,Novato,California,,,,,,apollo,"painting company, painting service - California",https://app.apollo.io/#/organizations/66fd0fffcfaef40001d842a6?overrideScoreId=score,,,,http://www.linkedin.com/company/marin-painting-company,,,,,
"MARZ PAINTING COMPANY, THE",http://www.marzpaintingco.com,,,Sacramento,California,,,,,,apollo,"painting company, painting service - California",https://app.apollo.io/#/organizations/672ef78ccd1c1f000173c259?overrideScoreId=score,5.5M,,,http://www.linkedin.com/company/marz-painting-company-the,https://facebook.com/pages/Marz-Painting-Co/1483150408583282,https://twitter.com/MarzPaintingCo,,,
NEALS PAINTING COMPANY INC,http://www.nealspainting.com,,,Fairfield,California,,,,,,apollo,"painting company, painting service - California",https://app.apollo.io/#/organizations/67269a4393de3b0001aeb812?overrideScoreId=score,34.3M,,,http://www.linkedin.com/company/neals-painting-company-inc,https://www.facebook.com/Neals-Painting-194579834221145/,,,,
U & S Painting Company,http://www.unspainting.net,,,Los Angeles,California,,,,,,apollo,"painting company, painting service - California",https://app.apollo.io/#/organizations/66ed41eeb5a29a000169f073?overrideScoreId=score,,,,http://www.linkedin.com/company/u-&-s-painting-company,,,,,
Master Glow Painting Company,http://www.masterglowpainting.com,,,Sunnyvale,California,,,,,,apollo,"painting company, painting service - California",https://app.apollo.io/#/organizations/66f29cb14065b00001602fee?overrideScoreId=score,,,,http://www.linkedin.com/company/master-glow-painting-company,,,,,
"PEPPERLING PAINTING COMPANY, INC.",http://www.peppaints.com,,,Torrance,California,,,,,,apollo,"painting company, painting service - California",https://app.apollo.io/#/organizations/672477a6a93e7e000192655c?overrideScoreId=score,,,,http://www.linkedin.com/company/pepperling-painting-company-inc.,,,,,
Applied Artistry A Painting Company,http://www.appliedartistry.com,,,Huntington Beach,California,,,,,,apollo,"painting company, painting service - California",https://app.apollo.io/#/organizations/6731143ccfd91b00011cc7d4?overrideScoreId=score,9.7M,,,http://www.linkedin.com/company/applied-artistry-a-painting-company,https://facebook.com/appliedartistry,,,,
Sparkle Painting Service,http://www.sparklepaintingservice.com,,,Rancho Cordova,California,,,,,,apollo,"painting company, painting service - California",https://app.apollo.io/#/organizations/672ef390e4b421000198d016?overrideScoreId=score,716K,,,http://www.linkedin.com/company/sparkle-painting-service,https://facebook.com/pages/Sparkle-Painting-Service/614736545261101,https://twitter.com/SparklePaintin1,,,
Montano’s Painting Company,http://www.montanos-painting.com,,,Anaheim,California,,,,,,apollo,"painting company, painting service - California",https://app.apollo.io/#/organizations/66eea173858f5600016fdb66?overrideScoreId=score,,,,http://www.linkedin.com/company/montano%e2%80%99s-painting-company,,,,,
Web’s Painting Company,http://www.webspainting.com,,,Los Angeles,California,,,,,,apollo,"painting company, painting service - California",https://app.apollo.io/#/organizations/673f0b0f7199f900018dffb1?overrideScoreId=score,,,,http://www.linkedin.com/company/web%e2%80%99s-painting-company,,,,,
2020 Painting Company,http://www.2020paintingcompany.com,,,La Mesa,California,,,,,,apollo,"painting company, painting service - California",https://app.apollo.io/#/organizations/66d3f2443f06c50001ff869e?overrideScoreId=score,,,,http://www.linkedin.com/company/2020-painting-company,,,,,
Anselm Painting Company,http://www.paintthesky.biz,,,Arroyo Grande,California,,,,,,apollo,"painting company, painting service - California",https://app.apollo.io/#/organizations/6715cf41eb99680001e00ef5?overrideScoreId=score,,,,http://www.linkedin.com/company/anselm-painting-company,,,,,
B.E.S. Painting Company,http://www.bespainting.com,,,Long Beach,California,,,,,,apollo,"painting company, painting service - California",https://app.apollo.io/#/organizations/66d4b36170ecc9000134b5c0?overrideScoreId=score,,,,http://www.linkedin.com/company/b.e.s.-painting-company,https://facebook.com/bespainting,,,,
Jay’s Painting Service - Sacramento,http://www.jays-painting-service-sacramento.com,,,Sacramento,California,,,,,,apollo,"painting company, painting service - California",https://app.apollo.io/#/organizations/66f7ee7ad3435c0001be91fe?overrideScoreId=score,1.4M,,,http://www.linkedin.com/company/jay%e2%80%99s-painting-service---sacramento,https://www.facebook.com/jayspaintingsacramento,https://twitter.com/jayspaintingsac,,,
Ace Painting Service Inc.,http://www.ace-painting.com,,,Fullerton,California,,,,,,apollo,"painting company, painting service - California",https://app.apollo.io/#/organizations/56d9553ef3e5bb2cc300194c?overrideScoreId=score,,,,http://www.linkedin.com/company/ace-painting-service-inc-,,,,,
NELAN PAINTING COMPANY INC.,http://www.nelanpainting.com,,,Laguna Beach,California,,,,,,apollo,"painting company, painting service - California",https://app.apollo.io/#/organizations/67318eef9c24470001e6fbd6?overrideScoreId=score,,,,http://www.linkedin.com/company/nelan-painting-company-inc.,,,,,
Brian Miller Painting Company,http://www.brianmillerpaintingcompany.com,,,San Marcos,California,,,,,,apollo,"painting company, painting service - California",https://app.apollo.io/#/organizations/673158230af9f60001e9248d?overrideScoreId=score,,,,http://www.linkedin.com/company/brian-miller-painting-company,,,,,
Condor National Painting Company,http://www.condornationalpainting.com,,,Los Angeles,California,,,,,,apollo,"painting company, painting service - California",https://app.apollo.io/#/organizations/674ce06ca3c1bb00010e1a1f?overrideScoreId=score,,,,http://www.linkedin.com/company/condor-national-painting-company,,,,,
"RINGLEVER PAINTING COMPANY, INC.",http://www.ringleverpainting.com,,,Oceanside,California,,,,,,apollo,"painting company, painting service - California",https://app.apollo.io/#/organizations/6727063d0426250001775b20?overrideScoreId=score,,,,http://www.linkedin.com/company/ringlever-painting-company-inc.,,,,,
Painting NoCo,http://www.paintingnoco.com,,,Loveland,Colorado,,,,,,apollo,"painting company, painting service - Colorado",https://app.apollo.io/#/organizations/5e55f0efc786930001b7dcae?overrideScoreId=score,,,wallpaper removal+53,http://www.linkedin.com/company/painting-noco,,,,,
Improovy Painters Denver,,,,Denver,Colorado,,,,,,apollo,"painting company, painting service - Colorado",https://app.apollo.io/#/organizations/63f637d1b3f24b00da4ffebd?overrideScoreId=score,,,cabinet painting+12,http://www.linkedin.com/company/improovy-painters-denver,,,,,
A Quality Paint Job,http://www.aqualitypaintjob.com,,,Colorado Springs,Colorado,,,,,,apollo,"painting company, painting service - Colorado",https://app.apollo.io/#/organizations/54a23b327468693cddf82818?overrideScoreId=score,,,stain fine millwork+51,http://www.linkedin.com/company/a-quality-paint-job,,,,,
Exemplary Painting,http://www.exemplarypainting.com,,,Littleton,Colorado,,,,,,apollo,"painting company, painting service - Colorado",https://app.apollo.io/#/organizations/5b83324e324d446b0607b4bd?overrideScoreId=score,,,house painting+45,http://www.linkedin.com/company/exemplary-painting,https://www.facebook.com/ExemplaryPainting/,,,,
Imperial Painters LLC,http://www.imperialpaintersco.com,,,Arvada,Colorado,,,,,,apollo,"painting company, painting service - Colorado",https://app.apollo.io/#/organizations/5fc9ad157f0def0001a1aa67?overrideScoreId=score,,,residential+46,http://www.linkedin.com/company/imperial-painters-llc,https://facebook.com/imperialpaintersco,https://twitter.com/copainters,,,
LIME Painting® of Northern Colorado,http://www.limepaintingofnortherncolorado.com,,,Boulder,Colorado,,,,,,apollo,"painting company, painting service - Colorado",https://app.apollo.io/#/organizations/5e5833db2895460001e00815?overrideScoreId=score,,,,http://www.linkedin.com/company/limenortherncolorado,,,,,
Gardiner Painting,http://www.gardinerpaint.com,,,Colorado Springs,Colorado,,,,,,apollo,"painting company, painting service - Colorado",https://app.apollo.io/#/organizations/649a9a9e99b5e400efca4443?overrideScoreId=score,,,residential painting+49,http://www.linkedin.com/company/gardiner-painting,,,,,
"RW Professional Painting, LLC",http://www.rwpropainting.com,,,Littleton,Colorado,,,,,,apollo,"painting company, painting service - Colorado",https://app.apollo.io/#/organizations/5ed5f1072419f6000110140d?overrideScoreId=score,,,deck & fence staining+49,http://www.linkedin.com/company/rw-professional-painting-llc,https://www.facebook.com/RWProfessionalPainting/,,,,
Paint Baum,http://www.paintbaum.com,,,Boulder,Colorado,,,,,,apollo,"painting company, painting service - Colorado",https://app.apollo.io/#/organizations/6448993224ed930001d1a664?overrideScoreId=score,,,epoxy floors+87,http://www.linkedin.com/company/paint-baum,,,,,
"Tall Pines Painting, Inc",http://www.tallpinespainting.com,,,Tall Pines Painting,Inc,,,,,,apollo,"painting company, painting service - Inc",https://app.apollo.io/#/organizations/54a1363069702d46f0aa0201?overrideScoreId=score,14.4M,,window washing+79,http://www.linkedin.com/company/tall-pines-painting-inc,https://facebook.com/pages/Tall-Pines-Painting-Inc/126561187377480,https://twitter.com/tallpinespaint,,,
"Vivid Color Painting Company, LLC",http://www.vividcolorpaintingco.com,,,Durango,Colorado,,,,,,apollo,"painting company, painting service - Colorado",https://app.apollo.io/#/organizations/5da6ecda46748d00012abc55?overrideScoreId=score,,,,http://www.linkedin.com/company/vivid-color-painting-company-llc,,,,,
"Highland Painting Company, LLC",http://www.highlandpaintingpros.com,,,Denver,Colorado,,,,,,apollo,"painting company, painting service - Colorado",https://app.apollo.io/#/organizations/672659c06919ee000128f3bc?overrideScoreId=score,,,,http://www.linkedin.com/company/highland-painting-company-llc,,,,,
"Turner Painting Service, Inc.",http://www.turnerpaintingservice.com,,,Turner Painting Service,Inc.,,,,,,apollo,"painting company, painting service - Inc.",https://app.apollo.io/#/organizations/5d449e26576fbc09d5056d5c?overrideScoreId=score,,,homescommercial+89,http://www.linkedin.com/company/turnerpaintingservice,,,,,
"Roberge Painting Company, Inc.",http://www.robergepainting.com,,,Roberge Painting Company,Inc.,,,,,,apollo,"painting company, painting service - Inc.",https://app.apollo.io/#/organizations/5e56af21e8dafc0001895986?overrideScoreId=score,40.0M,,,http://www.linkedin.com/company/roberge-painting-company-inc.,https://facebook.com/robergepainting,,,,
MARTINEZ PAINTING COMPANY LLC,http://www.martinezpainting.com,,,Essex,Connecticut,,,,,,apollo,"painting company, painting service - Connecticut",https://app.apollo.io/#/organizations/6739831fc2e9160001ae5ec8?overrideScoreId=score,,,,http://www.linkedin.com/company/martinez-painting-company-llc,,,,,
Elite Painting Service,http://www.elitepaintingservicesplus.com,,,Simsbury,Connecticut,,,,,,apollo,"painting company, painting service - Connecticut",https://app.apollo.io/#/organizations/5d099b21a3ae61f4deba5f4a?overrideScoreId=score,4.7M,,contractors+3,http://www.linkedin.com/company/elite-painting-service,https://www.facebook.com/elitepaintingservicesplus,https://twitter.com/elitepaintingsp,,,
Renaissance - A Painting Company,http://www.ren-painting.com,,,Glastonbury,Connecticut,,,,,,apollo,"painting company, painting service - Connecticut",https://app.apollo.io/#/organizations/54a1358369702d48e2bc9c00?overrideScoreId=score,,,,http://www.linkedin.com/company/renaissance---a-painting-company,,,,,
"Painters In CT - Interior, Exterior, Commercial, & Residential Painting",http://www.newhavenpaintersllc.com,,,Southington,Connecticut,,,,,,apollo,"painting company, painting service - Connecticut",https://app.apollo.io/#/organizations/5da540b5cef49f000192bfb2?overrideScoreId=score,,,painting+73,http://www.linkedin.com/company/paintersinct,,,,,
ROBERGE PAINTING COMPANY INC,http://www.epoxyflooringservices.com,,,Bristol,Connecticut,,,,,,apollo,"painting company, painting service - Connecticut",https://app.apollo.io/#/organizations/673c45a17e4999000131e067?overrideScoreId=score,,,,http://www.linkedin.com/company/roberge-painting-company-inc,,,,,
Franks Painting Service,http://www.frankspaintingservice.com,,,Norwalk,Connecticut,,,,,,apollo,"painting company, painting service - Connecticut",https://app.apollo.io/#/organizations/5fc91585481a2800016f4150?overrideScoreId=score,,,,http://www.linkedin.com/company/franks-painting-service,,,,,
Fairfield Painting Company,http://www.fairfieldpainting.com,,,Fairfield,Connecticut,,,,,,apollo,"painting company, painting service - Connecticut",https://app.apollo.io/#/organizations/672742feed6bc2000186939f?overrideScoreId=score,18.2M,,,http://www.linkedin.com/company/fairfield-painting-company,,,,,
Connecticut Best Painting Company LLC,http://www.connecticutbestpainting.com,,,New Haven,Connecticut,,,,,,apollo,"painting company, painting service - Connecticut",https://app.apollo.io/#/organizations/67271e4f6893d600010c71d4?overrideScoreId=score,,,,http://www.linkedin.com/company/connecticut-best-painting-company-llc,,,,,
Joe Tamborra Painting Company,http://www.norwichpaintingcontractor.com,,,Norwich,Connecticut,,,,,,apollo,"painting company, painting service - Connecticut",https://app.apollo.io/#/organizations/6701758390d84b000118e425?overrideScoreId=score,,,,http://www.linkedin.com/company/joe-tamborra-painting-company,,,,,
Pat Derby Painting Company,http://www.patderbypainting.com,,,East Windsor,Connecticut,,,,,,apollo,"painting company, painting service - Connecticut",https://app.apollo.io/#/organizations/674284fe490a1000014e6771?overrideScoreId=score,,,,http://www.linkedin.com/company/pat-derby-painting-company,,,,,
Burke painting Company LLC,http://www.burkepaintingandcoatings.com,,,Wilmington,Delaware,,,,,,apollo,"painting company, painting service - Delaware",https://app.apollo.io/#/organizations/56dd2052f3e5bb1ae900184a?overrideScoreId=score,,,,http://www.linkedin.com/company/burke-painting-company-llc,,,,,
Blu Baboon Painting,http://www.blubaboon.com,,,Cocoa,Florida,,,,,,apollo,"painting company, painting service - Florida",https://app.apollo.io/#/organizations/6384b6b5a0238900a31b5c73?overrideScoreId=score,,,interior painting+38,http://www.linkedin.com/company/blu-baboon,,,,,
Orlando Painting Service,http://www.orlandopaintingservice.com,,,Winter Park,Florida,,,,,,apollo,"painting company, painting service - Florida",https://app.apollo.io/#/organizations/5fc9b6f42221130001d05426?overrideScoreId=score,18.4M,,pressure washing+8,http://www.linkedin.com/company/orlando-painting-service,https://www.facebook.com/OrlandoPaintingService,https://twitter.com/orlandopainting,,,
Regal Custom Painting Inc,http://www.regalcustompainting.com,,,Palm Bay,Florida,,,,,,apollo,"painting company, painting service - Florida",https://app.apollo.io/#/organizations/556de42773696412269aba01?overrideScoreId=score,,,interior painting+44,http://www.linkedin.com/company/regal-custom-painting-inc,,,,,
Giron Brothers Painting,http://www.gironbrotherspainting.com,,,Naples,Florida,,,,,,apollo,"painting company, painting service - Florida",https://app.apollo.io/#/organizations/614c144781afa80001746b6b?overrideScoreId=score,,,cabinet painting+5,http://www.linkedin.com/company/giron-brothers-painting,,,,,
RCI PAINTING,http://www.rcipainting.com,,,Boynton Beach,Florida,,,,,,apollo,"painting company, painting service - Florida",https://app.apollo.io/#/organizations/55ef96f9f3e5bb7b190007de?overrideScoreId=score,11.8M,,customer satisfaction+54,http://www.linkedin.com/company/rci-painting,,,,,
Fresh Coating,http://www.freshcoatingllc.com,,,Fort Walton Beach,Florida,,,,,,apollo,"painting company, painting service - Florida",https://app.apollo.io/#/organizations/64a6667023b5ff0001281872?overrideScoreId=score,,,exterior painting+55,http://www.linkedin.com/company/fresh-coating-llc,https://www.facebook.com/freshcoatingllc,,,,
"Weston Coatings Group, Inc.",http://www.westoncoatingsgroup.com,,,Weston Coatings Group,Inc.,,,,,,apollo,"painting company, painting service - Inc.",https://app.apollo.io/#/organizations/63c4d387898fcc00019764bc?overrideScoreId=score,,,building coatings+48,http://www.linkedin.com/company/weston-coatings-group-inc.,,,,,
The Cabinet Painting Company,http://www.cabinetpaintingco.com,,,Lithia,Florida,,,,,,apollo,"painting company, painting service - Florida",https://app.apollo.io/#/organizations/63c2ea9b5c1fde0001e1b472?overrideScoreId=score,,,,http://www.linkedin.com/company/cabinetpaintingco,https://www.facebook.com/cabinetpaintingco/,,,,
Tampa Bay Painting Company,http://www.tbpaintingco.com,,,Saint Petersburg,Florida,,,,,,apollo,"painting company, painting service - Florida",https://app.apollo.io/#/organizations/55ef78c5f3e5bb3550000dea?overrideScoreId=score,,,,http://www.linkedin.com/company/tampa-bay-painting-company,https://www.facebook.com/TampaBayPaintingCompany,,,,
Unique Stone Resurfacing™,http://www.uniquestoneresurfacing.com,,,Sarasota,Florida,,,,,,apollo,"painting company, painting service - Florida",https://app.apollo.io/#/organizations/5500b4c87369647a36870900?overrideScoreId=score,,,bathroom remodeling+92,http://www.linkedin.com/company/unique-stone-resurfacing%e2%84%a2,http://www.facebook.com/uniquestoneresurfacing,http://twitter.com/Unique_Stone_NM,,,
Florida Painting Service,http://www.floridapaintingcompany.com,,,Orange Park,Florida,,,,,,apollo,"painting company, painting service - Florida",https://app.apollo.io/#/organizations/673707b3e0f11f0001c1c417?overrideScoreId=score,,,,http://www.linkedin.com/company/florida-painting-service,https://www.facebook.com/profile.php,https://twitter.com/Florida_Company,,,
"Team Sepi Inc., A Painting Company®",,,,Miami,Florida,,,,,,apollo,"painting company, painting service - Florida",https://app.apollo.io/#/organizations/60064b1a11702900e4bdfc14?overrideScoreId=score,,,,http://www.linkedin.com/company/team-sepi,,,,,
"GPS Painting Group, LLC (561-247-2468)",http://www.gpspaintingfl.com,,,Royal Palm Beach,Florida,,,,,,apollo,"painting company, painting service - Florida",https://app.apollo.io/#/organizations/5500b76a736964606b480600?overrideScoreId=score,,,pressure wash+60,http://www.linkedin.com/company/g-p-s-painting-group-llc,,https://twitter.com/GPSPainting,,,
Compass Painting of SWFL,http://www.compasspaintingswfl.com,,,Sarasota,Florida,,,,,,apollo,"painting company, painting service - Florida",https://app.apollo.io/#/organizations/66dbc568b617610001938e20?overrideScoreId=score,,,exteriorresidential+74,http://www.linkedin.com/company/compasspaintingofswfl,,,,,
JK Adams Services LLC,http://www.wecandothatservice.com,,,Milton,Florida,,,,,,apollo,"painting company, painting service - Florida",https://app.apollo.io/#/organizations/66365d21f04d590001e481af?overrideScoreId=score,,,cleaning service+4,http://www.linkedin.com/company/jk-adams-services-llc,,,,,
I.A.C. PAINTING COMPANY INC.,http://www.iacpainting.com,,,Tampa,Florida,,,,,,apollo,"painting company, painting service - Florida",https://app.apollo.io/#/organizations/6730c2080af9f60001e2e517?overrideScoreId=score,,,,http://www.linkedin.com/company/i.a.c.-painting-company-inc.,,,,,
Five Star Painting of New Port Richey / Citrus Park,,,,New Port Richey,Florida,,,,,,apollo,"painting company, painting service - Florida",https://app.apollo.io/#/organizations/678c21880c1e3500019df2b5?overrideScoreId=score,,,free estimates+28,http://www.linkedin.com/company/five-star-painting-of-new-port-richey-citrus-park,,,,,
SOCORRO PAINTING COMPANY,http://www.socorropainting.com,,,Miami,Florida,,,,,,apollo,"painting company, painting service - Florida",https://app.apollo.io/#/organizations/66e504d0829610000151de82?overrideScoreId=score,,,,http://www.linkedin.com/company/socorro-painting-company,,,,,
T&L Perfect Services LLC,http://www.tileperfectservice.com,,,Clearwater,Florida,,,,,,apollo,"painting company, painting service - Florida",https://app.apollo.io/#/organizations/6718c6cfd33c2f00014ebdcf?overrideScoreId=score,,,wooden installation+10,http://www.linkedin.com/company/perfectservicefl,https://www.facebook.com/tileperfectservice,,,,
"PAGE PAINTING COMPANY, L.L.C.",http://www.pagepaintingco.com,,,Orlando,Florida,,,,,,apollo,"painting company, painting service - Florida",https://app.apollo.io/#/organizations/66f23bd74fb92d00012b75ee?overrideScoreId=score,,,,http://www.linkedin.com/company/page-painting-company-l.l.c.,,,,,
MARK RALSTON PAINTING COMPANY,http://www.markralstonpainting.com,,,Jupiter,Florida,,,,,,apollo,"painting company, painting service - Florida",https://app.apollo.io/#/organizations/67431009975d6e000169deed?overrideScoreId=score,,,,http://www.linkedin.com/company/mark-ralston-painting-company,,,,,
Winter Park Painting Company,http://www.winterparkpaintingcompany.com,,,Winter Park,Florida,,,,,,apollo,"painting company, painting service - Florida",https://app.apollo.io/#/organizations/6743554751264500012b250f?overrideScoreId=score,,,,http://www.linkedin.com/company/winter-park-painting-company,,,,,
Paggio Painting Company Inc.,http://www.paggiopainting.com,,,Tampa,Florida,,,,,,apollo,"painting company, painting service - Florida",https://app.apollo.io/#/organizations/56e5dff2f3e5bb17f4005de8?overrideScoreId=score,,,,http://www.linkedin.com/company/paggio-painting-company-inc-,,,,,
Chance Painting Company LLC,http://www.chancepainting.com,,,Fort Walton Beach,Florida,,,,,,apollo,"painting company, painting service - Florida",https://app.apollo.io/#/organizations/56dd56b8f3e5bb1ac500331b?overrideScoreId=score,,,,http://www.linkedin.com/company/chance-painting-company-llc,,https://twitter.com/ChancePainting,,,
"April Painting Company, Inc.",http://www.aprilpainting.com,,,April Painting Company,Inc.,,,,,,apollo,"painting company, painting service - Inc.",https://app.apollo.io/#/organizations/54a1a03d74686949e788e802?overrideScoreId=score,,,,http://www.linkedin.com/company/april-painting-company-inc.,,,,,
Georgia Painting Company LLC,http://www.georgiapainting.co,,,Atlanta,Georgia,,,,,,apollo,"painting company, painting service - Georgia",https://app.apollo.io/#/organizations/66517e2d2bfa520001fd4353?overrideScoreId=score,,,exterior painting+3,http://www.linkedin.com/company/georgiapaintingcompany,,,,,
"SUNLIGHT PAINTING COMPANY, INC.",http://www.sunlightpainting.com,,,Atlanta,Georgia,,,,,,apollo,"painting company, painting service - Georgia",https://app.apollo.io/#/organizations/67146736e1abc900012a044b?overrideScoreId=score,,,,http://www.linkedin.com/company/sunlight-painting-company-inc.,,,,,
Ericks Painting Company,http://www.erickpaintinginc.com,,,Doraville,Georgia,,,,,,apollo,"painting company, painting service - Georgia",https://app.apollo.io/#/organizations/66dd82e9b4f99b00016e0f25?overrideScoreId=score,,,,http://www.linkedin.com/company/ericks-painting-company,,,,,
Atlanta Painting Company,http://www.atlanta-painter.com,,,Cumming,Georgia,,,,,,apollo,"painting company, painting service - Georgia",https://app.apollo.io/#/organizations/66dfc8a193c1ac000115d792?overrideScoreId=score,,,,http://www.linkedin.com/company/atlanta-painting-company,,,,,
PEACHTREE PAINTING COMPANY LLC,http://www.peachtreepaintingco.com,,,Stockbridge,Georgia,,,,,,apollo,"painting company, painting service - Georgia",https://app.apollo.io/#/organizations/66e67593be217e00016b3d49?overrideScoreId=score,,,,http://www.linkedin.com/company/peachtree-painting-company-llc,,,,,
"M. SHIROMA PAINTING COMPANY, INC",,,,Waipahu,Hawaii,,,,,,apollo,"painting company, painting service - Hawaii",https://app.apollo.io/#/organizations/67304cc493cdbb0001db7f40?overrideScoreId=score,,,,http://www.linkedin.com/company/m.-shiroma-painting-company-inc,,,,,
Improovy Painters Chicago,,,,Chicago,Illinois,,,,,,apollo,"painting company, painting service - Illinois",https://app.apollo.io/#/organizations/60b20f322657620001b6d895?overrideScoreId=score,,,painters in chicago+15,http://www.linkedin.com/company/improovy-painters-chicago,,,,,
Steadfast Painting Solutions Corp,http://www.steadfastpainting.com,,,Elmhurst,Illinois,,,,,,apollo,"painting company, painting service - Illinois",https://app.apollo.io/#/organizations/54fca59c7369640186842f00?overrideScoreId=score,,,voc-free paints+82,http://www.linkedin.com/company/steadfast-painting-solutions-corp,,,,,
"Accurate Painting Service, L.L.C.",,,,Chicago,Illinois,,,,,,apollo,"painting company, painting service - Illinois",https://app.apollo.io/#/organizations/54a129c869702dc841388201?overrideScoreId=score,,,residential & industrial+6,http://www.linkedin.com/company/accurate-painting-service-l-l-c-,,,,,
Paintrix Painting Company,http://www.paintrixpainting.com,,,Huntley,Illinois,,,,,,apollo,"painting company, painting service - Illinois",https://app.apollo.io/#/organizations/5f0d8be37548c4008ce031b0?overrideScoreId=score,,,,http://www.linkedin.com/company/paintrixpainting,,,,,
Procaccio Painting Company,http://www.procacciopainting.com,,,Saint Charles,Illinois,,,,,,apollo,"painting company, painting service - Illinois",https://app.apollo.io/#/organizations/55ee320df3e5bb2675000570?overrideScoreId=score,12.4M,,,http://www.linkedin.com/company/procaccio-painting-company,,,,,
NWS Restoration - Roofing Contractor and Painting Company of Grayslake,http://www.nwstormrestoration.com,,,Grayslake,Illinois,,,,,,apollo,"painting company, painting service - Illinois",https://app.apollo.io/#/organizations/648a5abf3c21f700a381f0c0?overrideScoreId=score,,,,http://www.linkedin.com/company/nws-restoration-roofing-contractor-and-painting-company-of-grayslake,,https://twitter.com/NWS_Restoration,,,
Rich’s Painting Service,http://www.richspaintingservice.com,,,Lake Zurich,Illinois,,,,,,apollo,"painting company, painting service - Illinois",https://app.apollo.io/#/organizations/66f84c41cc802500015fa51f?overrideScoreId=score,,,,http://www.linkedin.com/company/rich%e2%80%99s-painting-service,,,,,
RED FEATHER PAINTING COMPANY,http://www.redfeathergroupinc.com,,,Glenview,Illinois,,,,,,apollo,"painting company, painting service - Illinois",https://app.apollo.io/#/organizations/6392aae7d6bac70001f49d3c?overrideScoreId=score,,,,http://www.linkedin.com/company/red-feather-painting-company,,,,,
Stars Painting Service,http://www.starpaintingservices.com,,,Skokie,Illinois,,,,,,apollo,"painting company, painting service - Illinois",https://app.apollo.io/#/organizations/5500c968736964612ea56300?overrideScoreId=score,,,,http://www.linkedin.com/company/stars-painting-service,,,,,
Sauer Painting Company,http://www.housepaintingstcharles.com,,,Saint Charles,Illinois,,,,,,apollo,"painting company, painting service - Illinois",https://app.apollo.io/#/organizations/6714cb36e5fc67000115d3bd?overrideScoreId=score,,,,http://www.linkedin.com/company/sauer-painting-company,,,,,
Inside Outside Painting Company,http://www.insideoutsidepainting.com,,,Evanston,Illinois,,,,,,apollo,"painting company, painting service - Illinois",https://app.apollo.io/#/organizations/670b31e39dc7fa000114c468?overrideScoreId=score,,,,http://www.linkedin.com/company/inside-outside-painting-company,,,,,
Town Square Painting Company,http://www.townsquarepainting.com,,,Naperville,Illinois,,,,,,apollo,"painting company, painting service - Illinois",https://app.apollo.io/#/organizations/66f9e7d327980600012f97d3?overrideScoreId=score,8.3M,,,http://www.linkedin.com/company/town-square-painting-company,,,,,
"ALL FAMILY PAINTING SERVICE, INC.",http://www.ourfinalcoat.com,,,Itasca,Illinois,,,,,,apollo,"painting company, painting service - Illinois",https://app.apollo.io/#/organizations/66dd2b884fe15f0001db0884?overrideScoreId=score,11.7M,,,http://www.linkedin.com/company/all-family-painting-service-inc.,,,,,
Colorbilt Painting LLC,http://www.colorbiltpainting.com,,,Plymouth,Indiana,,,,,,apollo,"painting company, painting service - Indiana",https://app.apollo.io/#/organizations/64169c480364d6000140a103?overrideScoreId=score,,,,http://www.linkedin.com/company/colorbiltpaintingllc,,,,,
Custom Designers Inc,http://www.customdesignersinc.com,,,Portage,Indiana,,,,,,apollo,"painting company, painting service - Indiana",https://app.apollo.io/#/organizations/60498abfee00ee000197f973?overrideScoreId=score,18.7M,,interior painting+11,http://www.linkedin.com/company/custom-designers-inc,,,,,
Any Color You Like,http://www.anycoloryoulike.com,,,Brownsburg,Indiana,,,,,,apollo,"painting company, painting service - Indiana",https://app.apollo.io/#/organizations/54a129a869702db878a88401?overrideScoreId=score,,,home improvement+37,http://www.linkedin.com/company/any-color-you-like,,,,,
Alpha Pro Painting Company,http://www.alphapropainting.com,,,Indianapolis,Indiana,,,,,,apollo,"painting company, painting service - Indiana",https://app.apollo.io/#/organizations/57c4f8b2a6da986ac74407ec?overrideScoreId=score,,,exterior painting+7,http://www.linkedin.com/company/alpha-pro-painting,https://www.facebook.com/AlphaProPainting,,,,
Garcia Painting Pro,http://www.garciapaintingpro.com,,,Carmel,Indiana,,,,,,apollo,"painting company, painting service - Indiana",https://app.apollo.io/#/organizations/6607b8722e52c60007d36810?overrideScoreId=score,,,specialty coatings+76,http://www.linkedin.com/company/garcia-painting-pro,,,,,
"Beeson Construction, Inc.",http://www.beesonconstruction.com,,,Beeson Construction,Inc.,,,,,,apollo,"painting company, painting service - Inc.",https://app.apollo.io/#/organizations/65775b862a24bf021bd89beb?overrideScoreId=score,,,,http://www.linkedin.com/company/beeson-construction-inc,,,,,
Hoosier Painting Company,http://www.a1hoosierpainting.com,,,Angola,Indiana,,,,,,apollo,"painting company, painting service - Indiana",https://app.apollo.io/#/organizations/55f6a025f3e5bb18db01401d?overrideScoreId=score,5.1M,,,http://www.linkedin.com/company/hoosier-painting-company,https://facebook.com/a1hoosierpaintingandmore,https://twitter.com/A1hoosierpaint,,,
Henry's Painting & Contracting,http://www.henryspaintingcontract.com,,,Coralville,Iowa,,,,,,apollo,"painting company, painting service - Iowa",https://app.apollo.io/#/organizations/61ada06ab989900001fe3063?overrideScoreId=score,,,interior+111,http://www.linkedin.com/company/henryspaintingcontracting,https://www.facebook.com/henryspaintingcontract/,,,,
River City Painting,http://www.paintwichita.com,,,Wichita,Kansas,,,,,,apollo,"painting company, painting service - Kansas",https://app.apollo.io/#/organizations/605e512808646700a454d6ed?overrideScoreId=score,9.6M,,interior painting+54,http://www.linkedin.com/company/river-city-painting,https://www.facebook.com/rivercitypaintinginc/,https://twitter.com/rcpwichita,,,
ACE HOUSE PAINTING INC.,http://www.acehousepainting.com,,,Olathe,Kansas,,,,,,apollo,"painting company, painting service - Kansas",https://app.apollo.io/#/organizations/647053dca68d26000126fdd9?overrideScoreId=score,,,painter+47,http://www.linkedin.com/company/ace-house-painting-inc.,https://www.facebook.com/Ace-House-Painting-134483886584868,https://twitter.com/AceHousePainti1,,,
Absolute Painting,http://www.absolutehousepainters.com,,,Lawrence,Kansas,,,,,,apollo,"painting company, painting service - Kansas",https://app.apollo.io/#/organizations/5e5768e4f5f6f300017589bf?overrideScoreId=score,1.8M,,historic exterior+113,http://www.linkedin.com/company/absolute-painting,https://facebook.com/pages/Absolute-Painting-LLC/247124858761131,https://twitter.com/painterabsolute,,,
Painting Service,http://www.painting-service-dubai.com,,,Wichita,Kansas,,,,,,apollo,"painting company, painting service - Kansas",https://app.apollo.io/#/organizations/674b352ec182f10001450b8b?overrideScoreId=score,,,,http://www.linkedin.com/company/painting-service,,,,,
MCKAY PAINTING SERVICE,http://www.mckaypaintingservice.com,,,Longford,Kansas,,,,,,apollo,"painting company, painting service - Kansas",https://app.apollo.io/#/organizations/67144d50e5a2dc0001d828aa?overrideScoreId=score,,,,http://www.linkedin.com/company/mckay-painting-service,,,,,
Winner's Circle Painting,http://www.winnerscirclepaint.com,,,Nicholasville,Kentucky,,,,,,apollo,"painting company, painting service - Kentucky",https://app.apollo.io/#/organizations/5e57eb0605b1890001ae5f3d?overrideScoreId=score,,,epoxy flooring+47,http://www.linkedin.com/company/winnerscirclepainting,https://www.facebook.com/WinnersCirclePainting/,,,,
Redemption Painting Company,http://www.redemptionpainting.com,,,Louisville,Kentucky,,,,,,apollo,"painting company, painting service - Kentucky",https://app.apollo.io/#/organizations/67264cf94acbcd00012de8cb?overrideScoreId=score,2.5M,,,http://www.linkedin.com/company/redemption-painting-company,https://facebook.com/RedemptionPaintingCompany,https://twitter.com/RedemptionPaint,,,
TASCH Painting Company,http://www.taschpainting.com,,,Metairie,Louisiana,,,,,,apollo,"painting company, painting service - Louisiana",https://app.apollo.io/#/organizations/56de2fcef3e5bb0130000dd6?overrideScoreId=score,,,commercial painting+2,http://www.linkedin.com/company/tasch-painting-company,,,,,
Shreveport Painting Company,http://www.shreveportpaintingcompany.com,,,Shreveport,Louisiana,,,,,,apollo,"painting company, painting service - Louisiana",https://app.apollo.io/#/organizations/640c01b8802e120001d5a9ce?overrideScoreId=score,,,exterior house painting+5,http://www.linkedin.com/company/shreveport-painting-company,,,,,
Hart Painting Company,,,,Farmerville,Louisiana,,,,,,apollo,"painting company, painting service - Louisiana",https://app.apollo.io/#/organizations/556d4dd2736964124f8fda00?overrideScoreId=score,,,,http://www.linkedin.com/company/hart-painting-company,,,,,
Michaels Painting Service,http://www.michaelspaintingservice.com,,,Gretna,Louisiana,,,,,,apollo,"painting company, painting service - Louisiana",https://app.apollo.io/#/organizations/5592125e7369641981554f00?overrideScoreId=score,,,,http://www.linkedin.com/company/michaels-painting-service,,,,,
FRANTZ-GIBSON PAINTING COMPANY,http://www.frantzgibson.com,,,Baton Rouge,Louisiana,,,,,,apollo,"painting company, painting service - Louisiana",https://app.apollo.io/#/organizations/66e5e544050e580001ffa311?overrideScoreId=score,,,,http://www.linkedin.com/company/frantz-gibson-painting-company,,,,,
D B Withrow Painting Company,http://www.dbwpaintit.com,,,Kennebunk,Maine,,,,,,apollo,"painting company, painting service - Maine",https://app.apollo.io/#/organizations/670210966dfbb700011a9efb?overrideScoreId=score,32.9M,,,http://www.linkedin.com/company/d-b-withrow-painting-company,,,,,
Phillip James Inc.,http://www.phillipjamesinc.com,,,Cockeysville,Maryland,,,,,,apollo,"painting company, painting service - Maryland",https://app.apollo.io/#/organizations/5fc9670c78a2b4000119f7e6?overrideScoreId=score,8.3M,,trimsdoors+54,http://www.linkedin.com/company/phillip-james-inc,https://www.facebook.com/phillipjamesinc,,,,
Roy's Painting Company,http://www.royspainting.com,,,Clinton,Maryland,,,,,,apollo,"painting company, painting service - Maryland",https://app.apollo.io/#/organizations/5fca919e3cfd3a0001c83345?overrideScoreId=score,,,fire restoration projects+7,http://www.linkedin.com/company/royspaintingcompany,https://www.facebook.com/royspaintingco,https://www.twitter.com/RoysPainting,,,
Royal Painting Company LLC,,,,Baltimore,Maryland,,,,,,apollo,"painting company, painting service - Maryland",https://app.apollo.io/#/organizations/5592234e73696418dffb8d00?overrideScoreId=score,,,,http://www.linkedin.com/company/royal-painting-company-llc,,,,,
Owens Painting Company,http://www.owenspaintingcompany.com,,,Baltimore,Maryland,,,,,,apollo,"painting company, painting service - Maryland",https://app.apollo.io/#/organizations/63c3b8a5fbb8360001158a5c?overrideScoreId=score,,,commercial buildings+4,http://www.linkedin.com/company/owenspaintingcompany-com,,,,,
"Squarehead Painting Company, Inc.",http://www.squareheadpainting.com,,,Squarehead Painting Company,Inc.,,,,,,apollo,"painting company, painting service - Inc.",https://app.apollo.io/#/organizations/556daee473696411d5706c01?overrideScoreId=score,43.7M,,specialty coatings+3,http://www.linkedin.com/company/squarehead-painting-company-inc-,https://facebook.com/SquareheadPaintingCompany,,,,
"Blue Sky Painting & Carpentry, LLC",http://www.blueskypaintingpros.com,,,Columbia,Maryland,,,,,,apollo,"painting company, painting service - Maryland",https://app.apollo.io/#/organizations/54a126de69702d9313c05000?overrideScoreId=score,1.5M,,interior painting+86,http://www.linkedin.com/company/blue-sky-painting-&-carpentry-llc,https://www.facebook.com/BlueSkyPaintingCarpentry/,https://twitter.com/BlueSkyPainting,,,
"J.N.A PAINTING COMPANY, INC.",http://www.jnapaint.com,,,Baltimore,Maryland,,,,,,apollo,"painting company, painting service - Maryland",https://app.apollo.io/#/organizations/66f255cc604398000175990d?overrideScoreId=score,,,,http://www.linkedin.com/company/j.n.a-painting-company-inc.,,,,,
J.O. Painting Company,http://www.jopaintingcompany.com,,,Hyattsville,Maryland,,,,,,apollo,"painting company, painting service - Maryland",https://app.apollo.io/#/organizations/672744a662f46c0001c78562?overrideScoreId=score,1.7M,,,http://www.linkedin.com/company/j.o.-painting-company,https://facebook.com/pages/JO-Painting-Company-Inc/164431010311093,https://twitter.com/JOPaintingCo,,,
HMR Painting Company,http://www.hmr-painting-company.com,,,Silver Spring,Maryland,,,,,,apollo,"painting company, painting service - Maryland",https://app.apollo.io/#/organizations/6728aafa4193e90001e31d3b?overrideScoreId=score,,,,http://www.linkedin.com/company/hmr-painting-company,,,,,
DAVID MAHONEY PAINTING COMPANY,http://www.davidmahoneypainting.com,,,Bryantown,Maryland,,,,,,apollo,"painting company, painting service - Maryland",https://app.apollo.io/#/organizations/66e90a02c017ab0001108333?overrideScoreId=score,,,,http://www.linkedin.com/company/david-mahoney-painting-company,,,,,
Joshua’s Painting Service,http://www.joshuaspainting.com,,,Columbia,Maryland,,,,,,apollo,"painting company, painting service - Maryland",https://app.apollo.io/#/organizations/66e803c15719370001f8abca?overrideScoreId=score,,,,http://www.linkedin.com/company/joshua%e2%80%99s-painting-service,,,,,
bright painting company,http://www.brightpaintingcompany.com,,,Bel Air,Maryland,,,,,,apollo,"painting company, painting service - Maryland",https://app.apollo.io/#/organizations/66e3d99248a9da00018e8cb3?overrideScoreId=score,,,bright painting company,http://www.linkedin.com/company/bright-painting-company,,,,,
STB Painting Company,http://www.stbpaintingcompany.com,,,Columbia,Maryland,,,,,,apollo,"painting company, painting service - Maryland",https://app.apollo.io/#/organizations/672f5368cd1c1f0001769bb9?overrideScoreId=score,380K,,,http://www.linkedin.com/company/stb-painting-company,https://facebook.com/STBPaintingCompany,https://twitter.com/stbpainting,,,
Harold Howard’s Painting Service,http://www.homepaintingmd.com,,,Columbia,Maryland,,,,,,apollo,"painting company, painting service - Maryland",https://app.apollo.io/#/organizations/674beac61114fc000151dd50?overrideScoreId=score,,,,http://www.linkedin.com/company/harold-howard%e2%80%99s-painting-service,,,,,
The Maryland Painting Company,http://www.marylandpaintingcompany.com,,,Upper Marlboro,Maryland,,,,,,apollo,"painting company, painting service - Maryland",https://app.apollo.io/#/organizations/677fa818dff56002ce3d65b4?overrideScoreId=score,,,painting & drywall,http://www.linkedin.com/company/themarylandpaintingcompany,,,,,
"Leon Ringeval Painting Company, LLC",http://www.leonringevalpainting.com,,,Shady Side,Maryland,,,,,,apollo,"painting company, painting service - Maryland",https://app.apollo.io/#/organizations/67402c5131c7620001b9a7f8?overrideScoreId=score,,,,http://www.linkedin.com/company/leon-ringeval-painting-company-llc,,,,,
Proline Painting Services Inc,http://www.prolinepaintingservice.com,,,Boston,Massachusetts,,,,,,apollo,"painting company, painting service - Massachusetts",https://app.apollo.io/#/organizations/5f49c102367bc400014b564d?overrideScoreId=score,,,exterior house paint+48,http://www.linkedin.com/company/proline-painting-services-inc,,,,,
"Cosmos Painting Company, Inc.",http://www.cosmospainting.com,,,Cosmos Painting Company,Inc.,,,,,,apollo,"painting company, painting service - Inc.",https://app.apollo.io/#/organizations/6457d94507685e00011ec178?overrideScoreId=score,2.5M,,contractors+9,http://www.linkedin.com/company/cosmos-painting-company-inc.,https://facebook.com/cosmospaintingcompany,https://twitter.com/cosmospainting,,,
H.D.F. Painting,http://www.hdfpainting.com,,,Concord,Massachusetts,,,,,,apollo,"painting company, painting service - Massachusetts",https://app.apollo.io/#/organizations/63cd07a54c6ba800015514c8?overrideScoreId=score,,,interior painting+42,http://www.linkedin.com/company/hdfpainting,,,,,
Mikes Painting Company,,,,Peabody,Massachusetts,,,,,,apollo,"painting company, painting service - Massachusetts",https://app.apollo.io/#/organizations/664a571139db1c000114a74a?overrideScoreId=score,,,,http://www.linkedin.com/company/mikes-painting-company,,,,,
Mason Painting Company,http://www.masonpaintingco.com,,,Worcester,Massachusetts,,,,,,apollo,"painting company, painting service - Massachusetts",https://app.apollo.io/#/organizations/60499efde8614700012d037e?overrideScoreId=score,,,,http://www.linkedin.com/company/masonpaintingco,,,,,
Island Painting Company,http://www.islandpaintingcompany.com,,,Framingham,Massachusetts,,,,,,apollo,"painting company, painting service - Massachusetts",https://app.apollo.io/#/organizations/5c1f45b0a3ae61f90790b41d?overrideScoreId=score,19.6M,,,http://www.linkedin.com/company/island-painting-company,https://facebook.com/pages/Island-Painting-Company/193180324084924,,,,
"All Pro Painters, Inc",http://www.allpropainters.net,,,All Pro Painters,Inc,,,,,,apollo,"painting company, painting service - Inc",https://app.apollo.io/#/organizations/54fca44b7369647fd2d62600?overrideScoreId=score,14.4M,,exterior painting+67,http://www.linkedin.com/company/all-pro-painters-inc,https://facebook.com/allpropainters.net,,,,
J Buote Painting Company Inc,http://www.jbuotepainting.com,,,Boston,Massachusetts,,,,,,apollo,"painting company, painting service - Massachusetts",https://app.apollo.io/#/organizations/64b34af63488a60001250ec9?overrideScoreId=score,,,commercial painting,http://www.linkedin.com/company/j-buote-painting-company-inc,https://www.facebook.com/J-Buote-Painting-Co-Inc-572248803245486/,,,,
Tonal Painting and Contracting,http://www.tonalpainting.com,,,Boston,Massachusetts,,,,,,apollo,"painting company, painting service - Massachusetts",https://app.apollo.io/#/organizations/665d1064c1bd7400017c3c25?overrideScoreId=score,,,client-focused service+67,http://www.linkedin.com/company/tonal-painting,,,,,
Northshore Painting LLC,http://www.northshorepaintingllc.com,,,North Reading,Massachusetts,,,,,,apollo,"painting company, painting service - Massachusetts",https://app.apollo.io/#/organizations/66d15249f253ee01b22f0fc0?overrideScoreId=score,,,bathroom remodeling+19,http://www.linkedin.com/company/northshore-paiting-llc,https://www.facebook.com/NorthShorePaintingLLC,https://twitter.com/nspaintingllc,,,
Scotland Painting Company,http://www.scotlandpaintingco.com,,,Cambridge,Massachusetts,,,,,,apollo,"painting company, painting service - Massachusetts",https://app.apollo.io/#/organizations/6741be736c16840001cfe5f6?overrideScoreId=score,12.5M,,,http://www.linkedin.com/company/scotland-painting-company,https://facebook.com/pages/Scotland-Painting-Company/345697755479792,,,,
Debonair Painting Company,http://www.debonairpainting.com,,,Haverhill,Massachusetts,,,,,,apollo,"painting company, painting service - Massachusetts",https://app.apollo.io/#/organizations/67246f78d2de600001dfceac?overrideScoreId=score,,,,http://www.linkedin.com/company/debonair-painting-company,,,,,
P&H Painting Company,http://www.phpaintcompany.com,,,Danvers,Massachusetts,,,,,,apollo,"painting company, painting service - Massachusetts",https://app.apollo.io/#/organizations/6689a9f230134d00010890e1?overrideScoreId=score,,,,http://www.linkedin.com/company/phpaintcompany,https://www.facebook.com/phpaintcompany,https://twitter.com/pnhpaintingCO,,,
Countryside Painting Company,http://www.countrysidepaintingcompany.com,,,Somerville,Massachusetts,,,,,,apollo,"painting company, painting service - Massachusetts",https://app.apollo.io/#/organizations/66f3ead571229f00016c6fc5?overrideScoreId=score,,,,http://www.linkedin.com/company/countryside-painting-company,,,,,
Brascol Painting Service,http://www.painterlowellma.com,,,Lowell,Massachusetts,,,,,,apollo,"painting company, painting service - Massachusetts",https://app.apollo.io/#/organizations/673af9d0a7035e00019c3f0f?overrideScoreId=score,,,,http://www.linkedin.com/company/brascol-painting-service,,,,,
Brockton Painting Company,http://www.brocktonpaintingcompany.com,,,Brockton,Massachusetts,,,,,,apollo,"painting company, painting service - Massachusetts",https://app.apollo.io/#/organizations/673474b861f02b0001e13f06?overrideScoreId=score,,,,http://www.linkedin.com/company/brockton-painting-company,,,,,
Lima’s Painting Company,http://www.limaspainting.com,,,Lowell,Massachusetts,,,,,,apollo,"painting company, painting service - Massachusetts",https://app.apollo.io/#/organizations/672f2dc2cfd91b00010a4fea?overrideScoreId=score,,,,http://www.linkedin.com/company/lima%e2%80%99s-painting-company,,,,,
Jame jam painting service,http://www.jamejampainting.com,,,Norwood,Massachusetts,,,,,,apollo,"painting company, painting service - Massachusetts",https://app.apollo.io/#/organizations/6707682d489a4e000152cc08?overrideScoreId=score,,,,http://www.linkedin.com/company/jame-jam-painting-service,,,,,
Midwest Painting Company,http://www.midwestpainting.net,,,Brighton,Michigan,,,,,,apollo,"painting company, painting service - Michigan",https://app.apollo.io/#/organizations/64045e1c46f4a400010763be?overrideScoreId=score,,,detailed estimates+55,http://www.linkedin.com/company/midwestpaintingcompany,,,,,
Crown Painting LLC,http://www.crownpaintingco.com,,,Saint Clair Shores,Michigan,,,,,,apollo,"painting company, painting service - Michigan",https://app.apollo.io/#/organizations/6541ef4a498fbe00a3377154?overrideScoreId=score,,,,http://www.linkedin.com/company/crown-paintingllc,,,,,
Eugenio Painting Company,http://www.eugeniopainting.com,,,Grosse Pointe Woods,Michigan,,,,,,apollo,"painting company, painting service - Michigan",https://app.apollo.io/#/organizations/56dc1513f3e5bb7ec20035d7?overrideScoreId=score,29.3M,,,http://www.linkedin.com/company/eugenio-painting-company,,,,,
Trio Painting Company,http://www.triopainting.com,,,Bloomfield Hills,Michigan,,,,,,apollo,"painting company, painting service - Michigan",https://app.apollo.io/#/organizations/640d87c7551e9d0001da06c3?overrideScoreId=score,,,,http://www.linkedin.com/company/trio-painting-company,,,,,
"Wolf Painting Company, LLC",http://www.wolfpaintingcontractors.com,,,Madison Heights,Michigan,,,,,,apollo,"painting company, painting service - Michigan",https://app.apollo.io/#/organizations/666d8b7ef364540001d21b37?overrideScoreId=score,,,interior design+6,http://www.linkedin.com/company/wolf-painting-company-llc,,,,,
Tanis and Wood Painting Company,http://www.twpainting.com,,,Wyoming,Michigan,,,,,,apollo,"painting company, painting service - Michigan",https://app.apollo.io/#/organizations/54a1284869702da2207d0501?overrideScoreId=score,,,,http://www.linkedin.com/company/tanis-and-wood-painting-company,,,,,
Natural Painting,http://www.naturalpainting.net,,,Sterling Heights,Michigan,,,,,,apollo,"painting company, painting service - Michigan",https://app.apollo.io/#/organizations/559238ad73696418c961da00?overrideScoreId=score,,,metropolitan detroit+45,http://www.linkedin.com/company/natural-painting,http://www.facebook.com/wix,http://www.twitter.com/@45markog,,,
GEORGE KOUNTOUPES PAINTING COMPANY,http://www.gkpainting.com,,,Lincoln Park,Michigan,,,,,,apollo,"painting company, painting service - Michigan",https://app.apollo.io/#/organizations/67435d1069ee4100017f1b97?overrideScoreId=score,,,,http://www.linkedin.com/company/george-kountoupes-painting-company,,,,,
A2 Painting Company,http://www.a2paintingcompany.com,,,Ann Arbor,Michigan,,,,,,apollo,"painting company, painting service - Michigan",https://app.apollo.io/#/organizations/670b3692132fcc000105012c?overrideScoreId=score,,,,http://www.linkedin.com/company/a2-painting-company,,,,,
Tim MacDonough Painting Company,http://www.timmacdonoughpainting.com,,,,,,,,,,apollo,"painting company, painting service",https://app.apollo.io/#/organizations/6744452b6e3c8f00016850c3?overrideScoreId=score,,,house painting+5,http://www.linkedin.com/company/tim-macdonough-painting-company,https://www.facebook.com/timmacdonoughpainting/,,,,
City Painting Service,http://www.citypaintinginc.com,,,Kalamazoo,Michigan,,,,,,apollo,"painting company, painting service - Michigan",https://app.apollo.io/#/organizations/66ed4d0f41500b0001855210?overrideScoreId=score,,,,http://www.linkedin.com/company/city-painting-service,,https://twitter.com/CityPaintingInc,,,
Tony Grant’s Painting Company,http://www.tonygrantspainting.com,,,Meridian charter Township,Michigan,,,,,,apollo,"painting company, painting service - Michigan",https://app.apollo.io/#/organizations/67402b6a3f52c30001e790cc?overrideScoreId=score,14.1M,,,http://www.linkedin.com/company/tony-grant%e2%80%99s-painting-company,https://facebook.com/pages/Tony-Grants-Painting-Company/503902496306000,,,,
Straightline House Painting | straightlinemn.com,http://www.straightlinemn.com,,,Minneapolis,Minnesota,,,,,,apollo,"painting company, painting service - Minnesota",https://app.apollo.io/#/organizations/5e56047607939b0001dfbf06?overrideScoreId=score,,,remodels+53,http://www.linkedin.com/company/straightlinemn,,,,,
Complete Painting Services,http://www.completepaintingservicesinc.com,,,Minneapolis,Minnesota,,,,,,apollo,"painting company, painting service - Minnesota",https://app.apollo.io/#/organizations/66a211ba042c4102d2092c72?overrideScoreId=score,,,building construction+46,http://www.linkedin.com/company/complete-painting-services,,,,,
Roell Painting Company,,,,Minneapolis,Minnesota,,,,,,apollo,"painting company, painting service - Minnesota",https://app.apollo.io/#/organizations/6733022d369a530001350e59?overrideScoreId=score,,,residential painting+6,http://www.linkedin.com/company/roell-painting-company,,,,,
Svoboda Painting,http://www.svobodapainting.com,,,Coon Rapids,Minnesota,,,,,,apollo,"painting company, painting service - Minnesota",https://app.apollo.io/#/organizations/66dce7f84bbff90001fcf9d3?overrideScoreId=score,,,painting contractor+2,http://www.linkedin.com/company/svoboda-painting,https://www.facebook.com/svobodapainting/,,,,
Premium Painting,http://www.premiumpainting-msp.com,,,Minneapolis,Minnesota,,,,,,apollo,"painting company, painting service - Minnesota",https://app.apollo.io/#/organizations/54a129de69702db64841c901?overrideScoreId=score,,,wallpaper removal+62,http://www.linkedin.com/company/premium-painting,,,,,
Minnesota Craftsman Painting Company,http://www.minnesotacraftsman.com,,,Saint Paul,Minnesota,,,,,,apollo,"painting company, painting service - Minnesota",https://app.apollo.io/#/organizations/54a1356669702d352f07d600?overrideScoreId=score,,,wood & floor refinishing+3,http://www.linkedin.com/company/minnesota-craftsman-painting-company,,,,,
America's Painting Company,http://www.americaspaintingco.com,,,Saint Louis Park,Minnesota,,,,,,apollo,"painting company, painting service - Minnesota",https://app.apollo.io/#/organizations/5f3efb2f7ea74c0001d1e9ef?overrideScoreId=score,,,,http://www.linkedin.com/company/america-s-painting-company,https://www.facebook.com/Americas-Painting-Company-122398677791228,https://twitter.com/america_company,,,
Mill City Painting Company,http://www.mcpcmn.com,,,Apple Valley,Minnesota,,,,,,apollo,"painting company, painting service - Minnesota",https://app.apollo.io/#/organizations/5a9cd5c6a6da98d98c6738a7?overrideScoreId=score,,,speciality finishes+3,http://www.linkedin.com/company/mill-city-painting-company,,,,,
BODINE PAINTING COMPANY,http://www.bodinepainting.com,,,Minneapolis,Minnesota,,,,,,apollo,"painting company, painting service - Minnesota",https://app.apollo.io/#/organizations/67304012cd1c1f00017fafbc?overrideScoreId=score,,,,http://www.linkedin.com/company/bodine-painting-company,,,,,
Cato Painting Company,http://www.catopaint.co,,,Detroit Lakes,Minnesota,,,,,,apollo,"painting company, painting service - Minnesota",https://app.apollo.io/#/organizations/672fe7f00af9f60001d99d30?overrideScoreId=score,,,,http://www.linkedin.com/company/cato-painting-company,,,,,
David Busby Painting Company,http://www.davidbusbypaintingco.com,,,Southaven,Mississippi,,,,,,apollo,"painting company, painting service - Mississippi",https://app.apollo.io/#/organizations/674b75e96d97730001777d6c?overrideScoreId=score,,,,http://www.linkedin.com/company/david-busby-painting-company,,,,,
HARTMAN-WALSH PAINTING COMPANY,,,,Saint Louis,Missouri,,,,,,apollo,"painting company, painting service - Missouri",https://app.apollo.io/#/organizations/664184bac4411200019ab714?overrideScoreId=score,,,,http://www.linkedin.com/company/hartman-walsh-painting-company,,,,,
Midwest Superior Painting LLC,http://www.midwestsuperiorpainting.com,,,Kansas City,Missouri,,,,,,apollo,"painting company, painting service - Missouri",https://app.apollo.io/#/organizations/60495678666ef700011a33c1?overrideScoreId=score,,,interior painting+39,http://www.linkedin.com/company/midwest-superior-painting-llc,,,,,
Gateway Custom Painting LLC,http://www.gatewaycustompainting.com,,,Creve Coeur,Missouri,,,,,,apollo,"painting company, painting service - Missouri",https://app.apollo.io/#/organizations/646efe6dbff36300019b771e?overrideScoreId=score,,,professional+19,http://www.linkedin.com/company/gateway-custom-painting-llc,https://www.facebook.com/GatewayCustomPaint,,,,
"Switzer Brother's Painting, LLC",http://www.switzerbrothers.com,,,Kansas City,Missouri,,,,,,apollo,"painting company, painting service - Missouri",https://app.apollo.io/#/organizations/55eaae84f3e5bb0bdb001118?overrideScoreId=score,,,commercial+35,http://www.linkedin.com/company/switzer-brother's-painting-llc,https://facebook.com/switzerbrotherspaintingllc,,,,
Astra Painters LLC,,,,Ballwin,Missouri,,,,,,apollo,"painting company, painting service - Missouri",https://app.apollo.io/#/organizations/5e5747d8896222000125eedf?overrideScoreId=score,,,,http://www.linkedin.com/company/astra-painters,,,,,
"Fearing Painting Company, INC.",http://www.fearingpainting.com,,,Springfield,Missouri,,,,,,apollo,"painting company, painting service - Missouri",https://app.apollo.io/#/organizations/64a1ed055b5e0200017dba45?overrideScoreId=score,,,faux finishes+8,http://www.linkedin.com/company/fearing-painting-company,,,,,
Improovy Painters St Louis,,,,St. Louis,Missouri,,,,,,apollo,"painting company, painting service - Missouri",https://app.apollo.io/#/organizations/6656a1e70016730001c9f4cd?overrideScoreId=score,,,drywall+20,http://www.linkedin.com/company/improovy-painters-st-louis,,,,,
Westslope Painting,http://www.westslopepainting.com,,,Bozeman,Montana,,,,,,apollo,"painting company, painting service - Montana",https://app.apollo.io/#/organizations/64fe0d4373374c0001cff937?overrideScoreId=score,,,,http://www.linkedin.com/company/westslopepaintingmt,,,,,
Joey D Painting Service,http://www.joeydpaintingservice.com,,,Billings,Montana,,,,,,apollo,"painting company, painting service - Montana",https://app.apollo.io/#/organizations/66f660f1e7ef54000139e50a?overrideScoreId=score,,,,http://www.linkedin.com/company/joey-d-painting-service,,,,,
Dan S Painting Service,http://www.danspainting.com,,,Billings,Montana,,,,,,apollo,"painting company, painting service - Montana",https://app.apollo.io/#/organizations/55eaa2adf3e5bb6f01001267?overrideScoreId=score,,,,http://www.linkedin.com/company/dan-s-painting-service,,,,,
Wyman Painting™,http://www.wymanpainting.net,,,Omaha,Nebraska,,,,,,apollo,"painting company, painting service - Nebraska",https://app.apollo.io/#/organizations/54fca4d273696401a7432400?overrideScoreId=score,,,,http://www.linkedin.com/company/wyman-painting%e2%84%a2,,,,,
Tamaras Painting Company,http://www.tpcnevada.com,,,Reno,Nevada,,,,,,apollo,"painting company, painting service - Nevada",https://app.apollo.io/#/organizations/66e161cf13278300011ec73f?overrideScoreId=score,,,,http://www.linkedin.com/company/tamaras-painting-company,,,,,
"White Diamond Painting, LLC",http://www.whitediamondpainting.com,,,Barrington,New Hampshire,,,,,,apollo,"painting company, painting service - New Hampshire",https://app.apollo.io/#/organizations/54a1344469702d2f9f725e00?overrideScoreId=score,,,,http://www.linkedin.com/company/white-diamond-painting-llc,,,,,
Rite Finish Painting Company Inc,http://www.ritefinish.com,,,Manchester,New Hampshire,,,,,,apollo,"painting company, painting service - New Hampshire",https://app.apollo.io/#/organizations/66e5bd641435f6000106f551?overrideScoreId=score,,,,http://www.linkedin.com/company/rite-finish-painting-company-inc,,,,,
Elite Painting Services,http://www.elitepaintingservices.net,,,Cherry Hill,New Jersey,,,,,,apollo,"painting company, painting service - New Jersey",https://app.apollo.io/#/organizations/5da3f5b97e5db600018e364e?overrideScoreId=score,,,project management+49,http://www.linkedin.com/company/elite-painting-services-l-l-c,https://www.facebook.com/Elite-Painting-Services-336806490501375,,,,
"Greenleaf Painters, LLC",http://www.greenleafpainters.com,,,Lawrence Township,New Jersey,,,,,,apollo,"painting company, painting service - New Jersey",https://app.apollo.io/#/organizations/5a9e1a8da6da98d93569ee34?overrideScoreId=score,,,interior painting+57,http://www.linkedin.com/company/greenleaf-painters-llc,,,,,
Paint Tile Etcetera Painting Service,http://www.paintiletc.com,,,Somerville,New Jersey,,,,,,apollo,"painting company, painting service - New Jersey",https://app.apollo.io/#/organizations/54fca4e5736964015ee42800?overrideScoreId=score,,,house painting+6,http://www.linkedin.com/company/paint-tile-etcetera-painting-service,,,,,
EDP Painting Company - Painter,http://www.edp-painting.com,,,Bedminster Township,New Jersey,,,,,,apollo,"painting company, painting service - New Jersey",https://app.apollo.io/#/organizations/5e57a5eb3f9e640001186634?overrideScoreId=score,8.5M,,sheetrock+5,http://www.linkedin.com/company/edp-painting-company-commercial-painting,,,,,
J. Canabe's Painting Company,http://www.canabecolorexpert.com,,,Morristown,New Jersey,,,,,,apollo,"painting company, painting service - New Jersey",https://app.apollo.io/#/organizations/6726631c3ca5f7000195239a?overrideScoreId=score,34.8M,,dr offices+24,http://www.linkedin.com/company/j-canabe-s-painting-company,https://facebook.com/pages/J-Canabe-Painting-Company/302333033110672,,,,
Jewett Painting Contractors,http://www.jewettpainting.com,,,Butler,New Jersey,,,,,,apollo,"painting company, painting service - New Jersey",https://app.apollo.io/#/organizations/559206517369641927572300?overrideScoreId=score,,,commercial painting+51,http://www.linkedin.com/company/jewett-painting-contractors,,,,,
Rainbow G & J Painting,http://www.rainbowgjpainting.com,,,Bridgewater,New Jersey,,,,,,apollo,"painting company, painting service - New Jersey",https://app.apollo.io/#/organizations/5b15ec5aa6da9869338baa71?overrideScoreId=score,,,,http://www.linkedin.com/company/rainbow-g-j-painting,,,,,
"Able Painting Company, LLC",,,,Trenton,New Jersey,,,,,,apollo,"painting company, painting service - New Jersey",https://app.apollo.io/#/organizations/54a138eb69702d2a1e741500?overrideScoreId=score,,,,http://www.linkedin.com/company/able-painting-company-llc,,,,,
Enhance Painting Company,http://www.enhancepainting.com.au,,,Morris Plains,New Jersey,,,,,,apollo,"painting company, painting service - New Jersey",https://app.apollo.io/#/organizations/57c4f3e4a6da986a77cda5fd?overrideScoreId=score,,,,http://www.linkedin.com/company/enhance-painting-company,,https://twitter.com/EnhancePainting,,,
Halo Painting Company,http://www.halopaintingcompany.com,,,Somerville,New Jersey,,,,,,apollo,"painting company, painting service - New Jersey",https://app.apollo.io/#/organizations/6729a2ce2bce890001d3894a?overrideScoreId=score,,,,http://www.linkedin.com/company/halo-painting-company,,,,,
Rainer Painting Company,http://www.rainerpainting.com,,,Cinnaminson,New Jersey,,,,,,apollo,"painting company, painting service - New Jersey",https://app.apollo.io/#/organizations/67089790ef9459000129e9fe?overrideScoreId=score,,,,http://www.linkedin.com/company/rainer-painting-company,https://facebook.com/rainerpaintingcompany,,,,
A-General Painting Service,http://www.ageneralpainting.com,,,Dover,New Jersey,,,,,,apollo,"painting company, painting service - New Jersey",https://app.apollo.io/#/organizations/670638fd2028250001f74c5f?overrideScoreId=score,,,,http://www.linkedin.com/company/a-general-painting-service,,,,,
Andy's Painting Company,http://www.andyspainting.com,,,Albuquerque,New Mexico,,,,,,apollo,"painting company, painting service - New Mexico",https://app.apollo.io/#/organizations/63a7bea8f7c09800a349acd5?overrideScoreId=score,,,exterior painting+11,http://www.linkedin.com/company/andyspainting,,,,,
PAINT POWER,http://www.paintpower.net,,,New York,New York,,,,,,apollo,"painting company, painting service - New York",https://app.apollo.io/#/organizations/55f11456f3e5bb500c000da2?overrideScoreId=score,5.3M,,wallpaper removal+55,http://www.linkedin.com/company/paint-power,https://facebook.com/pages/PAINT-POWER/507008109338518,https://twitter.com/PAINTPOWER_NET,,,
MBS construction,http://www.mbscontractor.com,,,Hicksville,New York,,,,,,apollo,"painting company, painting service - New York",https://app.apollo.io/#/organizations/6160030c33b0ea0001832007?overrideScoreId=score,,,drywall repair finishing+57,http://www.linkedin.com/company/mbshomerenovations,,,,,
WCM Painting Company,http://www.wcmpainting.com,,,Horseheads,New York,,,,,,apollo,"painting company, painting service - New York",https://app.apollo.io/#/organizations/5500c49e7369646139644b00?overrideScoreId=score,,,commerical+3,http://www.linkedin.com/company/wcm-painting-co,https://www.facebook.com/WCMPaint.1989/,,,,
Kostusiak Coatings LLC,http://www.kostusiakcoatings.com,,,Elma,New York,,,,,,apollo,"painting company, painting service - New York",https://app.apollo.io/#/organizations/5fe57d948dffac00a4204bc8?overrideScoreId=score,,,paint application+70,http://www.linkedin.com/company/kostusiak-coatings-llc,,,,,
GOTHAM PAINTING COMPANY INC.,,,,New York,New York,,,,,,apollo,"painting company, painting service - New York",https://app.apollo.io/#/organizations/672c5575ddd5e600014fcbe7?overrideScoreId=score,,,,http://www.linkedin.com/company/gotham-painting-company-inc.,,,,,
Madia’s Painting Company,http://www.madiaspainting.com,,,Uniondale,New York,,,,,,apollo,"painting company, painting service - New York",https://app.apollo.io/#/organizations/66f0ab17692f03000188b1a1?overrideScoreId=score,,,,http://www.linkedin.com/company/madia%e2%80%99s-painting-company,,,,,
"Good Faith Paint Company, LLC",http://www.goodfaithpaint.com,,,Raleigh,North Carolina,,,,,,apollo,"painting company, painting service - North Carolina",https://app.apollo.io/#/organizations/5500be297369641708da2e00?overrideScoreId=score,5.6M,,,http://www.linkedin.com/company/good-faith-paint-company-llc,https://facebook.com/pages/Good-Faith-Paint-Company-LLC/589182071141160,https://twitter.com/GoodFaithPaint,,,
Triangle Painting & Siding,http://www.paintthetriangle.com,,,Apex,North Carolina,,,,,,apollo,"painting company, painting service - North Carolina",https://app.apollo.io/#/organizations/5da34db2c7968e0001628d18?overrideScoreId=score,,,exterior painting+61,http://www.linkedin.com/company/triangle-painting-solutions,,,,,
"Worth Painting, LLC",http://www.worthpaintingllc.com,,,King,North Carolina,,,,,,apollo,"painting company, painting service - North Carolina",https://app.apollo.io/#/organizations/672448868b4541000185fd08?overrideScoreId=score,,,,http://www.linkedin.com/company/worthpaintingllc,,,,,
Prep-Rite Painting,http://www.prepritepainting.com,,,Cary,North Carolina,,,,,,apollo,"painting company, painting service - North Carolina",https://app.apollo.io/#/organizations/6487790821090100a3075d5e?overrideScoreId=score,21.3M,,cabinet painting+87,http://www.linkedin.com/company/prep-rite-painting-corporation,https://facebook.com/487128264822198,https://twitter.com/prepritepaintNC,,,
Ukie Painting,http://www.ukiepainting.com,,,Mint Hill,North Carolina,,,,,,apollo,"painting company, painting service - North Carolina",https://app.apollo.io/#/organizations/616d7bdcf3b2a400dade1cf7?overrideScoreId=score,,,,http://www.linkedin.com/company/ukie-painting,,,,,
Triangle Pro Painting,http://www.trianglepropainting.com,,,Raleigh,North Carolina,,,,,,apollo,"painting company, painting service - North Carolina",https://app.apollo.io/#/organizations/60b513ed11e23700c1c7983f?overrideScoreId=score,,,residential painting+71,http://www.linkedin.com/company/triangle-pro-painting,https://www.facebook.com/trianglepropainting,,,,
Trailblaze Paints,http://www.trailblazepaintsnc.com,,,Mooresville,North Carolina,,,,,,apollo,"painting company, painting service - North Carolina",https://app.apollo.io/#/organizations/64f36c56fde7080001e476ca?overrideScoreId=score,,,interior trim painting+55,http://www.linkedin.com/company/trailblaze-paints,,,,,
Mays Painting Company,http://www.mayspaintingcompany.com,,,High Point,North Carolina,,,,,,apollo,"painting company, painting service - North Carolina",https://app.apollo.io/#/organizations/5fcadb51a1424200010e694c?overrideScoreId=score,,,,http://www.linkedin.com/company/mays-painting-company,,,,,
FLEET PAINTING SERVICE INC,http://www.fleetpaintingservice.com,,,Sophia,North Carolina,,,,,,apollo,"painting company, painting service - North Carolina",https://app.apollo.io/#/organizations/6726d0187efe3d0001d22261?overrideScoreId=score,,,,http://www.linkedin.com/company/fleet-painting-service-inc,,,,,
Garner’s Painting Service,http://www.garnerspaintingservice.com,,,Fayetteville,North Carolina,,,,,,apollo,"painting company, painting service - North Carolina",https://app.apollo.io/#/organizations/67038cada752050001f2aa7d?overrideScoreId=score,11.2M,,,http://www.linkedin.com/company/garner%e2%80%99s-painting-service,https://facebook.com/garnerspaintingservice,,,,
Carolina Southern Painting Company,http://www.carolinasoutherncompany.com,,,Pfafftown,North Carolina,,,,,,apollo,"painting company, painting service - North Carolina",https://app.apollo.io/#/organizations/670f7f62b3b04b0001ce2554?overrideScoreId=score,,,,http://www.linkedin.com/company/carolina-southern-painting-company,http://www.facebook.com/carolinasouthernco,,,,
Johnson Painting Company & More,http://www.johnsonpaintingcoandmore.com,,,Kernersville,North Carolina,,,,,,apollo,"painting company, painting service - North Carolina",https://app.apollo.io/#/organizations/67384074f9a0930001a4b14a?overrideScoreId=score,,,,http://www.linkedin.com/company/johnson-painting-company-&-more,,,,,
Expressway Painting,http://www.expresswaypainting.com,,,Charlotte,North Carolina,,,,,,apollo,"painting company, painting service - North Carolina",https://app.apollo.io/#/organizations/6593a5e5e30dbc000134c2ad?overrideScoreId=score,,,,http://www.linkedin.com/company/expresswaypainting,,,,,
Eubanks Painting Company,http://www.eubankspaintingcompany.com,,,Garner,North Carolina,,,,,,apollo,"painting company, painting service - North Carolina",https://app.apollo.io/#/organizations/67156566cd85fc0001a1a065?overrideScoreId=score,,,,http://www.linkedin.com/company/eubanks-painting-company,https://facebook.com/pages/Eubanks-Painting-Company/109106005819516,,,,
Cawley Painting Company,http://www.raleigh-cary-apex-painting.com,,,Moncure,North Carolina,,,,,,apollo,"painting company, painting service - North Carolina",https://app.apollo.io/#/organizations/66f2351620771b00018d4264?overrideScoreId=score,,,,http://www.linkedin.com/company/cawley-painting-company,,,,,
DWH Painting Company Inc.,,,,Durham,North Carolina,,,,,,apollo,"painting company, painting service - North Carolina",https://app.apollo.io/#/organizations/6696e5b121aa42000180b1ea?overrideScoreId=score,,,,http://www.linkedin.com/company/dwh-painting-company-inc-,,,,,
Performance Painting,http://www.performancepainting.com.au,,,Columbus,Ohio,,,,,,apollo,"painting company, painting service - Ohio",https://app.apollo.io/#/organizations/6615c83f1796580007a95776?overrideScoreId=score,54.7M,,,http://www.linkedin.com/company/performance-painting,,,,,
American Star Painting Company,http://www.americanstarcoatings.com,,,Marietta,Ohio,,,,,,apollo,"painting company, painting service - Ohio",https://app.apollo.io/#/organizations/5500bc7373696417912d2700?overrideScoreId=score,,,,http://www.linkedin.com/company/american-star-painting-company,,,,,
Vimas Painting Company Inc,,,,Campbell,Ohio,,,,,,apollo,"painting company, painting service - Ohio",https://app.apollo.io/#/organizations/55921cb87369644785735400?overrideScoreId=score,,,,http://www.linkedin.com/company/vimas-painting-company-inc,,,,,
Dynamic Painting LLC,http://www.dynamicpainting.net,,,Lewis Center,Ohio,,,,,,apollo,"painting company, painting service - Ohio",https://app.apollo.io/#/organizations/54a12a6f69702d8cfc384602?overrideScoreId=score,4M,,,http://www.linkedin.com/company/dynamic-painting-llc,https://facebook.com/dynamicpainting,https://twitter.com/dynamicpainting,,,
Painters Now,http://www.painterscompany.com,,,Dayton,Ohio,,,,,,apollo,"painting company, painting service - Ohio",https://app.apollo.io/#/organizations/67280ff52db1f90001ee5484?overrideScoreId=score,,,painting company+5,http://www.linkedin.com/company/painters-now,,,,,
Fryer & Sons Painting Company,,,,Franklin,Ohio,,,,,,apollo,"painting company, painting service - Ohio",https://app.apollo.io/#/organizations/6548cc8212ff990001f2c3e1?overrideScoreId=score,,,residential+7,http://www.linkedin.com/company/fryer-sons-painting-company,,,,,
Paint 4 You,http://www.paint4youcolumbus.com,,,Columbus,Ohio,,,,,,apollo,"painting company, painting service - Ohio",https://app.apollo.io/#/organizations/54a1393e69702d267a394c00?overrideScoreId=score,15.7M,,,http://www.linkedin.com/company/paint-4-you,https://facebook.com/paint4youcbus,,,,
Bridges R Us Painting Company,,,,Campbell,Ohio,,,,,,apollo,"painting company, painting service - Ohio",https://app.apollo.io/#/organizations/55922d2a73696448592d5100?overrideScoreId=score,,,,http://www.linkedin.com/company/bridges-r-us-painting-company,,,,,
Cincy Paint,http://www.cincypaint.com,,,Cincinnati,Ohio,,,,,,apollo,"painting company, painting service - Ohio",https://app.apollo.io/#/organizations/67b2be39b82ad800151b65fc?overrideScoreId=score,,,painting craftsmanship+66,http://www.linkedin.com/company/cincypaint,,,,,
Salvato Painting Company,http://www.salvatopainting.com,,,Powell,Ohio,,,,,,apollo,"painting company, painting service - Ohio",https://app.apollo.io/#/organizations/556d498e736964125809cf00?overrideScoreId=score,,,,http://www.linkedin.com/company/salvato-painting-company,,,,,
Nelson Painting Service,http://www.nelsonpaintingservice.com,,,Loveland,Ohio,,,,,,apollo,"painting company, painting service - Ohio",https://app.apollo.io/#/organizations/66727733114c9a096a18cddf?overrideScoreId=score,,,interior painting+6,http://www.linkedin.com/company/nelsonpaintingservice,https://www.facebook.com/nelsonpaintingservice,,,,
Americoat Painting Company,http://www.americoatpainting.com,,,Campbell,Ohio,,,,,,apollo,"painting company, painting service - Ohio",https://app.apollo.io/#/organizations/57c49cfaa6da983258996e9d?overrideScoreId=score,,,,http://www.linkedin.com/company/americoat-painting-company,,,,,
Sanner Painting Company,http://www.sannerpainting.com,,,West Carrollton,Ohio,,,,,,apollo,"painting company, painting service - Ohio",https://app.apollo.io/#/organizations/67435ac9975d6e00016b6d8d?overrideScoreId=score,18M,,,http://www.linkedin.com/company/sanner-painting-company,,,,,
Bristlewood Painting Company,http://www.bristlewoodpaintingco.com,,,Columbus,Ohio,,,,,,apollo,"painting company, painting service - Ohio",https://app.apollo.io/#/organizations/672df4940a14590001ecc028?overrideScoreId=score,,,,http://www.linkedin.com/company/bristlewood-painting-company,,,,,
FC SKINNER PAINTING SERVICE INC,http://www.skinnerpainting.com,,,Piqua,Ohio,,,,,,apollo,"painting company, painting service - Ohio",https://app.apollo.io/#/organizations/6710b04a215d2d00018d199c?overrideScoreId=score,32.1M,,,http://www.linkedin.com/company/fc-skinner-painting-service-inc,,,,,
Alex’s Pro Painting Service,http://www.alexspropaintingservice.com,,,Brunswick,Ohio,,,,,,apollo,"painting company, painting service - Ohio",https://app.apollo.io/#/organizations/672d9f10c96c8200017bb36d?overrideScoreId=score,,,,http://www.linkedin.com/company/alex%e2%80%99s-pro-painting-service,,,,,
B&W Painting Service,http://www.bwpaintingserviceoh.com,,,Marietta,Ohio,,,,,,apollo,"painting company, painting service - Ohio",https://app.apollo.io/#/organizations/66e5ffe4e67a0300017a7dbb?overrideScoreId=score,,,,http://www.linkedin.com/company/b&w-painting-service,,,,,
"LOST ART PAINTING COMPANY, LLC",http://www.lostartpainting.com,,,Strongsville,Ohio,,,,,,apollo,"painting company, painting service - Ohio",https://app.apollo.io/#/organizations/6710ee1a911dee0001841725?overrideScoreId=score,,,,http://www.linkedin.com/company/lost-art-painting-company-llc,,,,,
"Northwest Building Supply, Inc.",http://www.northwestok.com,,,Northwest Building Supply,Inc.,,,,,,apollo,"painting company, painting service - Inc.",https://app.apollo.io/#/organizations/64ab8a0e9dd2fa0001df6d3c?overrideScoreId=score,389K,,custom cabinets+56,http://www.linkedin.com/company/northwest-building-supply-inc.,https://facebook.com/NWBldgSupply,https://twitter.com/NWBldgSupply,,,
Eds Painting Service,,,,Yukon,Oklahoma,,,,,,apollo,"painting company, painting service - Oklahoma",https://app.apollo.io/#/organizations/55920e4073696419121b4100?overrideScoreId=score,,,,http://www.linkedin.com/company/eds-painting-service,,,,,
G&R Painting Company,http://www.gnrpainting.co,,,Hillsboro,Oregon,,,,,,apollo,"painting company, painting service - Oregon",https://app.apollo.io/#/organizations/5ed35283f2ab0d000110b7d9?overrideScoreId=score,,,paintingremodels+5,http://www.linkedin.com/company/g-r-painting-company,,,,,
Veenhuizen Painting Inc,,,,Portland,Oregon,,,,,,apollo,"painting company, painting service - Oregon",https://app.apollo.io/#/organizations/5592220773696419d8358800?overrideScoreId=score,17.4M,,,http://www.linkedin.com/company/veenhuizen-painting-inc,https://www.facebook.com/VeenhuizenPaintingSpecialties,,,,
"ESP Painting, Inc",http://www.esppainting.com,,,ESP Painting,Inc,,,,,,apollo,"painting company, painting service - Inc",https://app.apollo.io/#/organizations/54a134a869702d3a9cd04e00?overrideScoreId=score,1.5M,,interior painting+52,http://www.linkedin.com/company/esp-painting-inc,https://facebook.com/esppainting,https://twitter.com/ESPPainting,,,
The Oregon Painting Company LLC,http://www.theoregonpaintingcompany.com,,,Grants Pass,Oregon,,,,,,apollo,"painting company, painting service - Oregon",https://app.apollo.io/#/organizations/5f4aae29a6e73b000175816a?overrideScoreId=score,,,,http://www.linkedin.com/company/the-oregon-painting-company-llc,,,,,
Final Touch Painting Company,,,,Wexford,Pennsylvania,,,,,,apollo,"painting company, painting service - Pennsylvania",https://app.apollo.io/#/organizations/55f5b75df3e5bb07680013a1?overrideScoreId=score,,,,http://www.linkedin.com/company/final-touch-painting-company,,,,,
Dino Painting,http://www.dinopainting.com,,,Pittsburgh,Pennsylvania,,,,,,apollo,"painting company, painting service - Pennsylvania",https://app.apollo.io/#/organizations/668aa0e37ebc9f00013795e6?overrideScoreId=score,,,consumer services+51,http://www.linkedin.com/company/dino-painting,,,,,
"Ruby's Painting & Contracting Services, LLC",http://www.rubyspaintingcontracting.com,,,East McKeesport,Pennsylvania,,,,,,apollo,"painting company, painting service - Pennsylvania",https://app.apollo.io/#/organizations/5da2930c9ab26b0001499fd6?overrideScoreId=score,,,,http://www.linkedin.com/company/ruby-s-painting-contracting-services,,,,,
"CNN Painting, LLC",http://www.cnnpainting.com,,,Emmaus,Pennsylvania,,,,,,apollo,"painting company, painting service - Pennsylvania",https://app.apollo.io/#/organizations/63c524593ea3020001f15515?overrideScoreId=score,,,light carpentry+33,http://www.linkedin.com/company/cnn-painting-llc,https://www.facebook.com/cnnpaintingllc,,,,
Arena Painting & Contracting,http://www.arenapaintingpgh.com,,,Coraopolis,Pennsylvania,,,,,,apollo,"painting company, painting service - Pennsylvania",https://app.apollo.io/#/organizations/66e16e7bd0208a00018684ea?overrideScoreId=score,,,fence painting+45,http://www.linkedin.com/company/arena-painting-&-contracting,,,,,
Steve's Painting Service LLC,http://www.stevespaintingbiz.com,,,Allentown,Pennsylvania,,,,,,apollo,"painting company, painting service - Pennsylvania",https://app.apollo.io/#/organizations/5500c5c973696460805c5100?overrideScoreId=score,,,,http://www.linkedin.com/company/steve's-painting-service-llc,,,,,
Four Pillars Paint LLC,http://www.fourpillarspaint.com,,,Pittsburgh,Pennsylvania,,,,,,apollo,"painting company, painting service - Pennsylvania",https://app.apollo.io/#/organizations/61ed62b07cba130001131301?overrideScoreId=score,,,,http://www.linkedin.com/company/four-pillars-paint-llc,,,,,
Sarandis Painting Company Inc,http://www.sarandispainting.com,,,Monroeville,Pennsylvania,,,,,,apollo,"painting company, painting service - Pennsylvania",https://app.apollo.io/#/organizations/55f7699df3e5bb16d8001f3a?overrideScoreId=score,,,,http://www.linkedin.com/company/sarandis-painting-company-inc,,,,,
Mojo Painting Company,http://www.mojopaintingco.com,,,Phoenixville,Pennsylvania,,,,,,apollo,"painting company, painting service - Pennsylvania",https://app.apollo.io/#/organizations/67a9a570b6a23b0021b02d5a?overrideScoreId=score,,,,http://www.linkedin.com/company/mojo-painting-company,,,,,
AWG Painting Company,http://www.awgpainting.com,,,Bala Cynwyd,Pennsylvania,,,,,,apollo,"painting company, painting service - Pennsylvania",https://app.apollo.io/#/organizations/674bf03a1114fc000151f76f?overrideScoreId=score,,,,http://www.linkedin.com/company/awg-painting-company,,,,,
Yinzer Painting Company,http://www.yinzerpainting.com,,,Homestead,Pennsylvania,,,,,,apollo,"painting company, painting service - Pennsylvania",https://app.apollo.io/#/organizations/641c1dfe728e9500017941e2?overrideScoreId=score,,,heavy carpentry+14,http://www.linkedin.com/company/yinzer-painting-co,,,,,
HERCULES PAINTING COMPANY INC,http://www.herculespainting.com,,,New Castle,Pennsylvania,,,,,,apollo,"painting company, painting service - Pennsylvania",https://app.apollo.io/#/organizations/670a9a10132fcc0001fe59c8?overrideScoreId=score,,,,http://www.linkedin.com/company/hercules-painting-company-inc,,,,,
POSTUPAK PAINTING COMPANY INC,http://www.postupakpainting.com,,,Wilkes-Barre,Pennsylvania,,,,,,apollo,"painting company, painting service - Pennsylvania",https://app.apollo.io/#/organizations/6703adbd87d46200017dbd5e?overrideScoreId=score,,,,http://www.linkedin.com/company/postupak-painting-company-inc,,,,,
Jwd Painting Service,http://www.jwdpainting.com,,,Hazleton,Pennsylvania,,,,,,apollo,"painting company, painting service - Pennsylvania",https://app.apollo.io/#/organizations/55f8eb4cf3e5bb56bf0011f4?overrideScoreId=score,,,home servicespainters,http://www.linkedin.com/company/jwd-painting-service,,,,,
Sullivan’s Painting Service,http://www.sullivanspaintingservice.com,,,Croydon,Pennsylvania,,,,,,apollo,"painting company, painting service - Pennsylvania",https://app.apollo.io/#/organizations/66de89a9fc0a380001e6bca5?overrideScoreId=score,,,,http://www.linkedin.com/company/sullivan%e2%80%99s-painting-service,,,,,
Craftsmanship Painting Company,http://www.philadelphiapaintingservice.com,,,Philadelphia,Pennsylvania,,,,,,apollo,"painting company, painting service - Pennsylvania",https://app.apollo.io/#/organizations/66f91787155a830001eff16b?overrideScoreId=score,,,,http://www.linkedin.com/company/craftsmanship-painting-company,,,,,
Wildblood-Crawford Painting Company,http://www.wildbloodcrawfordpainting.com,,,Pittsburgh,Pennsylvania,,,,,,apollo,"painting company, painting service - Pennsylvania",https://app.apollo.io/#/organizations/674234b92ddc50000116ab59?overrideScoreId=score,,,,http://www.linkedin.com/company/wildblood-crawford-painting-company,,,,,
"S.P.C.I. (SUPERIOR PAINTING COMPANY, INC.)",http://www.superiorpaintingcompany.com,,,Pittsburgh,Pennsylvania,,,,,,apollo,"painting company, painting service - Pennsylvania",https://app.apollo.io/#/organizations/66f91dab1d108600014424dd?overrideScoreId=score,,,,http://www.linkedin.com/company/s.p.c.i.-superior-painting-company-inc.-,https://www.facebook.com/superiorpaintingcompanyct,,,,
"L&J Painting, Inc.",http://www.landjpainting.com,,,L&J Painting,Inc.,,,,,,apollo,"painting company, painting service - Inc.",https://app.apollo.io/#/organizations/64568bdfc715fa00a3376f58?overrideScoreId=score,,,,http://www.linkedin.com/company/l-j-painting-inc,,,,,
"PAINTERS PLUS, INC",http://www.paintersplus.com,,,Spartanburg,South Carolina,,,,,,apollo,"painting company, painting service - South Carolina",https://app.apollo.io/#/organizations/54a1278c69702d90a272ca00?overrideScoreId=score,25.8M,,texturingcabinets+63,http://www.linkedin.com/company/painters-plus-inc,,,,,
Blue Nile Home Services,http://www.bluenilehomeservices.com,,,Charleston,South Carolina,,,,,,apollo,"painting company, painting service - South Carolina",https://app.apollo.io/#/organizations/636251dca4948a00a3092833?overrideScoreId=score,,,,http://www.linkedin.com/company/bluenilehomeservices,https://facebook.com/bluenilehomeservices,,,,
Skyline Services LLC,http://www.skylineservicessc.com,,,Bluffton,South Carolina,,,,,,apollo,"painting company, painting service - South Carolina",https://app.apollo.io/#/organizations/55ee4f75f3e5bb226c000ac9?overrideScoreId=score,,,pressure washing+74,http://www.linkedin.com/company/skyline-services-llc,https://www.facebook.com/skylinepaintingservices/,,,,
Canberra Painting Company PTY LTD,http://www.canberrapaintingcompany.com.au,,,Mitchell,South Dakota,,,,,,apollo,"painting company, painting service - South Dakota",https://app.apollo.io/#/organizations/670a4f370d75880001d0e09c?overrideScoreId=score,,,,http://www.linkedin.com/company/canberra-painting-company-pty-ltd,,,,,
Nash Painting Company of Fairview,http://www.fairviewpaintingcompany.com,,,Fairview,Tennessee,,,,,,apollo,"painting company, painting service - Tennessee",https://app.apollo.io/#/organizations/68020472923dd6000d5a0b12?overrideScoreId=score,,,,http://www.linkedin.com/company/nash-painting-company-of-fairview,,,,,
Nolensville Painting Company,http://www.nolensvillepaintingcompany.com,,,Nolensville,Tennessee,,,,,,apollo,"painting company, painting service - Tennessee",https://app.apollo.io/#/organizations/670f772cf5a38802cf6c8a92?overrideScoreId=score,,,,http://www.linkedin.com/company/nolensville-painting-company,,,,,
"PAINT CORPS of Hendersonville, TN",http://www.torrespaintingco.com,,,Hendersonville,Tennessee,,,,,,apollo,"painting company, painting service - Tennessee",https://app.apollo.io/#/organizations/62f2c6b573b30c00b69b267e?overrideScoreId=score,,,paint job quality+64,,,,,,
The Best Painters - La Vergne Painting Company,http://www.lavergnepaintingcompany.com,,,La Vergne,Tennessee,,,,,,apollo,"painting company, painting service - Tennessee",https://app.apollo.io/#/organizations/67b40fa77541e400016ba55e?overrideScoreId=score,,,,http://www.linkedin.com/company/the-best-painters-la-vergne-painting-company,,,,,
Hanks Painting Service Inc,http://www.hanksbodyshop.com,,,Rockvale,Tennessee,,,,,,apollo,"painting company, painting service - Tennessee",https://app.apollo.io/#/organizations/6700efd36a1ca000014e9920?overrideScoreId=score,6.1M,,,http://www.linkedin.com/company/hanks-painting-service-inc,,,,,
Tony V. Taylor Painting Company LLC,http://www.tvtpainting.com,,,Oakfield,Tennessee,,,,,,apollo,"painting company, painting service - Tennessee",https://app.apollo.io/#/organizations/673826320c75e70001979023?overrideScoreId=score,,,,http://www.linkedin.com/company/tony-v.-taylor-painting-company-llc,,,,,
"SUNSET PAINTING SERVICE, INC.",http://www.sunsetpainting.org,,,Maryville,Tennessee,,,,,,apollo,"painting company, painting service - Tennessee",https://app.apollo.io/#/organizations/66d7e176e6e05700018fe5ad?overrideScoreId=score,,,,http://www.linkedin.com/company/sunset-painting-service-inc.,,,,,
The Exquisite Decor Painting Company,http://www.exquisitedecorpainting.com,,,Nashville,Tennessee,,,,,,apollo,"painting company, painting service - Tennessee",https://app.apollo.io/#/organizations/66dddd16950eb400012d1dab?overrideScoreId=score,,,,http://www.linkedin.com/company/the-exquisite-decor-painting-company,,,,,
Jeffrey's Painting Service,http://www.jeffreyspaintingservice.com,,,Smyrna,Tennessee,,,,,,apollo,"painting company, painting service - Tennessee",https://app.apollo.io/#/organizations/674bd203c9379b0001683467?overrideScoreId=score,,,,http://www.linkedin.com/company/jeffrey's-painting-service,,,,,
Houston Texas Painters,http://www.houstontexaspainters.com,,,Houston,Texas,,,,,,apollo,"painting company, painting service - Texas",https://app.apollo.io/#/organizations/5e570413913acc00010637c9?overrideScoreId=score,,,residential painting+67,http://www.linkedin.com/company/houston-texas-painters,https://www.facebook.com/houstontexaspainters,https://twitter.com/HTPainters,,,
Advanced Painting Service,http://www.advancedpaint.com,,,North Richland Hills,Texas,,,,,,apollo,"painting company, painting service - Texas",https://app.apollo.io/#/organizations/54a1a91c74686945fa369705?overrideScoreId=score,9.7M,,commercial painting+6,http://www.linkedin.com/company/advanced-painting-service,https://www.facebook.com/apsfw,https://twitter.com/APS_DFW,,,
LIME Painting of San Antonio,,,,San Antonio,Texas,,,,,,apollo,"painting company, painting service - Texas",https://app.apollo.io/#/organizations/64a25cbfc07d60000138284b?overrideScoreId=score,,,construction company+14,http://www.linkedin.com/company/lime-painting-of-san-antonio,,,,,
Paper Moon Painting,http://www.papermoonpainting.com,,,San Antonio,Texas,,,,,,apollo,"painting company, painting service - Texas",https://app.apollo.io/#/organizations/5fca250562cea0000187b751?overrideScoreId=score,,,home painting+78,http://www.linkedin.com/company/paper-moon-painting,,,,,
Texas Painting Company,http://www.repaintingtexas.com,,,Austin,Texas,,,,,,apollo,"painting company, painting service - Texas",https://app.apollo.io/#/organizations/54a1354569702d36c962bd00?overrideScoreId=score,,,home servicespainters,http://www.linkedin.com/company/texas-painting-company,https://www.facebook.com/TexasPaintingCompany,,,,
Hendrick Painting,http://www.hendrickpainting.com,,,San Antonio,Texas,,,,,,apollo,"painting company, painting service - Texas",https://app.apollo.io/#/organizations/5e5787b29c01df00011f1d74?overrideScoreId=score,,,residentialpainting+71,http://www.linkedin.com/company/hendrick-painting,,,,,
Brazos Painting Company,,,,Granbury,Texas,,,,,,apollo,"painting company, painting service - Texas",https://app.apollo.io/#/organizations/6450aed2ec04a40001b88649?overrideScoreId=score,,,commercial painting+3,http://www.linkedin.com/company/brazos-painting-company,,,,,
JSL Painting Company,http://www.jslpaintingcompany.com,,,Houston,Texas,,,,,,apollo,"painting company, painting service - Texas",https://app.apollo.io/#/organizations/640d94bb4da0ed00017ded8e?overrideScoreId=score,,,,http://www.linkedin.com/company/jsl-painting-company,,,,,
Southern Painting – North Dallas | Plano/Allen/McKinney,,,,Plano,Texas,,,,,,apollo,"painting company, painting service - Texas",https://app.apollo.io/#/organizations/56da0666f3e5bb706c0010bb?overrideScoreId=score,,,paintstain+63,http://www.linkedin.com/company/southern-painting-%e2%80%93-north-dallas-collin-county,https://facebook.com/southernpaintingfortworth,https://twitter.com/southernpaintfw,,,
Lopez Painting Company,http://www.jlopezpaintandfinish.com,,,Temple,Texas,,,,,,apollo,"painting company, painting service - Texas",https://app.apollo.io/#/organizations/5500b0ce7369642db6c41200?overrideScoreId=score,,,,http://www.linkedin.com/company/lopez-painting-company,,,,,
Ruiz Painting Service,,,,Mesquite,Texas,,,,,,apollo,"painting company, painting service - Texas",https://app.apollo.io/#/organizations/5592101b7369641881014800?overrideScoreId=score,,,,http://www.linkedin.com/company/ruiz-painting-service,,,,,
Tri-Mex Commercial Painting Company,http://www.trimexcommercial.com,,,Corpus Christi,Texas,,,,,,apollo,"painting company, painting service - Texas",https://app.apollo.io/#/organizations/63d4ca7a9633ed00013ac688?overrideScoreId=score,,,remodelingpainting+9,http://www.linkedin.com/company/trimexcommercial,https://www.facebook.com/TrimexCommercial,,,,
Platinum Painting,http://www.platinumpainting.com,,,Keller,Texas,,,,,,apollo,"painting company, painting service - Texas",https://app.apollo.io/#/organizations/5e57d403108ba90001fa63f7?overrideScoreId=score,33.6M,,,http://www.linkedin.com/company/platinum-painting-dfw,https://www.facebook.com/Platinum-Painting-494890083984252/,,,,
Specialized Painting Service,,,,Houston,Texas,,,,,,apollo,"painting company, painting service - Texas",https://app.apollo.io/#/organizations/66de0cf84bbff90001020a90?overrideScoreId=score,,,,http://www.linkedin.com/company/specialized-painting-service,,,,,
Bratcher Painting Company,http://www.bratcherpainting.com,,,Georgetown,Texas,,,,,,apollo,"painting company, painting service - Texas",https://app.apollo.io/#/organizations/66e6c7b76f45cf0001f355b5?overrideScoreId=score,,,,http://www.linkedin.com/company/bratcher-painting-company,,,,,
Southern Painting - San Antonio West,http://www.southernpainting.com,,,Fair Oaks Ranch,Texas,,,,,,apollo,"painting company, painting service - Texas",https://app.apollo.io/#/organizations/670ba055132fcc000109934c?overrideScoreId=score,,,interior painting+44,http://www.linkedin.com/company/southernpainting-sanantoniowest,https://facebook.com/southernpaintingfortworth,https://twitter.com/southernpaintfw,,,
Pedro Hernandez Painting Company,http://www.dallaspainteranddrywallrepair.com,,,Dallas,Texas,,,,,,apollo,"painting company, painting service - Texas",https://app.apollo.io/#/organizations/66f66c48592db1000103c7e7?overrideScoreId=score,,,,http://www.linkedin.com/company/pedro-hernandez-painting-company,,,,,
Alsobrook Painting Company,http://www.alsobrookpainting.com,,,Dallas,Texas,,,,,,apollo,"painting company, painting service - Texas",https://app.apollo.io/#/organizations/674d7f096eb63a00010606dd?overrideScoreId=score,,,,http://www.linkedin.com/company/alsobrook-painting-company,,,,,
"Old World Painting Company, Inc.",http://www.owpainting.com,,,Old World Painting Company,Inc.,,,,,,apollo,"painting company, painting service - Inc.",https://app.apollo.io/#/organizations/66eee4d512ef530001f4bfa2?overrideScoreId=score,,,,http://www.linkedin.com/company/old-world-painting-company-inc.,,,,,
"A BETTER PAINTING SERVICE, INC.",http://www.abetterpaintingservice.com,,,Houston,Texas,,,,,,apollo,"painting company, painting service - Texas",https://app.apollo.io/#/organizations/6738ee546e4ecf00014873c2?overrideScoreId=score,43.3M,,,http://www.linkedin.com/company/a-better-painting-service-inc.,https://facebook.com/ABetterPaintingService,,,,
LYF Painting Service,http://www.lyf-painting-service.com,,,Richmond,Texas,,,,,,apollo,"painting company, painting service - Texas",https://app.apollo.io/#/organizations/66e56c813b116900019d09ec?overrideScoreId=score,9.8M,,,http://www.linkedin.com/company/lyf-painting-service,https://facebook.com/pages/LYF-Painting-Service/327964750671875,,,,
Rick’s Painting Service,http://www.rickspaintingservice.com,,,Harker Heights,Texas,,,,,,apollo,"painting company, painting service - Texas",https://app.apollo.io/#/organizations/66e6bc1bedcdbd000164ec12?overrideScoreId=score,,,,http://www.linkedin.com/company/rick%e2%80%99s-painting-service,,,,,
Affordable Painting Service,http://www.affordablepaintingsa.com,,,San Antonio,Texas,,,,,,apollo,"painting company, painting service - Texas",https://app.apollo.io/#/organizations/672b34c900f39900019ca797?overrideScoreId=score,,,,http://www.linkedin.com/company/affordable-painting-service,,,,,
Jb-painting service,http://www.jb-paintingservice.net,,,Longview,Texas,,,,,,apollo,"painting company, painting service - Texas",https://app.apollo.io/#/organizations/67af0b2c14bbc2001baec68b?overrideScoreId=score,,,,http://www.linkedin.com/company/jb-painting-service,,,,,
Choice Painting Service,http://www.choicepaintingservice.com,,,Keller,Texas,,,,,,apollo,"painting company, painting service - Texas",https://app.apollo.io/#/organizations/673d663ece8aa600015291b8?overrideScoreId=score,,,,http://www.linkedin.com/company/choice-painting-service,,,,,
GA Meza Painting Service,http://www.paintingcontractorarlington.com,,,Arlington,Texas,,,,,,apollo,"painting company, painting service - Texas",https://app.apollo.io/#/organizations/67038ccc3ed40200016c7c7c?overrideScoreId=score,,,,http://www.linkedin.com/company/ga-meza-painting-service,,,,,
Dallas Commercial Painting Service,http://www.dallascommercialpaintingservice.com,,,Dallas,Texas,,,,,,apollo,"painting company, painting service - Texas",https://app.apollo.io/#/organizations/674c27dc8439970001d8bc5b?overrideScoreId=score,,,,http://www.linkedin.com/company/dallas-commercial-painting-service,,,,,
Petersen Painting,http://www.petersenpainting.net,,,Lehi,Utah,,,,,,apollo,"painting company, painting service - Utah",https://app.apollo.io/#/organizations/674bc3f1a7e4e50001a21112?overrideScoreId=score,11M,,,http://www.linkedin.com/company/petersen-painting,,,,,
LIME Painting of Salt Lake,http://www.limepaintingofsaltlake.com,,,Draper,Utah,,,,,,apollo,"painting company, painting service - Utah",https://app.apollo.io/#/organizations/614d6d7a8e3fae00017e6fb7?overrideScoreId=score,,,,http://www.linkedin.com/company/lime-painting-of-salt-lake,,,,,
Fred Marshall Painting,http://www.fredmarshallpainting.com,,,Park City,Utah,,,,,,apollo,"painting company, painting service - Utah",https://app.apollo.io/#/organizations/54a1289f69702db878300a01?overrideScoreId=score,,,wood distressing+91,http://www.linkedin.com/company/fred-marshall-painting,https://www.facebook.com/fmpainting,https://twitter.com/@FMPainting,,,
Murray Painting,http://www.murraypaint.net,,,Richmond,Virginia,,,,,,apollo,"painting company, painting service - Virginia",https://app.apollo.io/#/organizations/60b2503f7ea2d90001ba6f87?overrideScoreId=score,,,painting+53,http://www.linkedin.com/company/kenneth-murray-ba76684323,https://www.facebook.com/murraypaintingrva,,,,
Rainbow Painting Service,http://www.rainbowpaintingservices.com,,,Fredericksburg,Virginia,,,,,,apollo,"painting company, painting service - Virginia",https://app.apollo.io/#/organizations/674d843b3471db000134278c?overrideScoreId=score,,,home servicespainters,http://www.linkedin.com/company/rainbow-painting-service,,,,,
Handy Manny's Painting,http://www.handymannyspainting.com,,,Arlington,Virginia,,,,,,apollo,"painting company, painting service - Virginia",https://app.apollo.io/#/organizations/63baeb31941ae80001f789b8?overrideScoreId=score,,,paintingdrywall+47,http://www.linkedin.com/company/handymannyspainting,,,,,
CG Painting Company LLC,,,,Chester,Virginia,,,,,,apollo,"painting company, painting service - Virginia",https://app.apollo.io/#/organizations/645c9bf3b0b88900010dc68b?overrideScoreId=score,,,exterior painting+6,http://www.linkedin.com/company/cgpaintingcorva,,,,,
CRESCENT PAINTING COMPANY,http://www.crescentpainting.com,,,Fredericksburg,Virginia,,,,,,apollo,"painting company, painting service - Virginia",https://app.apollo.io/#/organizations/5fd1ba714ca858000170db91?overrideScoreId=score,18.9M,,,http://www.linkedin.com/company/crescent-painting-company,,,,,
Johnsons Painting Service,http://www.johnsonpainting.com,,,Portsmouth,Virginia,,,,,,apollo,"painting company, painting service - Virginia",https://app.apollo.io/#/organizations/66fb7ad19c314d0001316c3a?overrideScoreId=score,27.2M,,,http://www.linkedin.com/company/johnsons-painting-service,,,,,
Action Painting Service,http://www.actionpaintingservice.com,,,Newport News,Virginia,,,,,,apollo,"painting company, painting service - Virginia",https://app.apollo.io/#/organizations/66e642b090eedb000145c9c1?overrideScoreId=score,,,,http://www.linkedin.com/company/action-painting-service,,,,,
Monolith Painting Company,http://www.bluemontpaintingcontractor.com,,,Bluemont,Virginia,,,,,,apollo,"painting company, painting service - Virginia",https://app.apollo.io/#/organizations/674fd754112bea00013895ef?overrideScoreId=score,,,,http://www.linkedin.com/company/monolith-painting-company,,,,,
"Rochester Painting Company, LLC.",http://www.rochesterpaintingco.com,,,Broadway,Virginia,,,,,,apollo,"painting company, painting service - Virginia",https://app.apollo.io/#/organizations/67ee577356a013000d133d75?overrideScoreId=score,,,interior painting+5,http://www.linkedin.com/company/rochester-painting-co-llc,,,,,
Superior Pressure Washing & Painting Company,http://www.superiorpnp.com,,,Virginia Beach,Virginia,,,,,,apollo,"painting company, painting service - Virginia",https://app.apollo.io/#/organizations/6700c531906fe40001be0baa?overrideScoreId=score,,,,http://www.linkedin.com/company/superior-pressure-washing-&-painting-company,https://www.facebook.com/superiorpnp,http://twitter.com/superiorva,,,
Total Painting Service,http://www.totalpaintingservice.com,,,Fairfax,Virginia,,,,,,apollo,"painting company, painting service - Virginia",https://app.apollo.io/#/organizations/55eb96c0f3e5bb237900060b?overrideScoreId=score,,,,http://www.linkedin.com/company/total-painting-service,,,,,
T.R. YOUNG PAINTING COMPANY,http://www.tryoungservices.com,,,Fairfax,Virginia,,,,,,apollo,"painting company, painting service - Virginia",https://app.apollo.io/#/organizations/6714b19de73ec000013d12c4?overrideScoreId=score,,,,http://www.linkedin.com/company/t.r.-young-painting-company,,,,,
Wade Bros Painting Company,http://www.wadebrospainting.com,,,Virginia Beach,Virginia,,,,,,apollo,"painting company, painting service - Virginia",https://app.apollo.io/#/organizations/66de9b5f154ebe00017a5430?overrideScoreId=score,,,,http://www.linkedin.com/company/wade-bros-painting-company,,,,,
"Krippner, Inc",http://www.krippnerpainting.com,,,Krippner,Inc,,,,,,apollo,"painting company, painting service - Inc",https://app.apollo.io/#/organizations/54a23c6d7468693fda188718?overrideScoreId=score,,,mililtary housing+32,http://www.linkedin.com/company/krippner-inc,,,,,
Tacoma House Painters,http://www.tacomahousepainter.com,,,Tacoma,Washington,,,,,,apollo,"painting company, painting service - Washington",https://app.apollo.io/#/organizations/64172457e4fdbb0001daa276?overrideScoreId=score,,,painting company,http://www.linkedin.com/company/tacoma-house-painters,,,,,
Arclight Painting,http://www.arclightpainting.com,,,Bothell,Washington,,,,,,apollo,"painting company, painting service - Washington",https://app.apollo.io/#/organizations/63b6b8dde0b7a10001280461?overrideScoreId=score,,,residential painting+101,http://www.linkedin.com/company/arclightpainting,https://www.facebook.com/arclightpainting,,,,
"JT Painting Company, LLC",http://www.jtpaintingcompany.com,,,Tumwater,Washington,,,,,,apollo,"painting company, painting service - Washington",https://app.apollo.io/#/organizations/5e583f5dc2f6da0001412716?overrideScoreId=score,,,rhino linings+18,http://www.linkedin.com/company/jt-painting-company-llc,https://facebook.com/JTPaintingLLC,https://twitter.com/JTPaintingCo,,,
Olympia Painting Company,http://www.olympiapaintingco.com,,,Olympia,Washington,,,,,,apollo,"painting company, painting service - Washington",https://app.apollo.io/#/organizations/556ce2f173696412580d4300?overrideScoreId=score,446K,,new construction+3,http://www.linkedin.com/company/olympia-painting-company,https://facebook.com/olympiapaintingcompany,https://twitter.com/olympiapainting,,,
Tinney's Painting,http://www.tinneyspainting.com,,,Puyallup,Washington,,,,,,apollo,"painting company, painting service - Washington",https://app.apollo.io/#/organizations/615bfaec6820570001919630?overrideScoreId=score,,,painting contractor+45,http://www.linkedin.com/company/tinneys-painting,https://www.facebook.com/103038171110280,,,,
"Pro Paints, LLC | Painting Company",http://www.propaintsnw.com,,,Spokane,Washington,,,,,,apollo,"painting company, painting service - Washington",https://app.apollo.io/#/organizations/6509191eb300a600017c7061?overrideScoreId=score,,,,http://www.linkedin.com/company/pro-paints,,,,,
Vanhousing Painters LLC,http://www.vanhousingpainters.com,,,Covington,Washington,,,,,,apollo,"painting company, painting service - Washington",https://app.apollo.io/#/organizations/67df7de01db03600206acb3a?overrideScoreId=score,,,commercial painting+50,http://www.linkedin.com/company/vanhousing-painters-llc,http://www.facebook.com/profile.php,,,,
PREMIUM VALLEY PAINTING LLC,http://www.premiumvalleypainting.com,,,Kent,Washington,,,,,,apollo,"painting company, painting service - Washington",https://app.apollo.io/#/organizations/6377442f6e60e00001fdbc00?overrideScoreId=score,,,pressurewashing+52,http://www.linkedin.com/company/premium-valley-painting-llc,,,,,
"D.W. Hutchinson, Builders        and Kiss of Kolor Painting",http://www.kissofkolorpainting.com,,,Renton,Washington,,,,,,apollo,"painting company, painting service - Washington",https://app.apollo.io/#/organizations/64f70955dff1750001164af9?overrideScoreId=score,,,drywall repair+51,http://www.linkedin.com/company/d-w-hutchinson-builders-and-kiss-of-kolor-painting,,,,,
Capitol Painting Company,http://www.capitolpaintingcompany.com,,,Tumwater,Washington,,,,,,apollo,"painting company, painting service - Washington",https://app.apollo.io/#/organizations/5ed17f1dbeff4a0001cf5b30?overrideScoreId=score,,,commercial cleaning+15,http://www.linkedin.com/company/capitol-painting-company,,,,,
Johns Painting Service,http://www.johnspaintingservice.com,,,Marysville,Washington,,,,,,apollo,"painting company, painting service - Washington",https://app.apollo.io/#/organizations/663f780ca07d2600016edc26?overrideScoreId=score,,,,http://www.linkedin.com/company/johns-painting-service,,,,,
CLEFT PAINTING COMPANY LLC,http://www.cleftpaintingcompany.com,,,Seattle,Washington,,,,,,apollo,"painting company, painting service - Washington",https://app.apollo.io/#/organizations/6714fedfe73ec000014058db?overrideScoreId=score,,,,http://www.linkedin.com/company/cleft-painting-company-llc,https://facebook.com/pages/Cleft-Painting-Company-LLC/344516382330889,,,,
Valley Painting Service,http://www.allvalleypainting.net,,,Wenatchee,Washington,,,,,,apollo,"painting company, painting service - Washington",https://app.apollo.io/#/organizations/55f7b5a1f3e5bb6a5700008d?overrideScoreId=score,,,,http://www.linkedin.com/company/valley-painting-service,,,,,
Sullivan Painting Service Inc,http://www.sullivanpaintingservice.com,,,Tacoma,Washington,,,,,,apollo,"painting company, painting service - Washington",https://app.apollo.io/#/organizations/5500cb04736964609d136c00?overrideScoreId=score,,,,http://www.linkedin.com/company/sullivan-painting-service-inc,,,,,
CeCe's Contracting - Spokane Painting Company,http://www.cecescontracting.com,,,Spokane,Washington,,,,,,apollo,"painting company, painting service - Washington",https://app.apollo.io/#/organizations/688af943010e780001a29e96?overrideScoreId=score,,,painting+12,http://www.linkedin.com/company/cece-s-contracting-spokane-painting-company,,,,,
Emily's Painting Company LLC,http://www.emilyspaintcompany.com,,,Mill Creek,Washington,,,,,,apollo,"painting company, painting service - Washington",https://app.apollo.io/#/organizations/6678f5bbd877460001400792?overrideScoreId=score,,,,http://www.linkedin.com/company/emily-s-painting-company-llc,,,,,
Yakima Painting Company,http://www.yakimapaintingcompany.com,,,Yakima,Washington,,,,,,apollo,"painting company, painting service - Washington",https://app.apollo.io/#/organizations/66f656027a29d50001959312?overrideScoreId=score,,,house painters,http://www.linkedin.com/company/yakima-painting-company,https://www.facebook.com/Yakima-Painting-Company-109540801493741,,,,
Enumclaw Painting Company,http://www.enumclawpainting.com,,,Enumclaw,Washington,,,,,,apollo,"painting company, painting service - Washington",https://app.apollo.io/#/organizations/670203d1c369df000169f923?overrideScoreId=score,26.8M,,,http://www.linkedin.com/company/enumclaw-painting-company,https://facebook.com/EnumclawPainting,,,,
Moon Painting Service & Finishes,http://www.moonpaintingsvc.com,,,West Richland,Washington,,,,,,apollo,"painting company, painting service - Washington",https://app.apollo.io/#/organizations/66e944b1c688060001011c4b?overrideScoreId=score,,,,http://www.linkedin.com/company/moon-painting-service-&-finishes,,,,,
North Sound Painting Company,http://www.northsoundpainting.com,,,Brier,Washington,,,,,,apollo,"painting company, painting service - Washington",https://app.apollo.io/#/organizations/674b06712d0fc7000186e9ac?overrideScoreId=score,,,,http://www.linkedin.com/company/north-sound-painting-company,,,,,
"HATTON PAINTING COMPANY, L.L.C.",http://www.hattonpainting.com,,,Bellingham,Washington,,,,,,apollo,"painting company, painting service - Washington",https://app.apollo.io/#/organizations/670a7074020ff30001315c10?overrideScoreId=score,,,,http://www.linkedin.com/company/hatton-painting-company-l.l.c.,,,,,
Ambrick Painting Company Inc.,http://www.ambrickpaintingcompany.com,,,Greenfield,Wisconsin,,,,,,apollo,"painting company, painting service - Wisconsin",https://app.apollo.io/#/organizations/54a11ec169702d77c2a8a501?overrideScoreId=score,,,,http://www.linkedin.com/company/ambrick-painting-company-inc.,,,,,
New Life Painting WI,http://www.newlifepaintingwi.com,,,Madison,Wisconsin,,,,,,apollo,"painting company, painting service - Wisconsin",https://app.apollo.io/#/organizations/62a62d5028951700f75baa55?overrideScoreId=score,,,staining+54,http://www.linkedin.com/company/new-life-painting-wi,,,,,
STATE PAINTING COMPANY,http://www.st8ptg.com,,,West Allis,Wisconsin,,,,,,apollo,"painting company, painting service - Wisconsin",https://app.apollo.io/#/organizations/66e90c9eba65b70001413cb8?overrideScoreId=score,,,,http://www.linkedin.com/company/state-painting-company,,,,,
Carls Painting Service,http://www.carls-painting.com,,,Hubertus,Wisconsin,,,,,,apollo,"painting company, painting service - Wisconsin",https://app.apollo.io/#/organizations/670156942fa6a60001441819?overrideScoreId=score,,,,http://www.linkedin.com/company/carls-painting-service,,,,,
Best Painting Service LLC,,,,Madison,Wisconsin,,,,,,apollo,"painting company, painting service - Wisconsin",https://app.apollo.io/#/organizations/66ebaf660c42ba0001177d47?overrideScoreId=score,,,,http://www.linkedin.com/company/best-painting-service-llc,,,,,
Superior Werk Painting Company,http://www.superiorwerkpainting.com,,,Deerfield,Wisconsin,,,,,,apollo,"painting company, painting service - Wisconsin",https://app.apollo.io/#/organizations/672484256dfe63000126fe50?overrideScoreId=score,,,,http://www.linkedin.com/company/superior-werk-painting-company,,,,,
Pavement Markings LLC,http://www.sheridanpavementmarkings.com,,,Sheridan,Wyoming,,,,,,apollo,"painting company, painting service - Wyoming",https://app.apollo.io/#/organizations/5da3ee217e5db600018e0b45?overrideScoreId=score,,,pavement striping+42,http://www.linkedin.com/company/pavement-markings-llc,https://www.facebook.com/Pavementmarkingsllc/,,,,
Western View Painting LLC,http://www.westernviewpainting.com,,,Laramie,Wyoming,,,,,,apollo,"painting company, painting service - Wyoming",https://app.apollo.io/#/organizations/62a5d7f2f095a700a325ffe1?overrideScoreId=score,,,exterior wall painting+59,http://www.linkedin.com/company/western-view-painting-llc,https://www.facebook.com/westernviewpainting/,,,,
